ID,Intended_Segment
900000,Premium Campaign Responders
900001,Digital Deal-Seekers
900002,Affluent Quiet Loyalists
900003,Budget-Conscious Browsers
900004,Affluent Quiet Loyalists
900005,Affluent Quiet Loyalists
900006,Budget-Conscious Browsers
900007,Affluent Quiet Loyalists
900008,Digital Deal-Seekers
900009,Budget-Conscious Browsers
900010,Affluent Quiet Loyalists
900011,Digital Deal-Seekers
900012,Premium Campaign Responders
900013,Digital Deal-Seekers
900014,Digital Deal-Seekers
900015,Premium Campaign Responders
900016,Budget-Conscious Browsers
900017,Digital Deal-Seekers
900018,Digital Deal-Seekers
900019,Budget-Conscious Browsers
900020,Premium Campaign Responders
900021,Affluent Quiet Loyalists
900022,Premium Campaign Responders
900023,Premium Campaign Responders
900024,Premium Campaign Responders
900025,Premium Campaign Responders
900026,Budget-Conscious Browsers
900027,Digital Deal-Seekers
900028,Affluent Quiet Loyalists
900029,Budget-Conscious Browsers
900030,Digital Deal-Seekers
900031,Digital Deal-Seekers
900032,Affluent Quiet Loyalists
900033,Affluent Quiet Loyalists
900034,Affluent Quiet Loyalists
900035,Premium Campaign Responders
900036,Digital Deal-Seekers
900037,Digital Deal-Seekers
900038,Budget-Conscious Browsers
900039,Budget-Conscious Browsers
900040,Premium Campaign Responders
900041,Budget-Conscious Browsers
900042,Budget-Conscious Browsers
900043,Budget-Conscious Browsers
900044,Affluent Quiet Loyalists
900045,Affluent Quiet Loyalists
900046,Budget-Conscious Browsers
900047,Budget-Conscious Browsers
900048,Premium Campaign Responders
900049,Budget-Conscious Browsers
900050,Affluent Quiet Loyalists
900051,Digital Deal-Seekers
900052,Premium Campaign Responders
900053,Premium Campaign Responders
900054,Premium Campaign Responders
900055,Budget-Conscious Browsers
900056,Premium Campaign Responders
900057,Budget-Conscious Browsers
900058,Digital Deal-Seekers
900059,Affluent Quiet Loyalists
900060,Budget-Conscious Browsers
900061,Budget-Conscious Browsers
900062,Affluent Quiet Loyalists
900063,Digital Deal-Seekers
900064,Budget-Conscious Browsers
900065,Budget-Conscious Browsers
900066,Affluent Quiet Loyalists
900067,Premium Campaign Responders
900068,Digital Deal-Seekers
900069,Premium Campaign Responders
900070,Premium Campaign Responders
900071,Affluent Quiet Loyalists
900072,Digital Deal-Seekers
900073,Budget-Conscious Browsers
900074,Budget-Conscious Browsers
900075,Budget-Conscious Browsers
900076,Digital Deal-Seekers
900077,Budget-Conscious Browsers
900078,Digital Deal-Seekers
900079,Budget-Conscious Browsers
900080,Affluent Quiet Loyalists
900081,Affluent Quiet Loyalists
900082,Premium Campaign Responders
900083,Digital Deal-Seekers
900084,Premium Campaign Responders
900085,Affluent Quiet Loyalists
900086,Affluent Quiet Loyalists
900087,Budget-Conscious Browsers
900088,Affluent Quiet Loyalists
900089,Premium Campaign Responders
900090,Digital Deal-Seekers
900091,Affluent Quiet Loyalists
900092,Premium Campaign Responders
900093,Digital Deal-Seekers
900094,Digital Deal-Seekers
900095,Affluent Quiet Loyalists
900096,Affluent Quiet Loyalists
900097,Premium Campaign Responders
900098,Premium Campaign Responders
900099,Digital Deal-Seekers
900100,Affluent Quiet Loyalists
900101,Premium Campaign Responders
900102,Premium Campaign Responders
900103,Digital Deal-Seekers
900104,Budget-Conscious Browsers
900105,Budget-Conscious Browsers
900106,Affluent Quiet Loyalists
900107,Budget-Conscious Browsers
900108,Digital Deal-Seekers
900109,Affluent Quiet Loyalists
900110,Budget-Conscious Browsers
900111,Digital Deal-Seekers
900112,Premium Campaign Responders
900113,Budget-Conscious Browsers
900114,Affluent Quiet Loyalists
900115,Premium Campaign Responders
900116,Digital Deal-Seekers
900117,Budget-Conscious Browsers
900118,Affluent Quiet Loyalists
900119,Affluent Quiet Loyalists
900120,Budget-Conscious Browsers
900121,Digital Deal-Seekers
900122,Digital Deal-Seekers
900123,Premium Campaign Responders
900124,Digital Deal-Seekers
900125,Premium Campaign Responders
900126,Affluent Quiet Loyalists
900127,Affluent Quiet Loyalists
900128,Budget-Conscious Browsers
900129,Affluent Quiet Loyalists
900130,Premium Campaign Responders
900131,Premium Campaign Responders
900132,Budget-Conscious Browsers
900133,Affluent Quiet Loyalists
900134,Affluent Quiet Loyalists
900135,Premium Campaign Responders
900136,Digital Deal-Seekers
900137,Budget-Conscious Browsers
900138,Premium Campaign Responders
900139,Budget-Conscious Browsers
900140,Premium Campaign Responders
900141,Digital Deal-Seekers
900142,Premium Campaign Responders
900143,Premium Campaign Responders
900144,Digital Deal-Seekers
900145,Affluent Quiet Loyalists
900146,Digital Deal-Seekers
900147,Premium Campaign Responders
900148,Digital Deal-Seekers
900149,Digital Deal-Seekers
900150,Budget-Conscious Browsers
900151,Budget-Conscious Browsers
900152,Budget-Conscious Browsers
900153,Premium Campaign Responders
900154,Premium Campaign Responders
900155,Affluent Quiet Loyalists
900156,Digital Deal-Seekers
900157,Digital Deal-Seekers
900158,Premium Campaign Responders
900159,Premium Campaign Responders
900160,Digital Deal-Seekers
900161,Affluent Quiet Loyalists
900162,Premium Campaign Responders
900163,Affluent Quiet Loyalists
900164,Budget-Conscious Browsers
900165,Affluent Quiet Loyalists
900166,Digital Deal-Seekers
900167,Budget-Conscious Browsers
900168,Budget-Conscious Browsers
900169,Affluent Quiet Loyalists
900170,Affluent Quiet Loyalists
900171,Affluent Quiet Loyalists
900172,Budget-Conscious Browsers
900173,Budget-Conscious Browsers
900174,Digital Deal-Seekers
900175,Budget-Conscious Browsers
900176,Affluent Quiet Loyalists
900177,Digital Deal-Seekers
900178,Digital Deal-Seekers
900179,Digital Deal-Seekers
900180,Premium Campaign Responders
900181,Premium Campaign Responders
900182,Affluent Quiet Loyalists
900183,Budget-Conscious Browsers
900184,Premium Campaign Responders
900185,Digital Deal-Seekers
900186,Budget-Conscious Browsers
900187,Affluent Quiet Loyalists
900188,Affluent Quiet Loyalists
900189,Budget-Conscious Browsers
900190,Budget-Conscious Browsers
900191,Digital Deal-Seekers
900192,Digital Deal-Seekers
900193,Digital Deal-Seekers
900194,Affluent Quiet Loyalists
900195,Affluent Quiet Loyalists
900196,Budget-Conscious Browsers
900197,Budget-Conscious Browsers
900198,Budget-Conscious Browsers
900199,Budget-Conscious Browsers
900200,Budget-Conscious Browsers
900201,Premium Campaign Responders
900202,Digital Deal-Seekers
900203,Premium Campaign Responders
900204,Digital Deal-Seekers
900205,Digital Deal-Seekers
900206,Digital Deal-Seekers
900207,Budget-Conscious Browsers
900208,Budget-Conscious Browsers
900209,Digital Deal-Seekers
900210,Premium Campaign Responders
900211,Affluent Quiet Loyalists
900212,Budget-Conscious Browsers
900213,Budget-Conscious Browsers
900214,Premium Campaign Responders
900215,Digital Deal-Seekers
900216,Digital Deal-Seekers
900217,Digital Deal-Seekers
900218,Budget-Conscious Browsers
900219,Budget-Conscious Browsers
900220,Budget-Conscious Browsers
900221,Digital Deal-Seekers
900222,Budget-Conscious Browsers
900223,Affluent Quiet Loyalists
900224,Premium Campaign Responders
900225,Budget-Conscious Browsers
900226,Budget-Conscious Browsers
900227,Premium Campaign Responders
900228,Budget-Conscious Browsers
900229,Digital Deal-Seekers
900230,Digital Deal-Seekers
900231,Digital Deal-Seekers
900232,Budget-Conscious Browsers
900233,Digital Deal-Seekers
900234,Affluent Quiet Loyalists
900235,Premium Campaign Responders
900236,Affluent Quiet Loyalists
900237,Budget-Conscious Browsers
900238,Budget-Conscious Browsers
900239,Premium Campaign Responders
900240,Premium Campaign Responders
900241,Budget-Conscious Browsers
900242,Affluent Quiet Loyalists
900243,Digital Deal-Seekers
900244,Budget-Conscious Browsers
900245,Premium Campaign Responders
900246,Budget-Conscious Browsers
900247,Budget-Conscious Browsers
900248,Digital Deal-Seekers
900249,Budget-Conscious Browsers
900250,Premium Campaign Responders
900251,Digital Deal-Seekers
900252,Budget-Conscious Browsers
900253,Digital Deal-Seekers
900254,Budget-Conscious Browsers
900255,Digital Deal-Seekers
900256,Affluent Quiet Loyalists
900257,Affluent Quiet Loyalists
900258,Premium Campaign Responders
900259,Digital Deal-Seekers
900260,Affluent Quiet Loyalists
900261,Premium Campaign Responders
900262,Budget-Conscious Browsers
900263,Digital Deal-Seekers
900264,Digital Deal-Seekers
900265,Digital Deal-Seekers
900266,Budget-Conscious Browsers
900267,Budget-Conscious Browsers
900268,Affluent Quiet Loyalists
900269,Budget-Conscious Browsers
900270,Digital Deal-Seekers
900271,Budget-Conscious Browsers
900272,Digital Deal-Seekers
900273,Affluent Quiet Loyalists
900274,Affluent Quiet Loyalists
900275,Digital Deal-Seekers
900276,Premium Campaign Responders
900277,Premium Campaign Responders
900278,Affluent Quiet Loyalists
900279,Budget-Conscious Browsers
900280,Premium Campaign Responders
900281,Digital Deal-Seekers
900282,Budget-Conscious Browsers
900283,Digital Deal-Seekers
900284,Digital Deal-Seekers
900285,Budget-Conscious Browsers
900286,Budget-Conscious Browsers
900287,Budget-Conscious Browsers
900288,Budget-Conscious Browsers
900289,Affluent Quiet Loyalists
900290,Affluent Quiet Loyalists
900291,Premium Campaign Responders
900292,Affluent Quiet Loyalists
900293,Budget-Conscious Browsers
900294,Premium Campaign Responders
900295,Budget-Conscious Browsers
900296,Budget-Conscious Browsers
900297,Affluent Quiet Loyalists
900298,Affluent Quiet Loyalists
900299,Digital Deal-Seekers
900300,Budget-Conscious Browsers
900301,Premium Campaign Responders
900302,Affluent Quiet Loyalists
900303,Premium Campaign Responders
900304,Budget-Conscious Browsers
900305,Digital Deal-Seekers
900306,Digital Deal-Seekers
900307,Affluent Quiet Loyalists
900308,Affluent Quiet Loyalists
900309,Digital Deal-Seekers
900310,Budget-Conscious Browsers
900311,Budget-Conscious Browsers
900312,Budget-Conscious Browsers
900313,Premium Campaign Responders
900314,Affluent Quiet Loyalists
900315,Digital Deal-Seekers
900316,Affluent Quiet Loyalists
900317,Digital Deal-Seekers
900318,Digital Deal-Seekers
900319,Affluent Quiet Loyalists
900320,Budget-Conscious Browsers
900321,Budget-Conscious Browsers
900322,Digital Deal-Seekers
900323,Affluent Quiet Loyalists
900324,Affluent Quiet Loyalists
900325,Budget-Conscious Browsers
900326,Digital Deal-Seekers
900327,Affluent Quiet Loyalists
900328,Affluent Quiet Loyalists
900329,Premium Campaign Responders
900330,Budget-Conscious Browsers
900331,Budget-Conscious Browsers
900332,Affluent Quiet Loyalists
900333,Budget-Conscious Browsers
900334,Affluent Quiet Loyalists
900335,Affluent Quiet Loyalists
900336,Budget-Conscious Browsers
900337,Affluent Quiet Loyalists
900338,Premium Campaign Responders
900339,Digital Deal-Seekers
900340,Budget-Conscious Browsers
900341,Digital Deal-Seekers
900342,Budget-Conscious Browsers
900343,Digital Deal-Seekers
900344,Budget-Conscious Browsers
900345,Affluent Quiet Loyalists
900346,Affluent Quiet Loyalists
900347,Digital Deal-Seekers
900348,Digital Deal-Seekers
900349,Affluent Quiet Loyalists
900350,Budget-Conscious Browsers
900351,Premium Campaign Responders
900352,Budget-Conscious Browsers
900353,Budget-Conscious Browsers
900354,Budget-Conscious Browsers
900355,Budget-Conscious Browsers
900356,Budget-Conscious Browsers
900357,Digital Deal-Seekers
900358,Affluent Quiet Loyalists
900359,Budget-Conscious Browsers
900360,Digital Deal-Seekers
900361,Affluent Quiet Loyalists
900362,Digital Deal-Seekers
900363,Budget-Conscious Browsers
900364,Premium Campaign Responders
900365,Premium Campaign Responders
900366,Digital Deal-Seekers
900367,Affluent Quiet Loyalists
900368,Digital Deal-Seekers
900369,Affluent Quiet Loyalists
900370,Affluent Quiet Loyalists
900371,Affluent Quiet Loyalists
900372,Digital Deal-Seekers
900373,Budget-Conscious Browsers
900374,Budget-Conscious Browsers
900375,Affluent Quiet Loyalists
900376,Premium Campaign Responders
900377,Affluent Quiet Loyalists
900378,Budget-Conscious Browsers
900379,Digital Deal-Seekers
900380,Digital Deal-Seekers
900381,Digital Deal-Seekers
900382,Budget-Conscious Browsers
900383,Budget-Conscious Browsers
900384,Affluent Quiet Loyalists
900385,Affluent Quiet Loyalists
900386,Affluent Quiet Loyalists
900387,Digital Deal-Seekers
900388,Premium Campaign Responders
900389,Affluent Quiet Loyalists
900390,Affluent Quiet Loyalists
900391,Affluent Quiet Loyalists
900392,Affluent Quiet Loyalists
900393,Budget-Conscious Browsers
900394,Affluent Quiet Loyalists
900395,Budget-Conscious Browsers
900396,Budget-Conscious Browsers
900397,Digital Deal-Seekers
900398,Budget-Conscious Browsers
900399,Digital Deal-Seekers
900400,Budget-Conscious Browsers
900401,Affluent Quiet Loyalists
900402,Premium Campaign Responders
900403,Digital Deal-Seekers
900404,Budget-Conscious Browsers
900405,Digital Deal-Seekers
900406,Premium Campaign Responders
900407,Budget-Conscious Browsers
900408,Premium Campaign Responders
900409,Budget-Conscious Browsers
900410,Digital Deal-Seekers
900411,Budget-Conscious Browsers
900412,Digital Deal-Seekers
900413,Budget-Conscious Browsers
900414,Affluent Quiet Loyalists
900415,Digital Deal-Seekers
900416,Digital Deal-Seekers
900417,Budget-Conscious Browsers
900418,Affluent Quiet Loyalists
900419,Digital Deal-Seekers
900420,Premium Campaign Responders
900421,Affluent Quiet Loyalists
900422,Premium Campaign Responders
900423,Premium Campaign Responders
900424,Budget-Conscious Browsers
900425,Affluent Quiet Loyalists
900426,Premium Campaign Responders
900427,Budget-Conscious Browsers
900428,Premium Campaign Responders
900429,Budget-Conscious Browsers
900430,Budget-Conscious Browsers
900431,Premium Campaign Responders
900432,Digital Deal-Seekers
900433,Digital Deal-Seekers
900434,Affluent Quiet Loyalists
900435,Affluent Quiet Loyalists
900436,Digital Deal-Seekers
900437,Budget-Conscious Browsers
900438,Budget-Conscious Browsers
900439,Budget-Conscious Browsers
900440,Budget-Conscious Browsers
900441,Affluent Quiet Loyalists
900442,Digital Deal-Seekers
900443,Digital Deal-Seekers
900444,Affluent Quiet Loyalists
900445,Digital Deal-Seekers
900446,Budget-Conscious Browsers
900447,Affluent Quiet Loyalists
900448,Budget-Conscious Browsers
900449,Premium Campaign Responders
900450,Budget-Conscious Browsers
900451,Premium Campaign Responders
900452,Digital Deal-Seekers
900453,Affluent Quiet Loyalists
900454,Affluent Quiet Loyalists
900455,Budget-Conscious Browsers
900456,Budget-Conscious Browsers
900457,Budget-Conscious Browsers
900458,Digital Deal-Seekers
900459,Affluent Quiet Loyalists
900460,Digital Deal-Seekers
900461,Digital Deal-Seekers
900462,Affluent Quiet Loyalists
900463,Budget-Conscious Browsers
900464,Digital Deal-Seekers
900465,Premium Campaign Responders
900466,Budget-Conscious Browsers
900467,Budget-Conscious Browsers
900468,Digital Deal-Seekers
900469,Affluent Quiet Loyalists
900470,Premium Campaign Responders
900471,Budget-Conscious Browsers
900472,Affluent Quiet Loyalists
900473,Digital Deal-Seekers
900474,Budget-Conscious Browsers
900475,Digital Deal-Seekers
900476,Affluent Quiet Loyalists
900477,Budget-Conscious Browsers
900478,Affluent Quiet Loyalists
900479,Budget-Conscious Browsers
900480,Digital Deal-Seekers
900481,Budget-Conscious Browsers
900482,Budget-Conscious Browsers
900483,Budget-Conscious Browsers
900484,Affluent Quiet Loyalists
900485,Digital Deal-Seekers
900486,Premium Campaign Responders
900487,Budget-Conscious Browsers
900488,Premium Campaign Responders
900489,Budget-Conscious Browsers
900490,Budget-Conscious Browsers
900491,Premium Campaign Responders
900492,Budget-Conscious Browsers
900493,Affluent Quiet Loyalists
900494,Digital Deal-Seekers
900495,Premium Campaign Responders
900496,Digital Deal-Seekers
900497,Digital Deal-Seekers
900498,Digital Deal-Seekers
900499,Premium Campaign Responders
900500,Digital Deal-Seekers
900501,Affluent Quiet Loyalists
900502,Budget-Conscious Browsers
900503,Budget-Conscious Browsers
900504,Affluent Quiet Loyalists
900505,Affluent Quiet Loyalists
900506,Digital Deal-Seekers
900507,Digital Deal-Seekers
900508,Affluent Quiet Loyalists
900509,Affluent Quiet Loyalists
900510,Premium Campaign Responders
900511,Digital Deal-Seekers
900512,Budget-Conscious Browsers
900513,Premium Campaign Responders
900514,Digital Deal-Seekers
900515,Digital Deal-Seekers
900516,Budget-Conscious Browsers
900517,Premium Campaign Responders
900518,Premium Campaign Responders
900519,Premium Campaign Responders
900520,Budget-Conscious Browsers
900521,Budget-Conscious Browsers
900522,Affluent Quiet Loyalists
900523,Digital Deal-Seekers
900524,Affluent Quiet Loyalists
900525,Budget-Conscious Browsers
900526,Digital Deal-Seekers
900527,Budget-Conscious Browsers
900528,Premium Campaign Responders
900529,Digital Deal-Seekers
900530,Digital Deal-Seekers
900531,Budget-Conscious Browsers
900532,Budget-Conscious Browsers
900533,Digital Deal-Seekers
900534,Digital Deal-Seekers
900535,Budget-Conscious Browsers
900536,Budget-Conscious Browsers
900537,Budget-Conscious Browsers
900538,Budget-Conscious Browsers
900539,Affluent Quiet Loyalists
900540,Premium Campaign Responders
900541,Budget-Conscious Browsers
900542,Budget-Conscious Browsers
900543,Premium Campaign Responders
900544,Premium Campaign Responders
900545,Affluent Quiet Loyalists
900546,Budget-Conscious Browsers
900547,Digital Deal-Seekers
900548,Budget-Conscious Browsers
900549,Digital Deal-Seekers
900550,Premium Campaign Responders
900551,Budget-Conscious Browsers
900552,Digital Deal-Seekers
900553,Budget-Conscious Browsers
900554,Digital Deal-Seekers
900555,Digital Deal-Seekers
900556,Digital Deal-Seekers
900557,Digital Deal-Seekers
900558,Affluent Quiet Loyalists
900559,Premium Campaign Responders
900560,Digital Deal-Seekers
900561,Premium Campaign Responders
900562,Premium Campaign Responders
900563,Affluent Quiet Loyalists
900564,Affluent Quiet Loyalists
900565,Affluent Quiet Loyalists
900566,Budget-Conscious Browsers
900567,Budget-Conscious Browsers
900568,Budget-Conscious Browsers
900569,Affluent Quiet Loyalists
900570,Digital Deal-Seekers
900571,Premium Campaign Responders
900572,Digital Deal-Seekers
900573,Digital Deal-Seekers
900574,Affluent Quiet Loyalists
900575,Budget-Conscious Browsers
900576,Affluent Quiet Loyalists
900577,Budget-Conscious Browsers
900578,Budget-Conscious Browsers
900579,Affluent Quiet Loyalists
900580,Budget-Conscious Browsers
900581,Premium Campaign Responders
900582,Budget-Conscious Browsers
900583,Affluent Quiet Loyalists
900584,Premium Campaign Responders
900585,Digital Deal-Seekers
900586,Budget-Conscious Browsers
900587,Digital Deal-Seekers
900588,Digital Deal-Seekers
900589,Budget-Conscious Browsers
900590,Affluent Quiet Loyalists
900591,Budget-Conscious Browsers
900592,Affluent Quiet Loyalists
900593,Digital Deal-Seekers
900594,Budget-Conscious Browsers
900595,Budget-Conscious Browsers
900596,Budget-Conscious Browsers
900597,Premium Campaign Responders
900598,Digital Deal-Seekers
900599,Premium Campaign Responders
900600,Digital Deal-Seekers
900601,Digital Deal-Seekers
900602,Affluent Quiet Loyalists
900603,Affluent Quiet Loyalists
900604,Digital Deal-Seekers
900605,Affluent Quiet Loyalists
900606,Budget-Conscious Browsers
900607,Affluent Quiet Loyalists
900608,Affluent Quiet Loyalists
900609,Affluent Quiet Loyalists
900610,Affluent Quiet Loyalists
900611,Affluent Quiet Loyalists
900612,Budget-Conscious Browsers
900613,Budget-Conscious Browsers
900614,Digital Deal-Seekers
900615,Digital Deal-Seekers
900616,Digital Deal-Seekers
900617,Budget-Conscious Browsers
900618,Premium Campaign Responders
900619,Affluent Quiet Loyalists
900620,Budget-Conscious Browsers
900621,Digital Deal-Seekers
900622,Digital Deal-Seekers
900623,Affluent Quiet Loyalists
900624,Digital Deal-Seekers
900625,Budget-Conscious Browsers
900626,Affluent Quiet Loyalists
900627,Budget-Conscious Browsers
900628,Budget-Conscious Browsers
900629,Digital Deal-Seekers
900630,Digital Deal-Seekers
900631,Premium Campaign Responders
900632,Digital Deal-Seekers
900633,Affluent Quiet Loyalists
900634,Digital Deal-Seekers
900635,Budget-Conscious Browsers
900636,Affluent Quiet Loyalists
900637,Affluent Quiet Loyalists
900638,Premium Campaign Responders
900639,Premium Campaign Responders
900640,Premium Campaign Responders
900641,Digital Deal-Seekers
900642,Premium Campaign Responders
900643,Budget-Conscious Browsers
900644,Budget-Conscious Browsers
900645,Budget-Conscious Browsers
900646,Affluent Quiet Loyalists
900647,Affluent Quiet Loyalists
900648,Premium Campaign Responders
900649,Budget-Conscious Browsers
900650,Digital Deal-Seekers
900651,Affluent Quiet Loyalists
900652,Affluent Quiet Loyalists
900653,Digital Deal-Seekers
900654,Affluent Quiet Loyalists
900655,Affluent Quiet Loyalists
900656,Budget-Conscious Browsers
900657,Affluent Quiet Loyalists
900658,Digital Deal-Seekers
900659,Affluent Quiet Loyalists
900660,Digital Deal-Seekers
900661,Digital Deal-Seekers
900662,Budget-Conscious Browsers
900663,Budget-Conscious Browsers
900664,Affluent Quiet Loyalists
900665,Digital Deal-Seekers
900666,Digital Deal-Seekers
900667,Premium Campaign Responders
900668,Budget-Conscious Browsers
900669,Budget-Conscious Browsers
900670,Digital Deal-Seekers
900671,Affluent Quiet Loyalists
900672,Affluent Quiet Loyalists
900673,Budget-Conscious Browsers
900674,Digital Deal-Seekers
900675,Affluent Quiet Loyalists
900676,Budget-Conscious Browsers
900677,Budget-Conscious Browsers
900678,Digital Deal-Seekers
900679,Digital Deal-Seekers
900680,Digital Deal-Seekers
900681,Digital Deal-Seekers
900682,Premium Campaign Responders
900683,Affluent Quiet Loyalists
900684,Budget-Conscious Browsers
900685,Affluent Quiet Loyalists
900686,Digital Deal-Seekers
900687,Digital Deal-Seekers
900688,Budget-Conscious Browsers
900689,Affluent Quiet Loyalists
900690,Affluent Quiet Loyalists
900691,Budget-Conscious Browsers
900692,Digital Deal-Seekers
900693,Budget-Conscious Browsers
900694,Premium Campaign Responders
900695,Affluent Quiet Loyalists
900696,Budget-Conscious Browsers
900697,Affluent Quiet Loyalists
900698,Premium Campaign Responders
900699,Budget-Conscious Browsers
900700,Premium Campaign Responders
900701,Budget-Conscious Browsers
900702,Affluent Quiet Loyalists
900703,Budget-Conscious Browsers
900704,Digital Deal-Seekers
900705,Digital Deal-Seekers
900706,Digital Deal-Seekers
900707,Digital Deal-Seekers
900708,Budget-Conscious Browsers
900709,Digital Deal-Seekers
900710,Premium Campaign Responders
900711,Digital Deal-Seekers
900712,Affluent Quiet Loyalists
900713,Affluent Quiet Loyalists
900714,Digital Deal-Seekers
900715,Premium Campaign Responders
900716,Affluent Quiet Loyalists
900717,Affluent Quiet Loyalists
900718,Affluent Quiet Loyalists
900719,Affluent Quiet Loyalists
900720,Premium Campaign Responders
900721,Budget-Conscious Browsers
900722,Budget-Conscious Browsers
900723,Affluent Quiet Loyalists
900724,Digital Deal-Seekers
900725,Affluent Quiet Loyalists
900726,Affluent Quiet Loyalists
900727,Budget-Conscious Browsers
900728,Budget-Conscious Browsers
900729,Digital Deal-Seekers
900730,Premium Campaign Responders
900731,Affluent Quiet Loyalists
900732,Affluent Quiet Loyalists
900733,Affluent Quiet Loyalists
900734,Budget-Conscious Browsers
900735,Premium Campaign Responders
900736,Affluent Quiet Loyalists
900737,Digital Deal-Seekers
900738,Digital Deal-Seekers
900739,Affluent Quiet Loyalists
900740,Affluent Quiet Loyalists
900741,Budget-Conscious Browsers
900742,Digital Deal-Seekers
900743,Budget-Conscious Browsers
900744,Affluent Quiet Loyalists
900745,Budget-Conscious Browsers
900746,Affluent Quiet Loyalists
900747,Premium Campaign Responders
900748,Budget-Conscious Browsers
900749,Budget-Conscious Browsers
900750,Budget-Conscious Browsers
900751,Affluent Quiet Loyalists
900752,Premium Campaign Responders
900753,Digital Deal-Seekers
900754,Affluent Quiet Loyalists
900755,Premium Campaign Responders
900756,Budget-Conscious Browsers
900757,Premium Campaign Responders
900758,Affluent Quiet Loyalists
900759,Budget-Conscious Browsers
900760,Budget-Conscious Browsers
900761,Budget-Conscious Browsers
900762,Digital Deal-Seekers
900763,Premium Campaign Responders
900764,Budget-Conscious Browsers
900765,Digital Deal-Seekers
900766,Affluent Quiet Loyalists
900767,Digital Deal-Seekers
900768,Budget-Conscious Browsers
900769,Budget-Conscious Browsers
900770,Budget-Conscious Browsers
900771,Budget-Conscious Browsers
900772,Budget-Conscious Browsers
900773,Digital Deal-Seekers
900774,Digital Deal-Seekers
900775,Budget-Conscious Browsers
900776,Affluent Quiet Loyalists
900777,Budget-Conscious Browsers
900778,Budget-Conscious Browsers
900779,Budget-Conscious Browsers
900780,Digital Deal-Seekers
900781,Digital Deal-Seekers
900782,Premium Campaign Responders
900783,Budget-Conscious Browsers
900784,Budget-Conscious Browsers
900785,Digital Deal-Seekers
900786,Affluent Quiet Loyalists
900787,Digital Deal-Seekers
900788,Premium Campaign Responders
900789,Budget-Conscious Browsers
900790,Premium Campaign Responders
900791,Affluent Quiet Loyalists
900792,Digital Deal-Seekers
900793,Premium Campaign Responders
900794,Affluent Quiet Loyalists
900795,Digital Deal-Seekers
900796,Affluent Quiet Loyalists
900797,Affluent Quiet Loyalists
900798,Affluent Quiet Loyalists
900799,Budget-Conscious Browsers
900800,Budget-Conscious Browsers
900801,Budget-Conscious Browsers
900802,Affluent Quiet Loyalists
900803,Affluent Quiet Loyalists
900804,Budget-Conscious Browsers
900805,Premium Campaign Responders
900806,Affluent Quiet Loyalists
900807,Premium Campaign Responders
900808,Budget-Conscious Browsers
900809,Budget-Conscious Browsers
900810,Budget-Conscious Browsers
900811,Budget-Conscious Browsers
900812,Digital Deal-Seekers
900813,Premium Campaign Responders
900814,Digital Deal-Seekers
900815,Budget-Conscious Browsers
900816,Digital Deal-Seekers
900817,Affluent Quiet Loyalists
900818,Digital Deal-Seekers
900819,Budget-Conscious Browsers
900820,Affluent Quiet Loyalists
900821,Digital Deal-Seekers
900822,Budget-Conscious Browsers
900823,Budget-Conscious Browsers
900824,Premium Campaign Responders
900825,Budget-Conscious Browsers
900826,Premium Campaign Responders
900827,Budget-Conscious Browsers
900828,Premium Campaign Responders
900829,Budget-Conscious Browsers
900830,Affluent Quiet Loyalists
900831,Affluent Quiet Loyalists
900832,Budget-Conscious Browsers
900833,Budget-Conscious Browsers
900834,Budget-Conscious Browsers
900835,Affluent Quiet Loyalists
900836,Affluent Quiet Loyalists
900837,Digital Deal-Seekers
900838,Digital Deal-Seekers
900839,Digital Deal-Seekers
900840,Affluent Quiet Loyalists
900841,Budget-Conscious Browsers
900842,Budget-Conscious Browsers
900843,Budget-Conscious Browsers
900844,Budget-Conscious Browsers
900845,Budget-Conscious Browsers
900846,Premium Campaign Responders
900847,Affluent Quiet Loyalists
900848,Budget-Conscious Browsers
900849,Budget-Conscious Browsers
900850,Affluent Quiet Loyalists
900851,Budget-Conscious Browsers
900852,Premium Campaign Responders
900853,Affluent Quiet Loyalists
900854,Affluent Quiet Loyalists
900855,Budget-Conscious Browsers
900856,Digital Deal-Seekers
900857,Premium Campaign Responders
900858,Affluent Quiet Loyalists
900859,Budget-Conscious Browsers
900860,Budget-Conscious Browsers
900861,Premium Campaign Responders
900862,Digital Deal-Seekers
900863,Budget-Conscious Browsers
900864,Affluent Quiet Loyalists
900865,Premium Campaign Responders
900866,Budget-Conscious Browsers
900867,Affluent Quiet Loyalists
900868,Affluent Quiet Loyalists
900869,Premium Campaign Responders
900870,Premium Campaign Responders
900871,Premium Campaign Responders
900872,Premium Campaign Responders
900873,Affluent Quiet Loyalists
900874,Budget-Conscious Browsers
900875,Budget-Conscious Browsers
900876,Budget-Conscious Browsers
900877,Premium Campaign Responders
900878,Budget-Conscious Browsers
900879,Affluent Quiet Loyalists
900880,Affluent Quiet Loyalists
900881,Budget-Conscious Browsers
900882,Affluent Quiet Loyalists
900883,Affluent Quiet Loyalists
900884,Affluent Quiet Loyalists
900885,Digital Deal-Seekers
900886,Budget-Conscious Browsers
900887,Affluent Quiet Loyalists
900888,Affluent Quiet Loyalists
900889,Digital Deal-Seekers
900890,Digital Deal-Seekers
900891,Digital Deal-Seekers
900892,Affluent Quiet Loyalists
900893,Budget-Conscious Browsers
900894,Budget-Conscious Browsers
900895,Budget-Conscious Browsers
900896,Budget-Conscious Browsers
900897,Premium Campaign Responders
900898,Digital Deal-Seekers
900899,Premium Campaign Responders
900900,Digital Deal-Seekers
900901,Budget-Conscious Browsers
900902,Premium Campaign Responders
900903,Affluent Quiet Loyalists
900904,Budget-Conscious Browsers
900905,Digital Deal-Seekers
900906,Premium Campaign Responders
900907,Budget-Conscious Browsers
900908,Digital Deal-Seekers
900909,Digital Deal-Seekers
900910,Digital Deal-Seekers
900911,Affluent Quiet Loyalists
900912,Premium Campaign Responders
900913,Affluent Quiet Loyalists
900914,Budget-Conscious Browsers
900915,Budget-Conscious Browsers
900916,Budget-Conscious Browsers
900917,Affluent Quiet Loyalists
900918,Digital Deal-Seekers
900919,Budget-Conscious Browsers
900920,Digital Deal-Seekers
900921,Digital Deal-Seekers
900922,Affluent Quiet Loyalists
900923,Digital Deal-Seekers
900924,Budget-Conscious Browsers
900925,Premium Campaign Responders
900926,Affluent Quiet Loyalists
900927,Affluent Quiet Loyalists
900928,Premium Campaign Responders
900929,Budget-Conscious Browsers
900930,Premium Campaign Responders
900931,Budget-Conscious Browsers
900932,Budget-Conscious Browsers
900933,Premium Campaign Responders
900934,Budget-Conscious Browsers
900935,Digital Deal-Seekers
900936,Budget-Conscious Browsers
900937,Premium Campaign Responders
900938,Budget-Conscious Browsers
900939,Affluent Quiet Loyalists
900940,Premium Campaign Responders
900941,Premium Campaign Responders
900942,Affluent Quiet Loyalists
900943,Affluent Quiet Loyalists
900944,Digital Deal-Seekers
900945,Digital Deal-Seekers
900946,Affluent Quiet Loyalists
900947,Budget-Conscious Browsers
900948,Premium Campaign Responders
900949,Budget-Conscious Browsers
900950,Budget-Conscious Browsers
900951,Premium Campaign Responders
900952,Budget-Conscious Browsers
900953,Budget-Conscious Browsers
900954,Affluent Quiet Loyalists
900955,Affluent Quiet Loyalists
900956,Premium Campaign Responders
900957,Budget-Conscious Browsers
900958,Budget-Conscious Browsers
900959,Budget-Conscious Browsers
900960,Budget-Conscious Browsers
900961,Budget-Conscious Browsers
900962,Affluent Quiet Loyalists
900963,Budget-Conscious Browsers
900964,Budget-Conscious Browsers
900965,Premium Campaign Responders
900966,Budget-Conscious Browsers
900967,Budget-Conscious Browsers
900968,Budget-Conscious Browsers
900969,Premium Campaign Responders
900970,Digital Deal-Seekers
900971,Budget-Conscious Browsers
900972,Digital Deal-Seekers
900973,Digital Deal-Seekers
900974,Budget-Conscious Browsers
900975,Digital Deal-Seekers
900976,Budget-Conscious Browsers
900977,Budget-Conscious Browsers
900978,Affluent Quiet Loyalists
900979,Affluent Quiet Loyalists
900980,Premium Campaign Responders
900981,Budget-Conscious Browsers
900982,Affluent Quiet Loyalists
900983,Digital Deal-Seekers
900984,Digital Deal-Seekers
900985,Premium Campaign Responders
900986,Premium Campaign Responders
900987,Digital Deal-Seekers
900988,Budget-Conscious Browsers
900989,Premium Campaign Responders
900990,Budget-Conscious Browsers
900991,Budget-Conscious Browsers
900992,Budget-Conscious Browsers
900993,Digital Deal-Seekers
900994,Budget-Conscious Browsers
900995,Budget-Conscious Browsers
900996,Affluent Quiet Loyalists
900997,Budget-Conscious Browsers
900998,Budget-Conscious Browsers
900999,Affluent Quiet Loyalists
901000,Budget-Conscious Browsers
901001,Premium Campaign Responders
901002,Affluent Quiet Loyalists
901003,Digital Deal-Seekers
901004,Budget-Conscious Browsers
901005,Budget-Conscious Browsers
901006,Budget-Conscious Browsers
901007,Budget-Conscious Browsers
901008,Budget-Conscious Browsers
901009,Premium Campaign Responders
901010,Budget-Conscious Browsers
901011,Budget-Conscious Browsers
901012,Premium Campaign Responders
901013,Affluent Quiet Loyalists
901014,Digital Deal-Seekers
901015,Budget-Conscious Browsers
901016,Budget-Conscious Browsers
901017,Digital Deal-Seekers
901018,Digital Deal-Seekers
901019,Budget-Conscious Browsers
901020,Budget-Conscious Browsers
901021,Affluent Quiet Loyalists
901022,Premium Campaign Responders
901023,Digital Deal-Seekers
901024,Budget-Conscious Browsers
901025,Budget-Conscious Browsers
901026,Digital Deal-Seekers
901027,Digital Deal-Seekers
901028,Budget-Conscious Browsers
901029,Budget-Conscious Browsers
901030,Affluent Quiet Loyalists
901031,Affluent Quiet Loyalists
901032,Affluent Quiet Loyalists
901033,Budget-Conscious Browsers
901034,Budget-Conscious Browsers
901035,Affluent Quiet Loyalists
901036,Digital Deal-Seekers
901037,Digital Deal-Seekers
901038,Budget-Conscious Browsers
901039,Affluent Quiet Loyalists
901040,Affluent Quiet Loyalists
901041,Digital Deal-Seekers
901042,Digital Deal-Seekers
901043,Budget-Conscious Browsers
901044,Affluent Quiet Loyalists
901045,Budget-Conscious Browsers
901046,Affluent Quiet Loyalists
901047,Affluent Quiet Loyalists
901048,Budget-Conscious Browsers
901049,Affluent Quiet Loyalists
901050,Budget-Conscious Browsers
901051,Premium Campaign Responders
901052,Budget-Conscious Browsers
901053,Premium Campaign Responders
901054,Affluent Quiet Loyalists
901055,Budget-Conscious Browsers
901056,Affluent Quiet Loyalists
901057,Budget-Conscious Browsers
901058,Budget-Conscious Browsers
901059,Budget-Conscious Browsers
901060,Budget-Conscious Browsers
901061,Affluent Quiet Loyalists
901062,Budget-Conscious Browsers
901063,Premium Campaign Responders
901064,Budget-Conscious Browsers
901065,Budget-Conscious Browsers
901066,Premium Campaign Responders
901067,Affluent Quiet Loyalists
901068,Digital Deal-Seekers
901069,Budget-Conscious Browsers
901070,Digital Deal-Seekers
901071,Budget-Conscious Browsers
901072,Budget-Conscious Browsers
901073,Premium Campaign Responders
901074,Budget-Conscious Browsers
901075,Affluent Quiet Loyalists
901076,Affluent Quiet Loyalists
901077,Digital Deal-Seekers
901078,Budget-Conscious Browsers
901079,Affluent Quiet Loyalists
901080,Budget-Conscious Browsers
901081,Digital Deal-Seekers
901082,Budget-Conscious Browsers
901083,Digital Deal-Seekers
901084,Digital Deal-Seekers
901085,Digital Deal-Seekers
901086,Affluent Quiet Loyalists
901087,Budget-Conscious Browsers
901088,Affluent Quiet Loyalists
901089,Budget-Conscious Browsers
901090,Digital Deal-Seekers
901091,Budget-Conscious Browsers
901092,Affluent Quiet Loyalists
901093,Affluent Quiet Loyalists
901094,Digital Deal-Seekers
901095,Budget-Conscious Browsers
901096,Budget-Conscious Browsers
901097,Affluent Quiet Loyalists
901098,Premium Campaign Responders
901099,Digital Deal-Seekers
901100,Affluent Quiet Loyalists
901101,Budget-Conscious Browsers
901102,Digital Deal-Seekers
901103,Affluent Quiet Loyalists
901104,Budget-Conscious Browsers
901105,Premium Campaign Responders
901106,Digital Deal-Seekers
901107,Affluent Quiet Loyalists
901108,Affluent Quiet Loyalists
901109,Budget-Conscious Browsers
901110,Affluent Quiet Loyalists
901111,Affluent Quiet Loyalists
901112,Affluent Quiet Loyalists
901113,Digital Deal-Seekers
901114,Digital Deal-Seekers
901115,Budget-Conscious Browsers
901116,Affluent Quiet Loyalists
901117,Digital Deal-Seekers
901118,Budget-Conscious Browsers
901119,Budget-Conscious Browsers
901120,Affluent Quiet Loyalists
901121,Affluent Quiet Loyalists
901122,Budget-Conscious Browsers
901123,Digital Deal-Seekers
901124,Affluent Quiet Loyalists
901125,Premium Campaign Responders
901126,Affluent Quiet Loyalists
901127,Digital Deal-Seekers
901128,Budget-Conscious Browsers
901129,Budget-Conscious Browsers
901130,Affluent Quiet Loyalists
901131,Affluent Quiet Loyalists
901132,Affluent Quiet Loyalists
901133,Premium Campaign Responders
901134,Digital Deal-Seekers
901135,Budget-Conscious Browsers
901136,Premium Campaign Responders
901137,Premium Campaign Responders
901138,Budget-Conscious Browsers
901139,Digital Deal-Seekers
901140,Budget-Conscious Browsers
901141,Digital Deal-Seekers
901142,Budget-Conscious Browsers
901143,Digital Deal-Seekers
901144,Budget-Conscious Browsers
901145,Premium Campaign Responders
901146,Digital Deal-Seekers
901147,Budget-Conscious Browsers
901148,Budget-Conscious Browsers
901149,Budget-Conscious Browsers
901150,Premium Campaign Responders
901151,Budget-Conscious Browsers
901152,Affluent Quiet Loyalists
901153,Budget-Conscious Browsers
901154,Affluent Quiet Loyalists
901155,Digital Deal-Seekers
901156,Budget-Conscious Browsers
901157,Budget-Conscious Browsers
901158,Digital Deal-Seekers
901159,Digital Deal-Seekers
901160,Affluent Quiet Loyalists
901161,Digital Deal-Seekers
901162,Affluent Quiet Loyalists
901163,Budget-Conscious Browsers
901164,Premium Campaign Responders
901165,Digital Deal-Seekers
901166,Affluent Quiet Loyalists
901167,Budget-Conscious Browsers
901168,Premium Campaign Responders
901169,Digital Deal-Seekers
901170,Premium Campaign Responders
901171,Premium Campaign Responders
901172,Budget-Conscious Browsers
901173,Budget-Conscious Browsers
901174,Budget-Conscious Browsers
901175,Budget-Conscious Browsers
901176,Digital Deal-Seekers
901177,Digital Deal-Seekers
901178,Digital Deal-Seekers
901179,Budget-Conscious Browsers
901180,Affluent Quiet Loyalists
901181,Digital Deal-Seekers
901182,Affluent Quiet Loyalists
901183,Budget-Conscious Browsers
901184,Budget-Conscious Browsers
901185,Digital Deal-Seekers
901186,Digital Deal-Seekers
901187,Affluent Quiet Loyalists
901188,Budget-Conscious Browsers
901189,Budget-Conscious Browsers
901190,Affluent Quiet Loyalists
901191,Digital Deal-Seekers
901192,Budget-Conscious Browsers
901193,Digital Deal-Seekers
901194,Premium Campaign Responders
901195,Affluent Quiet Loyalists
901196,Affluent Quiet Loyalists
901197,Digital Deal-Seekers
901198,Digital Deal-Seekers
901199,Premium Campaign Responders
901200,Budget-Conscious Browsers
901201,Budget-Conscious Browsers
901202,Digital Deal-Seekers
901203,Affluent Quiet Loyalists
901204,Premium Campaign Responders
901205,Affluent Quiet Loyalists
901206,Premium Campaign Responders
901207,Premium Campaign Responders
901208,Affluent Quiet Loyalists
901209,Budget-Conscious Browsers
901210,Premium Campaign Responders
901211,Budget-Conscious Browsers
901212,Premium Campaign Responders
901213,Digital Deal-Seekers
901214,Digital Deal-Seekers
901215,Digital Deal-Seekers
901216,Affluent Quiet Loyalists
901217,Digital Deal-Seekers
901218,Digital Deal-Seekers
901219,Affluent Quiet Loyalists
901220,Premium Campaign Responders
901221,Affluent Quiet Loyalists
901222,Digital Deal-Seekers
901223,Budget-Conscious Browsers
901224,Budget-Conscious Browsers
901225,Premium Campaign Responders
901226,Premium Campaign Responders
901227,Budget-Conscious Browsers
901228,Affluent Quiet Loyalists
901229,Digital Deal-Seekers
901230,Affluent Quiet Loyalists
901231,Affluent Quiet Loyalists
901232,Digital Deal-Seekers
901233,Digital Deal-Seekers
901234,Digital Deal-Seekers
901235,Digital Deal-Seekers
901236,Digital Deal-Seekers
901237,Budget-Conscious Browsers
901238,Affluent Quiet Loyalists
901239,Budget-Conscious Browsers
901240,Premium Campaign Responders
901241,Budget-Conscious Browsers
901242,Budget-Conscious Browsers
901243,Budget-Conscious Browsers
901244,Budget-Conscious Browsers
901245,Digital Deal-Seekers
901246,Affluent Quiet Loyalists
901247,Premium Campaign Responders
901248,Digital Deal-Seekers
901249,Digital Deal-Seekers
901250,Affluent Quiet Loyalists
901251,Digital Deal-Seekers
901252,Budget-Conscious Browsers
901253,Budget-Conscious Browsers
901254,Digital Deal-Seekers
901255,Budget-Conscious Browsers
901256,Premium Campaign Responders
901257,Budget-Conscious Browsers
901258,Affluent Quiet Loyalists
901259,Budget-Conscious Browsers
901260,Affluent Quiet Loyalists
901261,Budget-Conscious Browsers
901262,Budget-Conscious Browsers
901263,Digital Deal-Seekers
901264,Budget-Conscious Browsers
901265,Affluent Quiet Loyalists
901266,Digital Deal-Seekers
901267,Budget-Conscious Browsers
901268,Digital Deal-Seekers
901269,Digital Deal-Seekers
901270,Budget-Conscious Browsers
901271,Budget-Conscious Browsers
901272,Digital Deal-Seekers
901273,Budget-Conscious Browsers
901274,Budget-Conscious Browsers
901275,Budget-Conscious Browsers
901276,Digital Deal-Seekers
901277,Premium Campaign Responders
901278,Affluent Quiet Loyalists
901279,Budget-Conscious Browsers
901280,Budget-Conscious Browsers
901281,Budget-Conscious Browsers
901282,Budget-Conscious Browsers
901283,Digital Deal-Seekers
901284,Digital Deal-Seekers
901285,Budget-Conscious Browsers
901286,Budget-Conscious Browsers
901287,Digital Deal-Seekers
901288,Budget-Conscious Browsers
901289,Budget-Conscious Browsers
901290,Affluent Quiet Loyalists
901291,Affluent Quiet Loyalists
901292,Affluent Quiet Loyalists
901293,Digital Deal-Seekers
901294,Budget-Conscious Browsers
901295,Digital Deal-Seekers
901296,Budget-Conscious Browsers
901297,Budget-Conscious Browsers
901298,Affluent Quiet Loyalists
901299,Premium Campaign Responders
901300,Affluent Quiet Loyalists
901301,Budget-Conscious Browsers
901302,Affluent Quiet Loyalists
901303,Premium Campaign Responders
901304,Premium Campaign Responders
901305,Budget-Conscious Browsers
901306,Digital Deal-Seekers
901307,Premium Campaign Responders
901308,Digital Deal-Seekers
901309,Digital Deal-Seekers
901310,Budget-Conscious Browsers
901311,Premium Campaign Responders
901312,Digital Deal-Seekers
901313,Affluent Quiet Loyalists
901314,Budget-Conscious Browsers
901315,Digital Deal-Seekers
901316,Premium Campaign Responders
901317,Budget-Conscious Browsers
901318,Budget-Conscious Browsers
901319,Affluent Quiet Loyalists
901320,Affluent Quiet Loyalists
901321,Digital Deal-Seekers
901322,Affluent Quiet Loyalists
901323,Premium Campaign Responders
901324,Premium Campaign Responders
901325,Premium Campaign Responders
901326,Budget-Conscious Browsers
901327,Budget-Conscious Browsers
901328,Budget-Conscious Browsers
901329,Budget-Conscious Browsers
901330,Budget-Conscious Browsers
901331,Budget-Conscious Browsers
901332,Premium Campaign Responders
901333,Affluent Quiet Loyalists
901334,Budget-Conscious Browsers
901335,Premium Campaign Responders
901336,Digital Deal-Seekers
901337,Digital Deal-Seekers
901338,Affluent Quiet Loyalists
901339,Digital Deal-Seekers
901340,Digital Deal-Seekers
901341,Affluent Quiet Loyalists
901342,Digital Deal-Seekers
901343,Budget-Conscious Browsers
901344,Premium Campaign Responders
901345,Premium Campaign Responders
901346,Affluent Quiet Loyalists
901347,Digital Deal-Seekers
901348,Affluent Quiet Loyalists
901349,Digital Deal-Seekers
901350,Affluent Quiet Loyalists
901351,Premium Campaign Responders
901352,Digital Deal-Seekers
901353,Digital Deal-Seekers
901354,Premium Campaign Responders
901355,Affluent Quiet Loyalists
901356,Budget-Conscious Browsers
901357,Budget-Conscious Browsers
901358,Budget-Conscious Browsers
901359,Budget-Conscious Browsers
901360,Affluent Quiet Loyalists
901361,Premium Campaign Responders
901362,Digital Deal-Seekers
901363,Digital Deal-Seekers
901364,Digital Deal-Seekers
901365,Budget-Conscious Browsers
901366,Budget-Conscious Browsers
901367,Affluent Quiet Loyalists
901368,Digital Deal-Seekers
901369,Premium Campaign Responders
901370,Digital Deal-Seekers
901371,Affluent Quiet Loyalists
901372,Digital Deal-Seekers
901373,Affluent Quiet Loyalists
901374,Affluent Quiet Loyalists
901375,Affluent Quiet Loyalists
901376,Budget-Conscious Browsers
901377,Affluent Quiet Loyalists
901378,Digital Deal-Seekers
901379,Premium Campaign Responders
901380,Affluent Quiet Loyalists
901381,Affluent Quiet Loyalists
901382,Digital Deal-Seekers
901383,Budget-Conscious Browsers
901384,Affluent Quiet Loyalists
901385,Premium Campaign Responders
901386,Budget-Conscious Browsers
901387,Affluent Quiet Loyalists
901388,Premium Campaign Responders
901389,Budget-Conscious Browsers
901390,Budget-Conscious Browsers
901391,Affluent Quiet Loyalists
901392,Affluent Quiet Loyalists
901393,Digital Deal-Seekers
901394,Budget-Conscious Browsers
901395,Budget-Conscious Browsers
901396,Premium Campaign Responders
901397,Affluent Quiet Loyalists
901398,Budget-Conscious Browsers
901399,Budget-Conscious Browsers
901400,Affluent Quiet Loyalists
901401,Premium Campaign Responders
901402,Budget-Conscious Browsers
901403,Digital Deal-Seekers
901404,Budget-Conscious Browsers
901405,Digital Deal-Seekers
901406,Affluent Quiet Loyalists
901407,Premium Campaign Responders
901408,Budget-Conscious Browsers
901409,Budget-Conscious Browsers
901410,Budget-Conscious Browsers
901411,Digital Deal-Seekers
901412,Digital Deal-Seekers
901413,Budget-Conscious Browsers
901414,Budget-Conscious Browsers
901415,Digital Deal-Seekers
901416,Budget-Conscious Browsers
901417,Budget-Conscious Browsers
901418,Digital Deal-Seekers
901419,Budget-Conscious Browsers
901420,Digital Deal-Seekers
901421,Budget-Conscious Browsers
901422,Budget-Conscious Browsers
901423,Budget-Conscious Browsers
901424,Digital Deal-Seekers
901425,Affluent Quiet Loyalists
901426,Digital Deal-Seekers
901427,Affluent Quiet Loyalists
901428,Digital Deal-Seekers
901429,Budget-Conscious Browsers
901430,Budget-Conscious Browsers
901431,Budget-Conscious Browsers
901432,Affluent Quiet Loyalists
901433,Digital Deal-Seekers
901434,Budget-Conscious Browsers
901435,Digital Deal-Seekers
901436,Affluent Quiet Loyalists
901437,Budget-Conscious Browsers
901438,Affluent Quiet Loyalists
901439,Affluent Quiet Loyalists
901440,Premium Campaign Responders
901441,Affluent Quiet Loyalists
901442,Premium Campaign Responders
901443,Affluent Quiet Loyalists
901444,Budget-Conscious Browsers
901445,Budget-Conscious Browsers
901446,Digital Deal-Seekers
901447,Affluent Quiet Loyalists
901448,Budget-Conscious Browsers
901449,Premium Campaign Responders
901450,Budget-Conscious Browsers
901451,Budget-Conscious Browsers
901452,Affluent Quiet Loyalists
901453,Digital Deal-Seekers
901454,Affluent Quiet Loyalists
901455,Premium Campaign Responders
901456,Affluent Quiet Loyalists
901457,Budget-Conscious Browsers
901458,Digital Deal-Seekers
901459,Budget-Conscious Browsers
901460,Premium Campaign Responders
901461,Budget-Conscious Browsers
901462,Digital Deal-Seekers
901463,Budget-Conscious Browsers
901464,Premium Campaign Responders
901465,Budget-Conscious Browsers
901466,Premium Campaign Responders
901467,Premium Campaign Responders
901468,Affluent Quiet Loyalists
901469,Affluent Quiet Loyalists
901470,Digital Deal-Seekers
901471,Affluent Quiet Loyalists
901472,Affluent Quiet Loyalists
901473,Digital Deal-Seekers
901474,Budget-Conscious Browsers
901475,Affluent Quiet Loyalists
901476,Affluent Quiet Loyalists
901477,Budget-Conscious Browsers
901478,Budget-Conscious Browsers
901479,Budget-Conscious Browsers
901480,Budget-Conscious Browsers
901481,Premium Campaign Responders
901482,Digital Deal-Seekers
901483,Affluent Quiet Loyalists
901484,Digital Deal-Seekers
901485,Premium Campaign Responders
901486,Budget-Conscious Browsers
901487,Digital Deal-Seekers
901488,Digital Deal-Seekers
901489,Budget-Conscious Browsers
901490,Affluent Quiet Loyalists
901491,Budget-Conscious Browsers
901492,Affluent Quiet Loyalists
901493,Affluent Quiet Loyalists
901494,Digital Deal-Seekers
901495,Digital Deal-Seekers
901496,Premium Campaign Responders
901497,Budget-Conscious Browsers
901498,Premium Campaign Responders
901499,Budget-Conscious Browsers
901500,Budget-Conscious Browsers
901501,Affluent Quiet Loyalists
901502,Premium Campaign Responders
901503,Affluent Quiet Loyalists
901504,Digital Deal-Seekers
901505,Budget-Conscious Browsers
901506,Premium Campaign Responders
901507,Premium Campaign Responders
901508,Budget-Conscious Browsers
901509,Affluent Quiet Loyalists
901510,Budget-Conscious Browsers
901511,Premium Campaign Responders
901512,Digital Deal-Seekers
901513,Digital Deal-Seekers
901514,Affluent Quiet Loyalists
901515,Budget-Conscious Browsers
901516,Budget-Conscious Browsers
901517,Digital Deal-Seekers
901518,Affluent Quiet Loyalists
901519,Budget-Conscious Browsers
901520,Premium Campaign Responders
901521,Budget-Conscious Browsers
901522,Digital Deal-Seekers
901523,Digital Deal-Seekers
901524,Digital Deal-Seekers
901525,Digital Deal-Seekers
901526,Affluent Quiet Loyalists
901527,Affluent Quiet Loyalists
901528,Affluent Quiet Loyalists
901529,Budget-Conscious Browsers
901530,Premium Campaign Responders
901531,Premium Campaign Responders
901532,Budget-Conscious Browsers
901533,Premium Campaign Responders
901534,Premium Campaign Responders
901535,Budget-Conscious Browsers
901536,Digital Deal-Seekers
901537,Premium Campaign Responders
901538,Digital Deal-Seekers
901539,Digital Deal-Seekers
901540,Budget-Conscious Browsers
901541,Affluent Quiet Loyalists
901542,Affluent Quiet Loyalists
901543,Affluent Quiet Loyalists
901544,Budget-Conscious Browsers
901545,Premium Campaign Responders
901546,Digital Deal-Seekers
901547,Affluent Quiet Loyalists
901548,Digital Deal-Seekers
901549,Budget-Conscious Browsers
901550,Digital Deal-Seekers
901551,Budget-Conscious Browsers
901552,Premium Campaign Responders
901553,Digital Deal-Seekers
901554,Budget-Conscious Browsers
901555,Budget-Conscious Browsers
901556,Digital Deal-Seekers
901557,Digital Deal-Seekers
901558,Affluent Quiet Loyalists
901559,Affluent Quiet Loyalists
901560,Digital Deal-Seekers
901561,Premium Campaign Responders
901562,Affluent Quiet Loyalists
901563,Budget-Conscious Browsers
901564,Digital Deal-Seekers
901565,Budget-Conscious Browsers
901566,Budget-Conscious Browsers
901567,Digital Deal-Seekers
901568,Affluent Quiet Loyalists
901569,Budget-Conscious Browsers
901570,Affluent Quiet Loyalists
901571,Premium Campaign Responders
901572,Affluent Quiet Loyalists
901573,Digital Deal-Seekers
901574,Digital Deal-Seekers
901575,Premium Campaign Responders
901576,Premium Campaign Responders
901577,Digital Deal-Seekers
901578,Budget-Conscious Browsers
901579,Affluent Quiet Loyalists
901580,Premium Campaign Responders
901581,Premium Campaign Responders
901582,Digital Deal-Seekers
901583,Premium Campaign Responders
901584,Premium Campaign Responders
901585,Premium Campaign Responders
901586,Budget-Conscious Browsers
901587,Affluent Quiet Loyalists
901588,Digital Deal-Seekers
901589,Digital Deal-Seekers
901590,Premium Campaign Responders
901591,Affluent Quiet Loyalists
901592,Premium Campaign Responders
901593,Budget-Conscious Browsers
901594,Budget-Conscious Browsers
901595,Budget-Conscious Browsers
901596,Premium Campaign Responders
901597,Affluent Quiet Loyalists
901598,Affluent Quiet Loyalists
901599,Budget-Conscious Browsers
901600,Digital Deal-Seekers
901601,Budget-Conscious Browsers
901602,Budget-Conscious Browsers
901603,Budget-Conscious Browsers
901604,Digital Deal-Seekers
901605,Premium Campaign Responders
901606,Premium Campaign Responders
901607,Premium Campaign Responders
901608,Budget-Conscious Browsers
901609,Digital Deal-Seekers
901610,Budget-Conscious Browsers
901611,Premium Campaign Responders
901612,Premium Campaign Responders
901613,Budget-Conscious Browsers
901614,Budget-Conscious Browsers
901615,Digital Deal-Seekers
901616,Affluent Quiet Loyalists
901617,Budget-Conscious Browsers
901618,Affluent Quiet Loyalists
901619,Affluent Quiet Loyalists
901620,Affluent Quiet Loyalists
901621,Budget-Conscious Browsers
901622,Budget-Conscious Browsers
901623,Premium Campaign Responders
901624,Affluent Quiet Loyalists
901625,Affluent Quiet Loyalists
901626,Affluent Quiet Loyalists
901627,Premium Campaign Responders
901628,Affluent Quiet Loyalists
901629,Affluent Quiet Loyalists
901630,Affluent Quiet Loyalists
901631,Premium Campaign Responders
901632,Budget-Conscious Browsers
901633,Affluent Quiet Loyalists
901634,Budget-Conscious Browsers
901635,Premium Campaign Responders
901636,Budget-Conscious Browsers
901637,Digital Deal-Seekers
901638,Affluent Quiet Loyalists
901639,Digital Deal-Seekers
901640,Budget-Conscious Browsers
901641,Digital Deal-Seekers
901642,Budget-Conscious Browsers
901643,Budget-Conscious Browsers
901644,Digital Deal-Seekers
901645,Budget-Conscious Browsers
901646,Affluent Quiet Loyalists
901647,Budget-Conscious Browsers
901648,Affluent Quiet Loyalists
901649,Digital Deal-Seekers
901650,Budget-Conscious Browsers
901651,Premium Campaign Responders
901652,Budget-Conscious Browsers
901653,Digital Deal-Seekers
901654,Affluent Quiet Loyalists
901655,Digital Deal-Seekers
901656,Affluent Quiet Loyalists
901657,Budget-Conscious Browsers
901658,Affluent Quiet Loyalists
901659,Affluent Quiet Loyalists
901660,Budget-Conscious Browsers
901661,Digital Deal-Seekers
901662,Budget-Conscious Browsers
901663,Premium Campaign Responders
901664,Affluent Quiet Loyalists
901665,Digital Deal-Seekers
901666,Budget-Conscious Browsers
901667,Budget-Conscious Browsers
901668,Budget-Conscious Browsers
901669,Budget-Conscious Browsers
901670,Digital Deal-Seekers
901671,Premium Campaign Responders
901672,Premium Campaign Responders
901673,Premium Campaign Responders
901674,Digital Deal-Seekers
901675,Affluent Quiet Loyalists
901676,Budget-Conscious Browsers
901677,Affluent Quiet Loyalists
901678,Digital Deal-Seekers
901679,Affluent Quiet Loyalists
901680,Digital Deal-Seekers
901681,Affluent Quiet Loyalists
901682,Budget-Conscious Browsers
901683,Digital Deal-Seekers
901684,Budget-Conscious Browsers
901685,Budget-Conscious Browsers
901686,Affluent Quiet Loyalists
901687,Digital Deal-Seekers
901688,Budget-Conscious Browsers
901689,Budget-Conscious Browsers
901690,Digital Deal-Seekers
901691,Budget-Conscious Browsers
901692,Affluent Quiet Loyalists
901693,Digital Deal-Seekers
901694,Digital Deal-Seekers
901695,Affluent Quiet Loyalists
901696,Digital Deal-Seekers
901697,Digital Deal-Seekers
901698,Digital Deal-Seekers
901699,Digital Deal-Seekers
901700,Budget-Conscious Browsers
901701,Budget-Conscious Browsers
901702,Budget-Conscious Browsers
901703,Budget-Conscious Browsers
901704,Affluent Quiet Loyalists
901705,Digital Deal-Seekers
901706,Budget-Conscious Browsers
901707,Premium Campaign Responders
901708,Digital Deal-Seekers
901709,Affluent Quiet Loyalists
901710,Budget-Conscious Browsers
901711,Affluent Quiet Loyalists
901712,Budget-Conscious Browsers
901713,Budget-Conscious Browsers
901714,Digital Deal-Seekers
901715,Budget-Conscious Browsers
901716,Affluent Quiet Loyalists
901717,Premium Campaign Responders
901718,Budget-Conscious Browsers
901719,Digital Deal-Seekers
901720,Budget-Conscious Browsers
901721,Premium Campaign Responders
901722,Affluent Quiet Loyalists
901723,Digital Deal-Seekers
901724,Digital Deal-Seekers
901725,Premium Campaign Responders
901726,Budget-Conscious Browsers
901727,Digital Deal-Seekers
901728,Premium Campaign Responders
901729,Affluent Quiet Loyalists
901730,Budget-Conscious Browsers
901731,Budget-Conscious Browsers
901732,Premium Campaign Responders
901733,Digital Deal-Seekers
901734,Digital Deal-Seekers
901735,Premium Campaign Responders
901736,Premium Campaign Responders
901737,Budget-Conscious Browsers
901738,Affluent Quiet Loyalists
901739,Digital Deal-Seekers
901740,Affluent Quiet Loyalists
901741,Budget-Conscious Browsers
901742,Affluent Quiet Loyalists
901743,Digital Deal-Seekers
901744,Budget-Conscious Browsers
901745,Affluent Quiet Loyalists
901746,Premium Campaign Responders
901747,Premium Campaign Responders
901748,Affluent Quiet Loyalists
901749,Budget-Conscious Browsers
901750,Digital Deal-Seekers
901751,Budget-Conscious Browsers
901752,Digital Deal-Seekers
901753,Budget-Conscious Browsers
901754,Digital Deal-Seekers
901755,Budget-Conscious Browsers
901756,Digital Deal-Seekers
901757,Digital Deal-Seekers
901758,Affluent Quiet Loyalists
901759,Premium Campaign Responders
901760,Affluent Quiet Loyalists
901761,Affluent Quiet Loyalists
901762,Digital Deal-Seekers
901763,Budget-Conscious Browsers
901764,Budget-Conscious Browsers
901765,Budget-Conscious Browsers
901766,Budget-Conscious Browsers
901767,Budget-Conscious Browsers
901768,Affluent Quiet Loyalists
901769,Affluent Quiet Loyalists
901770,Digital Deal-Seekers
901771,Affluent Quiet Loyalists
901772,Premium Campaign Responders
901773,Premium Campaign Responders
901774,Affluent Quiet Loyalists
901775,Premium Campaign Responders
901776,Affluent Quiet Loyalists
901777,Budget-Conscious Browsers
901778,Budget-Conscious Browsers
901779,Budget-Conscious Browsers
901780,Budget-Conscious Browsers
901781,Budget-Conscious Browsers
901782,Budget-Conscious Browsers
901783,Affluent Quiet Loyalists
901784,Digital Deal-Seekers
901785,Affluent Quiet Loyalists
901786,Budget-Conscious Browsers
901787,Affluent Quiet Loyalists
901788,Budget-Conscious Browsers
901789,Budget-Conscious Browsers
901790,Budget-Conscious Browsers
901791,Affluent Quiet Loyalists
901792,Affluent Quiet Loyalists
901793,Budget-Conscious Browsers
901794,Affluent Quiet Loyalists
901795,Affluent Quiet Loyalists
901796,Budget-Conscious Browsers
901797,Premium Campaign Responders
901798,Digital Deal-Seekers
901799,Budget-Conscious Browsers
901800,Affluent Quiet Loyalists
901801,Affluent Quiet Loyalists
901802,Budget-Conscious Browsers
901803,Digital Deal-Seekers
901804,Affluent Quiet Loyalists
901805,Budget-Conscious Browsers
901806,Digital Deal-Seekers
901807,Budget-Conscious Browsers
901808,Premium Campaign Responders
901809,Budget-Conscious Browsers
901810,Budget-Conscious Browsers
901811,Premium Campaign Responders
901812,Digital Deal-Seekers
901813,Premium Campaign Responders
901814,Affluent Quiet Loyalists
901815,Affluent Quiet Loyalists
901816,Digital Deal-Seekers
901817,Budget-Conscious Browsers
901818,Affluent Quiet Loyalists
901819,Digital Deal-Seekers
901820,Affluent Quiet Loyalists
901821,Affluent Quiet Loyalists
901822,Budget-Conscious Browsers
901823,Budget-Conscious Browsers
901824,Budget-Conscious Browsers
901825,Affluent Quiet Loyalists
901826,Premium Campaign Responders
901827,Digital Deal-Seekers
901828,Premium Campaign Responders
901829,Premium Campaign Responders
901830,Premium Campaign Responders
901831,Budget-Conscious Browsers
901832,Digital Deal-Seekers
901833,Digital Deal-Seekers
901834,Premium Campaign Responders
901835,Premium Campaign Responders
901836,Digital Deal-Seekers
901837,Budget-Conscious Browsers
901838,Budget-Conscious Browsers
901839,Premium Campaign Responders
901840,Budget-Conscious Browsers
901841,Digital Deal-Seekers
901842,Digital Deal-Seekers
901843,Budget-Conscious Browsers
901844,Affluent Quiet Loyalists
901845,Budget-Conscious Browsers
901846,Budget-Conscious Browsers
901847,Affluent Quiet Loyalists
901848,Digital Deal-Seekers
901849,Budget-Conscious Browsers
901850,Premium Campaign Responders
901851,Premium Campaign Responders
901852,Affluent Quiet Loyalists
901853,Budget-Conscious Browsers
901854,Digital Deal-Seekers
901855,Digital Deal-Seekers
901856,Affluent Quiet Loyalists
901857,Budget-Conscious Browsers
901858,Budget-Conscious Browsers
901859,Digital Deal-Seekers
901860,Affluent Quiet Loyalists
901861,Budget-Conscious Browsers
901862,Premium Campaign Responders
901863,Premium Campaign Responders
901864,Budget-Conscious Browsers
901865,Budget-Conscious Browsers
901866,Affluent Quiet Loyalists
901867,Affluent Quiet Loyalists
901868,Budget-Conscious Browsers
901869,Budget-Conscious Browsers
901870,Affluent Quiet Loyalists
901871,Digital Deal-Seekers
901872,Budget-Conscious Browsers
901873,Digital Deal-Seekers
901874,Premium Campaign Responders
901875,Premium Campaign Responders
901876,Budget-Conscious Browsers
901877,Budget-Conscious Browsers
901878,Affluent Quiet Loyalists
901879,Budget-Conscious Browsers
901880,Digital Deal-Seekers
901881,Affluent Quiet Loyalists
901882,Budget-Conscious Browsers
901883,Digital Deal-Seekers
901884,Affluent Quiet Loyalists
901885,Digital Deal-Seekers
901886,Affluent Quiet Loyalists
901887,Digital Deal-Seekers
901888,Affluent Quiet Loyalists
901889,Affluent Quiet Loyalists
901890,Affluent Quiet Loyalists
901891,Budget-Conscious Browsers
901892,Budget-Conscious Browsers
901893,Affluent Quiet Loyalists
901894,Affluent Quiet Loyalists
901895,Budget-Conscious Browsers
901896,Budget-Conscious Browsers
901897,Digital Deal-Seekers
901898,Budget-Conscious Browsers
901899,Premium Campaign Responders
901900,Affluent Quiet Loyalists
901901,Digital Deal-Seekers
901902,Budget-Conscious Browsers
901903,Affluent Quiet Loyalists
901904,Budget-Conscious Browsers
901905,Premium Campaign Responders
901906,Digital Deal-Seekers
901907,Budget-Conscious Browsers
901908,Premium Campaign Responders
901909,Affluent Quiet Loyalists
901910,Premium Campaign Responders
901911,Affluent Quiet Loyalists
901912,Budget-Conscious Browsers
901913,Digital Deal-Seekers
901914,Budget-Conscious Browsers
901915,Premium Campaign Responders
901916,Digital Deal-Seekers
901917,Digital Deal-Seekers
901918,Budget-Conscious Browsers
901919,Digital Deal-Seekers
901920,Digital Deal-Seekers
901921,Premium Campaign Responders
901922,Premium Campaign Responders
901923,Budget-Conscious Browsers
901924,Affluent Quiet Loyalists
901925,Budget-Conscious Browsers
901926,Budget-Conscious Browsers
901927,Affluent Quiet Loyalists
901928,Premium Campaign Responders
901929,Digital Deal-Seekers
901930,Digital Deal-Seekers
901931,Budget-Conscious Browsers
901932,Digital Deal-Seekers
901933,Affluent Quiet Loyalists
901934,Digital Deal-Seekers
901935,Budget-Conscious Browsers
901936,Digital Deal-Seekers
901937,Affluent Quiet Loyalists
901938,Affluent Quiet Loyalists
901939,Affluent Quiet Loyalists
901940,Budget-Conscious Browsers
901941,Affluent Quiet Loyalists
901942,Premium Campaign Responders
901943,Digital Deal-Seekers
901944,Digital Deal-Seekers
901945,Budget-Conscious Browsers
901946,Digital Deal-Seekers
901947,Budget-Conscious Browsers
901948,Affluent Quiet Loyalists
901949,Budget-Conscious Browsers
901950,Budget-Conscious Browsers
901951,Digital Deal-Seekers
901952,Budget-Conscious Browsers
901953,Premium Campaign Responders
901954,Affluent Quiet Loyalists
901955,Premium Campaign Responders
901956,Digital Deal-Seekers
901957,Budget-Conscious Browsers
901958,Budget-Conscious Browsers
901959,Premium Campaign Responders
901960,Budget-Conscious Browsers
901961,Premium Campaign Responders
901962,Digital Deal-Seekers
901963,Budget-Conscious Browsers
901964,Affluent Quiet Loyalists
901965,Budget-Conscious Browsers
901966,Budget-Conscious Browsers
901967,Digital Deal-Seekers
901968,Affluent Quiet Loyalists
901969,Affluent Quiet Loyalists
901970,Budget-Conscious Browsers
901971,Budget-Conscious Browsers
901972,Budget-Conscious Browsers
901973,Budget-Conscious Browsers
901974,Budget-Conscious Browsers
901975,Digital Deal-Seekers
901976,Premium Campaign Responders
901977,Digital Deal-Seekers
901978,Premium Campaign Responders
901979,Budget-Conscious Browsers
901980,Affluent Quiet Loyalists
901981,Premium Campaign Responders
901982,Budget-Conscious Browsers
901983,Budget-Conscious Browsers
901984,Affluent Quiet Loyalists
901985,Budget-Conscious Browsers
901986,Budget-Conscious Browsers
901987,Digital Deal-Seekers
901988,Digital Deal-Seekers
901989,Affluent Quiet Loyalists
901990,Budget-Conscious Browsers
901991,Affluent Quiet Loyalists
901992,Affluent Quiet Loyalists
901993,Budget-Conscious Browsers
901994,Budget-Conscious Browsers
901995,Digital Deal-Seekers
901996,Budget-Conscious Browsers
901997,Digital Deal-Seekers
901998,Budget-Conscious Browsers
901999,Budget-Conscious Browsers
902000,Affluent Quiet Loyalists
902001,Digital Deal-Seekers
902002,Digital Deal-Seekers
902003,Budget-Conscious Browsers
902004,Premium Campaign Responders
902005,Budget-Conscious Browsers
902006,Budget-Conscious Browsers
902007,Digital Deal-Seekers
902008,Premium Campaign Responders
902009,Affluent Quiet Loyalists
902010,Budget-Conscious Browsers
902011,Affluent Quiet Loyalists
902012,Affluent Quiet Loyalists
902013,Affluent Quiet Loyalists
902014,Budget-Conscious Browsers
902015,Digital Deal-Seekers
902016,Affluent Quiet Loyalists
902017,Digital Deal-Seekers
902018,Digital Deal-Seekers
902019,Budget-Conscious Browsers
902020,Affluent Quiet Loyalists
902021,Budget-Conscious Browsers
902022,Premium Campaign Responders
902023,Budget-Conscious Browsers
902024,Affluent Quiet Loyalists
902025,Budget-Conscious Browsers
902026,Premium Campaign Responders
902027,Budget-Conscious Browsers
902028,Premium Campaign Responders
902029,Digital Deal-Seekers
902030,Premium Campaign Responders
902031,Digital Deal-Seekers
902032,Digital Deal-Seekers
902033,Premium Campaign Responders
902034,Budget-Conscious Browsers
902035,Affluent Quiet Loyalists
902036,Digital Deal-Seekers
902037,Budget-Conscious Browsers
902038,Digital Deal-Seekers
902039,Digital Deal-Seekers
902040,Digital Deal-Seekers
902041,Budget-Conscious Browsers
902042,Affluent Quiet Loyalists
902043,Digital Deal-Seekers
902044,Premium Campaign Responders
902045,Budget-Conscious Browsers
902046,Budget-Conscious Browsers
902047,Affluent Quiet Loyalists
902048,Digital Deal-Seekers
902049,Budget-Conscious Browsers
902050,Premium Campaign Responders
902051,Premium Campaign Responders
902052,Budget-Conscious Browsers
902053,Budget-Conscious Browsers
902054,Digital Deal-Seekers
902055,Premium Campaign Responders
902056,Budget-Conscious Browsers
902057,Premium Campaign Responders
902058,Budget-Conscious Browsers
902059,Budget-Conscious Browsers
902060,Premium Campaign Responders
902061,Budget-Conscious Browsers
902062,Digital Deal-Seekers
902063,Affluent Quiet Loyalists
902064,Budget-Conscious Browsers
902065,Budget-Conscious Browsers
902066,Budget-Conscious Browsers
902067,Affluent Quiet Loyalists
902068,Budget-Conscious Browsers
902069,Budget-Conscious Browsers
902070,Budget-Conscious Browsers
902071,Digital Deal-Seekers
902072,Budget-Conscious Browsers
902073,Digital Deal-Seekers
902074,Budget-Conscious Browsers
902075,Budget-Conscious Browsers
902076,Budget-Conscious Browsers
902077,Premium Campaign Responders
902078,Affluent Quiet Loyalists
902079,Digital Deal-Seekers
902080,Premium Campaign Responders
902081,Budget-Conscious Browsers
902082,Digital Deal-Seekers
902083,Affluent Quiet Loyalists
902084,Digital Deal-Seekers
902085,Budget-Conscious Browsers
902086,Affluent Quiet Loyalists
902087,Affluent Quiet Loyalists
902088,Budget-Conscious Browsers
902089,Digital Deal-Seekers
902090,Budget-Conscious Browsers
902091,Digital Deal-Seekers
902092,Premium Campaign Responders
902093,Budget-Conscious Browsers
902094,Affluent Quiet Loyalists
902095,Premium Campaign Responders
902096,Digital Deal-Seekers
902097,Affluent Quiet Loyalists
902098,Budget-Conscious Browsers
902099,Budget-Conscious Browsers
902100,Budget-Conscious Browsers
902101,Premium Campaign Responders
902102,Premium Campaign Responders
902103,Budget-Conscious Browsers
902104,Budget-Conscious Browsers
902105,Affluent Quiet Loyalists
902106,Affluent Quiet Loyalists
902107,Premium Campaign Responders
902108,Budget-Conscious Browsers
902109,Affluent Quiet Loyalists
902110,Digital Deal-Seekers
902111,Affluent Quiet Loyalists
902112,Digital Deal-Seekers
902113,Budget-Conscious Browsers
902114,Affluent Quiet Loyalists
902115,Premium Campaign Responders
902116,Budget-Conscious Browsers
902117,Budget-Conscious Browsers
902118,Budget-Conscious Browsers
902119,Budget-Conscious Browsers
902120,Affluent Quiet Loyalists
902121,Budget-Conscious Browsers
902122,Budget-Conscious Browsers
902123,Digital Deal-Seekers
902124,Digital Deal-Seekers
902125,Budget-Conscious Browsers
902126,Budget-Conscious Browsers
902127,Budget-Conscious Browsers
902128,Affluent Quiet Loyalists
902129,Budget-Conscious Browsers
902130,Digital Deal-Seekers
902131,Budget-Conscious Browsers
902132,Budget-Conscious Browsers
902133,Digital Deal-Seekers
902134,Affluent Quiet Loyalists
902135,Budget-Conscious Browsers
902136,Affluent Quiet Loyalists
902137,Budget-Conscious Browsers
902138,Budget-Conscious Browsers
902139,Digital Deal-Seekers
902140,Budget-Conscious Browsers
902141,Budget-Conscious Browsers
902142,Digital Deal-Seekers
902143,Budget-Conscious Browsers
902144,Premium Campaign Responders
902145,Digital Deal-Seekers
902146,Premium Campaign Responders
902147,Budget-Conscious Browsers
902148,Affluent Quiet Loyalists
902149,Digital Deal-Seekers
902150,Digital Deal-Seekers
902151,Affluent Quiet Loyalists
902152,Affluent Quiet Loyalists
902153,Budget-Conscious Browsers
902154,Budget-Conscious Browsers
902155,Digital Deal-Seekers
902156,Affluent Quiet Loyalists
902157,Digital Deal-Seekers
902158,Budget-Conscious Browsers
902159,Affluent Quiet Loyalists
902160,Digital Deal-Seekers
902161,Digital Deal-Seekers
902162,Budget-Conscious Browsers
902163,Premium Campaign Responders
902164,Budget-Conscious Browsers
902165,Affluent Quiet Loyalists
902166,Budget-Conscious Browsers
902167,Budget-Conscious Browsers
902168,Premium Campaign Responders
902169,Budget-Conscious Browsers
902170,Budget-Conscious Browsers
902171,Premium Campaign Responders
902172,Budget-Conscious Browsers
902173,Digital Deal-Seekers
902174,Budget-Conscious Browsers
902175,Affluent Quiet Loyalists
902176,Affluent Quiet Loyalists
902177,Digital Deal-Seekers
902178,Affluent Quiet Loyalists
902179,Digital Deal-Seekers
902180,Digital Deal-Seekers
902181,Premium Campaign Responders
902182,Digital Deal-Seekers
902183,Digital Deal-Seekers
902184,Affluent Quiet Loyalists
902185,Affluent Quiet Loyalists
902186,Budget-Conscious Browsers
902187,Budget-Conscious Browsers
902188,Budget-Conscious Browsers
902189,Budget-Conscious Browsers
902190,Budget-Conscious Browsers
902191,Budget-Conscious Browsers
902192,Budget-Conscious Browsers
902193,Budget-Conscious Browsers
902194,Premium Campaign Responders
902195,Budget-Conscious Browsers
902196,Premium Campaign Responders
902197,Affluent Quiet Loyalists
902198,Budget-Conscious Browsers
902199,Premium Campaign Responders
902200,Digital Deal-Seekers
902201,Digital Deal-Seekers
902202,Budget-Conscious Browsers
902203,Budget-Conscious Browsers
902204,Budget-Conscious Browsers
902205,Affluent Quiet Loyalists
902206,Digital Deal-Seekers
902207,Budget-Conscious Browsers
902208,Digital Deal-Seekers
902209,Budget-Conscious Browsers
902210,Digital Deal-Seekers
902211,Premium Campaign Responders
902212,Digital Deal-Seekers
902213,Digital Deal-Seekers
902214,Premium Campaign Responders
902215,Affluent Quiet Loyalists
902216,Affluent Quiet Loyalists
902217,Budget-Conscious Browsers
902218,Digital Deal-Seekers
902219,Affluent Quiet Loyalists
902220,Digital Deal-Seekers
902221,Budget-Conscious Browsers
902222,Affluent Quiet Loyalists
902223,Affluent Quiet Loyalists
902224,Budget-Conscious Browsers
902225,Budget-Conscious Browsers
902226,Premium Campaign Responders
902227,Budget-Conscious Browsers
902228,Premium Campaign Responders
902229,Digital Deal-Seekers
902230,Premium Campaign Responders
902231,Premium Campaign Responders
902232,Budget-Conscious Browsers
902233,Affluent Quiet Loyalists
902234,Digital Deal-Seekers
902235,Premium Campaign Responders
902236,Affluent Quiet Loyalists
902237,Digital Deal-Seekers
902238,Budget-Conscious Browsers
902239,Budget-Conscious Browsers
902240,Budget-Conscious Browsers
902241,Digital Deal-Seekers
902242,Premium Campaign Responders
902243,Digital Deal-Seekers
902244,Affluent Quiet Loyalists
902245,Budget-Conscious Browsers
902246,Digital Deal-Seekers
902247,Affluent Quiet Loyalists
902248,Budget-Conscious Browsers
902249,Digital Deal-Seekers
902250,Digital Deal-Seekers
902251,Budget-Conscious Browsers
902252,Budget-Conscious Browsers
902253,Budget-Conscious Browsers
902254,Budget-Conscious Browsers
902255,Digital Deal-Seekers
902256,Budget-Conscious Browsers
902257,Affluent Quiet Loyalists
902258,Digital Deal-Seekers
902259,Budget-Conscious Browsers
902260,Affluent Quiet Loyalists
902261,Affluent Quiet Loyalists
902262,Digital Deal-Seekers
902263,Digital Deal-Seekers
902264,Budget-Conscious Browsers
902265,Affluent Quiet Loyalists
902266,Budget-Conscious Browsers
902267,Premium Campaign Responders
902268,Budget-Conscious Browsers
902269,Budget-Conscious Browsers
902270,Affluent Quiet Loyalists
902271,Premium Campaign Responders
902272,Premium Campaign Responders
902273,Budget-Conscious Browsers
902274,Affluent Quiet Loyalists
902275,Budget-Conscious Browsers
902276,Digital Deal-Seekers
902277,Budget-Conscious Browsers
902278,Premium Campaign Responders
902279,Affluent Quiet Loyalists
902280,Digital Deal-Seekers
902281,Digital Deal-Seekers
902282,Affluent Quiet Loyalists
902283,Affluent Quiet Loyalists
902284,Digital Deal-Seekers
902285,Affluent Quiet Loyalists
902286,Budget-Conscious Browsers
902287,Digital Deal-Seekers
902288,Budget-Conscious Browsers
902289,Affluent Quiet Loyalists
902290,Affluent Quiet Loyalists
902291,Affluent Quiet Loyalists
902292,Premium Campaign Responders
902293,Premium Campaign Responders
902294,Affluent Quiet Loyalists
902295,Digital Deal-Seekers
902296,Budget-Conscious Browsers
902297,Premium Campaign Responders
902298,Budget-Conscious Browsers
902299,Affluent Quiet Loyalists
902300,Premium Campaign Responders
902301,Budget-Conscious Browsers
902302,Digital Deal-Seekers
902303,Affluent Quiet Loyalists
902304,Budget-Conscious Browsers
902305,Premium Campaign Responders
902306,Budget-Conscious Browsers
902307,Budget-Conscious Browsers
902308,Affluent Quiet Loyalists
902309,Budget-Conscious Browsers
902310,Premium Campaign Responders
902311,Affluent Quiet Loyalists
902312,Budget-Conscious Browsers
902313,Digital Deal-Seekers
902314,Budget-Conscious Browsers
902315,Premium Campaign Responders
902316,Premium Campaign Responders
902317,Budget-Conscious Browsers
902318,Budget-Conscious Browsers
902319,Budget-Conscious Browsers
902320,Affluent Quiet Loyalists
902321,Budget-Conscious Browsers
902322,Affluent Quiet Loyalists
902323,Affluent Quiet Loyalists
902324,Budget-Conscious Browsers
902325,Affluent Quiet Loyalists
902326,Affluent Quiet Loyalists
902327,Digital Deal-Seekers
902328,Affluent Quiet Loyalists
902329,Affluent Quiet Loyalists
902330,Budget-Conscious Browsers
902331,Digital Deal-Seekers
902332,Affluent Quiet Loyalists
902333,Affluent Quiet Loyalists
902334,Budget-Conscious Browsers
902335,Affluent Quiet Loyalists
902336,Budget-Conscious Browsers
902337,Budget-Conscious Browsers
902338,Budget-Conscious Browsers
902339,Affluent Quiet Loyalists
902340,Digital Deal-Seekers
902341,Affluent Quiet Loyalists
902342,Affluent Quiet Loyalists
902343,Affluent Quiet Loyalists
902344,Digital Deal-Seekers
902345,Budget-Conscious Browsers
902346,Premium Campaign Responders
902347,Digital Deal-Seekers
902348,Affluent Quiet Loyalists
902349,Budget-Conscious Browsers
902350,Budget-Conscious Browsers
902351,Affluent Quiet Loyalists
902352,Budget-Conscious Browsers
902353,Budget-Conscious Browsers
902354,Affluent Quiet Loyalists
902355,Digital Deal-Seekers
902356,Premium Campaign Responders
902357,Affluent Quiet Loyalists
902358,Premium Campaign Responders
902359,Premium Campaign Responders
902360,Affluent Quiet Loyalists
902361,Premium Campaign Responders
902362,Affluent Quiet Loyalists
902363,Digital Deal-Seekers
902364,Affluent Quiet Loyalists
902365,Budget-Conscious Browsers
902366,Digital Deal-Seekers
902367,Budget-Conscious Browsers
902368,Budget-Conscious Browsers
902369,Digital Deal-Seekers
902370,Affluent Quiet Loyalists
902371,Budget-Conscious Browsers
902372,Budget-Conscious Browsers
902373,Affluent Quiet Loyalists
902374,Premium Campaign Responders
902375,Budget-Conscious Browsers
902376,Premium Campaign Responders
902377,Budget-Conscious Browsers
902378,Affluent Quiet Loyalists
902379,Budget-Conscious Browsers
902380,Budget-Conscious Browsers
902381,Premium Campaign Responders
902382,Premium Campaign Responders
902383,Budget-Conscious Browsers
902384,Affluent Quiet Loyalists
902385,Digital Deal-Seekers
902386,Digital Deal-Seekers
902387,Budget-Conscious Browsers
902388,Affluent Quiet Loyalists
902389,Budget-Conscious Browsers
902390,Affluent Quiet Loyalists
902391,Affluent Quiet Loyalists
902392,Digital Deal-Seekers
902393,Affluent Quiet Loyalists
902394,Affluent Quiet Loyalists
902395,Premium Campaign Responders
902396,Affluent Quiet Loyalists
902397,Digital Deal-Seekers
902398,Budget-Conscious Browsers
902399,Affluent Quiet Loyalists
902400,Premium Campaign Responders
902401,Budget-Conscious Browsers
902402,Affluent Quiet Loyalists
902403,Digital Deal-Seekers
902404,Premium Campaign Responders
902405,Affluent Quiet Loyalists
902406,Affluent Quiet Loyalists
902407,Affluent Quiet Loyalists
902408,Budget-Conscious Browsers
902409,Affluent Quiet Loyalists
902410,Affluent Quiet Loyalists
902411,Affluent Quiet Loyalists
902412,Budget-Conscious Browsers
902413,Budget-Conscious Browsers
902414,Digital Deal-Seekers
902415,Premium Campaign Responders
902416,Digital Deal-Seekers
902417,Affluent Quiet Loyalists
902418,Budget-Conscious Browsers
902419,Budget-Conscious Browsers
902420,Digital Deal-Seekers
902421,Budget-Conscious Browsers
902422,Digital Deal-Seekers
902423,Affluent Quiet Loyalists
902424,Digital Deal-Seekers
902425,Digital Deal-Seekers
902426,Affluent Quiet Loyalists
902427,Digital Deal-Seekers
902428,Affluent Quiet Loyalists
902429,Affluent Quiet Loyalists
902430,Budget-Conscious Browsers
902431,Budget-Conscious Browsers
902432,Digital Deal-Seekers
902433,Premium Campaign Responders
902434,Digital Deal-Seekers
902435,Budget-Conscious Browsers
902436,Budget-Conscious Browsers
902437,Affluent Quiet Loyalists
902438,Digital Deal-Seekers
902439,Digital Deal-Seekers
902440,Affluent Quiet Loyalists
902441,Affluent Quiet Loyalists
902442,Budget-Conscious Browsers
902443,Digital Deal-Seekers
902444,Budget-Conscious Browsers
902445,Digital Deal-Seekers
902446,Budget-Conscious Browsers
902447,Budget-Conscious Browsers
902448,Affluent Quiet Loyalists
902449,Budget-Conscious Browsers
902450,Affluent Quiet Loyalists
902451,Budget-Conscious Browsers
902452,Premium Campaign Responders
902453,Affluent Quiet Loyalists
902454,Affluent Quiet Loyalists
902455,Affluent Quiet Loyalists
902456,Digital Deal-Seekers
902457,Budget-Conscious Browsers
902458,Budget-Conscious Browsers
902459,Premium Campaign Responders
902460,Affluent Quiet Loyalists
902461,Premium Campaign Responders
902462,Premium Campaign Responders
902463,Budget-Conscious Browsers
902464,Digital Deal-Seekers
902465,Affluent Quiet Loyalists
902466,Premium Campaign Responders
902467,Budget-Conscious Browsers
902468,Digital Deal-Seekers
902469,Premium Campaign Responders
902470,Premium Campaign Responders
902471,Affluent Quiet Loyalists
902472,Digital Deal-Seekers
902473,Budget-Conscious Browsers
902474,Digital Deal-Seekers
902475,Premium Campaign Responders
902476,Budget-Conscious Browsers
902477,Budget-Conscious Browsers
902478,Digital Deal-Seekers
902479,Digital Deal-Seekers
902480,Budget-Conscious Browsers
902481,Budget-Conscious Browsers
902482,Budget-Conscious Browsers
902483,Budget-Conscious Browsers
902484,Affluent Quiet Loyalists
902485,Digital Deal-Seekers
902486,Digital Deal-Seekers
902487,Digital Deal-Seekers
902488,Budget-Conscious Browsers
902489,Affluent Quiet Loyalists
902490,Budget-Conscious Browsers
902491,Affluent Quiet Loyalists
902492,Affluent Quiet Loyalists
902493,Affluent Quiet Loyalists
902494,Budget-Conscious Browsers
902495,Premium Campaign Responders
902496,Budget-Conscious Browsers
902497,Digital Deal-Seekers
902498,Affluent Quiet Loyalists
902499,Digital Deal-Seekers
902500,Budget-Conscious Browsers
902501,Affluent Quiet Loyalists
902502,Budget-Conscious Browsers
902503,Budget-Conscious Browsers
902504,Budget-Conscious Browsers
902505,Budget-Conscious Browsers
902506,Digital Deal-Seekers
902507,Budget-Conscious Browsers
902508,Premium Campaign Responders
902509,Affluent Quiet Loyalists
902510,Budget-Conscious Browsers
902511,Affluent Quiet Loyalists
902512,Budget-Conscious Browsers
902513,Affluent Quiet Loyalists
902514,Budget-Conscious Browsers
902515,Budget-Conscious Browsers
902516,Premium Campaign Responders
902517,Affluent Quiet Loyalists
902518,Affluent Quiet Loyalists
902519,Budget-Conscious Browsers
902520,Premium Campaign Responders
902521,Premium Campaign Responders
902522,Digital Deal-Seekers
902523,Budget-Conscious Browsers
902524,Premium Campaign Responders
902525,Digital Deal-Seekers
902526,Digital Deal-Seekers
902527,Budget-Conscious Browsers
902528,Budget-Conscious Browsers
902529,Premium Campaign Responders
902530,Premium Campaign Responders
902531,Premium Campaign Responders
902532,Budget-Conscious Browsers
902533,Budget-Conscious Browsers
902534,Digital Deal-Seekers
902535,Budget-Conscious Browsers
902536,Premium Campaign Responders
902537,Affluent Quiet Loyalists
902538,Affluent Quiet Loyalists
902539,Premium Campaign Responders
902540,Digital Deal-Seekers
902541,Digital Deal-Seekers
902542,Digital Deal-Seekers
902543,Budget-Conscious Browsers
902544,Budget-Conscious Browsers
902545,Affluent Quiet Loyalists
902546,Digital Deal-Seekers
902547,Budget-Conscious Browsers
902548,Budget-Conscious Browsers
902549,Budget-Conscious Browsers
902550,Affluent Quiet Loyalists
902551,Budget-Conscious Browsers
902552,Budget-Conscious Browsers
902553,Affluent Quiet Loyalists
902554,Budget-Conscious Browsers
902555,Digital Deal-Seekers
902556,Budget-Conscious Browsers
902557,Premium Campaign Responders
902558,Budget-Conscious Browsers
902559,Digital Deal-Seekers
902560,Affluent Quiet Loyalists
902561,Premium Campaign Responders
902562,Budget-Conscious Browsers
902563,Affluent Quiet Loyalists
902564,Premium Campaign Responders
902565,Premium Campaign Responders
902566,Budget-Conscious Browsers
902567,Budget-Conscious Browsers
902568,Budget-Conscious Browsers
902569,Budget-Conscious Browsers
902570,Affluent Quiet Loyalists
902571,Digital Deal-Seekers
902572,Digital Deal-Seekers
902573,Digital Deal-Seekers
902574,Budget-Conscious Browsers
902575,Budget-Conscious Browsers
902576,Affluent Quiet Loyalists
902577,Digital Deal-Seekers
902578,Digital Deal-Seekers
902579,Affluent Quiet Loyalists
902580,Budget-Conscious Browsers
902581,Premium Campaign Responders
902582,Premium Campaign Responders
902583,Digital Deal-Seekers
902584,Premium Campaign Responders
902585,Digital Deal-Seekers
902586,Budget-Conscious Browsers
902587,Affluent Quiet Loyalists
902588,Budget-Conscious Browsers
902589,Premium Campaign Responders
902590,Affluent Quiet Loyalists
902591,Affluent Quiet Loyalists
902592,Budget-Conscious Browsers
902593,Premium Campaign Responders
902594,Affluent Quiet Loyalists
902595,Budget-Conscious Browsers
902596,Digital Deal-Seekers
902597,Affluent Quiet Loyalists
902598,Affluent Quiet Loyalists
902599,Digital Deal-Seekers
902600,Affluent Quiet Loyalists
902601,Budget-Conscious Browsers
902602,Premium Campaign Responders
902603,Premium Campaign Responders
902604,Affluent Quiet Loyalists
902605,Budget-Conscious Browsers
902606,Budget-Conscious Browsers
902607,Budget-Conscious Browsers
902608,Affluent Quiet Loyalists
902609,Premium Campaign Responders
902610,Digital Deal-Seekers
902611,Budget-Conscious Browsers
902612,Affluent Quiet Loyalists
902613,Digital Deal-Seekers
902614,Digital Deal-Seekers
902615,Budget-Conscious Browsers
902616,Digital Deal-Seekers
902617,Budget-Conscious Browsers
902618,Budget-Conscious Browsers
902619,Premium Campaign Responders
902620,Digital Deal-Seekers
902621,Affluent Quiet Loyalists
902622,Budget-Conscious Browsers
902623,Premium Campaign Responders
902624,Budget-Conscious Browsers
902625,Premium Campaign Responders
902626,Digital Deal-Seekers
902627,Budget-Conscious Browsers
902628,Budget-Conscious Browsers
902629,Digital Deal-Seekers
902630,Budget-Conscious Browsers
902631,Budget-Conscious Browsers
902632,Budget-Conscious Browsers
902633,Digital Deal-Seekers
902634,Premium Campaign Responders
902635,Affluent Quiet Loyalists
902636,Budget-Conscious Browsers
902637,Budget-Conscious Browsers
902638,Affluent Quiet Loyalists
902639,Affluent Quiet Loyalists
902640,Budget-Conscious Browsers
902641,Digital Deal-Seekers
902642,Premium Campaign Responders
902643,Affluent Quiet Loyalists
902644,Affluent Quiet Loyalists
902645,Affluent Quiet Loyalists
902646,Affluent Quiet Loyalists
902647,Premium Campaign Responders
902648,Budget-Conscious Browsers
902649,Affluent Quiet Loyalists
902650,Budget-Conscious Browsers
902651,Budget-Conscious Browsers
902652,Affluent Quiet Loyalists
902653,Premium Campaign Responders
902654,Budget-Conscious Browsers
902655,Affluent Quiet Loyalists
902656,Digital Deal-Seekers
902657,Affluent Quiet Loyalists
902658,Affluent Quiet Loyalists
902659,Digital Deal-Seekers
902660,Digital Deal-Seekers
902661,Affluent Quiet Loyalists
902662,Digital Deal-Seekers
902663,Affluent Quiet Loyalists
902664,Digital Deal-Seekers
902665,Digital Deal-Seekers
902666,Premium Campaign Responders
902667,Premium Campaign Responders
902668,Premium Campaign Responders
902669,Affluent Quiet Loyalists
902670,Affluent Quiet Loyalists
902671,Budget-Conscious Browsers
902672,Affluent Quiet Loyalists
902673,Digital Deal-Seekers
902674,Budget-Conscious Browsers
902675,Digital Deal-Seekers
902676,Digital Deal-Seekers
902677,Budget-Conscious Browsers
902678,Budget-Conscious Browsers
902679,Digital Deal-Seekers
902680,Affluent Quiet Loyalists
902681,Budget-Conscious Browsers
902682,Digital Deal-Seekers
902683,Premium Campaign Responders
902684,Affluent Quiet Loyalists
902685,Affluent Quiet Loyalists
902686,Premium Campaign Responders
902687,Budget-Conscious Browsers
902688,Digital Deal-Seekers
902689,Digital Deal-Seekers
902690,Digital Deal-Seekers
902691,Digital Deal-Seekers
902692,Budget-Conscious Browsers
902693,Digital Deal-Seekers
902694,Budget-Conscious Browsers
902695,Affluent Quiet Loyalists
902696,Budget-Conscious Browsers
902697,Affluent Quiet Loyalists
902698,Affluent Quiet Loyalists
902699,Affluent Quiet Loyalists
902700,Digital Deal-Seekers
902701,Budget-Conscious Browsers
902702,Affluent Quiet Loyalists
902703,Budget-Conscious Browsers
902704,Budget-Conscious Browsers
902705,Budget-Conscious Browsers
902706,Digital Deal-Seekers
902707,Affluent Quiet Loyalists
902708,Budget-Conscious Browsers
902709,Digital Deal-Seekers
902710,Digital Deal-Seekers
902711,Affluent Quiet Loyalists
902712,Premium Campaign Responders
902713,Budget-Conscious Browsers
902714,Budget-Conscious Browsers
902715,Budget-Conscious Browsers
902716,Premium Campaign Responders
902717,Budget-Conscious Browsers
902718,Budget-Conscious Browsers
902719,Affluent Quiet Loyalists
902720,Affluent Quiet Loyalists
902721,Budget-Conscious Browsers
902722,Affluent Quiet Loyalists
902723,Budget-Conscious Browsers
902724,Budget-Conscious Browsers
902725,Digital Deal-Seekers
902726,Budget-Conscious Browsers
902727,Digital Deal-Seekers
902728,Budget-Conscious Browsers
902729,Digital Deal-Seekers
902730,Affluent Quiet Loyalists
902731,Digital Deal-Seekers
902732,Budget-Conscious Browsers
902733,Affluent Quiet Loyalists
902734,Affluent Quiet Loyalists
902735,Digital Deal-Seekers
902736,Affluent Quiet Loyalists
902737,Budget-Conscious Browsers
902738,Digital Deal-Seekers
902739,Digital Deal-Seekers
902740,Premium Campaign Responders
902741,Premium Campaign Responders
902742,Affluent Quiet Loyalists
902743,Budget-Conscious Browsers
902744,Affluent Quiet Loyalists
902745,Digital Deal-Seekers
902746,Digital Deal-Seekers
902747,Affluent Quiet Loyalists
902748,Affluent Quiet Loyalists
902749,Budget-Conscious Browsers
902750,Affluent Quiet Loyalists
902751,Affluent Quiet Loyalists
902752,Premium Campaign Responders
902753,Premium Campaign Responders
902754,Premium Campaign Responders
902755,Digital Deal-Seekers
902756,Budget-Conscious Browsers
902757,Affluent Quiet Loyalists
902758,Budget-Conscious Browsers
902759,Budget-Conscious Browsers
902760,Affluent Quiet Loyalists
902761,Budget-Conscious Browsers
902762,Digital Deal-Seekers
902763,Digital Deal-Seekers
902764,Premium Campaign Responders
902765,Affluent Quiet Loyalists
902766,Digital Deal-Seekers
902767,Affluent Quiet Loyalists
902768,Premium Campaign Responders
902769,Affluent Quiet Loyalists
902770,Digital Deal-Seekers
902771,Digital Deal-Seekers
902772,Premium Campaign Responders
902773,Affluent Quiet Loyalists
902774,Affluent Quiet Loyalists
902775,Digital Deal-Seekers
902776,Budget-Conscious Browsers
902777,Digital Deal-Seekers
902778,Budget-Conscious Browsers
902779,Affluent Quiet Loyalists
902780,Affluent Quiet Loyalists
902781,Digital Deal-Seekers
902782,Premium Campaign Responders
902783,Digital Deal-Seekers
902784,Affluent Quiet Loyalists
902785,Budget-Conscious Browsers
902786,Budget-Conscious Browsers
902787,Budget-Conscious Browsers
902788,Budget-Conscious Browsers
902789,Budget-Conscious Browsers
902790,Budget-Conscious Browsers
902791,Budget-Conscious Browsers
902792,Affluent Quiet Loyalists
902793,Premium Campaign Responders
902794,Premium Campaign Responders
902795,Budget-Conscious Browsers
902796,Premium Campaign Responders
902797,Premium Campaign Responders
902798,Digital Deal-Seekers
902799,Digital Deal-Seekers
902800,Budget-Conscious Browsers
902801,Budget-Conscious Browsers
902802,Premium Campaign Responders
902803,Budget-Conscious Browsers
902804,Budget-Conscious Browsers
902805,Digital Deal-Seekers
902806,Affluent Quiet Loyalists
902807,Budget-Conscious Browsers
902808,Affluent Quiet Loyalists
902809,Affluent Quiet Loyalists
902810,Budget-Conscious Browsers
902811,Affluent Quiet Loyalists
902812,Digital Deal-Seekers
902813,Affluent Quiet Loyalists
902814,Budget-Conscious Browsers
902815,Premium Campaign Responders
902816,Budget-Conscious Browsers
902817,Budget-Conscious Browsers
902818,Premium Campaign Responders
902819,Budget-Conscious Browsers
902820,Affluent Quiet Loyalists
902821,Affluent Quiet Loyalists
902822,Affluent Quiet Loyalists
902823,Digital Deal-Seekers
902824,Digital Deal-Seekers
902825,Affluent Quiet Loyalists
902826,Budget-Conscious Browsers
902827,Premium Campaign Responders
902828,Digital Deal-Seekers
902829,Digital Deal-Seekers
902830,Digital Deal-Seekers
902831,Premium Campaign Responders
902832,Affluent Quiet Loyalists
902833,Budget-Conscious Browsers
902834,Budget-Conscious Browsers
902835,Budget-Conscious Browsers
902836,Affluent Quiet Loyalists
902837,Digital Deal-Seekers
902838,Digital Deal-Seekers
902839,Digital Deal-Seekers
902840,Digital Deal-Seekers
902841,Premium Campaign Responders
902842,Premium Campaign Responders
902843,Budget-Conscious Browsers
902844,Budget-Conscious Browsers
902845,Budget-Conscious Browsers
902846,Budget-Conscious Browsers
902847,Affluent Quiet Loyalists
902848,Digital Deal-Seekers
902849,Digital Deal-Seekers
902850,Digital Deal-Seekers
902851,Premium Campaign Responders
902852,Digital Deal-Seekers
902853,Budget-Conscious Browsers
902854,Affluent Quiet Loyalists
902855,Affluent Quiet Loyalists
902856,Digital Deal-Seekers
902857,Affluent Quiet Loyalists
902858,Budget-Conscious Browsers
902859,Digital Deal-Seekers
902860,Budget-Conscious Browsers
902861,Digital Deal-Seekers
902862,Premium Campaign Responders
902863,Digital Deal-Seekers
902864,Digital Deal-Seekers
902865,Affluent Quiet Loyalists
902866,Premium Campaign Responders
902867,Digital Deal-Seekers
902868,Budget-Conscious Browsers
902869,Premium Campaign Responders
902870,Digital Deal-Seekers
902871,Budget-Conscious Browsers
902872,Budget-Conscious Browsers
902873,Digital Deal-Seekers
902874,Premium Campaign Responders
902875,Budget-Conscious Browsers
902876,Digital Deal-Seekers
902877,Premium Campaign Responders
902878,Digital Deal-Seekers
902879,Digital Deal-Seekers
902880,Budget-Conscious Browsers
902881,Budget-Conscious Browsers
902882,Digital Deal-Seekers
902883,Budget-Conscious Browsers
902884,Digital Deal-Seekers
902885,Digital Deal-Seekers
902886,Budget-Conscious Browsers
902887,Budget-Conscious Browsers
902888,Budget-Conscious Browsers
902889,Affluent Quiet Loyalists
902890,Premium Campaign Responders
902891,Budget-Conscious Browsers
902892,Digital Deal-Seekers
902893,Affluent Quiet Loyalists
902894,Budget-Conscious Browsers
902895,Affluent Quiet Loyalists
902896,Digital Deal-Seekers
902897,Digital Deal-Seekers
902898,Budget-Conscious Browsers
902899,Affluent Quiet Loyalists
902900,Affluent Quiet Loyalists
902901,Affluent Quiet Loyalists
902902,Affluent Quiet Loyalists
902903,Premium Campaign Responders
902904,Affluent Quiet Loyalists
902905,Budget-Conscious Browsers
902906,Affluent Quiet Loyalists
902907,Affluent Quiet Loyalists
902908,Premium Campaign Responders
902909,Budget-Conscious Browsers
902910,Digital Deal-Seekers
902911,Affluent Quiet Loyalists
902912,Budget-Conscious Browsers
902913,Affluent Quiet Loyalists
902914,Affluent Quiet Loyalists
902915,Affluent Quiet Loyalists
902916,Budget-Conscious Browsers
902917,Budget-Conscious Browsers
902918,Affluent Quiet Loyalists
902919,Digital Deal-Seekers
902920,Budget-Conscious Browsers
902921,Budget-Conscious Browsers
902922,Affluent Quiet Loyalists
902923,Budget-Conscious Browsers
902924,Premium Campaign Responders
902925,Premium Campaign Responders
902926,Budget-Conscious Browsers
902927,Premium Campaign Responders
902928,Budget-Conscious Browsers
902929,Budget-Conscious Browsers
902930,Affluent Quiet Loyalists
902931,Budget-Conscious Browsers
902932,Budget-Conscious Browsers
902933,Digital Deal-Seekers
902934,Premium Campaign Responders
902935,Budget-Conscious Browsers
902936,Digital Deal-Seekers
902937,Budget-Conscious Browsers
902938,Budget-Conscious Browsers
902939,Digital Deal-Seekers
902940,Affluent Quiet Loyalists
902941,Premium Campaign Responders
902942,Digital Deal-Seekers
902943,Budget-Conscious Browsers
902944,Digital Deal-Seekers
902945,Budget-Conscious Browsers
902946,Affluent Quiet Loyalists
902947,Budget-Conscious Browsers
902948,Budget-Conscious Browsers
902949,Digital Deal-Seekers
902950,Premium Campaign Responders
902951,Premium Campaign Responders
902952,Affluent Quiet Loyalists
902953,Affluent Quiet Loyalists
902954,Budget-Conscious Browsers
902955,Budget-Conscious Browsers
902956,Premium Campaign Responders
902957,Premium Campaign Responders
902958,Digital Deal-Seekers
902959,Digital Deal-Seekers
902960,Affluent Quiet Loyalists
902961,Affluent Quiet Loyalists
902962,Budget-Conscious Browsers
902963,Affluent Quiet Loyalists
902964,Budget-Conscious Browsers
902965,Digital Deal-Seekers
902966,Affluent Quiet Loyalists
902967,Affluent Quiet Loyalists
902968,Budget-Conscious Browsers
902969,Digital Deal-Seekers
902970,Digital Deal-Seekers
902971,Premium Campaign Responders
902972,Digital Deal-Seekers
902973,Digital Deal-Seekers
902974,Budget-Conscious Browsers
902975,Affluent Quiet Loyalists
902976,Premium Campaign Responders
902977,Premium Campaign Responders
902978,Digital Deal-Seekers
902979,Premium Campaign Responders
902980,Budget-Conscious Browsers
902981,Affluent Quiet Loyalists
902982,Budget-Conscious Browsers
902983,Budget-Conscious Browsers
902984,Affluent Quiet Loyalists
902985,Budget-Conscious Browsers
902986,Digital Deal-Seekers
902987,Digital Deal-Seekers
902988,Digital Deal-Seekers
902989,Digital Deal-Seekers
902990,Affluent Quiet Loyalists
902991,Affluent Quiet Loyalists
902992,Premium Campaign Responders
902993,Budget-Conscious Browsers
902994,Digital Deal-Seekers
902995,Affluent Quiet Loyalists
902996,Budget-Conscious Browsers
902997,Budget-Conscious Browsers
902998,Digital Deal-Seekers
902999,Premium Campaign Responders
903000,Budget-Conscious Browsers
903001,Digital Deal-Seekers
903002,Budget-Conscious Browsers
903003,Digital Deal-Seekers
903004,Digital Deal-Seekers
903005,Affluent Quiet Loyalists
903006,Affluent Quiet Loyalists
903007,Premium Campaign Responders
903008,Digital Deal-Seekers
903009,Digital Deal-Seekers
903010,Premium Campaign Responders
903011,Premium Campaign Responders
903012,Premium Campaign Responders
903013,Affluent Quiet Loyalists
903014,Budget-Conscious Browsers
903015,Budget-Conscious Browsers
903016,Affluent Quiet Loyalists
903017,Budget-Conscious Browsers
903018,Budget-Conscious Browsers
903019,Budget-Conscious Browsers
903020,Premium Campaign Responders
903021,Budget-Conscious Browsers
903022,Budget-Conscious Browsers
903023,Budget-Conscious Browsers
903024,Budget-Conscious Browsers
903025,Budget-Conscious Browsers
903026,Digital Deal-Seekers
903027,Digital Deal-Seekers
903028,Digital Deal-Seekers
903029,Budget-Conscious Browsers
903030,Affluent Quiet Loyalists
903031,Budget-Conscious Browsers
903032,Affluent Quiet Loyalists
903033,Premium Campaign Responders
903034,Digital Deal-Seekers
903035,Digital Deal-Seekers
903036,Budget-Conscious Browsers
903037,Affluent Quiet Loyalists
903038,Affluent Quiet Loyalists
903039,Digital Deal-Seekers
903040,Digital Deal-Seekers
903041,Digital Deal-Seekers
903042,Budget-Conscious Browsers
903043,Digital Deal-Seekers
903044,Digital Deal-Seekers
903045,Affluent Quiet Loyalists
903046,Budget-Conscious Browsers
903047,Budget-Conscious Browsers
903048,Budget-Conscious Browsers
903049,Premium Campaign Responders
903050,Budget-Conscious Browsers
903051,Digital Deal-Seekers
903052,Budget-Conscious Browsers
903053,Budget-Conscious Browsers
903054,Digital Deal-Seekers
903055,Affluent Quiet Loyalists
903056,Premium Campaign Responders
903057,Digital Deal-Seekers
903058,Digital Deal-Seekers
903059,Budget-Conscious Browsers
903060,Budget-Conscious Browsers
903061,Digital Deal-Seekers
903062,Budget-Conscious Browsers
903063,Budget-Conscious Browsers
903064,Budget-Conscious Browsers
903065,Affluent Quiet Loyalists
903066,Digital Deal-Seekers
903067,Budget-Conscious Browsers
903068,Budget-Conscious Browsers
903069,Premium Campaign Responders
903070,Digital Deal-Seekers
903071,Affluent Quiet Loyalists
903072,Digital Deal-Seekers
903073,Budget-Conscious Browsers
903074,Affluent Quiet Loyalists
903075,Budget-Conscious Browsers
903076,Affluent Quiet Loyalists
903077,Budget-Conscious Browsers
903078,Budget-Conscious Browsers
903079,Premium Campaign Responders
903080,Affluent Quiet Loyalists
903081,Digital Deal-Seekers
903082,Digital Deal-Seekers
903083,Affluent Quiet Loyalists
903084,Digital Deal-Seekers
903085,Budget-Conscious Browsers
903086,Premium Campaign Responders
903087,Premium Campaign Responders
903088,Digital Deal-Seekers
903089,Budget-Conscious Browsers
903090,Affluent Quiet Loyalists
903091,Affluent Quiet Loyalists
903092,Premium Campaign Responders
903093,Budget-Conscious Browsers
903094,Affluent Quiet Loyalists
903095,Affluent Quiet Loyalists
903096,Affluent Quiet Loyalists
903097,Affluent Quiet Loyalists
903098,Budget-Conscious Browsers
903099,Affluent Quiet Loyalists
903100,Digital Deal-Seekers
903101,Budget-Conscious Browsers
903102,Affluent Quiet Loyalists
903103,Digital Deal-Seekers
903104,Digital Deal-Seekers
903105,Digital Deal-Seekers
903106,Premium Campaign Responders
903107,Affluent Quiet Loyalists
903108,Premium Campaign Responders
903109,Digital Deal-Seekers
903110,Affluent Quiet Loyalists
903111,Digital Deal-Seekers
903112,Affluent Quiet Loyalists
903113,Premium Campaign Responders
903114,Digital Deal-Seekers
903115,Affluent Quiet Loyalists
903116,Digital Deal-Seekers
903117,Budget-Conscious Browsers
903118,Budget-Conscious Browsers
903119,Budget-Conscious Browsers
903120,Affluent Quiet Loyalists
903121,Premium Campaign Responders
903122,Affluent Quiet Loyalists
903123,Budget-Conscious Browsers
903124,Budget-Conscious Browsers
903125,Budget-Conscious Browsers
903126,Budget-Conscious Browsers
903127,Premium Campaign Responders
903128,Premium Campaign Responders
903129,Budget-Conscious Browsers
903130,Digital Deal-Seekers
903131,Digital Deal-Seekers
903132,Digital Deal-Seekers
903133,Budget-Conscious Browsers
903134,Affluent Quiet Loyalists
903135,Digital Deal-Seekers
903136,Digital Deal-Seekers
903137,Budget-Conscious Browsers
903138,Affluent Quiet Loyalists
903139,Affluent Quiet Loyalists
903140,Affluent Quiet Loyalists
903141,Budget-Conscious Browsers
903142,Affluent Quiet Loyalists
903143,Affluent Quiet Loyalists
903144,Budget-Conscious Browsers
903145,Digital Deal-Seekers
903146,Budget-Conscious Browsers
903147,Premium Campaign Responders
903148,Digital Deal-Seekers
903149,Affluent Quiet Loyalists
903150,Affluent Quiet Loyalists
903151,Digital Deal-Seekers
903152,Affluent Quiet Loyalists
903153,Premium Campaign Responders
903154,Premium Campaign Responders
903155,Digital Deal-Seekers
903156,Premium Campaign Responders
903157,Premium Campaign Responders
903158,Digital Deal-Seekers
903159,Budget-Conscious Browsers
903160,Premium Campaign Responders
903161,Premium Campaign Responders
903162,Premium Campaign Responders
903163,Premium Campaign Responders
903164,Digital Deal-Seekers
903165,Affluent Quiet Loyalists
903166,Budget-Conscious Browsers
903167,Budget-Conscious Browsers
903168,Premium Campaign Responders
903169,Affluent Quiet Loyalists
903170,Affluent Quiet Loyalists
903171,Budget-Conscious Browsers
903172,Digital Deal-Seekers
903173,Budget-Conscious Browsers
903174,Premium Campaign Responders
903175,Budget-Conscious Browsers
903176,Budget-Conscious Browsers
903177,Digital Deal-Seekers
903178,Digital Deal-Seekers
903179,Premium Campaign Responders
903180,Affluent Quiet Loyalists
903181,Budget-Conscious Browsers
903182,Budget-Conscious Browsers
903183,Budget-Conscious Browsers
903184,Budget-Conscious Browsers
903185,Affluent Quiet Loyalists
903186,Budget-Conscious Browsers
903187,Affluent Quiet Loyalists
903188,Budget-Conscious Browsers
903189,Budget-Conscious Browsers
903190,Affluent Quiet Loyalists
903191,Digital Deal-Seekers
903192,Budget-Conscious Browsers
903193,Affluent Quiet Loyalists
903194,Budget-Conscious Browsers
903195,Affluent Quiet Loyalists
903196,Affluent Quiet Loyalists
903197,Budget-Conscious Browsers
903198,Premium Campaign Responders
903199,Budget-Conscious Browsers
903200,Affluent Quiet Loyalists
903201,Affluent Quiet Loyalists
903202,Affluent Quiet Loyalists
903203,Affluent Quiet Loyalists
903204,Budget-Conscious Browsers
903205,Premium Campaign Responders
903206,Budget-Conscious Browsers
903207,Affluent Quiet Loyalists
903208,Digital Deal-Seekers
903209,Digital Deal-Seekers
903210,Budget-Conscious Browsers
903211,Budget-Conscious Browsers
903212,Affluent Quiet Loyalists
903213,Digital Deal-Seekers
903214,Affluent Quiet Loyalists
903215,Digital Deal-Seekers
903216,Premium Campaign Responders
903217,Premium Campaign Responders
903218,Digital Deal-Seekers
903219,Affluent Quiet Loyalists
903220,Budget-Conscious Browsers
903221,Premium Campaign Responders
903222,Premium Campaign Responders
903223,Affluent Quiet Loyalists
903224,Affluent Quiet Loyalists
903225,Affluent Quiet Loyalists
903226,Budget-Conscious Browsers
903227,Budget-Conscious Browsers
903228,Digital Deal-Seekers
903229,Digital Deal-Seekers
903230,Budget-Conscious Browsers
903231,Digital Deal-Seekers
903232,Premium Campaign Responders
903233,Budget-Conscious Browsers
903234,Budget-Conscious Browsers
903235,Digital Deal-Seekers
903236,Budget-Conscious Browsers
903237,Budget-Conscious Browsers
903238,Budget-Conscious Browsers
903239,Digital Deal-Seekers
903240,Premium Campaign Responders
903241,Digital Deal-Seekers
903242,Budget-Conscious Browsers
903243,Digital Deal-Seekers
903244,Premium Campaign Responders
903245,Budget-Conscious Browsers
903246,Budget-Conscious Browsers
903247,Digital Deal-Seekers
903248,Premium Campaign Responders
903249,Affluent Quiet Loyalists
903250,Budget-Conscious Browsers
903251,Digital Deal-Seekers
903252,Budget-Conscious Browsers
903253,Digital Deal-Seekers
903254,Affluent Quiet Loyalists
903255,Budget-Conscious Browsers
903256,Budget-Conscious Browsers
903257,Budget-Conscious Browsers
903258,Premium Campaign Responders
903259,Premium Campaign Responders
903260,Affluent Quiet Loyalists
903261,Budget-Conscious Browsers
903262,Digital Deal-Seekers
903263,Budget-Conscious Browsers
903264,Affluent Quiet Loyalists
903265,Digital Deal-Seekers
903266,Budget-Conscious Browsers
903267,Affluent Quiet Loyalists
903268,Budget-Conscious Browsers
903269,Affluent Quiet Loyalists
903270,Digital Deal-Seekers
903271,Premium Campaign Responders
903272,Digital Deal-Seekers
903273,Affluent Quiet Loyalists
903274,Budget-Conscious Browsers
903275,Premium Campaign Responders
903276,Affluent Quiet Loyalists
903277,Digital Deal-Seekers
903278,Premium Campaign Responders
903279,Affluent Quiet Loyalists
903280,Budget-Conscious Browsers
903281,Budget-Conscious Browsers
903282,Affluent Quiet Loyalists
903283,Budget-Conscious Browsers
903284,Digital Deal-Seekers
903285,Affluent Quiet Loyalists
903286,Digital Deal-Seekers
903287,Affluent Quiet Loyalists
903288,Premium Campaign Responders
903289,Budget-Conscious Browsers
903290,Budget-Conscious Browsers
903291,Digital Deal-Seekers
903292,Budget-Conscious Browsers
903293,Affluent Quiet Loyalists
903294,Budget-Conscious Browsers
903295,Budget-Conscious Browsers
903296,Digital Deal-Seekers
903297,Premium Campaign Responders
903298,Budget-Conscious Browsers
903299,Affluent Quiet Loyalists
903300,Budget-Conscious Browsers
903301,Budget-Conscious Browsers
903302,Affluent Quiet Loyalists
903303,Budget-Conscious Browsers
903304,Affluent Quiet Loyalists
903305,Budget-Conscious Browsers
903306,Digital Deal-Seekers
903307,Affluent Quiet Loyalists
903308,Digital Deal-Seekers
903309,Digital Deal-Seekers
903310,Budget-Conscious Browsers
903311,Budget-Conscious Browsers
903312,Premium Campaign Responders
903313,Digital Deal-Seekers
903314,Budget-Conscious Browsers
903315,Digital Deal-Seekers
903316,Digital Deal-Seekers
903317,Budget-Conscious Browsers
903318,Premium Campaign Responders
903319,Digital Deal-Seekers
903320,Budget-Conscious Browsers
903321,Affluent Quiet Loyalists
903322,Affluent Quiet Loyalists
903323,Affluent Quiet Loyalists
903324,Budget-Conscious Browsers
903325,Budget-Conscious Browsers
903326,Budget-Conscious Browsers
903327,Budget-Conscious Browsers
903328,Budget-Conscious Browsers
903329,Budget-Conscious Browsers
903330,Budget-Conscious Browsers
903331,Premium Campaign Responders
903332,Digital Deal-Seekers
903333,Budget-Conscious Browsers
903334,Budget-Conscious Browsers
903335,Budget-Conscious Browsers
903336,Premium Campaign Responders
903337,Budget-Conscious Browsers
903338,Affluent Quiet Loyalists
903339,Affluent Quiet Loyalists
903340,Premium Campaign Responders
903341,Premium Campaign Responders
903342,Digital Deal-Seekers
903343,Affluent Quiet Loyalists
903344,Budget-Conscious Browsers
903345,Premium Campaign Responders
903346,Budget-Conscious Browsers
903347,Digital Deal-Seekers
903348,Digital Deal-Seekers
903349,Digital Deal-Seekers
903350,Budget-Conscious Browsers
903351,Digital Deal-Seekers
903352,Affluent Quiet Loyalists
903353,Budget-Conscious Browsers
903354,Budget-Conscious Browsers
903355,Budget-Conscious Browsers
903356,Premium Campaign Responders
903357,Budget-Conscious Browsers
903358,Budget-Conscious Browsers
903359,Affluent Quiet Loyalists
903360,Digital Deal-Seekers
903361,Premium Campaign Responders
903362,Affluent Quiet Loyalists
903363,Budget-Conscious Browsers
903364,Digital Deal-Seekers
903365,Budget-Conscious Browsers
903366,Premium Campaign Responders
903367,Premium Campaign Responders
903368,Digital Deal-Seekers
903369,Premium Campaign Responders
903370,Digital Deal-Seekers
903371,Digital Deal-Seekers
903372,Budget-Conscious Browsers
903373,Premium Campaign Responders
903374,Affluent Quiet Loyalists
903375,Affluent Quiet Loyalists
903376,Affluent Quiet Loyalists
903377,Budget-Conscious Browsers
903378,Premium Campaign Responders
903379,Budget-Conscious Browsers
903380,Budget-Conscious Browsers
903381,Budget-Conscious Browsers
903382,Budget-Conscious Browsers
903383,Budget-Conscious Browsers
903384,Digital Deal-Seekers
903385,Affluent Quiet Loyalists
903386,Premium Campaign Responders
903387,Affluent Quiet Loyalists
903388,Budget-Conscious Browsers
903389,Affluent Quiet Loyalists
903390,Budget-Conscious Browsers
903391,Digital Deal-Seekers
903392,Affluent Quiet Loyalists
903393,Budget-Conscious Browsers
903394,Digital Deal-Seekers
903395,Budget-Conscious Browsers
903396,Premium Campaign Responders
903397,Affluent Quiet Loyalists
903398,Digital Deal-Seekers
903399,Budget-Conscious Browsers
903400,Premium Campaign Responders
903401,Budget-Conscious Browsers
903402,Affluent Quiet Loyalists
903403,Premium Campaign Responders
903404,Affluent Quiet Loyalists
903405,Digital Deal-Seekers
903406,Digital Deal-Seekers
903407,Premium Campaign Responders
903408,Budget-Conscious Browsers
903409,Premium Campaign Responders
903410,Budget-Conscious Browsers
903411,Budget-Conscious Browsers
903412,Affluent Quiet Loyalists
903413,Budget-Conscious Browsers
903414,Affluent Quiet Loyalists
903415,Budget-Conscious Browsers
903416,Budget-Conscious Browsers
903417,Digital Deal-Seekers
903418,Premium Campaign Responders
903419,Budget-Conscious Browsers
903420,Digital Deal-Seekers
903421,Affluent Quiet Loyalists
903422,Premium Campaign Responders
903423,Affluent Quiet Loyalists
903424,Digital Deal-Seekers
903425,Budget-Conscious Browsers
903426,Budget-Conscious Browsers
903427,Budget-Conscious Browsers
903428,Affluent Quiet Loyalists
903429,Affluent Quiet Loyalists
903430,Premium Campaign Responders
903431,Digital Deal-Seekers
903432,Affluent Quiet Loyalists
903433,Budget-Conscious Browsers
903434,Budget-Conscious Browsers
903435,Budget-Conscious Browsers
903436,Digital Deal-Seekers
903437,Budget-Conscious Browsers
903438,Premium Campaign Responders
903439,Affluent Quiet Loyalists
903440,Digital Deal-Seekers
903441,Budget-Conscious Browsers
903442,Digital Deal-Seekers
903443,Digital Deal-Seekers
903444,Digital Deal-Seekers
903445,Affluent Quiet Loyalists
903446,Premium Campaign Responders
903447,Premium Campaign Responders
903448,Affluent Quiet Loyalists
903449,Digital Deal-Seekers
903450,Affluent Quiet Loyalists
903451,Budget-Conscious Browsers
903452,Budget-Conscious Browsers
903453,Budget-Conscious Browsers
903454,Digital Deal-Seekers
903455,Premium Campaign Responders
903456,Budget-Conscious Browsers
903457,Budget-Conscious Browsers
903458,Affluent Quiet Loyalists
903459,Digital Deal-Seekers
903460,Budget-Conscious Browsers
903461,Budget-Conscious Browsers
903462,Digital Deal-Seekers
903463,Digital Deal-Seekers
903464,Digital Deal-Seekers
903465,Budget-Conscious Browsers
903466,Affluent Quiet Loyalists
903467,Budget-Conscious Browsers
903468,Affluent Quiet Loyalists
903469,Budget-Conscious Browsers
903470,Affluent Quiet Loyalists
903471,Affluent Quiet Loyalists
903472,Budget-Conscious Browsers
903473,Budget-Conscious Browsers
903474,Budget-Conscious Browsers
903475,Budget-Conscious Browsers
903476,Digital Deal-Seekers
903477,Digital Deal-Seekers
903478,Digital Deal-Seekers
903479,Premium Campaign Responders
903480,Affluent Quiet Loyalists
903481,Budget-Conscious Browsers
903482,Budget-Conscious Browsers
903483,Digital Deal-Seekers
903484,Digital Deal-Seekers
903485,Digital Deal-Seekers
903486,Budget-Conscious Browsers
903487,Budget-Conscious Browsers
903488,Budget-Conscious Browsers
903489,Budget-Conscious Browsers
903490,Affluent Quiet Loyalists
903491,Affluent Quiet Loyalists
903492,Budget-Conscious Browsers
903493,Affluent Quiet Loyalists
903494,Digital Deal-Seekers
903495,Budget-Conscious Browsers
903496,Affluent Quiet Loyalists
903497,Digital Deal-Seekers
903498,Digital Deal-Seekers
903499,Budget-Conscious Browsers
903500,Affluent Quiet Loyalists
903501,Digital Deal-Seekers
903502,Budget-Conscious Browsers
903503,Digital Deal-Seekers
903504,Budget-Conscious Browsers
903505,Affluent Quiet Loyalists
903506,Premium Campaign Responders
903507,Budget-Conscious Browsers
903508,Budget-Conscious Browsers
903509,Premium Campaign Responders
903510,Digital Deal-Seekers
903511,Digital Deal-Seekers
903512,Premium Campaign Responders
903513,Digital Deal-Seekers
903514,Digital Deal-Seekers
903515,Affluent Quiet Loyalists
903516,Digital Deal-Seekers
903517,Affluent Quiet Loyalists
903518,Affluent Quiet Loyalists
903519,Affluent Quiet Loyalists
903520,Affluent Quiet Loyalists
903521,Budget-Conscious Browsers
903522,Budget-Conscious Browsers
903523,Budget-Conscious Browsers
903524,Affluent Quiet Loyalists
903525,Budget-Conscious Browsers
903526,Budget-Conscious Browsers
903527,Affluent Quiet Loyalists
903528,Digital Deal-Seekers
903529,Affluent Quiet Loyalists
903530,Affluent Quiet Loyalists
903531,Budget-Conscious Browsers
903532,Budget-Conscious Browsers
903533,Digital Deal-Seekers
903534,Digital Deal-Seekers
903535,Budget-Conscious Browsers
903536,Premium Campaign Responders
903537,Budget-Conscious Browsers
903538,Budget-Conscious Browsers
903539,Affluent Quiet Loyalists
903540,Premium Campaign Responders
903541,Budget-Conscious Browsers
903542,Budget-Conscious Browsers
903543,Premium Campaign Responders
903544,Budget-Conscious Browsers
903545,Budget-Conscious Browsers
903546,Digital Deal-Seekers
903547,Premium Campaign Responders
903548,Digital Deal-Seekers
903549,Digital Deal-Seekers
903550,Affluent Quiet Loyalists
903551,Budget-Conscious Browsers
903552,Digital Deal-Seekers
903553,Digital Deal-Seekers
903554,Budget-Conscious Browsers
903555,Digital Deal-Seekers
903556,Digital Deal-Seekers
903557,Affluent Quiet Loyalists
903558,Budget-Conscious Browsers
903559,Budget-Conscious Browsers
903560,Digital Deal-Seekers
903561,Premium Campaign Responders
903562,Premium Campaign Responders
903563,Affluent Quiet Loyalists
903564,Premium Campaign Responders
903565,Digital Deal-Seekers
903566,Digital Deal-Seekers
903567,Digital Deal-Seekers
903568,Budget-Conscious Browsers
903569,Budget-Conscious Browsers
903570,Premium Campaign Responders
903571,Budget-Conscious Browsers
903572,Digital Deal-Seekers
903573,Premium Campaign Responders
903574,Budget-Conscious Browsers
903575,Budget-Conscious Browsers
903576,Budget-Conscious Browsers
903577,Premium Campaign Responders
903578,Budget-Conscious Browsers
903579,Digital Deal-Seekers
903580,Premium Campaign Responders
903581,Affluent Quiet Loyalists
903582,Digital Deal-Seekers
903583,Affluent Quiet Loyalists
903584,Digital Deal-Seekers
903585,Budget-Conscious Browsers
903586,Premium Campaign Responders
903587,Affluent Quiet Loyalists
903588,Digital Deal-Seekers
903589,Digital Deal-Seekers
903590,Budget-Conscious Browsers
903591,Budget-Conscious Browsers
903592,Budget-Conscious Browsers
903593,Budget-Conscious Browsers
903594,Digital Deal-Seekers
903595,Premium Campaign Responders
903596,Premium Campaign Responders
903597,Budget-Conscious Browsers
903598,Digital Deal-Seekers
903599,Budget-Conscious Browsers
903600,Affluent Quiet Loyalists
903601,Budget-Conscious Browsers
903602,Affluent Quiet Loyalists
903603,Premium Campaign Responders
903604,Affluent Quiet Loyalists
903605,Premium Campaign Responders
903606,Budget-Conscious Browsers
903607,Affluent Quiet Loyalists
903608,Budget-Conscious Browsers
903609,Affluent Quiet Loyalists
903610,Digital Deal-Seekers
903611,Budget-Conscious Browsers
903612,Budget-Conscious Browsers
903613,Digital Deal-Seekers
903614,Budget-Conscious Browsers
903615,Budget-Conscious Browsers
903616,Affluent Quiet Loyalists
903617,Affluent Quiet Loyalists
903618,Digital Deal-Seekers
903619,Digital Deal-Seekers
903620,Digital Deal-Seekers
903621,Digital Deal-Seekers
903622,Budget-Conscious Browsers
903623,Budget-Conscious Browsers
903624,Affluent Quiet Loyalists
903625,Digital Deal-Seekers
903626,Affluent Quiet Loyalists
903627,Digital Deal-Seekers
903628,Premium Campaign Responders
903629,Budget-Conscious Browsers
903630,Premium Campaign Responders
903631,Digital Deal-Seekers
903632,Affluent Quiet Loyalists
903633,Digital Deal-Seekers
903634,Budget-Conscious Browsers
903635,Budget-Conscious Browsers
903636,Affluent Quiet Loyalists
903637,Budget-Conscious Browsers
903638,Budget-Conscious Browsers
903639,Premium Campaign Responders
903640,Digital Deal-Seekers
903641,Digital Deal-Seekers
903642,Budget-Conscious Browsers
903643,Budget-Conscious Browsers
903644,Digital Deal-Seekers
903645,Budget-Conscious Browsers
903646,Affluent Quiet Loyalists
903647,Budget-Conscious Browsers
903648,Budget-Conscious Browsers
903649,Budget-Conscious Browsers
903650,Affluent Quiet Loyalists
903651,Digital Deal-Seekers
903652,Premium Campaign Responders
903653,Affluent Quiet Loyalists
903654,Affluent Quiet Loyalists
903655,Budget-Conscious Browsers
903656,Budget-Conscious Browsers
903657,Affluent Quiet Loyalists
903658,Affluent Quiet Loyalists
903659,Premium Campaign Responders
903660,Digital Deal-Seekers
903661,Budget-Conscious Browsers
903662,Affluent Quiet Loyalists
903663,Budget-Conscious Browsers
903664,Affluent Quiet Loyalists
903665,Budget-Conscious Browsers
903666,Affluent Quiet Loyalists
903667,Budget-Conscious Browsers
903668,Budget-Conscious Browsers
903669,Premium Campaign Responders
903670,Budget-Conscious Browsers
903671,Budget-Conscious Browsers
903672,Budget-Conscious Browsers
903673,Affluent Quiet Loyalists
903674,Budget-Conscious Browsers
903675,Digital Deal-Seekers
903676,Digital Deal-Seekers
903677,Affluent Quiet Loyalists
903678,Digital Deal-Seekers
903679,Affluent Quiet Loyalists
903680,Budget-Conscious Browsers
903681,Digital Deal-Seekers
903682,Digital Deal-Seekers
903683,Premium Campaign Responders
903684,Digital Deal-Seekers
903685,Budget-Conscious Browsers
903686,Affluent Quiet Loyalists
903687,Digital Deal-Seekers
903688,Affluent Quiet Loyalists
903689,Budget-Conscious Browsers
903690,Budget-Conscious Browsers
903691,Budget-Conscious Browsers
903692,Budget-Conscious Browsers
903693,Digital Deal-Seekers
903694,Affluent Quiet Loyalists
903695,Budget-Conscious Browsers
903696,Premium Campaign Responders
903697,Premium Campaign Responders
903698,Budget-Conscious Browsers
903699,Budget-Conscious Browsers
903700,Digital Deal-Seekers
903701,Affluent Quiet Loyalists
903702,Budget-Conscious Browsers
903703,Affluent Quiet Loyalists
903704,Premium Campaign Responders
903705,Budget-Conscious Browsers
903706,Digital Deal-Seekers
903707,Budget-Conscious Browsers
903708,Premium Campaign Responders
903709,Premium Campaign Responders
903710,Affluent Quiet Loyalists
903711,Premium Campaign Responders
903712,Budget-Conscious Browsers
903713,Affluent Quiet Loyalists
903714,Affluent Quiet Loyalists
903715,Premium Campaign Responders
903716,Budget-Conscious Browsers
903717,Digital Deal-Seekers
903718,Digital Deal-Seekers
903719,Affluent Quiet Loyalists
903720,Digital Deal-Seekers
903721,Budget-Conscious Browsers
903722,Digital Deal-Seekers
903723,Budget-Conscious Browsers
903724,Budget-Conscious Browsers
903725,Budget-Conscious Browsers
903726,Premium Campaign Responders
903727,Affluent Quiet Loyalists
903728,Budget-Conscious Browsers
903729,Digital Deal-Seekers
903730,Affluent Quiet Loyalists
903731,Digital Deal-Seekers
903732,Budget-Conscious Browsers
903733,Affluent Quiet Loyalists
903734,Premium Campaign Responders
903735,Budget-Conscious Browsers
903736,Affluent Quiet Loyalists
903737,Budget-Conscious Browsers
903738,Affluent Quiet Loyalists
903739,Budget-Conscious Browsers
903740,Budget-Conscious Browsers
903741,Digital Deal-Seekers
903742,Affluent Quiet Loyalists
903743,Affluent Quiet Loyalists
903744,Budget-Conscious Browsers
903745,Digital Deal-Seekers
903746,Affluent Quiet Loyalists
903747,Budget-Conscious Browsers
903748,Premium Campaign Responders
903749,Budget-Conscious Browsers
903750,Affluent Quiet Loyalists
903751,Affluent Quiet Loyalists
903752,Digital Deal-Seekers
903753,Digital Deal-Seekers
903754,Premium Campaign Responders
903755,Premium Campaign Responders
903756,Budget-Conscious Browsers
903757,Digital Deal-Seekers
903758,Budget-Conscious Browsers
903759,Budget-Conscious Browsers
903760,Digital Deal-Seekers
903761,Affluent Quiet Loyalists
903762,Affluent Quiet Loyalists
903763,Digital Deal-Seekers
903764,Budget-Conscious Browsers
903765,Affluent Quiet Loyalists
903766,Budget-Conscious Browsers
903767,Affluent Quiet Loyalists
903768,Digital Deal-Seekers
903769,Digital Deal-Seekers
903770,Digital Deal-Seekers
903771,Affluent Quiet Loyalists
903772,Budget-Conscious Browsers
903773,Budget-Conscious Browsers
903774,Budget-Conscious Browsers
903775,Affluent Quiet Loyalists
903776,Digital Deal-Seekers
903777,Affluent Quiet Loyalists
903778,Digital Deal-Seekers
903779,Digital Deal-Seekers
903780,Budget-Conscious Browsers
903781,Digital Deal-Seekers
903782,Premium Campaign Responders
903783,Budget-Conscious Browsers
903784,Premium Campaign Responders
903785,Affluent Quiet Loyalists
903786,Budget-Conscious Browsers
903787,Digital Deal-Seekers
903788,Digital Deal-Seekers
903789,Budget-Conscious Browsers
903790,Premium Campaign Responders
903791,Budget-Conscious Browsers
903792,Budget-Conscious Browsers
903793,Digital Deal-Seekers
903794,Digital Deal-Seekers
903795,Budget-Conscious Browsers
903796,Premium Campaign Responders
903797,Digital Deal-Seekers
903798,Budget-Conscious Browsers
903799,Budget-Conscious Browsers
903800,Budget-Conscious Browsers
903801,Premium Campaign Responders
903802,Digital Deal-Seekers
903803,Budget-Conscious Browsers
903804,Budget-Conscious Browsers
903805,Affluent Quiet Loyalists
903806,Budget-Conscious Browsers
903807,Premium Campaign Responders
903808,Budget-Conscious Browsers
903809,Budget-Conscious Browsers
903810,Affluent Quiet Loyalists
903811,Digital Deal-Seekers
903812,Digital Deal-Seekers
903813,Premium Campaign Responders
903814,Budget-Conscious Browsers
903815,Digital Deal-Seekers
903816,Digital Deal-Seekers
903817,Digital Deal-Seekers
903818,Budget-Conscious Browsers
903819,Budget-Conscious Browsers
903820,Budget-Conscious Browsers
903821,Budget-Conscious Browsers
903822,Premium Campaign Responders
903823,Budget-Conscious Browsers
903824,Affluent Quiet Loyalists
903825,Affluent Quiet Loyalists
903826,Budget-Conscious Browsers
903827,Premium Campaign Responders
903828,Affluent Quiet Loyalists
903829,Affluent Quiet Loyalists
903830,Premium Campaign Responders
903831,Affluent Quiet Loyalists
903832,Budget-Conscious Browsers
903833,Budget-Conscious Browsers
903834,Affluent Quiet Loyalists
903835,Affluent Quiet Loyalists
903836,Affluent Quiet Loyalists
903837,Affluent Quiet Loyalists
903838,Affluent Quiet Loyalists
903839,Affluent Quiet Loyalists
903840,Budget-Conscious Browsers
903841,Digital Deal-Seekers
903842,Budget-Conscious Browsers
903843,Budget-Conscious Browsers
903844,Premium Campaign Responders
903845,Budget-Conscious Browsers
903846,Premium Campaign Responders
903847,Digital Deal-Seekers
903848,Budget-Conscious Browsers
903849,Budget-Conscious Browsers
903850,Premium Campaign Responders
903851,Budget-Conscious Browsers
903852,Digital Deal-Seekers
903853,Affluent Quiet Loyalists
903854,Affluent Quiet Loyalists
903855,Digital Deal-Seekers
903856,Premium Campaign Responders
903857,Affluent Quiet Loyalists
903858,Affluent Quiet Loyalists
903859,Digital Deal-Seekers
903860,Budget-Conscious Browsers
903861,Digital Deal-Seekers
903862,Budget-Conscious Browsers
903863,Budget-Conscious Browsers
903864,Affluent Quiet Loyalists
903865,Budget-Conscious Browsers
903866,Digital Deal-Seekers
903867,Premium Campaign Responders
903868,Budget-Conscious Browsers
903869,Affluent Quiet Loyalists
903870,Budget-Conscious Browsers
903871,Budget-Conscious Browsers
903872,Affluent Quiet Loyalists
903873,Premium Campaign Responders
903874,Budget-Conscious Browsers
903875,Premium Campaign Responders
903876,Affluent Quiet Loyalists
903877,Affluent Quiet Loyalists
903878,Digital Deal-Seekers
903879,Affluent Quiet Loyalists
903880,Digital Deal-Seekers
903881,Affluent Quiet Loyalists
903882,Premium Campaign Responders
903883,Digital Deal-Seekers
903884,Budget-Conscious Browsers
903885,Digital Deal-Seekers
903886,Digital Deal-Seekers
903887,Budget-Conscious Browsers
903888,Affluent Quiet Loyalists
903889,Affluent Quiet Loyalists
903890,Budget-Conscious Browsers
903891,Affluent Quiet Loyalists
903892,Digital Deal-Seekers
903893,Premium Campaign Responders
903894,Premium Campaign Responders
903895,Budget-Conscious Browsers
903896,Digital Deal-Seekers
903897,Digital Deal-Seekers
903898,Budget-Conscious Browsers
903899,Affluent Quiet Loyalists
903900,Budget-Conscious Browsers
903901,Digital Deal-Seekers
903902,Digital Deal-Seekers
903903,Digital Deal-Seekers
903904,Budget-Conscious Browsers
903905,Budget-Conscious Browsers
903906,Budget-Conscious Browsers
903907,Affluent Quiet Loyalists
903908,Premium Campaign Responders
903909,Affluent Quiet Loyalists
903910,Affluent Quiet Loyalists
903911,Budget-Conscious Browsers
903912,Affluent Quiet Loyalists
903913,Affluent Quiet Loyalists
903914,Budget-Conscious Browsers
903915,Affluent Quiet Loyalists
903916,Premium Campaign Responders
903917,Budget-Conscious Browsers
903918,Budget-Conscious Browsers
903919,Digital Deal-Seekers
903920,Affluent Quiet Loyalists
903921,Budget-Conscious Browsers
903922,Budget-Conscious Browsers
903923,Budget-Conscious Browsers
903924,Budget-Conscious Browsers
903925,Affluent Quiet Loyalists
903926,Affluent Quiet Loyalists
903927,Premium Campaign Responders
903928,Budget-Conscious Browsers
903929,Budget-Conscious Browsers
903930,Digital Deal-Seekers
903931,Premium Campaign Responders
903932,Budget-Conscious Browsers
903933,Affluent Quiet Loyalists
903934,Affluent Quiet Loyalists
903935,Budget-Conscious Browsers
903936,Budget-Conscious Browsers
903937,Digital Deal-Seekers
903938,Digital Deal-Seekers
903939,Premium Campaign Responders
903940,Digital Deal-Seekers
903941,Affluent Quiet Loyalists
903942,Premium Campaign Responders
903943,Affluent Quiet Loyalists
903944,Affluent Quiet Loyalists
903945,Budget-Conscious Browsers
903946,Budget-Conscious Browsers
903947,Budget-Conscious Browsers
903948,Affluent Quiet Loyalists
903949,Affluent Quiet Loyalists
903950,Budget-Conscious Browsers
903951,Premium Campaign Responders
903952,Premium Campaign Responders
903953,Budget-Conscious Browsers
903954,Digital Deal-Seekers
903955,Budget-Conscious Browsers
903956,Premium Campaign Responders
903957,Digital Deal-Seekers
903958,Digital Deal-Seekers
903959,Affluent Quiet Loyalists
903960,Budget-Conscious Browsers
903961,Digital Deal-Seekers
903962,Digital Deal-Seekers
903963,Digital Deal-Seekers
903964,Premium Campaign Responders
903965,Premium Campaign Responders
903966,Digital Deal-Seekers
903967,Budget-Conscious Browsers
903968,Digital Deal-Seekers
903969,Budget-Conscious Browsers
903970,Digital Deal-Seekers
903971,Budget-Conscious Browsers
903972,Budget-Conscious Browsers
903973,Digital Deal-Seekers
903974,Digital Deal-Seekers
903975,Digital Deal-Seekers
903976,Affluent Quiet Loyalists
903977,Affluent Quiet Loyalists
903978,Premium Campaign Responders
903979,Affluent Quiet Loyalists
903980,Affluent Quiet Loyalists
903981,Digital Deal-Seekers
903982,Affluent Quiet Loyalists
903983,Budget-Conscious Browsers
903984,Budget-Conscious Browsers
903985,Affluent Quiet Loyalists
903986,Budget-Conscious Browsers
903987,Premium Campaign Responders
903988,Affluent Quiet Loyalists
903989,Premium Campaign Responders
903990,Budget-Conscious Browsers
903991,Digital Deal-Seekers
903992,Budget-Conscious Browsers
903993,Digital Deal-Seekers
903994,Affluent Quiet Loyalists
903995,Affluent Quiet Loyalists
903996,Digital Deal-Seekers
903997,Affluent Quiet Loyalists
903998,Premium Campaign Responders
903999,Budget-Conscious Browsers
904000,Budget-Conscious Browsers
904001,Affluent Quiet Loyalists
904002,Premium Campaign Responders
904003,Premium Campaign Responders
904004,Budget-Conscious Browsers
904005,Budget-Conscious Browsers
904006,Affluent Quiet Loyalists
904007,Budget-Conscious Browsers
904008,Digital Deal-Seekers
904009,Budget-Conscious Browsers
904010,Digital Deal-Seekers
904011,Digital Deal-Seekers
904012,Premium Campaign Responders
904013,Budget-Conscious Browsers
904014,Premium Campaign Responders
904015,Premium Campaign Responders
904016,Affluent Quiet Loyalists
904017,Digital Deal-Seekers
904018,Digital Deal-Seekers
904019,Budget-Conscious Browsers
904020,Digital Deal-Seekers
904021,Affluent Quiet Loyalists
904022,Budget-Conscious Browsers
904023,Digital Deal-Seekers
904024,Budget-Conscious Browsers
904025,Budget-Conscious Browsers
904026,Budget-Conscious Browsers
904027,Budget-Conscious Browsers
904028,Digital Deal-Seekers
904029,Digital Deal-Seekers
904030,Premium Campaign Responders
904031,Digital Deal-Seekers
904032,Budget-Conscious Browsers
904033,Digital Deal-Seekers
904034,Budget-Conscious Browsers
904035,Premium Campaign Responders
904036,Digital Deal-Seekers
904037,Premium Campaign Responders
904038,Budget-Conscious Browsers
904039,Premium Campaign Responders
904040,Affluent Quiet Loyalists
904041,Budget-Conscious Browsers
904042,Digital Deal-Seekers
904043,Digital Deal-Seekers
904044,Affluent Quiet Loyalists
904045,Digital Deal-Seekers
904046,Budget-Conscious Browsers
904047,Affluent Quiet Loyalists
904048,Premium Campaign Responders
904049,Affluent Quiet Loyalists
904050,Affluent Quiet Loyalists
904051,Budget-Conscious Browsers
904052,Digital Deal-Seekers
904053,Budget-Conscious Browsers
904054,Premium Campaign Responders
904055,Digital Deal-Seekers
904056,Affluent Quiet Loyalists
904057,Budget-Conscious Browsers
904058,Digital Deal-Seekers
904059,Affluent Quiet Loyalists
904060,Premium Campaign Responders
904061,Premium Campaign Responders
904062,Affluent Quiet Loyalists
904063,Affluent Quiet Loyalists
904064,Digital Deal-Seekers
904065,Affluent Quiet Loyalists
904066,Affluent Quiet Loyalists
904067,Affluent Quiet Loyalists
904068,Budget-Conscious Browsers
904069,Budget-Conscious Browsers
904070,Premium Campaign Responders
904071,Budget-Conscious Browsers
904072,Affluent Quiet Loyalists
904073,Budget-Conscious Browsers
904074,Digital Deal-Seekers
904075,Budget-Conscious Browsers
904076,Digital Deal-Seekers
904077,Budget-Conscious Browsers
904078,Budget-Conscious Browsers
904079,Budget-Conscious Browsers
904080,Budget-Conscious Browsers
904081,Budget-Conscious Browsers
904082,Affluent Quiet Loyalists
904083,Budget-Conscious Browsers
904084,Affluent Quiet Loyalists
904085,Digital Deal-Seekers
904086,Digital Deal-Seekers
904087,Digital Deal-Seekers
904088,Budget-Conscious Browsers
904089,Affluent Quiet Loyalists
904090,Digital Deal-Seekers
904091,Digital Deal-Seekers
904092,Digital Deal-Seekers
904093,Premium Campaign Responders
904094,Premium Campaign Responders
904095,Digital Deal-Seekers
904096,Budget-Conscious Browsers
904097,Budget-Conscious Browsers
904098,Budget-Conscious Browsers
904099,Digital Deal-Seekers
904100,Affluent Quiet Loyalists
904101,Premium Campaign Responders
904102,Premium Campaign Responders
904103,Premium Campaign Responders
904104,Affluent Quiet Loyalists
904105,Budget-Conscious Browsers
904106,Affluent Quiet Loyalists
904107,Premium Campaign Responders
904108,Premium Campaign Responders
904109,Budget-Conscious Browsers
904110,Budget-Conscious Browsers
904111,Affluent Quiet Loyalists
904112,Budget-Conscious Browsers
904113,Budget-Conscious Browsers
904114,Budget-Conscious Browsers
904115,Budget-Conscious Browsers
904116,Affluent Quiet Loyalists
904117,Digital Deal-Seekers
904118,Budget-Conscious Browsers
904119,Premium Campaign Responders
904120,Premium Campaign Responders
904121,Budget-Conscious Browsers
904122,Budget-Conscious Browsers
904123,Digital Deal-Seekers
904124,Affluent Quiet Loyalists
904125,Digital Deal-Seekers
904126,Digital Deal-Seekers
904127,Digital Deal-Seekers
904128,Digital Deal-Seekers
904129,Affluent Quiet Loyalists
904130,Budget-Conscious Browsers
904131,Budget-Conscious Browsers
904132,Affluent Quiet Loyalists
904133,Affluent Quiet Loyalists
904134,Affluent Quiet Loyalists
904135,Digital Deal-Seekers
904136,Premium Campaign Responders
904137,Premium Campaign Responders
904138,Digital Deal-Seekers
904139,Premium Campaign Responders
904140,Budget-Conscious Browsers
904141,Premium Campaign Responders
904142,Budget-Conscious Browsers
904143,Affluent Quiet Loyalists
904144,Premium Campaign Responders
904145,Affluent Quiet Loyalists
904146,Digital Deal-Seekers
904147,Budget-Conscious Browsers
904148,Digital Deal-Seekers
904149,Premium Campaign Responders
904150,Affluent Quiet Loyalists
904151,Affluent Quiet Loyalists
904152,Affluent Quiet Loyalists
904153,Affluent Quiet Loyalists
904154,Affluent Quiet Loyalists
904155,Budget-Conscious Browsers
904156,Affluent Quiet Loyalists
904157,Budget-Conscious Browsers
904158,Affluent Quiet Loyalists
904159,Digital Deal-Seekers
904160,Budget-Conscious Browsers
904161,Budget-Conscious Browsers
904162,Premium Campaign Responders
904163,Budget-Conscious Browsers
904164,Affluent Quiet Loyalists
904165,Digital Deal-Seekers
904166,Budget-Conscious Browsers
904167,Premium Campaign Responders
904168,Affluent Quiet Loyalists
904169,Digital Deal-Seekers
904170,Digital Deal-Seekers
904171,Affluent Quiet Loyalists
904172,Budget-Conscious Browsers
904173,Digital Deal-Seekers
904174,Budget-Conscious Browsers
904175,Affluent Quiet Loyalists
904176,Budget-Conscious Browsers
904177,Premium Campaign Responders
904178,Digital Deal-Seekers
904179,Premium Campaign Responders
904180,Budget-Conscious Browsers
904181,Budget-Conscious Browsers
904182,Budget-Conscious Browsers
904183,Digital Deal-Seekers
904184,Affluent Quiet Loyalists
904185,Premium Campaign Responders
904186,Affluent Quiet Loyalists
904187,Digital Deal-Seekers
904188,Budget-Conscious Browsers
904189,Digital Deal-Seekers
904190,Digital Deal-Seekers
904191,Digital Deal-Seekers
904192,Budget-Conscious Browsers
904193,Premium Campaign Responders
904194,Budget-Conscious Browsers
904195,Premium Campaign Responders
904196,Affluent Quiet Loyalists
904197,Digital Deal-Seekers
904198,Digital Deal-Seekers
904199,Premium Campaign Responders
904200,Budget-Conscious Browsers
904201,Digital Deal-Seekers
904202,Affluent Quiet Loyalists
904203,Premium Campaign Responders
904204,Premium Campaign Responders
904205,Budget-Conscious Browsers
904206,Affluent Quiet Loyalists
904207,Budget-Conscious Browsers
904208,Premium Campaign Responders
904209,Affluent Quiet Loyalists
904210,Budget-Conscious Browsers
904211,Budget-Conscious Browsers
904212,Budget-Conscious Browsers
904213,Premium Campaign Responders
904214,Affluent Quiet Loyalists
904215,Budget-Conscious Browsers
904216,Budget-Conscious Browsers
904217,Affluent Quiet Loyalists
904218,Budget-Conscious Browsers
904219,Digital Deal-Seekers
904220,Affluent Quiet Loyalists
904221,Budget-Conscious Browsers
904222,Digital Deal-Seekers
904223,Budget-Conscious Browsers
904224,Digital Deal-Seekers
904225,Budget-Conscious Browsers
904226,Affluent Quiet Loyalists
904227,Digital Deal-Seekers
904228,Digital Deal-Seekers
904229,Digital Deal-Seekers
904230,Budget-Conscious Browsers
904231,Affluent Quiet Loyalists
904232,Budget-Conscious Browsers
904233,Budget-Conscious Browsers
904234,Budget-Conscious Browsers
904235,Premium Campaign Responders
904236,Premium Campaign Responders
904237,Digital Deal-Seekers
904238,Digital Deal-Seekers
904239,Premium Campaign Responders
904240,Digital Deal-Seekers
904241,Digital Deal-Seekers
904242,Budget-Conscious Browsers
904243,Budget-Conscious Browsers
904244,Affluent Quiet Loyalists
904245,Budget-Conscious Browsers
904246,Budget-Conscious Browsers
904247,Budget-Conscious Browsers
904248,Affluent Quiet Loyalists
904249,Digital Deal-Seekers
904250,Budget-Conscious Browsers
904251,Premium Campaign Responders
904252,Premium Campaign Responders
904253,Digital Deal-Seekers
904254,Digital Deal-Seekers
904255,Digital Deal-Seekers
904256,Digital Deal-Seekers
904257,Affluent Quiet Loyalists
904258,Budget-Conscious Browsers
904259,Premium Campaign Responders
904260,Digital Deal-Seekers
904261,Premium Campaign Responders
904262,Affluent Quiet Loyalists
904263,Affluent Quiet Loyalists
904264,Budget-Conscious Browsers
904265,Affluent Quiet Loyalists
904266,Budget-Conscious Browsers
904267,Budget-Conscious Browsers
904268,Premium Campaign Responders
904269,Budget-Conscious Browsers
904270,Budget-Conscious Browsers
904271,Affluent Quiet Loyalists
904272,Budget-Conscious Browsers
904273,Digital Deal-Seekers
904274,Digital Deal-Seekers
904275,Budget-Conscious Browsers
904276,Premium Campaign Responders
904277,Digital Deal-Seekers
904278,Budget-Conscious Browsers
904279,Budget-Conscious Browsers
904280,Budget-Conscious Browsers
904281,Affluent Quiet Loyalists
904282,Affluent Quiet Loyalists
904283,Budget-Conscious Browsers
904284,Budget-Conscious Browsers
904285,Budget-Conscious Browsers
904286,Digital Deal-Seekers
904287,Budget-Conscious Browsers
904288,Digital Deal-Seekers
904289,Affluent Quiet Loyalists
904290,Budget-Conscious Browsers
904291,Affluent Quiet Loyalists
904292,Budget-Conscious Browsers
904293,Affluent Quiet Loyalists
904294,Budget-Conscious Browsers
904295,Digital Deal-Seekers
904296,Premium Campaign Responders
904297,Digital Deal-Seekers
904298,Budget-Conscious Browsers
904299,Digital Deal-Seekers
904300,Premium Campaign Responders
904301,Budget-Conscious Browsers
904302,Affluent Quiet Loyalists
904303,Budget-Conscious Browsers
904304,Affluent Quiet Loyalists
904305,Budget-Conscious Browsers
904306,Digital Deal-Seekers
904307,Digital Deal-Seekers
904308,Digital Deal-Seekers
904309,Premium Campaign Responders
904310,Affluent Quiet Loyalists
904311,Premium Campaign Responders
904312,Affluent Quiet Loyalists
904313,Digital Deal-Seekers
904314,Budget-Conscious Browsers
904315,Affluent Quiet Loyalists
904316,Budget-Conscious Browsers
904317,Affluent Quiet Loyalists
904318,Digital Deal-Seekers
904319,Budget-Conscious Browsers
904320,Affluent Quiet Loyalists
904321,Premium Campaign Responders
904322,Premium Campaign Responders
904323,Affluent Quiet Loyalists
904324,Premium Campaign Responders
904325,Budget-Conscious Browsers
904326,Premium Campaign Responders
904327,Budget-Conscious Browsers
904328,Affluent Quiet Loyalists
904329,Budget-Conscious Browsers
904330,Budget-Conscious Browsers
904331,Affluent Quiet Loyalists
904332,Affluent Quiet Loyalists
904333,Digital Deal-Seekers
904334,Affluent Quiet Loyalists
904335,Budget-Conscious Browsers
904336,Affluent Quiet Loyalists
904337,Digital Deal-Seekers
904338,Budget-Conscious Browsers
904339,Budget-Conscious Browsers
904340,Affluent Quiet Loyalists
904341,Digital Deal-Seekers
904342,Digital Deal-Seekers
904343,Digital Deal-Seekers
904344,Budget-Conscious Browsers
904345,Budget-Conscious Browsers
904346,Budget-Conscious Browsers
904347,Budget-Conscious Browsers
904348,Digital Deal-Seekers
904349,Digital Deal-Seekers
904350,Digital Deal-Seekers
904351,Affluent Quiet Loyalists
904352,Budget-Conscious Browsers
904353,Budget-Conscious Browsers
904354,Affluent Quiet Loyalists
904355,Digital Deal-Seekers
904356,Affluent Quiet Loyalists
904357,Affluent Quiet Loyalists
904358,Budget-Conscious Browsers
904359,Premium Campaign Responders
904360,Budget-Conscious Browsers
904361,Premium Campaign Responders
904362,Digital Deal-Seekers
904363,Budget-Conscious Browsers
904364,Budget-Conscious Browsers
904365,Budget-Conscious Browsers
904366,Budget-Conscious Browsers
904367,Budget-Conscious Browsers
904368,Digital Deal-Seekers
904369,Digital Deal-Seekers
904370,Budget-Conscious Browsers
904371,Budget-Conscious Browsers
904372,Affluent Quiet Loyalists
904373,Premium Campaign Responders
904374,Digital Deal-Seekers
904375,Premium Campaign Responders
904376,Budget-Conscious Browsers
904377,Budget-Conscious Browsers
904378,Budget-Conscious Browsers
904379,Affluent Quiet Loyalists
904380,Digital Deal-Seekers
904381,Budget-Conscious Browsers
904382,Affluent Quiet Loyalists
904383,Budget-Conscious Browsers
904384,Affluent Quiet Loyalists
904385,Budget-Conscious Browsers
904386,Digital Deal-Seekers
904387,Budget-Conscious Browsers
904388,Premium Campaign Responders
904389,Digital Deal-Seekers
904390,Premium Campaign Responders
904391,Affluent Quiet Loyalists
904392,Premium Campaign Responders
904393,Budget-Conscious Browsers
904394,Budget-Conscious Browsers
904395,Affluent Quiet Loyalists
904396,Budget-Conscious Browsers
904397,Budget-Conscious Browsers
904398,Affluent Quiet Loyalists
904399,Affluent Quiet Loyalists
904400,Digital Deal-Seekers
904401,Budget-Conscious Browsers
904402,Budget-Conscious Browsers
904403,Affluent Quiet Loyalists
904404,Affluent Quiet Loyalists
904405,Premium Campaign Responders
904406,Budget-Conscious Browsers
904407,Digital Deal-Seekers
904408,Budget-Conscious Browsers
904409,Affluent Quiet Loyalists
904410,Budget-Conscious Browsers
904411,Digital Deal-Seekers
904412,Digital Deal-Seekers
904413,Digital Deal-Seekers
904414,Digital Deal-Seekers
904415,Digital Deal-Seekers
904416,Affluent Quiet Loyalists
904417,Affluent Quiet Loyalists
904418,Budget-Conscious Browsers
904419,Budget-Conscious Browsers
904420,Premium Campaign Responders
904421,Digital Deal-Seekers
904422,Digital Deal-Seekers
904423,Affluent Quiet Loyalists
904424,Affluent Quiet Loyalists
904425,Budget-Conscious Browsers
904426,Affluent Quiet Loyalists
904427,Budget-Conscious Browsers
904428,Budget-Conscious Browsers
904429,Affluent Quiet Loyalists
904430,Digital Deal-Seekers
904431,Affluent Quiet Loyalists
904432,Budget-Conscious Browsers
904433,Digital Deal-Seekers
904434,Premium Campaign Responders
904435,Digital Deal-Seekers
904436,Affluent Quiet Loyalists
904437,Digital Deal-Seekers
904438,Budget-Conscious Browsers
904439,Premium Campaign Responders
904440,Digital Deal-Seekers
904441,Budget-Conscious Browsers
904442,Affluent Quiet Loyalists
904443,Affluent Quiet Loyalists
904444,Digital Deal-Seekers
904445,Budget-Conscious Browsers
904446,Budget-Conscious Browsers
904447,Digital Deal-Seekers
904448,Digital Deal-Seekers
904449,Affluent Quiet Loyalists
904450,Budget-Conscious Browsers
904451,Premium Campaign Responders
904452,Affluent Quiet Loyalists
904453,Digital Deal-Seekers
904454,Budget-Conscious Browsers
904455,Premium Campaign Responders
904456,Budget-Conscious Browsers
904457,Affluent Quiet Loyalists
904458,Digital Deal-Seekers
904459,Premium Campaign Responders
904460,Budget-Conscious Browsers
904461,Premium Campaign Responders
904462,Budget-Conscious Browsers
904463,Digital Deal-Seekers
904464,Digital Deal-Seekers
904465,Premium Campaign Responders
904466,Premium Campaign Responders
904467,Affluent Quiet Loyalists
904468,Digital Deal-Seekers
904469,Budget-Conscious Browsers
904470,Budget-Conscious Browsers
904471,Affluent Quiet Loyalists
904472,Digital Deal-Seekers
904473,Digital Deal-Seekers
904474,Digital Deal-Seekers
904475,Premium Campaign Responders
904476,Affluent Quiet Loyalists
904477,Premium Campaign Responders
904478,Digital Deal-Seekers
904479,Budget-Conscious Browsers
904480,Affluent Quiet Loyalists
904481,Budget-Conscious Browsers
904482,Digital Deal-Seekers
904483,Affluent Quiet Loyalists
904484,Digital Deal-Seekers
904485,Budget-Conscious Browsers
904486,Digital Deal-Seekers
904487,Premium Campaign Responders
904488,Premium Campaign Responders
904489,Budget-Conscious Browsers
904490,Digital Deal-Seekers
904491,Budget-Conscious Browsers
904492,Budget-Conscious Browsers
904493,Digital Deal-Seekers
904494,Premium Campaign Responders
904495,Affluent Quiet Loyalists
904496,Premium Campaign Responders
904497,Digital Deal-Seekers
904498,Digital Deal-Seekers
904499,Digital Deal-Seekers
904500,Digital Deal-Seekers
904501,Premium Campaign Responders
904502,Budget-Conscious Browsers
904503,Premium Campaign Responders
904504,Affluent Quiet Loyalists
904505,Affluent Quiet Loyalists
904506,Affluent Quiet Loyalists
904507,Budget-Conscious Browsers
904508,Digital Deal-Seekers
904509,Budget-Conscious Browsers
904510,Digital Deal-Seekers
904511,Digital Deal-Seekers
904512,Affluent Quiet Loyalists
904513,Budget-Conscious Browsers
904514,Budget-Conscious Browsers
904515,Digital Deal-Seekers
904516,Budget-Conscious Browsers
904517,Affluent Quiet Loyalists
904518,Budget-Conscious Browsers
904519,Budget-Conscious Browsers
904520,Premium Campaign Responders
904521,Budget-Conscious Browsers
904522,Budget-Conscious Browsers
904523,Premium Campaign Responders
904524,Budget-Conscious Browsers
904525,Budget-Conscious Browsers
904526,Budget-Conscious Browsers
904527,Affluent Quiet Loyalists
904528,Affluent Quiet Loyalists
904529,Affluent Quiet Loyalists
904530,Premium Campaign Responders
904531,Budget-Conscious Browsers
904532,Digital Deal-Seekers
904533,Affluent Quiet Loyalists
904534,Affluent Quiet Loyalists
904535,Digital Deal-Seekers
904536,Budget-Conscious Browsers
904537,Budget-Conscious Browsers
904538,Affluent Quiet Loyalists
904539,Budget-Conscious Browsers
904540,Budget-Conscious Browsers
904541,Affluent Quiet Loyalists
904542,Budget-Conscious Browsers
904543,Budget-Conscious Browsers
904544,Affluent Quiet Loyalists
904545,Affluent Quiet Loyalists
904546,Digital Deal-Seekers
904547,Affluent Quiet Loyalists
904548,Affluent Quiet Loyalists
904549,Affluent Quiet Loyalists
904550,Affluent Quiet Loyalists
904551,Budget-Conscious Browsers
904552,Budget-Conscious Browsers
904553,Budget-Conscious Browsers
904554,Digital Deal-Seekers
904555,Digital Deal-Seekers
904556,Digital Deal-Seekers
904557,Budget-Conscious Browsers
904558,Budget-Conscious Browsers
904559,Digital Deal-Seekers
904560,Digital Deal-Seekers
904561,Digital Deal-Seekers
904562,Budget-Conscious Browsers
904563,Budget-Conscious Browsers
904564,Affluent Quiet Loyalists
904565,Affluent Quiet Loyalists
904566,Budget-Conscious Browsers
904567,Budget-Conscious Browsers
904568,Digital Deal-Seekers
904569,Premium Campaign Responders
904570,Budget-Conscious Browsers
904571,Budget-Conscious Browsers
904572,Digital Deal-Seekers
904573,Affluent Quiet Loyalists
904574,Affluent Quiet Loyalists
904575,Budget-Conscious Browsers
904576,Budget-Conscious Browsers
904577,Digital Deal-Seekers
904578,Budget-Conscious Browsers
904579,Budget-Conscious Browsers
904580,Affluent Quiet Loyalists
904581,Budget-Conscious Browsers
904582,Affluent Quiet Loyalists
904583,Budget-Conscious Browsers
904584,Digital Deal-Seekers
904585,Digital Deal-Seekers
904586,Budget-Conscious Browsers
904587,Budget-Conscious Browsers
904588,Budget-Conscious Browsers
904589,Budget-Conscious Browsers
904590,Budget-Conscious Browsers
904591,Affluent Quiet Loyalists
904592,Budget-Conscious Browsers
904593,Budget-Conscious Browsers
904594,Digital Deal-Seekers
904595,Premium Campaign Responders
904596,Digital Deal-Seekers
904597,Digital Deal-Seekers
904598,Premium Campaign Responders
904599,Digital Deal-Seekers
904600,Digital Deal-Seekers
904601,Budget-Conscious Browsers
904602,Budget-Conscious Browsers
904603,Budget-Conscious Browsers
904604,Premium Campaign Responders
904605,Affluent Quiet Loyalists
904606,Affluent Quiet Loyalists
904607,Budget-Conscious Browsers
904608,Budget-Conscious Browsers
904609,Digital Deal-Seekers
904610,Affluent Quiet Loyalists
904611,Premium Campaign Responders
904612,Budget-Conscious Browsers
904613,Premium Campaign Responders
904614,Budget-Conscious Browsers
904615,Affluent Quiet Loyalists
904616,Digital Deal-Seekers
904617,Budget-Conscious Browsers
904618,Budget-Conscious Browsers
904619,Budget-Conscious Browsers
904620,Affluent Quiet Loyalists
904621,Premium Campaign Responders
904622,Digital Deal-Seekers
904623,Budget-Conscious Browsers
904624,Budget-Conscious Browsers
904625,Budget-Conscious Browsers
904626,Budget-Conscious Browsers
904627,Affluent Quiet Loyalists
904628,Budget-Conscious Browsers
904629,Affluent Quiet Loyalists
904630,Budget-Conscious Browsers
904631,Digital Deal-Seekers
904632,Premium Campaign Responders
904633,Budget-Conscious Browsers
904634,Budget-Conscious Browsers
904635,Budget-Conscious Browsers
904636,Premium Campaign Responders
904637,Digital Deal-Seekers
904638,Budget-Conscious Browsers
904639,Budget-Conscious Browsers
904640,Digital Deal-Seekers
904641,Affluent Quiet Loyalists
904642,Budget-Conscious Browsers
904643,Digital Deal-Seekers
904644,Premium Campaign Responders
904645,Budget-Conscious Browsers
904646,Affluent Quiet Loyalists
904647,Budget-Conscious Browsers
904648,Budget-Conscious Browsers
904649,Digital Deal-Seekers
904650,Budget-Conscious Browsers
904651,Budget-Conscious Browsers
904652,Digital Deal-Seekers
904653,Budget-Conscious Browsers
904654,Budget-Conscious Browsers
904655,Budget-Conscious Browsers
904656,Budget-Conscious Browsers
904657,Budget-Conscious Browsers
904658,Digital Deal-Seekers
904659,Budget-Conscious Browsers
904660,Digital Deal-Seekers
904661,Digital Deal-Seekers
904662,Budget-Conscious Browsers
904663,Budget-Conscious Browsers
904664,Budget-Conscious Browsers
904665,Budget-Conscious Browsers
904666,Digital Deal-Seekers
904667,Premium Campaign Responders
904668,Budget-Conscious Browsers
904669,Premium Campaign Responders
904670,Budget-Conscious Browsers
904671,Affluent Quiet Loyalists
904672,Affluent Quiet Loyalists
904673,Budget-Conscious Browsers
904674,Premium Campaign Responders
904675,Digital Deal-Seekers
904676,Budget-Conscious Browsers
904677,Affluent Quiet Loyalists
904678,Affluent Quiet Loyalists
904679,Budget-Conscious Browsers
904680,Budget-Conscious Browsers
904681,Affluent Quiet Loyalists
904682,Digital Deal-Seekers
904683,Affluent Quiet Loyalists
904684,Budget-Conscious Browsers
904685,Budget-Conscious Browsers
904686,Affluent Quiet Loyalists
904687,Budget-Conscious Browsers
904688,Affluent Quiet Loyalists
904689,Budget-Conscious Browsers
904690,Budget-Conscious Browsers
904691,Affluent Quiet Loyalists
904692,Digital Deal-Seekers
904693,Budget-Conscious Browsers
904694,Budget-Conscious Browsers
904695,Premium Campaign Responders
904696,Affluent Quiet Loyalists
904697,Budget-Conscious Browsers
904698,Affluent Quiet Loyalists
904699,Affluent Quiet Loyalists
904700,Budget-Conscious Browsers
904701,Affluent Quiet Loyalists
904702,Premium Campaign Responders
904703,Digital Deal-Seekers
904704,Digital Deal-Seekers
904705,Premium Campaign Responders
904706,Budget-Conscious Browsers
904707,Digital Deal-Seekers
904708,Affluent Quiet Loyalists
904709,Digital Deal-Seekers
904710,Digital Deal-Seekers
904711,Budget-Conscious Browsers
904712,Budget-Conscious Browsers
904713,Affluent Quiet Loyalists
904714,Premium Campaign Responders
904715,Affluent Quiet Loyalists
904716,Premium Campaign Responders
904717,Digital Deal-Seekers
904718,Premium Campaign Responders
904719,Affluent Quiet Loyalists
904720,Digital Deal-Seekers
904721,Digital Deal-Seekers
904722,Budget-Conscious Browsers
904723,Budget-Conscious Browsers
904724,Affluent Quiet Loyalists
904725,Affluent Quiet Loyalists
904726,Affluent Quiet Loyalists
904727,Budget-Conscious Browsers
904728,Budget-Conscious Browsers
904729,Digital Deal-Seekers
904730,Digital Deal-Seekers
904731,Budget-Conscious Browsers
904732,Budget-Conscious Browsers
904733,Budget-Conscious Browsers
904734,Digital Deal-Seekers
904735,Affluent Quiet Loyalists
904736,Affluent Quiet Loyalists
904737,Affluent Quiet Loyalists
904738,Budget-Conscious Browsers
904739,Budget-Conscious Browsers
904740,Premium Campaign Responders
904741,Budget-Conscious Browsers
904742,Affluent Quiet Loyalists
904743,Affluent Quiet Loyalists
904744,Digital Deal-Seekers
904745,Budget-Conscious Browsers
904746,Affluent Quiet Loyalists
904747,Digital Deal-Seekers
904748,Digital Deal-Seekers
904749,Digital Deal-Seekers
904750,Budget-Conscious Browsers
904751,Digital Deal-Seekers
904752,Affluent Quiet Loyalists
904753,Budget-Conscious Browsers
904754,Budget-Conscious Browsers
904755,Budget-Conscious Browsers
904756,Affluent Quiet Loyalists
904757,Affluent Quiet Loyalists
904758,Premium Campaign Responders
904759,Budget-Conscious Browsers
904760,Budget-Conscious Browsers
904761,Affluent Quiet Loyalists
904762,Digital Deal-Seekers
904763,Affluent Quiet Loyalists
904764,Budget-Conscious Browsers
904765,Premium Campaign Responders
904766,Budget-Conscious Browsers
904767,Affluent Quiet Loyalists
904768,Premium Campaign Responders
904769,Affluent Quiet Loyalists
904770,Premium Campaign Responders
904771,Budget-Conscious Browsers
904772,Budget-Conscious Browsers
904773,Digital Deal-Seekers
904774,Digital Deal-Seekers
904775,Premium Campaign Responders
904776,Budget-Conscious Browsers
904777,Affluent Quiet Loyalists
904778,Budget-Conscious Browsers
904779,Premium Campaign Responders
904780,Affluent Quiet Loyalists
904781,Budget-Conscious Browsers
904782,Affluent Quiet Loyalists
904783,Affluent Quiet Loyalists
904784,Affluent Quiet Loyalists
904785,Budget-Conscious Browsers
904786,Digital Deal-Seekers
904787,Affluent Quiet Loyalists
904788,Digital Deal-Seekers
904789,Budget-Conscious Browsers
904790,Budget-Conscious Browsers
904791,Premium Campaign Responders
904792,Affluent Quiet Loyalists
904793,Affluent Quiet Loyalists
904794,Digital Deal-Seekers
904795,Budget-Conscious Browsers
904796,Budget-Conscious Browsers
904797,Premium Campaign Responders
904798,Digital Deal-Seekers
904799,Budget-Conscious Browsers
904800,Budget-Conscious Browsers
904801,Digital Deal-Seekers
904802,Digital Deal-Seekers
904803,Digital Deal-Seekers
904804,Premium Campaign Responders
904805,Premium Campaign Responders
904806,Budget-Conscious Browsers
904807,Affluent Quiet Loyalists
904808,Budget-Conscious Browsers
904809,Affluent Quiet Loyalists
904810,Budget-Conscious Browsers
904811,Budget-Conscious Browsers
904812,Affluent Quiet Loyalists
904813,Budget-Conscious Browsers
904814,Affluent Quiet Loyalists
904815,Premium Campaign Responders
904816,Budget-Conscious Browsers
904817,Affluent Quiet Loyalists
904818,Affluent Quiet Loyalists
904819,Premium Campaign Responders
904820,Affluent Quiet Loyalists
904821,Affluent Quiet Loyalists
904822,Premium Campaign Responders
904823,Premium Campaign Responders
904824,Budget-Conscious Browsers
904825,Affluent Quiet Loyalists
904826,Affluent Quiet Loyalists
904827,Budget-Conscious Browsers
904828,Budget-Conscious Browsers
904829,Affluent Quiet Loyalists
904830,Budget-Conscious Browsers
904831,Budget-Conscious Browsers
904832,Affluent Quiet Loyalists
904833,Digital Deal-Seekers
904834,Digital Deal-Seekers
904835,Digital Deal-Seekers
904836,Affluent Quiet Loyalists
904837,Affluent Quiet Loyalists
904838,Affluent Quiet Loyalists
904839,Affluent Quiet Loyalists
904840,Premium Campaign Responders
904841,Affluent Quiet Loyalists
904842,Budget-Conscious Browsers
904843,Premium Campaign Responders
904844,Affluent Quiet Loyalists
904845,Premium Campaign Responders
904846,Premium Campaign Responders
904847,Affluent Quiet Loyalists
904848,Budget-Conscious Browsers
904849,Budget-Conscious Browsers
904850,Budget-Conscious Browsers
904851,Affluent Quiet Loyalists
904852,Affluent Quiet Loyalists
904853,Budget-Conscious Browsers
904854,Budget-Conscious Browsers
904855,Budget-Conscious Browsers
904856,Affluent Quiet Loyalists
904857,Affluent Quiet Loyalists
904858,Premium Campaign Responders
904859,Digital Deal-Seekers
904860,Premium Campaign Responders
904861,Digital Deal-Seekers
904862,Premium Campaign Responders
904863,Premium Campaign Responders
904864,Budget-Conscious Browsers
904865,Digital Deal-Seekers
904866,Affluent Quiet Loyalists
904867,Affluent Quiet Loyalists
904868,Affluent Quiet Loyalists
904869,Affluent Quiet Loyalists
904870,Digital Deal-Seekers
904871,Budget-Conscious Browsers
904872,Affluent Quiet Loyalists
904873,Digital Deal-Seekers
904874,Affluent Quiet Loyalists
904875,Digital Deal-Seekers
904876,Budget-Conscious Browsers
904877,Digital Deal-Seekers
904878,Premium Campaign Responders
904879,Budget-Conscious Browsers
904880,Affluent Quiet Loyalists
904881,Affluent Quiet Loyalists
904882,Budget-Conscious Browsers
904883,Budget-Conscious Browsers
904884,Digital Deal-Seekers
904885,Budget-Conscious Browsers
904886,Premium Campaign Responders
904887,Budget-Conscious Browsers
904888,Budget-Conscious Browsers
904889,Budget-Conscious Browsers
904890,Digital Deal-Seekers
904891,Premium Campaign Responders
904892,Budget-Conscious Browsers
904893,Budget-Conscious Browsers
904894,Premium Campaign Responders
904895,Premium Campaign Responders
904896,Premium Campaign Responders
904897,Affluent Quiet Loyalists
904898,Budget-Conscious Browsers
904899,Budget-Conscious Browsers
904900,Budget-Conscious Browsers
904901,Premium Campaign Responders
904902,Budget-Conscious Browsers
904903,Budget-Conscious Browsers
904904,Digital Deal-Seekers
904905,Budget-Conscious Browsers
904906,Budget-Conscious Browsers
904907,Premium Campaign Responders
904908,Affluent Quiet Loyalists
904909,Digital Deal-Seekers
904910,Affluent Quiet Loyalists
904911,Digital Deal-Seekers
904912,Premium Campaign Responders
904913,Budget-Conscious Browsers
904914,Affluent Quiet Loyalists
904915,Affluent Quiet Loyalists
904916,Budget-Conscious Browsers
904917,Digital Deal-Seekers
904918,Premium Campaign Responders
904919,Budget-Conscious Browsers
904920,Budget-Conscious Browsers
904921,Budget-Conscious Browsers
904922,Affluent Quiet Loyalists
904923,Budget-Conscious Browsers
904924,Digital Deal-Seekers
904925,Affluent Quiet Loyalists
904926,Budget-Conscious Browsers
904927,Digital Deal-Seekers
904928,Premium Campaign Responders
904929,Affluent Quiet Loyalists
904930,Premium Campaign Responders
904931,Budget-Conscious Browsers
904932,Budget-Conscious Browsers
904933,Affluent Quiet Loyalists
904934,Premium Campaign Responders
904935,Digital Deal-Seekers
904936,Premium Campaign Responders
904937,Budget-Conscious Browsers
904938,Premium Campaign Responders
904939,Premium Campaign Responders
904940,Affluent Quiet Loyalists
904941,Affluent Quiet Loyalists
904942,Premium Campaign Responders
904943,Digital Deal-Seekers
904944,Budget-Conscious Browsers
904945,Affluent Quiet Loyalists
904946,Digital Deal-Seekers
904947,Premium Campaign Responders
904948,Premium Campaign Responders
904949,Digital Deal-Seekers
904950,Premium Campaign Responders
904951,Budget-Conscious Browsers
904952,Budget-Conscious Browsers
904953,Budget-Conscious Browsers
904954,Digital Deal-Seekers
904955,Affluent Quiet Loyalists
904956,Budget-Conscious Browsers
904957,Budget-Conscious Browsers
904958,Digital Deal-Seekers
904959,Digital Deal-Seekers
904960,Affluent Quiet Loyalists
904961,Budget-Conscious Browsers
904962,Affluent Quiet Loyalists
904963,Affluent Quiet Loyalists
904964,Digital Deal-Seekers
904965,Budget-Conscious Browsers
904966,Digital Deal-Seekers
904967,Affluent Quiet Loyalists
904968,Affluent Quiet Loyalists
904969,Budget-Conscious Browsers
904970,Affluent Quiet Loyalists
904971,Budget-Conscious Browsers
904972,Premium Campaign Responders
904973,Affluent Quiet Loyalists
904974,Premium Campaign Responders
904975,Affluent Quiet Loyalists
904976,Digital Deal-Seekers
904977,Affluent Quiet Loyalists
904978,Premium Campaign Responders
904979,Premium Campaign Responders
904980,Budget-Conscious Browsers
904981,Affluent Quiet Loyalists
904982,Digital Deal-Seekers
904983,Premium Campaign Responders
904984,Affluent Quiet Loyalists
904985,Affluent Quiet Loyalists
904986,Affluent Quiet Loyalists
904987,Budget-Conscious Browsers
904988,Budget-Conscious Browsers
904989,Budget-Conscious Browsers
904990,Budget-Conscious Browsers
904991,Budget-Conscious Browsers
904992,Budget-Conscious Browsers
904993,Budget-Conscious Browsers
904994,Premium Campaign Responders
904995,Affluent Quiet Loyalists
904996,Premium Campaign Responders
904997,Budget-Conscious Browsers
904998,Digital Deal-Seekers
904999,Digital Deal-Seekers
905000,Digital Deal-Seekers
905001,Digital Deal-Seekers
905002,Digital Deal-Seekers
905003,Premium Campaign Responders
905004,Affluent Quiet Loyalists
905005,Premium Campaign Responders
905006,Affluent Quiet Loyalists
905007,Affluent Quiet Loyalists
905008,Digital Deal-Seekers
905009,Premium Campaign Responders
905010,Budget-Conscious Browsers
905011,Budget-Conscious Browsers
905012,Digital Deal-Seekers
905013,Budget-Conscious Browsers
905014,Digital Deal-Seekers
905015,Budget-Conscious Browsers
905016,Budget-Conscious Browsers
905017,Affluent Quiet Loyalists
905018,Digital Deal-Seekers
905019,Premium Campaign Responders
905020,Affluent Quiet Loyalists
905021,Budget-Conscious Browsers
905022,Digital Deal-Seekers
905023,Affluent Quiet Loyalists
905024,Budget-Conscious Browsers
905025,Affluent Quiet Loyalists
905026,Premium Campaign Responders
905027,Budget-Conscious Browsers
905028,Affluent Quiet Loyalists
905029,Affluent Quiet Loyalists
905030,Digital Deal-Seekers
905031,Budget-Conscious Browsers
905032,Digital Deal-Seekers
905033,Affluent Quiet Loyalists
905034,Budget-Conscious Browsers
905035,Digital Deal-Seekers
905036,Budget-Conscious Browsers
905037,Affluent Quiet Loyalists
905038,Premium Campaign Responders
905039,Budget-Conscious Browsers
905040,Digital Deal-Seekers
905041,Digital Deal-Seekers
905042,Premium Campaign Responders
905043,Digital Deal-Seekers
905044,Budget-Conscious Browsers
905045,Budget-Conscious Browsers
905046,Affluent Quiet Loyalists
905047,Affluent Quiet Loyalists
905048,Digital Deal-Seekers
905049,Digital Deal-Seekers
905050,Budget-Conscious Browsers
905051,Affluent Quiet Loyalists
905052,Digital Deal-Seekers
905053,Premium Campaign Responders
905054,Affluent Quiet Loyalists
905055,Premium Campaign Responders
905056,Affluent Quiet Loyalists
905057,Premium Campaign Responders
905058,Digital Deal-Seekers
905059,Premium Campaign Responders
905060,Affluent Quiet Loyalists
905061,Digital Deal-Seekers
905062,Premium Campaign Responders
905063,Premium Campaign Responders
905064,Premium Campaign Responders
905065,Budget-Conscious Browsers
905066,Budget-Conscious Browsers
905067,Digital Deal-Seekers
905068,Budget-Conscious Browsers
905069,Affluent Quiet Loyalists
905070,Affluent Quiet Loyalists
905071,Digital Deal-Seekers
905072,Affluent Quiet Loyalists
905073,Budget-Conscious Browsers
905074,Affluent Quiet Loyalists
905075,Budget-Conscious Browsers
905076,Premium Campaign Responders
905077,Affluent Quiet Loyalists
905078,Budget-Conscious Browsers
905079,Premium Campaign Responders
905080,Affluent Quiet Loyalists
905081,Premium Campaign Responders
905082,Premium Campaign Responders
905083,Affluent Quiet Loyalists
905084,Budget-Conscious Browsers
905085,Budget-Conscious Browsers
905086,Budget-Conscious Browsers
905087,Budget-Conscious Browsers
905088,Affluent Quiet Loyalists
905089,Budget-Conscious Browsers
905090,Affluent Quiet Loyalists
905091,Premium Campaign Responders
905092,Budget-Conscious Browsers
905093,Affluent Quiet Loyalists
905094,Budget-Conscious Browsers
905095,Affluent Quiet Loyalists
905096,Budget-Conscious Browsers
905097,Budget-Conscious Browsers
905098,Premium Campaign Responders
905099,Affluent Quiet Loyalists
905100,Affluent Quiet Loyalists
905101,Budget-Conscious Browsers
905102,Premium Campaign Responders
905103,Budget-Conscious Browsers
905104,Budget-Conscious Browsers
905105,Budget-Conscious Browsers
905106,Affluent Quiet Loyalists
905107,Budget-Conscious Browsers
905108,Digital Deal-Seekers
905109,Affluent Quiet Loyalists
905110,Affluent Quiet Loyalists
905111,Digital Deal-Seekers
905112,Digital Deal-Seekers
905113,Digital Deal-Seekers
905114,Budget-Conscious Browsers
905115,Digital Deal-Seekers
905116,Affluent Quiet Loyalists
905117,Budget-Conscious Browsers
905118,Digital Deal-Seekers
905119,Budget-Conscious Browsers
905120,Budget-Conscious Browsers
905121,Premium Campaign Responders
905122,Digital Deal-Seekers
905123,Premium Campaign Responders
905124,Affluent Quiet Loyalists
905125,Budget-Conscious Browsers
905126,Premium Campaign Responders
905127,Budget-Conscious Browsers
905128,Affluent Quiet Loyalists
905129,Digital Deal-Seekers
905130,Budget-Conscious Browsers
905131,Budget-Conscious Browsers
905132,Budget-Conscious Browsers
905133,Digital Deal-Seekers
905134,Budget-Conscious Browsers
905135,Digital Deal-Seekers
905136,Affluent Quiet Loyalists
905137,Digital Deal-Seekers
905138,Budget-Conscious Browsers
905139,Digital Deal-Seekers
905140,Digital Deal-Seekers
905141,Premium Campaign Responders
905142,Budget-Conscious Browsers
905143,Affluent Quiet Loyalists
905144,Digital Deal-Seekers
905145,Premium Campaign Responders
905146,Budget-Conscious Browsers
905147,Budget-Conscious Browsers
905148,Budget-Conscious Browsers
905149,Budget-Conscious Browsers
905150,Budget-Conscious Browsers
905151,Digital Deal-Seekers
905152,Digital Deal-Seekers
905153,Budget-Conscious Browsers
905154,Budget-Conscious Browsers
905155,Digital Deal-Seekers
905156,Premium Campaign Responders
905157,Digital Deal-Seekers
905158,Digital Deal-Seekers
905159,Affluent Quiet Loyalists
905160,Digital Deal-Seekers
905161,Affluent Quiet Loyalists
905162,Premium Campaign Responders
905163,Premium Campaign Responders
905164,Affluent Quiet Loyalists
905165,Budget-Conscious Browsers
905166,Budget-Conscious Browsers
905167,Digital Deal-Seekers
905168,Affluent Quiet Loyalists
905169,Affluent Quiet Loyalists
905170,Budget-Conscious Browsers
905171,Budget-Conscious Browsers
905172,Budget-Conscious Browsers
905173,Budget-Conscious Browsers
905174,Premium Campaign Responders
905175,Premium Campaign Responders
905176,Digital Deal-Seekers
905177,Budget-Conscious Browsers
905178,Digital Deal-Seekers
905179,Budget-Conscious Browsers
905180,Affluent Quiet Loyalists
905181,Premium Campaign Responders
905182,Budget-Conscious Browsers
905183,Premium Campaign Responders
905184,Affluent Quiet Loyalists
905185,Budget-Conscious Browsers
905186,Premium Campaign Responders
905187,Digital Deal-Seekers
905188,Budget-Conscious Browsers
905189,Budget-Conscious Browsers
905190,Premium Campaign Responders
905191,Budget-Conscious Browsers
905192,Digital Deal-Seekers
905193,Affluent Quiet Loyalists
905194,Budget-Conscious Browsers
905195,Affluent Quiet Loyalists
905196,Budget-Conscious Browsers
905197,Digital Deal-Seekers
905198,Affluent Quiet Loyalists
905199,Premium Campaign Responders
905200,Budget-Conscious Browsers
905201,Budget-Conscious Browsers
905202,Premium Campaign Responders
905203,Digital Deal-Seekers
905204,Affluent Quiet Loyalists
905205,Budget-Conscious Browsers
905206,Premium Campaign Responders
905207,Budget-Conscious Browsers
905208,Affluent Quiet Loyalists
905209,Budget-Conscious Browsers
905210,Budget-Conscious Browsers
905211,Digital Deal-Seekers
905212,Budget-Conscious Browsers
905213,Affluent Quiet Loyalists
905214,Affluent Quiet Loyalists
905215,Premium Campaign Responders
905216,Budget-Conscious Browsers
905217,Budget-Conscious Browsers
905218,Affluent Quiet Loyalists
905219,Budget-Conscious Browsers
905220,Digital Deal-Seekers
905221,Digital Deal-Seekers
905222,Digital Deal-Seekers
905223,Digital Deal-Seekers
905224,Affluent Quiet Loyalists
905225,Premium Campaign Responders
905226,Premium Campaign Responders
905227,Digital Deal-Seekers
905228,Premium Campaign Responders
905229,Budget-Conscious Browsers
905230,Budget-Conscious Browsers
905231,Affluent Quiet Loyalists
905232,Budget-Conscious Browsers
905233,Premium Campaign Responders
905234,Digital Deal-Seekers
905235,Budget-Conscious Browsers
905236,Budget-Conscious Browsers
905237,Budget-Conscious Browsers
905238,Budget-Conscious Browsers
905239,Affluent Quiet Loyalists
905240,Digital Deal-Seekers
905241,Digital Deal-Seekers
905242,Budget-Conscious Browsers
905243,Budget-Conscious Browsers
905244,Budget-Conscious Browsers
905245,Budget-Conscious Browsers
905246,Digital Deal-Seekers
905247,Affluent Quiet Loyalists
905248,Budget-Conscious Browsers
905249,Budget-Conscious Browsers
905250,Digital Deal-Seekers
905251,Budget-Conscious Browsers
905252,Digital Deal-Seekers
905253,Budget-Conscious Browsers
905254,Budget-Conscious Browsers
905255,Affluent Quiet Loyalists
905256,Premium Campaign Responders
905257,Budget-Conscious Browsers
905258,Digital Deal-Seekers
905259,Budget-Conscious Browsers
905260,Affluent Quiet Loyalists
905261,Affluent Quiet Loyalists
905262,Affluent Quiet Loyalists
905263,Affluent Quiet Loyalists
905264,Budget-Conscious Browsers
905265,Budget-Conscious Browsers
905266,Budget-Conscious Browsers
905267,Premium Campaign Responders
905268,Budget-Conscious Browsers
905269,Affluent Quiet Loyalists
905270,Affluent Quiet Loyalists
905271,Affluent Quiet Loyalists
905272,Premium Campaign Responders
905273,Affluent Quiet Loyalists
905274,Affluent Quiet Loyalists
905275,Budget-Conscious Browsers
905276,Budget-Conscious Browsers
905277,Budget-Conscious Browsers
905278,Digital Deal-Seekers
905279,Budget-Conscious Browsers
905280,Digital Deal-Seekers
905281,Budget-Conscious Browsers
905282,Affluent Quiet Loyalists
905283,Budget-Conscious Browsers
905284,Budget-Conscious Browsers
905285,Premium Campaign Responders
905286,Digital Deal-Seekers
905287,Affluent Quiet Loyalists
905288,Affluent Quiet Loyalists
905289,Digital Deal-Seekers
905290,Affluent Quiet Loyalists
905291,Affluent Quiet Loyalists
905292,Budget-Conscious Browsers
905293,Budget-Conscious Browsers
905294,Premium Campaign Responders
905295,Premium Campaign Responders
905296,Affluent Quiet Loyalists
905297,Digital Deal-Seekers
905298,Premium Campaign Responders
905299,Budget-Conscious Browsers
905300,Budget-Conscious Browsers
905301,Budget-Conscious Browsers
905302,Premium Campaign Responders
905303,Digital Deal-Seekers
905304,Affluent Quiet Loyalists
905305,Digital Deal-Seekers
905306,Budget-Conscious Browsers
905307,Digital Deal-Seekers
905308,Digital Deal-Seekers
905309,Affluent Quiet Loyalists
905310,Affluent Quiet Loyalists
905311,Budget-Conscious Browsers
905312,Premium Campaign Responders
905313,Budget-Conscious Browsers
905314,Digital Deal-Seekers
905315,Budget-Conscious Browsers
905316,Digital Deal-Seekers
905317,Digital Deal-Seekers
905318,Digital Deal-Seekers
905319,Digital Deal-Seekers
905320,Premium Campaign Responders
905321,Affluent Quiet Loyalists
905322,Affluent Quiet Loyalists
905323,Budget-Conscious Browsers
905324,Budget-Conscious Browsers
905325,Affluent Quiet Loyalists
905326,Budget-Conscious Browsers
905327,Digital Deal-Seekers
905328,Digital Deal-Seekers
905329,Digital Deal-Seekers
905330,Digital Deal-Seekers
905331,Affluent Quiet Loyalists
905332,Premium Campaign Responders
905333,Affluent Quiet Loyalists
905334,Budget-Conscious Browsers
905335,Digital Deal-Seekers
905336,Affluent Quiet Loyalists
905337,Affluent Quiet Loyalists
905338,Budget-Conscious Browsers
905339,Premium Campaign Responders
905340,Digital Deal-Seekers
905341,Budget-Conscious Browsers
905342,Affluent Quiet Loyalists
905343,Budget-Conscious Browsers
905344,Budget-Conscious Browsers
905345,Budget-Conscious Browsers
905346,Budget-Conscious Browsers
905347,Budget-Conscious Browsers
905348,Budget-Conscious Browsers
905349,Affluent Quiet Loyalists
905350,Digital Deal-Seekers
905351,Affluent Quiet Loyalists
905352,Affluent Quiet Loyalists
905353,Affluent Quiet Loyalists
905354,Digital Deal-Seekers
905355,Affluent Quiet Loyalists
905356,Budget-Conscious Browsers
905357,Affluent Quiet Loyalists
905358,Budget-Conscious Browsers
905359,Budget-Conscious Browsers
905360,Premium Campaign Responders
905361,Affluent Quiet Loyalists
905362,Affluent Quiet Loyalists
905363,Budget-Conscious Browsers
905364,Affluent Quiet Loyalists
905365,Premium Campaign Responders
905366,Digital Deal-Seekers
905367,Budget-Conscious Browsers
905368,Budget-Conscious Browsers
905369,Affluent Quiet Loyalists
905370,Digital Deal-Seekers
905371,Premium Campaign Responders
905372,Budget-Conscious Browsers
905373,Digital Deal-Seekers
905374,Budget-Conscious Browsers
905375,Affluent Quiet Loyalists
905376,Affluent Quiet Loyalists
905377,Affluent Quiet Loyalists
905378,Affluent Quiet Loyalists
905379,Budget-Conscious Browsers
905380,Digital Deal-Seekers
905381,Premium Campaign Responders
905382,Digital Deal-Seekers
905383,Affluent Quiet Loyalists
905384,Premium Campaign Responders
905385,Budget-Conscious Browsers
905386,Affluent Quiet Loyalists
905387,Premium Campaign Responders
905388,Premium Campaign Responders
905389,Affluent Quiet Loyalists
905390,Premium Campaign Responders
905391,Digital Deal-Seekers
905392,Affluent Quiet Loyalists
905393,Digital Deal-Seekers
905394,Budget-Conscious Browsers
905395,Budget-Conscious Browsers
905396,Affluent Quiet Loyalists
905397,Budget-Conscious Browsers
905398,Premium Campaign Responders
905399,Budget-Conscious Browsers
905400,Budget-Conscious Browsers
905401,Budget-Conscious Browsers
905402,Budget-Conscious Browsers
905403,Budget-Conscious Browsers
905404,Budget-Conscious Browsers
905405,Premium Campaign Responders
905406,Premium Campaign Responders
905407,Digital Deal-Seekers
905408,Digital Deal-Seekers
905409,Budget-Conscious Browsers
905410,Premium Campaign Responders
905411,Budget-Conscious Browsers
905412,Affluent Quiet Loyalists
905413,Premium Campaign Responders
905414,Budget-Conscious Browsers
905415,Digital Deal-Seekers
905416,Affluent Quiet Loyalists
905417,Affluent Quiet Loyalists
905418,Affluent Quiet Loyalists
905419,Digital Deal-Seekers
905420,Affluent Quiet Loyalists
905421,Digital Deal-Seekers
905422,Budget-Conscious Browsers
905423,Budget-Conscious Browsers
905424,Budget-Conscious Browsers
905425,Budget-Conscious Browsers
905426,Affluent Quiet Loyalists
905427,Affluent Quiet Loyalists
905428,Premium Campaign Responders
905429,Premium Campaign Responders
905430,Premium Campaign Responders
905431,Affluent Quiet Loyalists
905432,Affluent Quiet Loyalists
905433,Budget-Conscious Browsers
905434,Digital Deal-Seekers
905435,Budget-Conscious Browsers
905436,Affluent Quiet Loyalists
905437,Affluent Quiet Loyalists
905438,Affluent Quiet Loyalists
905439,Affluent Quiet Loyalists
905440,Digital Deal-Seekers
905441,Affluent Quiet Loyalists
905442,Digital Deal-Seekers
905443,Affluent Quiet Loyalists
905444,Affluent Quiet Loyalists
905445,Digital Deal-Seekers
905446,Digital Deal-Seekers
905447,Budget-Conscious Browsers
905448,Affluent Quiet Loyalists
905449,Digital Deal-Seekers
905450,Digital Deal-Seekers
905451,Premium Campaign Responders
905452,Premium Campaign Responders
905453,Affluent Quiet Loyalists
905454,Premium Campaign Responders
905455,Digital Deal-Seekers
905456,Digital Deal-Seekers
905457,Premium Campaign Responders
905458,Budget-Conscious Browsers
905459,Premium Campaign Responders
905460,Digital Deal-Seekers
905461,Budget-Conscious Browsers
905462,Digital Deal-Seekers
905463,Affluent Quiet Loyalists
905464,Digital Deal-Seekers
905465,Premium Campaign Responders
905466,Digital Deal-Seekers
905467,Affluent Quiet Loyalists
905468,Premium Campaign Responders
905469,Digital Deal-Seekers
905470,Premium Campaign Responders
905471,Affluent Quiet Loyalists
905472,Budget-Conscious Browsers
905473,Premium Campaign Responders
905474,Premium Campaign Responders
905475,Affluent Quiet Loyalists
905476,Affluent Quiet Loyalists
905477,Budget-Conscious Browsers
905478,Budget-Conscious Browsers
905479,Affluent Quiet Loyalists
905480,Digital Deal-Seekers
905481,Budget-Conscious Browsers
905482,Budget-Conscious Browsers
905483,Affluent Quiet Loyalists
905484,Affluent Quiet Loyalists
905485,Digital Deal-Seekers
905486,Budget-Conscious Browsers
905487,Digital Deal-Seekers
905488,Budget-Conscious Browsers
905489,Budget-Conscious Browsers
905490,Premium Campaign Responders
905491,Premium Campaign Responders
905492,Budget-Conscious Browsers
905493,Digital Deal-Seekers
905494,Digital Deal-Seekers
905495,Budget-Conscious Browsers
905496,Budget-Conscious Browsers
905497,Affluent Quiet Loyalists
905498,Budget-Conscious Browsers
905499,Affluent Quiet Loyalists
905500,Budget-Conscious Browsers
905501,Affluent Quiet Loyalists
905502,Digital Deal-Seekers
905503,Digital Deal-Seekers
905504,Affluent Quiet Loyalists
905505,Budget-Conscious Browsers
905506,Digital Deal-Seekers
905507,Premium Campaign Responders
905508,Affluent Quiet Loyalists
905509,Premium Campaign Responders
905510,Affluent Quiet Loyalists
905511,Premium Campaign Responders
905512,Digital Deal-Seekers
905513,Budget-Conscious Browsers
905514,Budget-Conscious Browsers
905515,Budget-Conscious Browsers
905516,Digital Deal-Seekers
905517,Budget-Conscious Browsers
905518,Premium Campaign Responders
905519,Budget-Conscious Browsers
905520,Affluent Quiet Loyalists
905521,Affluent Quiet Loyalists
905522,Digital Deal-Seekers
905523,Budget-Conscious Browsers
905524,Premium Campaign Responders
905525,Premium Campaign Responders
905526,Budget-Conscious Browsers
905527,Affluent Quiet Loyalists
905528,Budget-Conscious Browsers
905529,Affluent Quiet Loyalists
905530,Premium Campaign Responders
905531,Budget-Conscious Browsers
905532,Budget-Conscious Browsers
905533,Affluent Quiet Loyalists
905534,Digital Deal-Seekers
905535,Digital Deal-Seekers
905536,Budget-Conscious Browsers
905537,Premium Campaign Responders
905538,Budget-Conscious Browsers
905539,Budget-Conscious Browsers
905540,Budget-Conscious Browsers
905541,Affluent Quiet Loyalists
905542,Digital Deal-Seekers
905543,Digital Deal-Seekers
905544,Affluent Quiet Loyalists
905545,Budget-Conscious Browsers
905546,Budget-Conscious Browsers
905547,Budget-Conscious Browsers
905548,Affluent Quiet Loyalists
905549,Budget-Conscious Browsers
905550,Digital Deal-Seekers
905551,Affluent Quiet Loyalists
905552,Budget-Conscious Browsers
905553,Premium Campaign Responders
905554,Budget-Conscious Browsers
905555,Budget-Conscious Browsers
905556,Affluent Quiet Loyalists
905557,Budget-Conscious Browsers
905558,Affluent Quiet Loyalists
905559,Digital Deal-Seekers
905560,Affluent Quiet Loyalists
905561,Budget-Conscious Browsers
905562,Affluent Quiet Loyalists
905563,Budget-Conscious Browsers
905564,Budget-Conscious Browsers
905565,Premium Campaign Responders
905566,Budget-Conscious Browsers
905567,Premium Campaign Responders
905568,Digital Deal-Seekers
905569,Digital Deal-Seekers
905570,Budget-Conscious Browsers
905571,Digital Deal-Seekers
905572,Premium Campaign Responders
905573,Digital Deal-Seekers
905574,Budget-Conscious Browsers
905575,Premium Campaign Responders
905576,Budget-Conscious Browsers
905577,Affluent Quiet Loyalists
905578,Premium Campaign Responders
905579,Digital Deal-Seekers
905580,Affluent Quiet Loyalists
905581,Budget-Conscious Browsers
905582,Budget-Conscious Browsers
905583,Affluent Quiet Loyalists
905584,Affluent Quiet Loyalists
905585,Affluent Quiet Loyalists
905586,Affluent Quiet Loyalists
905587,Affluent Quiet Loyalists
905588,Budget-Conscious Browsers
905589,Budget-Conscious Browsers
905590,Premium Campaign Responders
905591,Premium Campaign Responders
905592,Budget-Conscious Browsers
905593,Budget-Conscious Browsers
905594,Budget-Conscious Browsers
905595,Affluent Quiet Loyalists
905596,Premium Campaign Responders
905597,Budget-Conscious Browsers
905598,Budget-Conscious Browsers
905599,Premium Campaign Responders
905600,Budget-Conscious Browsers
905601,Budget-Conscious Browsers
905602,Premium Campaign Responders
905603,Budget-Conscious Browsers
905604,Affluent Quiet Loyalists
905605,Budget-Conscious Browsers
905606,Digital Deal-Seekers
905607,Digital Deal-Seekers
905608,Premium Campaign Responders
905609,Budget-Conscious Browsers
905610,Affluent Quiet Loyalists
905611,Affluent Quiet Loyalists
905612,Budget-Conscious Browsers
905613,Digital Deal-Seekers
905614,Digital Deal-Seekers
905615,Budget-Conscious Browsers
905616,Budget-Conscious Browsers
905617,Premium Campaign Responders
905618,Digital Deal-Seekers
905619,Premium Campaign Responders
905620,Affluent Quiet Loyalists
905621,Affluent Quiet Loyalists
905622,Budget-Conscious Browsers
905623,Affluent Quiet Loyalists
905624,Affluent Quiet Loyalists
905625,Affluent Quiet Loyalists
905626,Premium Campaign Responders
905627,Budget-Conscious Browsers
905628,Digital Deal-Seekers
905629,Digital Deal-Seekers
905630,Affluent Quiet Loyalists
905631,Budget-Conscious Browsers
905632,Budget-Conscious Browsers
905633,Budget-Conscious Browsers
905634,Premium Campaign Responders
905635,Premium Campaign Responders
905636,Affluent Quiet Loyalists
905637,Digital Deal-Seekers
905638,Digital Deal-Seekers
905639,Digital Deal-Seekers
905640,Digital Deal-Seekers
905641,Budget-Conscious Browsers
905642,Premium Campaign Responders
905643,Premium Campaign Responders
905644,Budget-Conscious Browsers
905645,Affluent Quiet Loyalists
905646,Budget-Conscious Browsers
905647,Affluent Quiet Loyalists
905648,Budget-Conscious Browsers
905649,Digital Deal-Seekers
905650,Affluent Quiet Loyalists
905651,Premium Campaign Responders
905652,Affluent Quiet Loyalists
905653,Budget-Conscious Browsers
905654,Budget-Conscious Browsers
905655,Digital Deal-Seekers
905656,Premium Campaign Responders
905657,Affluent Quiet Loyalists
905658,Digital Deal-Seekers
905659,Digital Deal-Seekers
905660,Digital Deal-Seekers
905661,Budget-Conscious Browsers
905662,Budget-Conscious Browsers
905663,Premium Campaign Responders
905664,Premium Campaign Responders
905665,Budget-Conscious Browsers
905666,Affluent Quiet Loyalists
905667,Affluent Quiet Loyalists
905668,Affluent Quiet Loyalists
905669,Digital Deal-Seekers
905670,Premium Campaign Responders
905671,Budget-Conscious Browsers
905672,Premium Campaign Responders
905673,Budget-Conscious Browsers
905674,Premium Campaign Responders
905675,Affluent Quiet Loyalists
905676,Digital Deal-Seekers
905677,Affluent Quiet Loyalists
905678,Affluent Quiet Loyalists
905679,Affluent Quiet Loyalists
905680,Budget-Conscious Browsers
905681,Premium Campaign Responders
905682,Budget-Conscious Browsers
905683,Budget-Conscious Browsers
905684,Digital Deal-Seekers
905685,Budget-Conscious Browsers
905686,Affluent Quiet Loyalists
905687,Digital Deal-Seekers
905688,Premium Campaign Responders
905689,Premium Campaign Responders
905690,Budget-Conscious Browsers
905691,Budget-Conscious Browsers
905692,Premium Campaign Responders
905693,Budget-Conscious Browsers
905694,Digital Deal-Seekers
905695,Affluent Quiet Loyalists
905696,Budget-Conscious Browsers
905697,Premium Campaign Responders
905698,Affluent Quiet Loyalists
905699,Premium Campaign Responders
905700,Digital Deal-Seekers
905701,Premium Campaign Responders
905702,Affluent Quiet Loyalists
905703,Budget-Conscious Browsers
905704,Digital Deal-Seekers
905705,Premium Campaign Responders
905706,Budget-Conscious Browsers
905707,Affluent Quiet Loyalists
905708,Digital Deal-Seekers
905709,Digital Deal-Seekers
905710,Affluent Quiet Loyalists
905711,Premium Campaign Responders
905712,Digital Deal-Seekers
905713,Budget-Conscious Browsers
905714,Budget-Conscious Browsers
905715,Digital Deal-Seekers
905716,Affluent Quiet Loyalists
905717,Budget-Conscious Browsers
905718,Budget-Conscious Browsers
905719,Digital Deal-Seekers
905720,Digital Deal-Seekers
905721,Premium Campaign Responders
905722,Digital Deal-Seekers
905723,Premium Campaign Responders
905724,Digital Deal-Seekers
905725,Affluent Quiet Loyalists
905726,Affluent Quiet Loyalists
905727,Affluent Quiet Loyalists
905728,Affluent Quiet Loyalists
905729,Premium Campaign Responders
905730,Digital Deal-Seekers
905731,Budget-Conscious Browsers
905732,Affluent Quiet Loyalists
905733,Digital Deal-Seekers
905734,Premium Campaign Responders
905735,Digital Deal-Seekers
905736,Budget-Conscious Browsers
905737,Budget-Conscious Browsers
905738,Digital Deal-Seekers
905739,Budget-Conscious Browsers
905740,Digital Deal-Seekers
905741,Affluent Quiet Loyalists
905742,Budget-Conscious Browsers
905743,Digital Deal-Seekers
905744,Budget-Conscious Browsers
905745,Budget-Conscious Browsers
905746,Premium Campaign Responders
905747,Digital Deal-Seekers
905748,Digital Deal-Seekers
905749,Budget-Conscious Browsers
905750,Budget-Conscious Browsers
905751,Budget-Conscious Browsers
905752,Budget-Conscious Browsers
905753,Premium Campaign Responders
905754,Budget-Conscious Browsers
905755,Budget-Conscious Browsers
905756,Digital Deal-Seekers
905757,Budget-Conscious Browsers
905758,Budget-Conscious Browsers
905759,Affluent Quiet Loyalists
905760,Affluent Quiet Loyalists
905761,Premium Campaign Responders
905762,Affluent Quiet Loyalists
905763,Premium Campaign Responders
905764,Premium Campaign Responders
905765,Digital Deal-Seekers
905766,Premium Campaign Responders
905767,Premium Campaign Responders
905768,Premium Campaign Responders
905769,Affluent Quiet Loyalists
905770,Affluent Quiet Loyalists
905771,Premium Campaign Responders
905772,Affluent Quiet Loyalists
905773,Budget-Conscious Browsers
905774,Affluent Quiet Loyalists
905775,Digital Deal-Seekers
905776,Digital Deal-Seekers
905777,Premium Campaign Responders
905778,Budget-Conscious Browsers
905779,Affluent Quiet Loyalists
905780,Digital Deal-Seekers
905781,Digital Deal-Seekers
905782,Budget-Conscious Browsers
905783,Budget-Conscious Browsers
905784,Digital Deal-Seekers
905785,Affluent Quiet Loyalists
905786,Affluent Quiet Loyalists
905787,Digital Deal-Seekers
905788,Digital Deal-Seekers
905789,Premium Campaign Responders
905790,Budget-Conscious Browsers
905791,Budget-Conscious Browsers
905792,Digital Deal-Seekers
905793,Premium Campaign Responders
905794,Affluent Quiet Loyalists
905795,Digital Deal-Seekers
905796,Affluent Quiet Loyalists
905797,Digital Deal-Seekers
905798,Digital Deal-Seekers
905799,Premium Campaign Responders
905800,Affluent Quiet Loyalists
905801,Premium Campaign Responders
905802,Digital Deal-Seekers
905803,Affluent Quiet Loyalists
905804,Premium Campaign Responders
905805,Budget-Conscious Browsers
905806,Budget-Conscious Browsers
905807,Budget-Conscious Browsers
905808,Budget-Conscious Browsers
905809,Digital Deal-Seekers
905810,Premium Campaign Responders
905811,Affluent Quiet Loyalists
905812,Premium Campaign Responders
905813,Budget-Conscious Browsers
905814,Budget-Conscious Browsers
905815,Affluent Quiet Loyalists
905816,Budget-Conscious Browsers
905817,Digital Deal-Seekers
905818,Digital Deal-Seekers
905819,Budget-Conscious Browsers
905820,Affluent Quiet Loyalists
905821,Premium Campaign Responders
905822,Affluent Quiet Loyalists
905823,Digital Deal-Seekers
905824,Budget-Conscious Browsers
905825,Budget-Conscious Browsers
905826,Premium Campaign Responders
905827,Premium Campaign Responders
905828,Budget-Conscious Browsers
905829,Premium Campaign Responders
905830,Budget-Conscious Browsers
905831,Digital Deal-Seekers
905832,Digital Deal-Seekers
905833,Budget-Conscious Browsers
905834,Digital Deal-Seekers
905835,Budget-Conscious Browsers
905836,Premium Campaign Responders
905837,Digital Deal-Seekers
905838,Affluent Quiet Loyalists
905839,Budget-Conscious Browsers
905840,Digital Deal-Seekers
905841,Affluent Quiet Loyalists
905842,Affluent Quiet Loyalists
905843,Budget-Conscious Browsers
905844,Affluent Quiet Loyalists
905845,Digital Deal-Seekers
905846,Affluent Quiet Loyalists
905847,Budget-Conscious Browsers
905848,Budget-Conscious Browsers
905849,Budget-Conscious Browsers
905850,Affluent Quiet Loyalists
905851,Digital Deal-Seekers
905852,Budget-Conscious Browsers
905853,Digital Deal-Seekers
905854,Budget-Conscious Browsers
905855,Affluent Quiet Loyalists
905856,Budget-Conscious Browsers
905857,Budget-Conscious Browsers
905858,Budget-Conscious Browsers
905859,Digital Deal-Seekers
905860,Affluent Quiet Loyalists
905861,Affluent Quiet Loyalists
905862,Budget-Conscious Browsers
905863,Premium Campaign Responders
905864,Digital Deal-Seekers
905865,Budget-Conscious Browsers
905866,Affluent Quiet Loyalists
905867,Premium Campaign Responders
905868,Digital Deal-Seekers
905869,Affluent Quiet Loyalists
905870,Budget-Conscious Browsers
905871,Budget-Conscious Browsers
905872,Budget-Conscious Browsers
905873,Budget-Conscious Browsers
905874,Budget-Conscious Browsers
905875,Budget-Conscious Browsers
905876,Affluent Quiet Loyalists
905877,Budget-Conscious Browsers
905878,Budget-Conscious Browsers
905879,Budget-Conscious Browsers
905880,Premium Campaign Responders
905881,Affluent Quiet Loyalists
905882,Budget-Conscious Browsers
905883,Affluent Quiet Loyalists
905884,Budget-Conscious Browsers
905885,Affluent Quiet Loyalists
905886,Budget-Conscious Browsers
905887,Affluent Quiet Loyalists
905888,Digital Deal-Seekers
905889,Budget-Conscious Browsers
905890,Digital Deal-Seekers
905891,Budget-Conscious Browsers
905892,Budget-Conscious Browsers
905893,Budget-Conscious Browsers
905894,Budget-Conscious Browsers
905895,Affluent Quiet Loyalists
905896,Premium Campaign Responders
905897,Budget-Conscious Browsers
905898,Affluent Quiet Loyalists
905899,Digital Deal-Seekers
905900,Affluent Quiet Loyalists
905901,Premium Campaign Responders
905902,Digital Deal-Seekers
905903,Affluent Quiet Loyalists
905904,Budget-Conscious Browsers
905905,Digital Deal-Seekers
905906,Budget-Conscious Browsers
905907,Affluent Quiet Loyalists
905908,Digital Deal-Seekers
905909,Digital Deal-Seekers
905910,Digital Deal-Seekers
905911,Digital Deal-Seekers
905912,Premium Campaign Responders
905913,Premium Campaign Responders
905914,Budget-Conscious Browsers
905915,Digital Deal-Seekers
905916,Affluent Quiet Loyalists
905917,Digital Deal-Seekers
905918,Premium Campaign Responders
905919,Digital Deal-Seekers
905920,Budget-Conscious Browsers
905921,Digital Deal-Seekers
905922,Budget-Conscious Browsers
905923,Premium Campaign Responders
905924,Budget-Conscious Browsers
905925,Budget-Conscious Browsers
905926,Budget-Conscious Browsers
905927,Affluent Quiet Loyalists
905928,Budget-Conscious Browsers
905929,Premium Campaign Responders
905930,Budget-Conscious Browsers
905931,Affluent Quiet Loyalists
905932,Digital Deal-Seekers
905933,Premium Campaign Responders
905934,Premium Campaign Responders
905935,Digital Deal-Seekers
905936,Budget-Conscious Browsers
905937,Budget-Conscious Browsers
905938,Affluent Quiet Loyalists
905939,Digital Deal-Seekers
905940,Budget-Conscious Browsers
905941,Premium Campaign Responders
905942,Digital Deal-Seekers
905943,Budget-Conscious Browsers
905944,Digital Deal-Seekers
905945,Digital Deal-Seekers
905946,Budget-Conscious Browsers
905947,Budget-Conscious Browsers
905948,Budget-Conscious Browsers
905949,Budget-Conscious Browsers
905950,Budget-Conscious Browsers
905951,Digital Deal-Seekers
905952,Digital Deal-Seekers
905953,Budget-Conscious Browsers
905954,Digital Deal-Seekers
905955,Digital Deal-Seekers
905956,Budget-Conscious Browsers
905957,Digital Deal-Seekers
905958,Premium Campaign Responders
905959,Affluent Quiet Loyalists
905960,Premium Campaign Responders
905961,Digital Deal-Seekers
905962,Premium Campaign Responders
905963,Digital Deal-Seekers
905964,Budget-Conscious Browsers
905965,Digital Deal-Seekers
905966,Affluent Quiet Loyalists
905967,Budget-Conscious Browsers
905968,Budget-Conscious Browsers
905969,Digital Deal-Seekers
905970,Budget-Conscious Browsers
905971,Affluent Quiet Loyalists
905972,Budget-Conscious Browsers
905973,Affluent Quiet Loyalists
905974,Premium Campaign Responders
905975,Budget-Conscious Browsers
905976,Budget-Conscious Browsers
905977,Premium Campaign Responders
905978,Affluent Quiet Loyalists
905979,Digital Deal-Seekers
905980,Affluent Quiet Loyalists
905981,Budget-Conscious Browsers
905982,Budget-Conscious Browsers
905983,Premium Campaign Responders
905984,Budget-Conscious Browsers
905985,Affluent Quiet Loyalists
905986,Affluent Quiet Loyalists
905987,Budget-Conscious Browsers
905988,Digital Deal-Seekers
905989,Affluent Quiet Loyalists
905990,Affluent Quiet Loyalists
905991,Digital Deal-Seekers
905992,Affluent Quiet Loyalists
905993,Affluent Quiet Loyalists
905994,Affluent Quiet Loyalists
905995,Budget-Conscious Browsers
905996,Premium Campaign Responders
905997,Budget-Conscious Browsers
905998,Budget-Conscious Browsers
905999,Budget-Conscious Browsers
906000,Affluent Quiet Loyalists
906001,Affluent Quiet Loyalists
906002,Budget-Conscious Browsers
906003,Affluent Quiet Loyalists
906004,Affluent Quiet Loyalists
906005,Digital Deal-Seekers
906006,Premium Campaign Responders
906007,Budget-Conscious Browsers
906008,Digital Deal-Seekers
906009,Budget-Conscious Browsers
906010,Affluent Quiet Loyalists
906011,Premium Campaign Responders
906012,Budget-Conscious Browsers
906013,Affluent Quiet Loyalists
906014,Premium Campaign Responders
906015,Premium Campaign Responders
906016,Digital Deal-Seekers
906017,Budget-Conscious Browsers
906018,Premium Campaign Responders
906019,Affluent Quiet Loyalists
906020,Budget-Conscious Browsers
906021,Budget-Conscious Browsers
906022,Premium Campaign Responders
906023,Budget-Conscious Browsers
906024,Digital Deal-Seekers
906025,Digital Deal-Seekers
906026,Digital Deal-Seekers
906027,Digital Deal-Seekers
906028,Digital Deal-Seekers
906029,Digital Deal-Seekers
906030,Premium Campaign Responders
906031,Affluent Quiet Loyalists
906032,Premium Campaign Responders
906033,Budget-Conscious Browsers
906034,Digital Deal-Seekers
906035,Affluent Quiet Loyalists
906036,Digital Deal-Seekers
906037,Budget-Conscious Browsers
906038,Premium Campaign Responders
906039,Digital Deal-Seekers
906040,Affluent Quiet Loyalists
906041,Budget-Conscious Browsers
906042,Digital Deal-Seekers
906043,Budget-Conscious Browsers
906044,Digital Deal-Seekers
906045,Affluent Quiet Loyalists
906046,Budget-Conscious Browsers
906047,Affluent Quiet Loyalists
906048,Budget-Conscious Browsers
906049,Budget-Conscious Browsers
906050,Premium Campaign Responders
906051,Digital Deal-Seekers
906052,Premium Campaign Responders
906053,Budget-Conscious Browsers
906054,Budget-Conscious Browsers
906055,Budget-Conscious Browsers
906056,Budget-Conscious Browsers
906057,Affluent Quiet Loyalists
906058,Affluent Quiet Loyalists
906059,Budget-Conscious Browsers
906060,Affluent Quiet Loyalists
906061,Budget-Conscious Browsers
906062,Budget-Conscious Browsers
906063,Budget-Conscious Browsers
906064,Budget-Conscious Browsers
906065,Budget-Conscious Browsers
906066,Premium Campaign Responders
906067,Premium Campaign Responders
906068,Digital Deal-Seekers
906069,Digital Deal-Seekers
906070,Premium Campaign Responders
906071,Premium Campaign Responders
906072,Affluent Quiet Loyalists
906073,Digital Deal-Seekers
906074,Budget-Conscious Browsers
906075,Budget-Conscious Browsers
906076,Affluent Quiet Loyalists
906077,Affluent Quiet Loyalists
906078,Affluent Quiet Loyalists
906079,Budget-Conscious Browsers
906080,Affluent Quiet Loyalists
906081,Budget-Conscious Browsers
906082,Premium Campaign Responders
906083,Digital Deal-Seekers
906084,Digital Deal-Seekers
906085,Premium Campaign Responders
906086,Digital Deal-Seekers
906087,Budget-Conscious Browsers
906088,Affluent Quiet Loyalists
906089,Budget-Conscious Browsers
906090,Affluent Quiet Loyalists
906091,Affluent Quiet Loyalists
906092,Premium Campaign Responders
906093,Premium Campaign Responders
906094,Digital Deal-Seekers
906095,Affluent Quiet Loyalists
906096,Budget-Conscious Browsers
906097,Digital Deal-Seekers
906098,Budget-Conscious Browsers
906099,Budget-Conscious Browsers
906100,Affluent Quiet Loyalists
906101,Premium Campaign Responders
906102,Budget-Conscious Browsers
906103,Budget-Conscious Browsers
906104,Affluent Quiet Loyalists
906105,Budget-Conscious Browsers
906106,Budget-Conscious Browsers
906107,Affluent Quiet Loyalists
906108,Budget-Conscious Browsers
906109,Affluent Quiet Loyalists
906110,Budget-Conscious Browsers
906111,Affluent Quiet Loyalists
906112,Affluent Quiet Loyalists
906113,Premium Campaign Responders
906114,Digital Deal-Seekers
906115,Digital Deal-Seekers
906116,Budget-Conscious Browsers
906117,Affluent Quiet Loyalists
906118,Budget-Conscious Browsers
906119,Premium Campaign Responders
906120,Digital Deal-Seekers
906121,Digital Deal-Seekers
906122,Digital Deal-Seekers
906123,Budget-Conscious Browsers
906124,Budget-Conscious Browsers
906125,Digital Deal-Seekers
906126,Premium Campaign Responders
906127,Premium Campaign Responders
906128,Budget-Conscious Browsers
906129,Premium Campaign Responders
906130,Premium Campaign Responders
906131,Affluent Quiet Loyalists
906132,Budget-Conscious Browsers
906133,Budget-Conscious Browsers
906134,Budget-Conscious Browsers
906135,Affluent Quiet Loyalists
906136,Digital Deal-Seekers
906137,Budget-Conscious Browsers
906138,Affluent Quiet Loyalists
906139,Budget-Conscious Browsers
906140,Affluent Quiet Loyalists
906141,Premium Campaign Responders
906142,Affluent Quiet Loyalists
906143,Digital Deal-Seekers
906144,Premium Campaign Responders
906145,Digital Deal-Seekers
906146,Digital Deal-Seekers
906147,Digital Deal-Seekers
906148,Budget-Conscious Browsers
906149,Affluent Quiet Loyalists
906150,Budget-Conscious Browsers
906151,Premium Campaign Responders
906152,Budget-Conscious Browsers
906153,Digital Deal-Seekers
906154,Budget-Conscious Browsers
906155,Budget-Conscious Browsers
906156,Premium Campaign Responders
906157,Budget-Conscious Browsers
906158,Premium Campaign Responders
906159,Digital Deal-Seekers
906160,Budget-Conscious Browsers
906161,Affluent Quiet Loyalists
906162,Premium Campaign Responders
906163,Digital Deal-Seekers
906164,Budget-Conscious Browsers
906165,Affluent Quiet Loyalists
906166,Budget-Conscious Browsers
906167,Budget-Conscious Browsers
906168,Affluent Quiet Loyalists
906169,Affluent Quiet Loyalists
906170,Affluent Quiet Loyalists
906171,Budget-Conscious Browsers
906172,Digital Deal-Seekers
906173,Digital Deal-Seekers
906174,Affluent Quiet Loyalists
906175,Budget-Conscious Browsers
906176,Budget-Conscious Browsers
906177,Premium Campaign Responders
906178,Affluent Quiet Loyalists
906179,Digital Deal-Seekers
906180,Premium Campaign Responders
906181,Premium Campaign Responders
906182,Premium Campaign Responders
906183,Affluent Quiet Loyalists
906184,Affluent Quiet Loyalists
906185,Digital Deal-Seekers
906186,Budget-Conscious Browsers
906187,Premium Campaign Responders
906188,Budget-Conscious Browsers
906189,Budget-Conscious Browsers
906190,Affluent Quiet Loyalists
906191,Budget-Conscious Browsers
906192,Affluent Quiet Loyalists
906193,Affluent Quiet Loyalists
906194,Budget-Conscious Browsers
906195,Premium Campaign Responders
906196,Budget-Conscious Browsers
906197,Budget-Conscious Browsers
906198,Budget-Conscious Browsers
906199,Digital Deal-Seekers
906200,Affluent Quiet Loyalists
906201,Budget-Conscious Browsers
906202,Digital Deal-Seekers
906203,Budget-Conscious Browsers
906204,Premium Campaign Responders
906205,Budget-Conscious Browsers
906206,Premium Campaign Responders
906207,Affluent Quiet Loyalists
906208,Affluent Quiet Loyalists
906209,Digital Deal-Seekers
906210,Budget-Conscious Browsers
906211,Premium Campaign Responders
906212,Affluent Quiet Loyalists
906213,Digital Deal-Seekers
906214,Budget-Conscious Browsers
906215,Affluent Quiet Loyalists
906216,Budget-Conscious Browsers
906217,Premium Campaign Responders
906218,Budget-Conscious Browsers
906219,Affluent Quiet Loyalists
906220,Affluent Quiet Loyalists
906221,Digital Deal-Seekers
906222,Budget-Conscious Browsers
906223,Premium Campaign Responders
906224,Affluent Quiet Loyalists
906225,Affluent Quiet Loyalists
906226,Affluent Quiet Loyalists
906227,Budget-Conscious Browsers
906228,Budget-Conscious Browsers
906229,Budget-Conscious Browsers
906230,Digital Deal-Seekers
906231,Premium Campaign Responders
906232,Budget-Conscious Browsers
906233,Premium Campaign Responders
906234,Premium Campaign Responders
906235,Affluent Quiet Loyalists
906236,Digital Deal-Seekers
906237,Budget-Conscious Browsers
906238,Budget-Conscious Browsers
906239,Budget-Conscious Browsers
906240,Budget-Conscious Browsers
906241,Digital Deal-Seekers
906242,Budget-Conscious Browsers
906243,Affluent Quiet Loyalists
906244,Budget-Conscious Browsers
906245,Digital Deal-Seekers
906246,Budget-Conscious Browsers
906247,Premium Campaign Responders
906248,Budget-Conscious Browsers
906249,Affluent Quiet Loyalists
906250,Digital Deal-Seekers
906251,Digital Deal-Seekers
906252,Budget-Conscious Browsers
906253,Digital Deal-Seekers
906254,Premium Campaign Responders
906255,Premium Campaign Responders
906256,Affluent Quiet Loyalists
906257,Digital Deal-Seekers
906258,Budget-Conscious Browsers
906259,Digital Deal-Seekers
906260,Digital Deal-Seekers
906261,Premium Campaign Responders
906262,Affluent Quiet Loyalists
906263,Premium Campaign Responders
906264,Digital Deal-Seekers
906265,Affluent Quiet Loyalists
906266,Affluent Quiet Loyalists
906267,Budget-Conscious Browsers
906268,Budget-Conscious Browsers
906269,Affluent Quiet Loyalists
906270,Premium Campaign Responders
906271,Budget-Conscious Browsers
906272,Budget-Conscious Browsers
906273,Premium Campaign Responders
906274,Digital Deal-Seekers
906275,Affluent Quiet Loyalists
906276,Premium Campaign Responders
906277,Premium Campaign Responders
906278,Budget-Conscious Browsers
906279,Digital Deal-Seekers
906280,Digital Deal-Seekers
906281,Premium Campaign Responders
906282,Digital Deal-Seekers
906283,Affluent Quiet Loyalists
906284,Budget-Conscious Browsers
906285,Budget-Conscious Browsers
906286,Affluent Quiet Loyalists
906287,Budget-Conscious Browsers
906288,Affluent Quiet Loyalists
906289,Digital Deal-Seekers
906290,Affluent Quiet Loyalists
906291,Budget-Conscious Browsers
906292,Budget-Conscious Browsers
906293,Affluent Quiet Loyalists
906294,Affluent Quiet Loyalists
906295,Premium Campaign Responders
906296,Budget-Conscious Browsers
906297,Digital Deal-Seekers
906298,Budget-Conscious Browsers
906299,Budget-Conscious Browsers
906300,Premium Campaign Responders
906301,Budget-Conscious Browsers
906302,Premium Campaign Responders
906303,Budget-Conscious Browsers
906304,Digital Deal-Seekers
906305,Digital Deal-Seekers
906306,Budget-Conscious Browsers
906307,Affluent Quiet Loyalists
906308,Affluent Quiet Loyalists
906309,Affluent Quiet Loyalists
906310,Premium Campaign Responders
906311,Premium Campaign Responders
906312,Budget-Conscious Browsers
906313,Premium Campaign Responders
906314,Budget-Conscious Browsers
906315,Affluent Quiet Loyalists
906316,Affluent Quiet Loyalists
906317,Budget-Conscious Browsers
906318,Digital Deal-Seekers
906319,Digital Deal-Seekers
906320,Digital Deal-Seekers
906321,Budget-Conscious Browsers
906322,Budget-Conscious Browsers
906323,Budget-Conscious Browsers
906324,Affluent Quiet Loyalists
906325,Budget-Conscious Browsers
906326,Digital Deal-Seekers
906327,Digital Deal-Seekers
906328,Budget-Conscious Browsers
906329,Affluent Quiet Loyalists
906330,Budget-Conscious Browsers
906331,Budget-Conscious Browsers
906332,Budget-Conscious Browsers
906333,Affluent Quiet Loyalists
906334,Affluent Quiet Loyalists
906335,Digital Deal-Seekers
906336,Premium Campaign Responders
906337,Premium Campaign Responders
906338,Budget-Conscious Browsers
906339,Affluent Quiet Loyalists
906340,Premium Campaign Responders
906341,Affluent Quiet Loyalists
906342,Budget-Conscious Browsers
906343,Digital Deal-Seekers
906344,Budget-Conscious Browsers
906345,Budget-Conscious Browsers
906346,Digital Deal-Seekers
906347,Digital Deal-Seekers
906348,Affluent Quiet Loyalists
906349,Affluent Quiet Loyalists
906350,Affluent Quiet Loyalists
906351,Budget-Conscious Browsers
906352,Budget-Conscious Browsers
906353,Digital Deal-Seekers
906354,Premium Campaign Responders
906355,Affluent Quiet Loyalists
906356,Budget-Conscious Browsers
906357,Digital Deal-Seekers
906358,Digital Deal-Seekers
906359,Premium Campaign Responders
906360,Premium Campaign Responders
906361,Budget-Conscious Browsers
906362,Budget-Conscious Browsers
906363,Affluent Quiet Loyalists
906364,Budget-Conscious Browsers
906365,Premium Campaign Responders
906366,Digital Deal-Seekers
906367,Digital Deal-Seekers
906368,Digital Deal-Seekers
906369,Digital Deal-Seekers
906370,Affluent Quiet Loyalists
906371,Budget-Conscious Browsers
906372,Affluent Quiet Loyalists
906373,Affluent Quiet Loyalists
906374,Affluent Quiet Loyalists
906375,Premium Campaign Responders
906376,Digital Deal-Seekers
906377,Digital Deal-Seekers
906378,Premium Campaign Responders
906379,Budget-Conscious Browsers
906380,Affluent Quiet Loyalists
906381,Budget-Conscious Browsers
906382,Budget-Conscious Browsers
906383,Digital Deal-Seekers
906384,Premium Campaign Responders
906385,Budget-Conscious Browsers
906386,Budget-Conscious Browsers
906387,Budget-Conscious Browsers
906388,Digital Deal-Seekers
906389,Affluent Quiet Loyalists
906390,Budget-Conscious Browsers
906391,Budget-Conscious Browsers
906392,Digital Deal-Seekers
906393,Premium Campaign Responders
906394,Premium Campaign Responders
906395,Budget-Conscious Browsers
906396,Premium Campaign Responders
906397,Digital Deal-Seekers
906398,Budget-Conscious Browsers
906399,Budget-Conscious Browsers
906400,Affluent Quiet Loyalists
906401,Budget-Conscious Browsers
906402,Affluent Quiet Loyalists
906403,Digital Deal-Seekers
906404,Digital Deal-Seekers
906405,Affluent Quiet Loyalists
906406,Affluent Quiet Loyalists
906407,Premium Campaign Responders
906408,Affluent Quiet Loyalists
906409,Premium Campaign Responders
906410,Digital Deal-Seekers
906411,Budget-Conscious Browsers
906412,Digital Deal-Seekers
906413,Affluent Quiet Loyalists
906414,Affluent Quiet Loyalists
906415,Budget-Conscious Browsers
906416,Digital Deal-Seekers
906417,Budget-Conscious Browsers
906418,Affluent Quiet Loyalists
906419,Affluent Quiet Loyalists
906420,Budget-Conscious Browsers
906421,Affluent Quiet Loyalists
906422,Premium Campaign Responders
906423,Budget-Conscious Browsers
906424,Budget-Conscious Browsers
906425,Budget-Conscious Browsers
906426,Affluent Quiet Loyalists
906427,Digital Deal-Seekers
906428,Digital Deal-Seekers
906429,Premium Campaign Responders
906430,Affluent Quiet Loyalists
906431,Budget-Conscious Browsers
906432,Premium Campaign Responders
906433,Premium Campaign Responders
906434,Affluent Quiet Loyalists
906435,Digital Deal-Seekers
906436,Budget-Conscious Browsers
906437,Budget-Conscious Browsers
906438,Premium Campaign Responders
906439,Budget-Conscious Browsers
906440,Affluent Quiet Loyalists
906441,Digital Deal-Seekers
906442,Premium Campaign Responders
906443,Premium Campaign Responders
906444,Budget-Conscious Browsers
906445,Digital Deal-Seekers
906446,Premium Campaign Responders
906447,Affluent Quiet Loyalists
906448,Budget-Conscious Browsers
906449,Budget-Conscious Browsers
906450,Premium Campaign Responders
906451,Digital Deal-Seekers
906452,Digital Deal-Seekers
906453,Premium Campaign Responders
906454,Budget-Conscious Browsers
906455,Affluent Quiet Loyalists
906456,Digital Deal-Seekers
906457,Budget-Conscious Browsers
906458,Premium Campaign Responders
906459,Budget-Conscious Browsers
906460,Digital Deal-Seekers
906461,Premium Campaign Responders
906462,Digital Deal-Seekers
906463,Digital Deal-Seekers
906464,Digital Deal-Seekers
906465,Digital Deal-Seekers
906466,Budget-Conscious Browsers
906467,Budget-Conscious Browsers
906468,Budget-Conscious Browsers
906469,Premium Campaign Responders
906470,Budget-Conscious Browsers
906471,Digital Deal-Seekers
906472,Premium Campaign Responders
906473,Digital Deal-Seekers
906474,Digital Deal-Seekers
906475,Premium Campaign Responders
906476,Premium Campaign Responders
906477,Budget-Conscious Browsers
906478,Digital Deal-Seekers
906479,Budget-Conscious Browsers
906480,Affluent Quiet Loyalists
906481,Digital Deal-Seekers
906482,Digital Deal-Seekers
906483,Budget-Conscious Browsers
906484,Budget-Conscious Browsers
906485,Budget-Conscious Browsers
906486,Budget-Conscious Browsers
906487,Affluent Quiet Loyalists
906488,Budget-Conscious Browsers
906489,Budget-Conscious Browsers
906490,Affluent Quiet Loyalists
906491,Budget-Conscious Browsers
906492,Budget-Conscious Browsers
906493,Digital Deal-Seekers
906494,Affluent Quiet Loyalists
906495,Budget-Conscious Browsers
906496,Premium Campaign Responders
906497,Budget-Conscious Browsers
906498,Affluent Quiet Loyalists
906499,Premium Campaign Responders
906500,Affluent Quiet Loyalists
906501,Premium Campaign Responders
906502,Premium Campaign Responders
906503,Affluent Quiet Loyalists
906504,Digital Deal-Seekers
906505,Affluent Quiet Loyalists
906506,Budget-Conscious Browsers
906507,Digital Deal-Seekers
906508,Digital Deal-Seekers
906509,Affluent Quiet Loyalists
906510,Digital Deal-Seekers
906511,Digital Deal-Seekers
906512,Digital Deal-Seekers
906513,Budget-Conscious Browsers
906514,Premium Campaign Responders
906515,Digital Deal-Seekers
906516,Budget-Conscious Browsers
906517,Digital Deal-Seekers
906518,Digital Deal-Seekers
906519,Premium Campaign Responders
906520,Affluent Quiet Loyalists
906521,Budget-Conscious Browsers
906522,Budget-Conscious Browsers
906523,Premium Campaign Responders
906524,Budget-Conscious Browsers
906525,Premium Campaign Responders
906526,Affluent Quiet Loyalists
906527,Affluent Quiet Loyalists
906528,Affluent Quiet Loyalists
906529,Premium Campaign Responders
906530,Budget-Conscious Browsers
906531,Affluent Quiet Loyalists
906532,Budget-Conscious Browsers
906533,Digital Deal-Seekers
906534,Budget-Conscious Browsers
906535,Budget-Conscious Browsers
906536,Budget-Conscious Browsers
906537,Digital Deal-Seekers
906538,Budget-Conscious Browsers
906539,Budget-Conscious Browsers
906540,Budget-Conscious Browsers
906541,Budget-Conscious Browsers
906542,Digital Deal-Seekers
906543,Premium Campaign Responders
906544,Affluent Quiet Loyalists
906545,Affluent Quiet Loyalists
906546,Premium Campaign Responders
906547,Premium Campaign Responders
906548,Digital Deal-Seekers
906549,Digital Deal-Seekers
906550,Budget-Conscious Browsers
906551,Premium Campaign Responders
906552,Digital Deal-Seekers
906553,Affluent Quiet Loyalists
906554,Premium Campaign Responders
906555,Premium Campaign Responders
906556,Digital Deal-Seekers
906557,Affluent Quiet Loyalists
906558,Affluent Quiet Loyalists
906559,Premium Campaign Responders
906560,Digital Deal-Seekers
906561,Premium Campaign Responders
906562,Premium Campaign Responders
906563,Premium Campaign Responders
906564,Budget-Conscious Browsers
906565,Affluent Quiet Loyalists
906566,Budget-Conscious Browsers
906567,Budget-Conscious Browsers
906568,Affluent Quiet Loyalists
906569,Affluent Quiet Loyalists
906570,Affluent Quiet Loyalists
906571,Budget-Conscious Browsers
906572,Budget-Conscious Browsers
906573,Budget-Conscious Browsers
906574,Digital Deal-Seekers
906575,Budget-Conscious Browsers
906576,Affluent Quiet Loyalists
906577,Premium Campaign Responders
906578,Budget-Conscious Browsers
906579,Budget-Conscious Browsers
906580,Digital Deal-Seekers
906581,Affluent Quiet Loyalists
906582,Affluent Quiet Loyalists
906583,Budget-Conscious Browsers
906584,Digital Deal-Seekers
906585,Premium Campaign Responders
906586,Digital Deal-Seekers
906587,Premium Campaign Responders
906588,Budget-Conscious Browsers
906589,Budget-Conscious Browsers
906590,Budget-Conscious Browsers
906591,Digital Deal-Seekers
906592,Premium Campaign Responders
906593,Budget-Conscious Browsers
906594,Affluent Quiet Loyalists
906595,Budget-Conscious Browsers
906596,Budget-Conscious Browsers
906597,Premium Campaign Responders
906598,Digital Deal-Seekers
906599,Affluent Quiet Loyalists
906600,Budget-Conscious Browsers
906601,Budget-Conscious Browsers
906602,Premium Campaign Responders
906603,Premium Campaign Responders
906604,Premium Campaign Responders
906605,Digital Deal-Seekers
906606,Budget-Conscious Browsers
906607,Digital Deal-Seekers
906608,Budget-Conscious Browsers
906609,Budget-Conscious Browsers
906610,Budget-Conscious Browsers
906611,Affluent Quiet Loyalists
906612,Digital Deal-Seekers
906613,Budget-Conscious Browsers
906614,Budget-Conscious Browsers
906615,Premium Campaign Responders
906616,Affluent Quiet Loyalists
906617,Affluent Quiet Loyalists
906618,Budget-Conscious Browsers
906619,Affluent Quiet Loyalists
906620,Budget-Conscious Browsers
906621,Budget-Conscious Browsers
906622,Digital Deal-Seekers
906623,Premium Campaign Responders
906624,Premium Campaign Responders
906625,Budget-Conscious Browsers
906626,Premium Campaign Responders
906627,Affluent Quiet Loyalists
906628,Digital Deal-Seekers
906629,Digital Deal-Seekers
906630,Budget-Conscious Browsers
906631,Digital Deal-Seekers
906632,Affluent Quiet Loyalists
906633,Premium Campaign Responders
906634,Digital Deal-Seekers
906635,Budget-Conscious Browsers
906636,Premium Campaign Responders
906637,Budget-Conscious Browsers
906638,Digital Deal-Seekers
906639,Affluent Quiet Loyalists
906640,Premium Campaign Responders
906641,Digital Deal-Seekers
906642,Digital Deal-Seekers
906643,Affluent Quiet Loyalists
906644,Digital Deal-Seekers
906645,Affluent Quiet Loyalists
906646,Budget-Conscious Browsers
906647,Budget-Conscious Browsers
906648,Budget-Conscious Browsers
906649,Budget-Conscious Browsers
906650,Premium Campaign Responders
906651,Digital Deal-Seekers
906652,Budget-Conscious Browsers
906653,Affluent Quiet Loyalists
906654,Digital Deal-Seekers
906655,Premium Campaign Responders
906656,Affluent Quiet Loyalists
906657,Budget-Conscious Browsers
906658,Digital Deal-Seekers
906659,Budget-Conscious Browsers
906660,Budget-Conscious Browsers
906661,Budget-Conscious Browsers
906662,Affluent Quiet Loyalists
906663,Digital Deal-Seekers
906664,Affluent Quiet Loyalists
906665,Digital Deal-Seekers
906666,Affluent Quiet Loyalists
906667,Budget-Conscious Browsers
906668,Budget-Conscious Browsers
906669,Budget-Conscious Browsers
906670,Budget-Conscious Browsers
906671,Digital Deal-Seekers
906672,Premium Campaign Responders
906673,Premium Campaign Responders
906674,Budget-Conscious Browsers
906675,Digital Deal-Seekers
906676,Budget-Conscious Browsers
906677,Premium Campaign Responders
906678,Budget-Conscious Browsers
906679,Affluent Quiet Loyalists
906680,Digital Deal-Seekers
906681,Affluent Quiet Loyalists
906682,Premium Campaign Responders
906683,Digital Deal-Seekers
906684,Affluent Quiet Loyalists
906685,Digital Deal-Seekers
906686,Premium Campaign Responders
906687,Digital Deal-Seekers
906688,Budget-Conscious Browsers
906689,Premium Campaign Responders
906690,Budget-Conscious Browsers
906691,Affluent Quiet Loyalists
906692,Affluent Quiet Loyalists
906693,Budget-Conscious Browsers
906694,Budget-Conscious Browsers
906695,Digital Deal-Seekers
906696,Digital Deal-Seekers
906697,Budget-Conscious Browsers
906698,Budget-Conscious Browsers
906699,Digital Deal-Seekers
906700,Digital Deal-Seekers
906701,Affluent Quiet Loyalists
906702,Affluent Quiet Loyalists
906703,Budget-Conscious Browsers
906704,Affluent Quiet Loyalists
906705,Affluent Quiet Loyalists
906706,Digital Deal-Seekers
906707,Affluent Quiet Loyalists
906708,Premium Campaign Responders
906709,Affluent Quiet Loyalists
906710,Affluent Quiet Loyalists
906711,Affluent Quiet Loyalists
906712,Affluent Quiet Loyalists
906713,Budget-Conscious Browsers
906714,Affluent Quiet Loyalists
906715,Budget-Conscious Browsers
906716,Premium Campaign Responders
906717,Affluent Quiet Loyalists
906718,Budget-Conscious Browsers
906719,Budget-Conscious Browsers
906720,Premium Campaign Responders
906721,Premium Campaign Responders
906722,Budget-Conscious Browsers
906723,Affluent Quiet Loyalists
906724,Affluent Quiet Loyalists
906725,Budget-Conscious Browsers
906726,Digital Deal-Seekers
906727,Budget-Conscious Browsers
906728,Budget-Conscious Browsers
906729,Digital Deal-Seekers
906730,Budget-Conscious Browsers
906731,Affluent Quiet Loyalists
906732,Budget-Conscious Browsers
906733,Premium Campaign Responders
906734,Digital Deal-Seekers
906735,Digital Deal-Seekers
906736,Digital Deal-Seekers
906737,Premium Campaign Responders
906738,Budget-Conscious Browsers
906739,Premium Campaign Responders
906740,Premium Campaign Responders
906741,Digital Deal-Seekers
906742,Affluent Quiet Loyalists
906743,Budget-Conscious Browsers
906744,Premium Campaign Responders
906745,Budget-Conscious Browsers
906746,Budget-Conscious Browsers
906747,Affluent Quiet Loyalists
906748,Budget-Conscious Browsers
906749,Digital Deal-Seekers
906750,Affluent Quiet Loyalists
906751,Affluent Quiet Loyalists
906752,Premium Campaign Responders
906753,Digital Deal-Seekers
906754,Budget-Conscious Browsers
906755,Budget-Conscious Browsers
906756,Budget-Conscious Browsers
906757,Premium Campaign Responders
906758,Digital Deal-Seekers
906759,Budget-Conscious Browsers
906760,Affluent Quiet Loyalists
906761,Affluent Quiet Loyalists
906762,Budget-Conscious Browsers
906763,Affluent Quiet Loyalists
906764,Premium Campaign Responders
906765,Budget-Conscious Browsers
906766,Premium Campaign Responders
906767,Budget-Conscious Browsers
906768,Digital Deal-Seekers
906769,Budget-Conscious Browsers
906770,Budget-Conscious Browsers
906771,Budget-Conscious Browsers
906772,Premium Campaign Responders
906773,Premium Campaign Responders
906774,Digital Deal-Seekers
906775,Budget-Conscious Browsers
906776,Digital Deal-Seekers
906777,Budget-Conscious Browsers
906778,Budget-Conscious Browsers
906779,Digital Deal-Seekers
906780,Premium Campaign Responders
906781,Budget-Conscious Browsers
906782,Digital Deal-Seekers
906783,Affluent Quiet Loyalists
906784,Digital Deal-Seekers
906785,Premium Campaign Responders
906786,Affluent Quiet Loyalists
906787,Affluent Quiet Loyalists
906788,Budget-Conscious Browsers
906789,Affluent Quiet Loyalists
906790,Budget-Conscious Browsers
906791,Budget-Conscious Browsers
906792,Premium Campaign Responders
906793,Affluent Quiet Loyalists
906794,Affluent Quiet Loyalists
906795,Digital Deal-Seekers
906796,Affluent Quiet Loyalists
906797,Budget-Conscious Browsers
906798,Digital Deal-Seekers
906799,Affluent Quiet Loyalists
906800,Digital Deal-Seekers
906801,Premium Campaign Responders
906802,Digital Deal-Seekers
906803,Budget-Conscious Browsers
906804,Affluent Quiet Loyalists
906805,Affluent Quiet Loyalists
906806,Digital Deal-Seekers
906807,Digital Deal-Seekers
906808,Premium Campaign Responders
906809,Budget-Conscious Browsers
906810,Affluent Quiet Loyalists
906811,Budget-Conscious Browsers
906812,Budget-Conscious Browsers
906813,Budget-Conscious Browsers
906814,Digital Deal-Seekers
906815,Affluent Quiet Loyalists
906816,Digital Deal-Seekers
906817,Budget-Conscious Browsers
906818,Budget-Conscious Browsers
906819,Budget-Conscious Browsers
906820,Budget-Conscious Browsers
906821,Budget-Conscious Browsers
906822,Affluent Quiet Loyalists
906823,Premium Campaign Responders
906824,Digital Deal-Seekers
906825,Digital Deal-Seekers
906826,Budget-Conscious Browsers
906827,Affluent Quiet Loyalists
906828,Digital Deal-Seekers
906829,Premium Campaign Responders
906830,Digital Deal-Seekers
906831,Premium Campaign Responders
906832,Digital Deal-Seekers
906833,Digital Deal-Seekers
906834,Digital Deal-Seekers
906835,Budget-Conscious Browsers
906836,Affluent Quiet Loyalists
906837,Digital Deal-Seekers
906838,Budget-Conscious Browsers
906839,Budget-Conscious Browsers
906840,Affluent Quiet Loyalists
906841,Affluent Quiet Loyalists
906842,Digital Deal-Seekers
906843,Affluent Quiet Loyalists
906844,Budget-Conscious Browsers
906845,Digital Deal-Seekers
906846,Premium Campaign Responders
906847,Digital Deal-Seekers
906848,Budget-Conscious Browsers
906849,Premium Campaign Responders
906850,Premium Campaign Responders
906851,Budget-Conscious Browsers
906852,Affluent Quiet Loyalists
906853,Budget-Conscious Browsers
906854,Premium Campaign Responders
906855,Affluent Quiet Loyalists
906856,Affluent Quiet Loyalists
906857,Budget-Conscious Browsers
906858,Budget-Conscious Browsers
906859,Budget-Conscious Browsers
906860,Budget-Conscious Browsers
906861,Budget-Conscious Browsers
906862,Premium Campaign Responders
906863,Budget-Conscious Browsers
906864,Digital Deal-Seekers
906865,Budget-Conscious Browsers
906866,Affluent Quiet Loyalists
906867,Premium Campaign Responders
906868,Digital Deal-Seekers
906869,Premium Campaign Responders
906870,Digital Deal-Seekers
906871,Budget-Conscious Browsers
906872,Budget-Conscious Browsers
906873,Budget-Conscious Browsers
906874,Budget-Conscious Browsers
906875,Premium Campaign Responders
906876,Budget-Conscious Browsers
906877,Affluent Quiet Loyalists
906878,Budget-Conscious Browsers
906879,Digital Deal-Seekers
906880,Premium Campaign Responders
906881,Premium Campaign Responders
906882,Digital Deal-Seekers
906883,Premium Campaign Responders
906884,Budget-Conscious Browsers
906885,Budget-Conscious Browsers
906886,Budget-Conscious Browsers
906887,Affluent Quiet Loyalists
906888,Premium Campaign Responders
906889,Digital Deal-Seekers
906890,Affluent Quiet Loyalists
906891,Digital Deal-Seekers
906892,Budget-Conscious Browsers
906893,Digital Deal-Seekers
906894,Affluent Quiet Loyalists
906895,Digital Deal-Seekers
906896,Budget-Conscious Browsers
906897,Digital Deal-Seekers
906898,Affluent Quiet Loyalists
906899,Budget-Conscious Browsers
906900,Premium Campaign Responders
906901,Digital Deal-Seekers
906902,Budget-Conscious Browsers
906903,Budget-Conscious Browsers
906904,Budget-Conscious Browsers
906905,Premium Campaign Responders
906906,Budget-Conscious Browsers
906907,Digital Deal-Seekers
906908,Budget-Conscious Browsers
906909,Budget-Conscious Browsers
906910,Premium Campaign Responders
906911,Digital Deal-Seekers
906912,Affluent Quiet Loyalists
906913,Digital Deal-Seekers
906914,Digital Deal-Seekers
906915,Premium Campaign Responders
906916,Premium Campaign Responders
906917,Affluent Quiet Loyalists
906918,Budget-Conscious Browsers
906919,Digital Deal-Seekers
906920,Digital Deal-Seekers
906921,Budget-Conscious Browsers
906922,Budget-Conscious Browsers
906923,Budget-Conscious Browsers
906924,Budget-Conscious Browsers
906925,Premium Campaign Responders
906926,Premium Campaign Responders
906927,Affluent Quiet Loyalists
906928,Premium Campaign Responders
906929,Budget-Conscious Browsers
906930,Premium Campaign Responders
906931,Affluent Quiet Loyalists
906932,Affluent Quiet Loyalists
906933,Affluent Quiet Loyalists
906934,Budget-Conscious Browsers
906935,Premium Campaign Responders
906936,Affluent Quiet Loyalists
906937,Budget-Conscious Browsers
906938,Digital Deal-Seekers
906939,Digital Deal-Seekers
906940,Affluent Quiet Loyalists
906941,Budget-Conscious Browsers
906942,Affluent Quiet Loyalists
906943,Budget-Conscious Browsers
906944,Affluent Quiet Loyalists
906945,Affluent Quiet Loyalists
906946,Affluent Quiet Loyalists
906947,Affluent Quiet Loyalists
906948,Premium Campaign Responders
906949,Budget-Conscious Browsers
906950,Budget-Conscious Browsers
906951,Budget-Conscious Browsers
906952,Premium Campaign Responders
906953,Affluent Quiet Loyalists
906954,Affluent Quiet Loyalists
906955,Premium Campaign Responders
906956,Digital Deal-Seekers
906957,Budget-Conscious Browsers
906958,Budget-Conscious Browsers
906959,Digital Deal-Seekers
906960,Budget-Conscious Browsers
906961,Premium Campaign Responders
906962,Budget-Conscious Browsers
906963,Budget-Conscious Browsers
906964,Premium Campaign Responders
906965,Affluent Quiet Loyalists
906966,Digital Deal-Seekers
906967,Budget-Conscious Browsers
906968,Budget-Conscious Browsers
906969,Budget-Conscious Browsers
906970,Affluent Quiet Loyalists
906971,Digital Deal-Seekers
906972,Affluent Quiet Loyalists
906973,Affluent Quiet Loyalists
906974,Affluent Quiet Loyalists
906975,Digital Deal-Seekers
906976,Budget-Conscious Browsers
906977,Budget-Conscious Browsers
906978,Digital Deal-Seekers
906979,Digital Deal-Seekers
906980,Budget-Conscious Browsers
906981,Premium Campaign Responders
906982,Premium Campaign Responders
906983,Digital Deal-Seekers
906984,Affluent Quiet Loyalists
906985,Digital Deal-Seekers
906986,Digital Deal-Seekers
906987,Digital Deal-Seekers
906988,Digital Deal-Seekers
906989,Budget-Conscious Browsers
906990,Premium Campaign Responders
906991,Premium Campaign Responders
906992,Premium Campaign Responders
906993,Affluent Quiet Loyalists
906994,Digital Deal-Seekers
906995,Premium Campaign Responders
906996,Affluent Quiet Loyalists
906997,Affluent Quiet Loyalists
906998,Budget-Conscious Browsers
906999,Digital Deal-Seekers
907000,Digital Deal-Seekers
907001,Digital Deal-Seekers
907002,Digital Deal-Seekers
907003,Affluent Quiet Loyalists
907004,Affluent Quiet Loyalists
907005,Digital Deal-Seekers
907006,Budget-Conscious Browsers
907007,Budget-Conscious Browsers
907008,Digital Deal-Seekers
907009,Budget-Conscious Browsers
907010,Digital Deal-Seekers
907011,Premium Campaign Responders
907012,Affluent Quiet Loyalists
907013,Premium Campaign Responders
907014,Affluent Quiet Loyalists
907015,Digital Deal-Seekers
907016,Budget-Conscious Browsers
907017,Budget-Conscious Browsers
907018,Digital Deal-Seekers
907019,Digital Deal-Seekers
907020,Budget-Conscious Browsers
907021,Digital Deal-Seekers
907022,Budget-Conscious Browsers
907023,Budget-Conscious Browsers
907024,Budget-Conscious Browsers
907025,Premium Campaign Responders
907026,Premium Campaign Responders
907027,Premium Campaign Responders
907028,Premium Campaign Responders
907029,Premium Campaign Responders
907030,Affluent Quiet Loyalists
907031,Budget-Conscious Browsers
907032,Digital Deal-Seekers
907033,Digital Deal-Seekers
907034,Affluent Quiet Loyalists
907035,Budget-Conscious Browsers
907036,Digital Deal-Seekers
907037,Affluent Quiet Loyalists
907038,Budget-Conscious Browsers
907039,Budget-Conscious Browsers
907040,Digital Deal-Seekers
907041,Digital Deal-Seekers
907042,Affluent Quiet Loyalists
907043,Budget-Conscious Browsers
907044,Affluent Quiet Loyalists
907045,Affluent Quiet Loyalists
907046,Digital Deal-Seekers
907047,Budget-Conscious Browsers
907048,Budget-Conscious Browsers
907049,Premium Campaign Responders
907050,Affluent Quiet Loyalists
907051,Budget-Conscious Browsers
907052,Affluent Quiet Loyalists
907053,Budget-Conscious Browsers
907054,Budget-Conscious Browsers
907055,Digital Deal-Seekers
907056,Digital Deal-Seekers
907057,Budget-Conscious Browsers
907058,Digital Deal-Seekers
907059,Premium Campaign Responders
907060,Digital Deal-Seekers
907061,Budget-Conscious Browsers
907062,Affluent Quiet Loyalists
907063,Budget-Conscious Browsers
907064,Affluent Quiet Loyalists
907065,Affluent Quiet Loyalists
907066,Budget-Conscious Browsers
907067,Budget-Conscious Browsers
907068,Budget-Conscious Browsers
907069,Budget-Conscious Browsers
907070,Budget-Conscious Browsers
907071,Affluent Quiet Loyalists
907072,Affluent Quiet Loyalists
907073,Digital Deal-Seekers
907074,Affluent Quiet Loyalists
907075,Premium Campaign Responders
907076,Digital Deal-Seekers
907077,Digital Deal-Seekers
907078,Budget-Conscious Browsers
907079,Budget-Conscious Browsers
907080,Budget-Conscious Browsers
907081,Budget-Conscious Browsers
907082,Digital Deal-Seekers
907083,Premium Campaign Responders
907084,Budget-Conscious Browsers
907085,Digital Deal-Seekers
907086,Budget-Conscious Browsers
907087,Digital Deal-Seekers
907088,Affluent Quiet Loyalists
907089,Budget-Conscious Browsers
907090,Affluent Quiet Loyalists
907091,Digital Deal-Seekers
907092,Budget-Conscious Browsers
907093,Budget-Conscious Browsers
907094,Premium Campaign Responders
907095,Affluent Quiet Loyalists
907096,Affluent Quiet Loyalists
907097,Affluent Quiet Loyalists
907098,Budget-Conscious Browsers
907099,Budget-Conscious Browsers
907100,Premium Campaign Responders
907101,Affluent Quiet Loyalists
907102,Budget-Conscious Browsers
907103,Affluent Quiet Loyalists
907104,Budget-Conscious Browsers
907105,Premium Campaign Responders
907106,Affluent Quiet Loyalists
907107,Budget-Conscious Browsers
907108,Budget-Conscious Browsers
907109,Affluent Quiet Loyalists
907110,Digital Deal-Seekers
907111,Premium Campaign Responders
907112,Budget-Conscious Browsers
907113,Premium Campaign Responders
907114,Digital Deal-Seekers
907115,Digital Deal-Seekers
907116,Affluent Quiet Loyalists
907117,Digital Deal-Seekers
907118,Digital Deal-Seekers
907119,Premium Campaign Responders
907120,Affluent Quiet Loyalists
907121,Premium Campaign Responders
907122,Premium Campaign Responders
907123,Digital Deal-Seekers
907124,Budget-Conscious Browsers
907125,Affluent Quiet Loyalists
907126,Premium Campaign Responders
907127,Budget-Conscious Browsers
907128,Digital Deal-Seekers
907129,Affluent Quiet Loyalists
907130,Budget-Conscious Browsers
907131,Premium Campaign Responders
907132,Budget-Conscious Browsers
907133,Digital Deal-Seekers
907134,Digital Deal-Seekers
907135,Affluent Quiet Loyalists
907136,Budget-Conscious Browsers
907137,Affluent Quiet Loyalists
907138,Budget-Conscious Browsers
907139,Budget-Conscious Browsers
907140,Digital Deal-Seekers
907141,Budget-Conscious Browsers
907142,Budget-Conscious Browsers
907143,Affluent Quiet Loyalists
907144,Budget-Conscious Browsers
907145,Budget-Conscious Browsers
907146,Affluent Quiet Loyalists
907147,Budget-Conscious Browsers
907148,Premium Campaign Responders
907149,Budget-Conscious Browsers
907150,Budget-Conscious Browsers
907151,Budget-Conscious Browsers
907152,Budget-Conscious Browsers
907153,Premium Campaign Responders
907154,Affluent Quiet Loyalists
907155,Premium Campaign Responders
907156,Digital Deal-Seekers
907157,Budget-Conscious Browsers
907158,Budget-Conscious Browsers
907159,Budget-Conscious Browsers
907160,Digital Deal-Seekers
907161,Budget-Conscious Browsers
907162,Budget-Conscious Browsers
907163,Affluent Quiet Loyalists
907164,Budget-Conscious Browsers
907165,Budget-Conscious Browsers
907166,Affluent Quiet Loyalists
907167,Premium Campaign Responders
907168,Affluent Quiet Loyalists
907169,Budget-Conscious Browsers
907170,Premium Campaign Responders
907171,Premium Campaign Responders
907172,Budget-Conscious Browsers
907173,Affluent Quiet Loyalists
907174,Affluent Quiet Loyalists
907175,Budget-Conscious Browsers
907176,Affluent Quiet Loyalists
907177,Affluent Quiet Loyalists
907178,Digital Deal-Seekers
907179,Budget-Conscious Browsers
907180,Budget-Conscious Browsers
907181,Premium Campaign Responders
907182,Digital Deal-Seekers
907183,Budget-Conscious Browsers
907184,Affluent Quiet Loyalists
907185,Digital Deal-Seekers
907186,Premium Campaign Responders
907187,Premium Campaign Responders
907188,Digital Deal-Seekers
907189,Digital Deal-Seekers
907190,Premium Campaign Responders
907191,Budget-Conscious Browsers
907192,Budget-Conscious Browsers
907193,Digital Deal-Seekers
907194,Affluent Quiet Loyalists
907195,Affluent Quiet Loyalists
907196,Digital Deal-Seekers
907197,Digital Deal-Seekers
907198,Affluent Quiet Loyalists
907199,Budget-Conscious Browsers
907200,Budget-Conscious Browsers
907201,Budget-Conscious Browsers
907202,Digital Deal-Seekers
907203,Premium Campaign Responders
907204,Budget-Conscious Browsers
907205,Budget-Conscious Browsers
907206,Budget-Conscious Browsers
907207,Budget-Conscious Browsers
907208,Premium Campaign Responders
907209,Budget-Conscious Browsers
907210,Premium Campaign Responders
907211,Premium Campaign Responders
907212,Digital Deal-Seekers
907213,Premium Campaign Responders
907214,Digital Deal-Seekers
907215,Budget-Conscious Browsers
907216,Budget-Conscious Browsers
907217,Affluent Quiet Loyalists
907218,Premium Campaign Responders
907219,Budget-Conscious Browsers
907220,Budget-Conscious Browsers
907221,Affluent Quiet Loyalists
907222,Premium Campaign Responders
907223,Premium Campaign Responders
907224,Premium Campaign Responders
907225,Affluent Quiet Loyalists
907226,Affluent Quiet Loyalists
907227,Budget-Conscious Browsers
907228,Budget-Conscious Browsers
907229,Budget-Conscious Browsers
907230,Affluent Quiet Loyalists
907231,Premium Campaign Responders
907232,Affluent Quiet Loyalists
907233,Digital Deal-Seekers
907234,Digital Deal-Seekers
907235,Budget-Conscious Browsers
907236,Budget-Conscious Browsers
907237,Budget-Conscious Browsers
907238,Budget-Conscious Browsers
907239,Premium Campaign Responders
907240,Premium Campaign Responders
907241,Digital Deal-Seekers
907242,Digital Deal-Seekers
907243,Digital Deal-Seekers
907244,Affluent Quiet Loyalists
907245,Premium Campaign Responders
907246,Premium Campaign Responders
907247,Affluent Quiet Loyalists
907248,Digital Deal-Seekers
907249,Affluent Quiet Loyalists
907250,Budget-Conscious Browsers
907251,Affluent Quiet Loyalists
907252,Digital Deal-Seekers
907253,Affluent Quiet Loyalists
907254,Budget-Conscious Browsers
907255,Digital Deal-Seekers
907256,Digital Deal-Seekers
907257,Digital Deal-Seekers
907258,Budget-Conscious Browsers
907259,Budget-Conscious Browsers
907260,Affluent Quiet Loyalists
907261,Digital Deal-Seekers
907262,Digital Deal-Seekers
907263,Digital Deal-Seekers
907264,Premium Campaign Responders
907265,Premium Campaign Responders
907266,Budget-Conscious Browsers
907267,Budget-Conscious Browsers
907268,Budget-Conscious Browsers
907269,Budget-Conscious Browsers
907270,Digital Deal-Seekers
907271,Affluent Quiet Loyalists
907272,Budget-Conscious Browsers
907273,Affluent Quiet Loyalists
907274,Budget-Conscious Browsers
907275,Premium Campaign Responders
907276,Budget-Conscious Browsers
907277,Premium Campaign Responders
907278,Digital Deal-Seekers
907279,Digital Deal-Seekers
907280,Premium Campaign Responders
907281,Affluent Quiet Loyalists
907282,Affluent Quiet Loyalists
907283,Digital Deal-Seekers
907284,Budget-Conscious Browsers
907285,Affluent Quiet Loyalists
907286,Premium Campaign Responders
907287,Budget-Conscious Browsers
907288,Affluent Quiet Loyalists
907289,Affluent Quiet Loyalists
907290,Budget-Conscious Browsers
907291,Premium Campaign Responders
907292,Affluent Quiet Loyalists
907293,Digital Deal-Seekers
907294,Premium Campaign Responders
907295,Digital Deal-Seekers
907296,Premium Campaign Responders
907297,Digital Deal-Seekers
907298,Budget-Conscious Browsers
907299,Premium Campaign Responders
907300,Budget-Conscious Browsers
907301,Budget-Conscious Browsers
907302,Affluent Quiet Loyalists
907303,Budget-Conscious Browsers
907304,Premium Campaign Responders
907305,Budget-Conscious Browsers
907306,Digital Deal-Seekers
907307,Premium Campaign Responders
907308,Digital Deal-Seekers
907309,Digital Deal-Seekers
907310,Digital Deal-Seekers
907311,Affluent Quiet Loyalists
907312,Premium Campaign Responders
907313,Budget-Conscious Browsers
907314,Affluent Quiet Loyalists
907315,Budget-Conscious Browsers
907316,Affluent Quiet Loyalists
907317,Affluent Quiet Loyalists
907318,Budget-Conscious Browsers
907319,Digital Deal-Seekers
907320,Premium Campaign Responders
907321,Budget-Conscious Browsers
907322,Budget-Conscious Browsers
907323,Budget-Conscious Browsers
907324,Budget-Conscious Browsers
907325,Budget-Conscious Browsers
907326,Premium Campaign Responders
907327,Budget-Conscious Browsers
907328,Premium Campaign Responders
907329,Budget-Conscious Browsers
907330,Premium Campaign Responders
907331,Digital Deal-Seekers
907332,Budget-Conscious Browsers
907333,Affluent Quiet Loyalists
907334,Budget-Conscious Browsers
907335,Premium Campaign Responders
907336,Budget-Conscious Browsers
907337,Budget-Conscious Browsers
907338,Budget-Conscious Browsers
907339,Premium Campaign Responders
907340,Premium Campaign Responders
907341,Budget-Conscious Browsers
907342,Premium Campaign Responders
907343,Budget-Conscious Browsers
907344,Digital Deal-Seekers
907345,Budget-Conscious Browsers
907346,Affluent Quiet Loyalists
907347,Affluent Quiet Loyalists
907348,Budget-Conscious Browsers
907349,Budget-Conscious Browsers
907350,Affluent Quiet Loyalists
907351,Affluent Quiet Loyalists
907352,Affluent Quiet Loyalists
907353,Affluent Quiet Loyalists
907354,Digital Deal-Seekers
907355,Digital Deal-Seekers
907356,Premium Campaign Responders
907357,Digital Deal-Seekers
907358,Affluent Quiet Loyalists
907359,Budget-Conscious Browsers
907360,Digital Deal-Seekers
907361,Budget-Conscious Browsers
907362,Affluent Quiet Loyalists
907363,Premium Campaign Responders
907364,Budget-Conscious Browsers
907365,Premium Campaign Responders
907366,Affluent Quiet Loyalists
907367,Affluent Quiet Loyalists
907368,Affluent Quiet Loyalists
907369,Budget-Conscious Browsers
907370,Budget-Conscious Browsers
907371,Budget-Conscious Browsers
907372,Budget-Conscious Browsers
907373,Budget-Conscious Browsers
907374,Digital Deal-Seekers
907375,Budget-Conscious Browsers
907376,Budget-Conscious Browsers
907377,Budget-Conscious Browsers
907378,Affluent Quiet Loyalists
907379,Budget-Conscious Browsers
907380,Premium Campaign Responders
907381,Affluent Quiet Loyalists
907382,Budget-Conscious Browsers
907383,Digital Deal-Seekers
907384,Budget-Conscious Browsers
907385,Digital Deal-Seekers
907386,Digital Deal-Seekers
907387,Digital Deal-Seekers
907388,Affluent Quiet Loyalists
907389,Premium Campaign Responders
907390,Digital Deal-Seekers
907391,Digital Deal-Seekers
907392,Budget-Conscious Browsers
907393,Affluent Quiet Loyalists
907394,Digital Deal-Seekers
907395,Affluent Quiet Loyalists
907396,Affluent Quiet Loyalists
907397,Affluent Quiet Loyalists
907398,Digital Deal-Seekers
907399,Digital Deal-Seekers
907400,Affluent Quiet Loyalists
907401,Budget-Conscious Browsers
907402,Budget-Conscious Browsers
907403,Digital Deal-Seekers
907404,Digital Deal-Seekers
907405,Digital Deal-Seekers
907406,Digital Deal-Seekers
907407,Affluent Quiet Loyalists
907408,Affluent Quiet Loyalists
907409,Premium Campaign Responders
907410,Premium Campaign Responders
907411,Digital Deal-Seekers
907412,Affluent Quiet Loyalists
907413,Digital Deal-Seekers
907414,Budget-Conscious Browsers
907415,Affluent Quiet Loyalists
907416,Digital Deal-Seekers
907417,Budget-Conscious Browsers
907418,Digital Deal-Seekers
907419,Budget-Conscious Browsers
907420,Affluent Quiet Loyalists
907421,Budget-Conscious Browsers
907422,Affluent Quiet Loyalists
907423,Digital Deal-Seekers
907424,Affluent Quiet Loyalists
907425,Budget-Conscious Browsers
907426,Digital Deal-Seekers
907427,Budget-Conscious Browsers
907428,Budget-Conscious Browsers
907429,Affluent Quiet Loyalists
907430,Premium Campaign Responders
907431,Affluent Quiet Loyalists
907432,Digital Deal-Seekers
907433,Premium Campaign Responders
907434,Premium Campaign Responders
907435,Budget-Conscious Browsers
907436,Budget-Conscious Browsers
907437,Digital Deal-Seekers
907438,Premium Campaign Responders
907439,Affluent Quiet Loyalists
907440,Budget-Conscious Browsers
907441,Affluent Quiet Loyalists
907442,Affluent Quiet Loyalists
907443,Digital Deal-Seekers
907444,Affluent Quiet Loyalists
907445,Digital Deal-Seekers
907446,Budget-Conscious Browsers
907447,Budget-Conscious Browsers
907448,Budget-Conscious Browsers
907449,Digital Deal-Seekers
907450,Budget-Conscious Browsers
907451,Digital Deal-Seekers
907452,Affluent Quiet Loyalists
907453,Budget-Conscious Browsers
907454,Premium Campaign Responders
907455,Premium Campaign Responders
907456,Digital Deal-Seekers
907457,Affluent Quiet Loyalists
907458,Affluent Quiet Loyalists
907459,Budget-Conscious Browsers
907460,Budget-Conscious Browsers
907461,Digital Deal-Seekers
907462,Affluent Quiet Loyalists
907463,Budget-Conscious Browsers
907464,Digital Deal-Seekers
907465,Budget-Conscious Browsers
907466,Budget-Conscious Browsers
907467,Digital Deal-Seekers
907468,Budget-Conscious Browsers
907469,Premium Campaign Responders
907470,Budget-Conscious Browsers
907471,Affluent Quiet Loyalists
907472,Premium Campaign Responders
907473,Digital Deal-Seekers
907474,Digital Deal-Seekers
907475,Budget-Conscious Browsers
907476,Budget-Conscious Browsers
907477,Affluent Quiet Loyalists
907478,Premium Campaign Responders
907479,Affluent Quiet Loyalists
907480,Digital Deal-Seekers
907481,Premium Campaign Responders
907482,Premium Campaign Responders
907483,Affluent Quiet Loyalists
907484,Budget-Conscious Browsers
907485,Budget-Conscious Browsers
907486,Digital Deal-Seekers
907487,Digital Deal-Seekers
907488,Budget-Conscious Browsers
907489,Affluent Quiet Loyalists
907490,Affluent Quiet Loyalists
907491,Affluent Quiet Loyalists
907492,Affluent Quiet Loyalists
907493,Budget-Conscious Browsers
907494,Budget-Conscious Browsers
907495,Digital Deal-Seekers
907496,Affluent Quiet Loyalists
907497,Premium Campaign Responders
907498,Digital Deal-Seekers
907499,Affluent Quiet Loyalists
907500,Premium Campaign Responders
907501,Budget-Conscious Browsers
907502,Digital Deal-Seekers
907503,Digital Deal-Seekers
907504,Digital Deal-Seekers
907505,Affluent Quiet Loyalists
907506,Affluent Quiet Loyalists
907507,Digital Deal-Seekers
907508,Affluent Quiet Loyalists
907509,Digital Deal-Seekers
907510,Budget-Conscious Browsers
907511,Affluent Quiet Loyalists
907512,Premium Campaign Responders
907513,Affluent Quiet Loyalists
907514,Digital Deal-Seekers
907515,Digital Deal-Seekers
907516,Digital Deal-Seekers
907517,Digital Deal-Seekers
907518,Budget-Conscious Browsers
907519,Budget-Conscious Browsers
907520,Affluent Quiet Loyalists
907521,Premium Campaign Responders
907522,Digital Deal-Seekers
907523,Affluent Quiet Loyalists
907524,Affluent Quiet Loyalists
907525,Digital Deal-Seekers
907526,Budget-Conscious Browsers
907527,Budget-Conscious Browsers
907528,Affluent Quiet Loyalists
907529,Affluent Quiet Loyalists
907530,Digital Deal-Seekers
907531,Affluent Quiet Loyalists
907532,Affluent Quiet Loyalists
907533,Budget-Conscious Browsers
907534,Digital Deal-Seekers
907535,Affluent Quiet Loyalists
907536,Affluent Quiet Loyalists
907537,Budget-Conscious Browsers
907538,Budget-Conscious Browsers
907539,Budget-Conscious Browsers
907540,Affluent Quiet Loyalists
907541,Budget-Conscious Browsers
907542,Budget-Conscious Browsers
907543,Premium Campaign Responders
907544,Affluent Quiet Loyalists
907545,Affluent Quiet Loyalists
907546,Affluent Quiet Loyalists
907547,Affluent Quiet Loyalists
907548,Budget-Conscious Browsers
907549,Digital Deal-Seekers
907550,Budget-Conscious Browsers
907551,Digital Deal-Seekers
907552,Digital Deal-Seekers
907553,Budget-Conscious Browsers
907554,Affluent Quiet Loyalists
907555,Digital Deal-Seekers
907556,Budget-Conscious Browsers
907557,Budget-Conscious Browsers
907558,Digital Deal-Seekers
907559,Budget-Conscious Browsers
907560,Affluent Quiet Loyalists
907561,Budget-Conscious Browsers
907562,Budget-Conscious Browsers
907563,Budget-Conscious Browsers
907564,Budget-Conscious Browsers
907565,Premium Campaign Responders
907566,Affluent Quiet Loyalists
907567,Digital Deal-Seekers
907568,Budget-Conscious Browsers
907569,Premium Campaign Responders
907570,Budget-Conscious Browsers
907571,Digital Deal-Seekers
907572,Affluent Quiet Loyalists
907573,Budget-Conscious Browsers
907574,Budget-Conscious Browsers
907575,Digital Deal-Seekers
907576,Affluent Quiet Loyalists
907577,Digital Deal-Seekers
907578,Digital Deal-Seekers
907579,Budget-Conscious Browsers
907580,Digital Deal-Seekers
907581,Digital Deal-Seekers
907582,Budget-Conscious Browsers
907583,Affluent Quiet Loyalists
907584,Budget-Conscious Browsers
907585,Digital Deal-Seekers
907586,Affluent Quiet Loyalists
907587,Premium Campaign Responders
907588,Budget-Conscious Browsers
907589,Affluent Quiet Loyalists
907590,Digital Deal-Seekers
907591,Affluent Quiet Loyalists
907592,Digital Deal-Seekers
907593,Budget-Conscious Browsers
907594,Digital Deal-Seekers
907595,Premium Campaign Responders
907596,Digital Deal-Seekers
907597,Affluent Quiet Loyalists
907598,Budget-Conscious Browsers
907599,Digital Deal-Seekers
907600,Budget-Conscious Browsers
907601,Digital Deal-Seekers
907602,Budget-Conscious Browsers
907603,Budget-Conscious Browsers
907604,Budget-Conscious Browsers
907605,Digital Deal-Seekers
907606,Digital Deal-Seekers
907607,Affluent Quiet Loyalists
907608,Premium Campaign Responders
907609,Premium Campaign Responders
907610,Budget-Conscious Browsers
907611,Budget-Conscious Browsers
907612,Budget-Conscious Browsers
907613,Digital Deal-Seekers
907614,Digital Deal-Seekers
907615,Digital Deal-Seekers
907616,Digital Deal-Seekers
907617,Premium Campaign Responders
907618,Affluent Quiet Loyalists
907619,Affluent Quiet Loyalists
907620,Premium Campaign Responders
907621,Premium Campaign Responders
907622,Affluent Quiet Loyalists
907623,Budget-Conscious Browsers
907624,Budget-Conscious Browsers
907625,Budget-Conscious Browsers
907626,Premium Campaign Responders
907627,Budget-Conscious Browsers
907628,Premium Campaign Responders
907629,Digital Deal-Seekers
907630,Premium Campaign Responders
907631,Premium Campaign Responders
907632,Premium Campaign Responders
907633,Budget-Conscious Browsers
907634,Budget-Conscious Browsers
907635,Digital Deal-Seekers
907636,Premium Campaign Responders
907637,Affluent Quiet Loyalists
907638,Affluent Quiet Loyalists
907639,Premium Campaign Responders
907640,Budget-Conscious Browsers
907641,Budget-Conscious Browsers
907642,Premium Campaign Responders
907643,Budget-Conscious Browsers
907644,Premium Campaign Responders
907645,Premium Campaign Responders
907646,Affluent Quiet Loyalists
907647,Affluent Quiet Loyalists
907648,Affluent Quiet Loyalists
907649,Affluent Quiet Loyalists
907650,Affluent Quiet Loyalists
907651,Affluent Quiet Loyalists
907652,Digital Deal-Seekers
907653,Digital Deal-Seekers
907654,Digital Deal-Seekers
907655,Digital Deal-Seekers
907656,Digital Deal-Seekers
907657,Budget-Conscious Browsers
907658,Premium Campaign Responders
907659,Digital Deal-Seekers
907660,Affluent Quiet Loyalists
907661,Affluent Quiet Loyalists
907662,Affluent Quiet Loyalists
907663,Budget-Conscious Browsers
907664,Digital Deal-Seekers
907665,Budget-Conscious Browsers
907666,Digital Deal-Seekers
907667,Digital Deal-Seekers
907668,Premium Campaign Responders
907669,Affluent Quiet Loyalists
907670,Budget-Conscious Browsers
907671,Affluent Quiet Loyalists
907672,Affluent Quiet Loyalists
907673,Digital Deal-Seekers
907674,Budget-Conscious Browsers
907675,Budget-Conscious Browsers
907676,Budget-Conscious Browsers
907677,Premium Campaign Responders
907678,Premium Campaign Responders
907679,Budget-Conscious Browsers
907680,Budget-Conscious Browsers
907681,Premium Campaign Responders
907682,Budget-Conscious Browsers
907683,Digital Deal-Seekers
907684,Premium Campaign Responders
907685,Budget-Conscious Browsers
907686,Digital Deal-Seekers
907687,Digital Deal-Seekers
907688,Budget-Conscious Browsers
907689,Digital Deal-Seekers
907690,Digital Deal-Seekers
907691,Budget-Conscious Browsers
907692,Digital Deal-Seekers
907693,Budget-Conscious Browsers
907694,Affluent Quiet Loyalists
907695,Budget-Conscious Browsers
907696,Budget-Conscious Browsers
907697,Digital Deal-Seekers
907698,Premium Campaign Responders
907699,Affluent Quiet Loyalists
907700,Budget-Conscious Browsers
907701,Budget-Conscious Browsers
907702,Budget-Conscious Browsers
907703,Premium Campaign Responders
907704,Affluent Quiet Loyalists
907705,Budget-Conscious Browsers
907706,Digital Deal-Seekers
907707,Digital Deal-Seekers
907708,Budget-Conscious Browsers
907709,Budget-Conscious Browsers
907710,Budget-Conscious Browsers
907711,Affluent Quiet Loyalists
907712,Budget-Conscious Browsers
907713,Premium Campaign Responders
907714,Affluent Quiet Loyalists
907715,Premium Campaign Responders
907716,Affluent Quiet Loyalists
907717,Affluent Quiet Loyalists
907718,Digital Deal-Seekers
907719,Affluent Quiet Loyalists
907720,Digital Deal-Seekers
907721,Premium Campaign Responders
907722,Affluent Quiet Loyalists
907723,Budget-Conscious Browsers
907724,Budget-Conscious Browsers
907725,Budget-Conscious Browsers
907726,Budget-Conscious Browsers
907727,Digital Deal-Seekers
907728,Premium Campaign Responders
907729,Budget-Conscious Browsers
907730,Premium Campaign Responders
907731,Premium Campaign Responders
907732,Budget-Conscious Browsers
907733,Affluent Quiet Loyalists
907734,Digital Deal-Seekers
907735,Affluent Quiet Loyalists
907736,Budget-Conscious Browsers
907737,Digital Deal-Seekers
907738,Digital Deal-Seekers
907739,Budget-Conscious Browsers
907740,Affluent Quiet Loyalists
907741,Budget-Conscious Browsers
907742,Budget-Conscious Browsers
907743,Budget-Conscious Browsers
907744,Affluent Quiet Loyalists
907745,Digital Deal-Seekers
907746,Budget-Conscious Browsers
907747,Affluent Quiet Loyalists
907748,Digital Deal-Seekers
907749,Affluent Quiet Loyalists
907750,Digital Deal-Seekers
907751,Budget-Conscious Browsers
907752,Premium Campaign Responders
907753,Budget-Conscious Browsers
907754,Affluent Quiet Loyalists
907755,Affluent Quiet Loyalists
907756,Digital Deal-Seekers
907757,Digital Deal-Seekers
907758,Digital Deal-Seekers
907759,Digital Deal-Seekers
907760,Budget-Conscious Browsers
907761,Budget-Conscious Browsers
907762,Affluent Quiet Loyalists
907763,Digital Deal-Seekers
907764,Budget-Conscious Browsers
907765,Affluent Quiet Loyalists
907766,Budget-Conscious Browsers
907767,Budget-Conscious Browsers
907768,Affluent Quiet Loyalists
907769,Digital Deal-Seekers
907770,Digital Deal-Seekers
907771,Digital Deal-Seekers
907772,Affluent Quiet Loyalists
907773,Premium Campaign Responders
907774,Digital Deal-Seekers
907775,Digital Deal-Seekers
907776,Affluent Quiet Loyalists
907777,Premium Campaign Responders
907778,Budget-Conscious Browsers
907779,Digital Deal-Seekers
907780,Digital Deal-Seekers
907781,Budget-Conscious Browsers
907782,Premium Campaign Responders
907783,Digital Deal-Seekers
907784,Affluent Quiet Loyalists
907785,Budget-Conscious Browsers
907786,Affluent Quiet Loyalists
907787,Affluent Quiet Loyalists
907788,Budget-Conscious Browsers
907789,Premium Campaign Responders
907790,Budget-Conscious Browsers
907791,Digital Deal-Seekers
907792,Digital Deal-Seekers
907793,Affluent Quiet Loyalists
907794,Premium Campaign Responders
907795,Budget-Conscious Browsers
907796,Digital Deal-Seekers
907797,Affluent Quiet Loyalists
907798,Affluent Quiet Loyalists
907799,Affluent Quiet Loyalists
907800,Affluent Quiet Loyalists
907801,Affluent Quiet Loyalists
907802,Budget-Conscious Browsers
907803,Affluent Quiet Loyalists
907804,Digital Deal-Seekers
907805,Affluent Quiet Loyalists
907806,Digital Deal-Seekers
907807,Digital Deal-Seekers
907808,Affluent Quiet Loyalists
907809,Budget-Conscious Browsers
907810,Premium Campaign Responders
907811,Digital Deal-Seekers
907812,Budget-Conscious Browsers
907813,Budget-Conscious Browsers
907814,Digital Deal-Seekers
907815,Budget-Conscious Browsers
907816,Affluent Quiet Loyalists
907817,Budget-Conscious Browsers
907818,Digital Deal-Seekers
907819,Budget-Conscious Browsers
907820,Affluent Quiet Loyalists
907821,Budget-Conscious Browsers
907822,Digital Deal-Seekers
907823,Affluent Quiet Loyalists
907824,Affluent Quiet Loyalists
907825,Budget-Conscious Browsers
907826,Affluent Quiet Loyalists
907827,Budget-Conscious Browsers
907828,Affluent Quiet Loyalists
907829,Affluent Quiet Loyalists
907830,Affluent Quiet Loyalists
907831,Budget-Conscious Browsers
907832,Budget-Conscious Browsers
907833,Budget-Conscious Browsers
907834,Digital Deal-Seekers
907835,Budget-Conscious Browsers
907836,Budget-Conscious Browsers
907837,Budget-Conscious Browsers
907838,Affluent Quiet Loyalists
907839,Budget-Conscious Browsers
907840,Affluent Quiet Loyalists
907841,Affluent Quiet Loyalists
907842,Digital Deal-Seekers
907843,Affluent Quiet Loyalists
907844,Budget-Conscious Browsers
907845,Digital Deal-Seekers
907846,Budget-Conscious Browsers
907847,Budget-Conscious Browsers
907848,Premium Campaign Responders
907849,Premium Campaign Responders
907850,Digital Deal-Seekers
907851,Digital Deal-Seekers
907852,Affluent Quiet Loyalists
907853,Affluent Quiet Loyalists
907854,Budget-Conscious Browsers
907855,Affluent Quiet Loyalists
907856,Affluent Quiet Loyalists
907857,Digital Deal-Seekers
907858,Budget-Conscious Browsers
907859,Premium Campaign Responders
907860,Digital Deal-Seekers
907861,Budget-Conscious Browsers
907862,Premium Campaign Responders
907863,Budget-Conscious Browsers
907864,Premium Campaign Responders
907865,Budget-Conscious Browsers
907866,Budget-Conscious Browsers
907867,Digital Deal-Seekers
907868,Budget-Conscious Browsers
907869,Premium Campaign Responders
907870,Budget-Conscious Browsers
907871,Budget-Conscious Browsers
907872,Digital Deal-Seekers
907873,Digital Deal-Seekers
907874,Budget-Conscious Browsers
907875,Budget-Conscious Browsers
907876,Digital Deal-Seekers
907877,Budget-Conscious Browsers
907878,Budget-Conscious Browsers
907879,Budget-Conscious Browsers
907880,Budget-Conscious Browsers
907881,Digital Deal-Seekers
907882,Budget-Conscious Browsers
907883,Affluent Quiet Loyalists
907884,Affluent Quiet Loyalists
907885,Budget-Conscious Browsers
907886,Budget-Conscious Browsers
907887,Digital Deal-Seekers
907888,Budget-Conscious Browsers
907889,Digital Deal-Seekers
907890,Budget-Conscious Browsers
907891,Digital Deal-Seekers
907892,Premium Campaign Responders
907893,Digital Deal-Seekers
907894,Budget-Conscious Browsers
907895,Affluent Quiet Loyalists
907896,Affluent Quiet Loyalists
907897,Affluent Quiet Loyalists
907898,Affluent Quiet Loyalists
907899,Budget-Conscious Browsers
907900,Budget-Conscious Browsers
907901,Budget-Conscious Browsers
907902,Digital Deal-Seekers
907903,Digital Deal-Seekers
907904,Digital Deal-Seekers
907905,Premium Campaign Responders
907906,Budget-Conscious Browsers
907907,Affluent Quiet Loyalists
907908,Digital Deal-Seekers
907909,Digital Deal-Seekers
907910,Digital Deal-Seekers
907911,Affluent Quiet Loyalists
907912,Premium Campaign Responders
907913,Digital Deal-Seekers
907914,Budget-Conscious Browsers
907915,Budget-Conscious Browsers
907916,Budget-Conscious Browsers
907917,Affluent Quiet Loyalists
907918,Budget-Conscious Browsers
907919,Affluent Quiet Loyalists
907920,Digital Deal-Seekers
907921,Affluent Quiet Loyalists
907922,Budget-Conscious Browsers
907923,Digital Deal-Seekers
907924,Budget-Conscious Browsers
907925,Affluent Quiet Loyalists
907926,Affluent Quiet Loyalists
907927,Budget-Conscious Browsers
907928,Premium Campaign Responders
907929,Budget-Conscious Browsers
907930,Digital Deal-Seekers
907931,Premium Campaign Responders
907932,Digital Deal-Seekers
907933,Budget-Conscious Browsers
907934,Budget-Conscious Browsers
907935,Digital Deal-Seekers
907936,Budget-Conscious Browsers
907937,Premium Campaign Responders
907938,Budget-Conscious Browsers
907939,Affluent Quiet Loyalists
907940,Premium Campaign Responders
907941,Digital Deal-Seekers
907942,Affluent Quiet Loyalists
907943,Budget-Conscious Browsers
907944,Digital Deal-Seekers
907945,Affluent Quiet Loyalists
907946,Budget-Conscious Browsers
907947,Budget-Conscious Browsers
907948,Affluent Quiet Loyalists
907949,Affluent Quiet Loyalists
907950,Premium Campaign Responders
907951,Premium Campaign Responders
907952,Budget-Conscious Browsers
907953,Digital Deal-Seekers
907954,Budget-Conscious Browsers
907955,Budget-Conscious Browsers
907956,Budget-Conscious Browsers
907957,Budget-Conscious Browsers
907958,Digital Deal-Seekers
907959,Premium Campaign Responders
907960,Budget-Conscious Browsers
907961,Digital Deal-Seekers
907962,Budget-Conscious Browsers
907963,Digital Deal-Seekers
907964,Budget-Conscious Browsers
907965,Budget-Conscious Browsers
907966,Affluent Quiet Loyalists
907967,Digital Deal-Seekers
907968,Affluent Quiet Loyalists
907969,Premium Campaign Responders
907970,Budget-Conscious Browsers
907971,Budget-Conscious Browsers
907972,Digital Deal-Seekers
907973,Budget-Conscious Browsers
907974,Premium Campaign Responders
907975,Affluent Quiet Loyalists
907976,Budget-Conscious Browsers
907977,Budget-Conscious Browsers
907978,Budget-Conscious Browsers
907979,Budget-Conscious Browsers
907980,Premium Campaign Responders
907981,Budget-Conscious Browsers
907982,Digital Deal-Seekers
907983,Budget-Conscious Browsers
907984,Budget-Conscious Browsers
907985,Affluent Quiet Loyalists
907986,Digital Deal-Seekers
907987,Budget-Conscious Browsers
907988,Affluent Quiet Loyalists
907989,Budget-Conscious Browsers
907990,Budget-Conscious Browsers
907991,Budget-Conscious Browsers
907992,Affluent Quiet Loyalists
907993,Premium Campaign Responders
907994,Digital Deal-Seekers
907995,Budget-Conscious Browsers
907996,Budget-Conscious Browsers
907997,Digital Deal-Seekers
907998,Premium Campaign Responders
907999,Budget-Conscious Browsers
908000,Digital Deal-Seekers
908001,Premium Campaign Responders
908002,Affluent Quiet Loyalists
908003,Digital Deal-Seekers
908004,Budget-Conscious Browsers
908005,Premium Campaign Responders
908006,Digital Deal-Seekers
908007,Digital Deal-Seekers
908008,Budget-Conscious Browsers
908009,Budget-Conscious Browsers
908010,Budget-Conscious Browsers
908011,Premium Campaign Responders
908012,Affluent Quiet Loyalists
908013,Budget-Conscious Browsers
908014,Affluent Quiet Loyalists
908015,Affluent Quiet Loyalists
908016,Premium Campaign Responders
908017,Budget-Conscious Browsers
908018,Affluent Quiet Loyalists
908019,Affluent Quiet Loyalists
908020,Digital Deal-Seekers
908021,Affluent Quiet Loyalists
908022,Digital Deal-Seekers
908023,Premium Campaign Responders
908024,Budget-Conscious Browsers
908025,Affluent Quiet Loyalists
908026,Digital Deal-Seekers
908027,Premium Campaign Responders
908028,Affluent Quiet Loyalists
908029,Premium Campaign Responders
908030,Budget-Conscious Browsers
908031,Affluent Quiet Loyalists
908032,Premium Campaign Responders
908033,Budget-Conscious Browsers
908034,Budget-Conscious Browsers
908035,Affluent Quiet Loyalists
908036,Premium Campaign Responders
908037,Affluent Quiet Loyalists
908038,Digital Deal-Seekers
908039,Budget-Conscious Browsers
908040,Premium Campaign Responders
908041,Digital Deal-Seekers
908042,Affluent Quiet Loyalists
908043,Affluent Quiet Loyalists
908044,Affluent Quiet Loyalists
908045,Digital Deal-Seekers
908046,Digital Deal-Seekers
908047,Premium Campaign Responders
908048,Premium Campaign Responders
908049,Budget-Conscious Browsers
908050,Affluent Quiet Loyalists
908051,Budget-Conscious Browsers
908052,Digital Deal-Seekers
908053,Premium Campaign Responders
908054,Budget-Conscious Browsers
908055,Digital Deal-Seekers
908056,Budget-Conscious Browsers
908057,Premium Campaign Responders
908058,Digital Deal-Seekers
908059,Affluent Quiet Loyalists
908060,Budget-Conscious Browsers
908061,Premium Campaign Responders
908062,Budget-Conscious Browsers
908063,Budget-Conscious Browsers
908064,Digital Deal-Seekers
908065,Affluent Quiet Loyalists
908066,Budget-Conscious Browsers
908067,Digital Deal-Seekers
908068,Premium Campaign Responders
908069,Affluent Quiet Loyalists
908070,Affluent Quiet Loyalists
908071,Digital Deal-Seekers
908072,Digital Deal-Seekers
908073,Affluent Quiet Loyalists
908074,Affluent Quiet Loyalists
908075,Budget-Conscious Browsers
908076,Digital Deal-Seekers
908077,Budget-Conscious Browsers
908078,Digital Deal-Seekers
908079,Affluent Quiet Loyalists
908080,Digital Deal-Seekers
908081,Digital Deal-Seekers
908082,Budget-Conscious Browsers
908083,Digital Deal-Seekers
908084,Budget-Conscious Browsers
908085,Budget-Conscious Browsers
908086,Budget-Conscious Browsers
908087,Affluent Quiet Loyalists
908088,Digital Deal-Seekers
908089,Budget-Conscious Browsers
908090,Digital Deal-Seekers
908091,Digital Deal-Seekers
908092,Budget-Conscious Browsers
908093,Digital Deal-Seekers
908094,Premium Campaign Responders
908095,Affluent Quiet Loyalists
908096,Premium Campaign Responders
908097,Budget-Conscious Browsers
908098,Affluent Quiet Loyalists
908099,Premium Campaign Responders
908100,Affluent Quiet Loyalists
908101,Budget-Conscious Browsers
908102,Premium Campaign Responders
908103,Budget-Conscious Browsers
908104,Budget-Conscious Browsers
908105,Premium Campaign Responders
908106,Digital Deal-Seekers
908107,Digital Deal-Seekers
908108,Digital Deal-Seekers
908109,Budget-Conscious Browsers
908110,Budget-Conscious Browsers
908111,Budget-Conscious Browsers
908112,Budget-Conscious Browsers
908113,Affluent Quiet Loyalists
908114,Digital Deal-Seekers
908115,Premium Campaign Responders
908116,Budget-Conscious Browsers
908117,Premium Campaign Responders
908118,Budget-Conscious Browsers
908119,Affluent Quiet Loyalists
908120,Digital Deal-Seekers
908121,Digital Deal-Seekers
908122,Budget-Conscious Browsers
908123,Budget-Conscious Browsers
908124,Budget-Conscious Browsers
908125,Affluent Quiet Loyalists
908126,Budget-Conscious Browsers
908127,Affluent Quiet Loyalists
908128,Premium Campaign Responders
908129,Premium Campaign Responders
908130,Budget-Conscious Browsers
908131,Affluent Quiet Loyalists
908132,Premium Campaign Responders
908133,Affluent Quiet Loyalists
908134,Budget-Conscious Browsers
908135,Budget-Conscious Browsers
908136,Digital Deal-Seekers
908137,Affluent Quiet Loyalists
908138,Affluent Quiet Loyalists
908139,Budget-Conscious Browsers
908140,Affluent Quiet Loyalists
908141,Affluent Quiet Loyalists
908142,Digital Deal-Seekers
908143,Budget-Conscious Browsers
908144,Premium Campaign Responders
908145,Budget-Conscious Browsers
908146,Premium Campaign Responders
908147,Budget-Conscious Browsers
908148,Premium Campaign Responders
908149,Premium Campaign Responders
908150,Budget-Conscious Browsers
908151,Affluent Quiet Loyalists
908152,Digital Deal-Seekers
908153,Premium Campaign Responders
908154,Budget-Conscious Browsers
908155,Budget-Conscious Browsers
908156,Affluent Quiet Loyalists
908157,Digital Deal-Seekers
908158,Budget-Conscious Browsers
908159,Affluent Quiet Loyalists
908160,Digital Deal-Seekers
908161,Affluent Quiet Loyalists
908162,Affluent Quiet Loyalists
908163,Digital Deal-Seekers
908164,Premium Campaign Responders
908165,Budget-Conscious Browsers
908166,Premium Campaign Responders
908167,Digital Deal-Seekers
908168,Digital Deal-Seekers
908169,Premium Campaign Responders
908170,Premium Campaign Responders
908171,Budget-Conscious Browsers
908172,Affluent Quiet Loyalists
908173,Affluent Quiet Loyalists
908174,Budget-Conscious Browsers
908175,Digital Deal-Seekers
908176,Affluent Quiet Loyalists
908177,Premium Campaign Responders
908178,Budget-Conscious Browsers
908179,Digital Deal-Seekers
908180,Budget-Conscious Browsers
908181,Premium Campaign Responders
908182,Digital Deal-Seekers
908183,Premium Campaign Responders
908184,Digital Deal-Seekers
908185,Affluent Quiet Loyalists
908186,Affluent Quiet Loyalists
908187,Budget-Conscious Browsers
908188,Budget-Conscious Browsers
908189,Budget-Conscious Browsers
908190,Affluent Quiet Loyalists
908191,Budget-Conscious Browsers
908192,Budget-Conscious Browsers
908193,Digital Deal-Seekers
908194,Budget-Conscious Browsers
908195,Digital Deal-Seekers
908196,Premium Campaign Responders
908197,Digital Deal-Seekers
908198,Digital Deal-Seekers
908199,Affluent Quiet Loyalists
908200,Budget-Conscious Browsers
908201,Budget-Conscious Browsers
908202,Budget-Conscious Browsers
908203,Affluent Quiet Loyalists
908204,Premium Campaign Responders
908205,Digital Deal-Seekers
908206,Budget-Conscious Browsers
908207,Digital Deal-Seekers
908208,Digital Deal-Seekers
908209,Affluent Quiet Loyalists
908210,Digital Deal-Seekers
908211,Digital Deal-Seekers
908212,Digital Deal-Seekers
908213,Digital Deal-Seekers
908214,Affluent Quiet Loyalists
908215,Digital Deal-Seekers
908216,Premium Campaign Responders
908217,Budget-Conscious Browsers
908218,Premium Campaign Responders
908219,Premium Campaign Responders
908220,Digital Deal-Seekers
908221,Digital Deal-Seekers
908222,Affluent Quiet Loyalists
908223,Affluent Quiet Loyalists
908224,Budget-Conscious Browsers
908225,Budget-Conscious Browsers
908226,Budget-Conscious Browsers
908227,Affluent Quiet Loyalists
908228,Premium Campaign Responders
908229,Budget-Conscious Browsers
908230,Digital Deal-Seekers
908231,Budget-Conscious Browsers
908232,Premium Campaign Responders
908233,Budget-Conscious Browsers
908234,Budget-Conscious Browsers
908235,Budget-Conscious Browsers
908236,Digital Deal-Seekers
908237,Budget-Conscious Browsers
908238,Affluent Quiet Loyalists
908239,Digital Deal-Seekers
908240,Budget-Conscious Browsers
908241,Premium Campaign Responders
908242,Budget-Conscious Browsers
908243,Budget-Conscious Browsers
908244,Digital Deal-Seekers
908245,Budget-Conscious Browsers
908246,Premium Campaign Responders
908247,Premium Campaign Responders
908248,Budget-Conscious Browsers
908249,Premium Campaign Responders
908250,Affluent Quiet Loyalists
908251,Affluent Quiet Loyalists
908252,Digital Deal-Seekers
908253,Digital Deal-Seekers
908254,Digital Deal-Seekers
908255,Premium Campaign Responders
908256,Budget-Conscious Browsers
908257,Premium Campaign Responders
908258,Premium Campaign Responders
908259,Budget-Conscious Browsers
908260,Budget-Conscious Browsers
908261,Affluent Quiet Loyalists
908262,Premium Campaign Responders
908263,Budget-Conscious Browsers
908264,Budget-Conscious Browsers
908265,Digital Deal-Seekers
908266,Premium Campaign Responders
908267,Budget-Conscious Browsers
908268,Affluent Quiet Loyalists
908269,Digital Deal-Seekers
908270,Premium Campaign Responders
908271,Digital Deal-Seekers
908272,Affluent Quiet Loyalists
908273,Digital Deal-Seekers
908274,Budget-Conscious Browsers
908275,Premium Campaign Responders
908276,Affluent Quiet Loyalists
908277,Affluent Quiet Loyalists
908278,Digital Deal-Seekers
908279,Digital Deal-Seekers
908280,Premium Campaign Responders
908281,Budget-Conscious Browsers
908282,Affluent Quiet Loyalists
908283,Digital Deal-Seekers
908284,Affluent Quiet Loyalists
908285,Premium Campaign Responders
908286,Premium Campaign Responders
908287,Affluent Quiet Loyalists
908288,Digital Deal-Seekers
908289,Premium Campaign Responders
908290,Affluent Quiet Loyalists
908291,Premium Campaign Responders
908292,Digital Deal-Seekers
908293,Affluent Quiet Loyalists
908294,Budget-Conscious Browsers
908295,Budget-Conscious Browsers
908296,Budget-Conscious Browsers
908297,Affluent Quiet Loyalists
908298,Digital Deal-Seekers
908299,Affluent Quiet Loyalists
908300,Digital Deal-Seekers
908301,Budget-Conscious Browsers
908302,Digital Deal-Seekers
908303,Digital Deal-Seekers
908304,Digital Deal-Seekers
908305,Budget-Conscious Browsers
908306,Affluent Quiet Loyalists
908307,Affluent Quiet Loyalists
908308,Affluent Quiet Loyalists
908309,Budget-Conscious Browsers
908310,Premium Campaign Responders
908311,Affluent Quiet Loyalists
908312,Budget-Conscious Browsers
908313,Budget-Conscious Browsers
908314,Budget-Conscious Browsers
908315,Premium Campaign Responders
908316,Premium Campaign Responders
908317,Digital Deal-Seekers
908318,Digital Deal-Seekers
908319,Affluent Quiet Loyalists
908320,Budget-Conscious Browsers
908321,Digital Deal-Seekers
908322,Digital Deal-Seekers
908323,Budget-Conscious Browsers
908324,Affluent Quiet Loyalists
908325,Affluent Quiet Loyalists
908326,Budget-Conscious Browsers
908327,Affluent Quiet Loyalists
908328,Premium Campaign Responders
908329,Premium Campaign Responders
908330,Budget-Conscious Browsers
908331,Budget-Conscious Browsers
908332,Affluent Quiet Loyalists
908333,Premium Campaign Responders
908334,Digital Deal-Seekers
908335,Affluent Quiet Loyalists
908336,Budget-Conscious Browsers
908337,Premium Campaign Responders
908338,Budget-Conscious Browsers
908339,Affluent Quiet Loyalists
908340,Digital Deal-Seekers
908341,Premium Campaign Responders
908342,Digital Deal-Seekers
908343,Budget-Conscious Browsers
908344,Budget-Conscious Browsers
908345,Budget-Conscious Browsers
908346,Budget-Conscious Browsers
908347,Digital Deal-Seekers
908348,Affluent Quiet Loyalists
908349,Budget-Conscious Browsers
908350,Budget-Conscious Browsers
908351,Premium Campaign Responders
908352,Premium Campaign Responders
908353,Digital Deal-Seekers
908354,Budget-Conscious Browsers
908355,Affluent Quiet Loyalists
908356,Affluent Quiet Loyalists
908357,Budget-Conscious Browsers
908358,Affluent Quiet Loyalists
908359,Premium Campaign Responders
908360,Digital Deal-Seekers
908361,Digital Deal-Seekers
908362,Affluent Quiet Loyalists
908363,Budget-Conscious Browsers
908364,Affluent Quiet Loyalists
908365,Premium Campaign Responders
908366,Digital Deal-Seekers
908367,Premium Campaign Responders
908368,Digital Deal-Seekers
908369,Budget-Conscious Browsers
908370,Budget-Conscious Browsers
908371,Budget-Conscious Browsers
908372,Digital Deal-Seekers
908373,Budget-Conscious Browsers
908374,Digital Deal-Seekers
908375,Affluent Quiet Loyalists
908376,Digital Deal-Seekers
908377,Budget-Conscious Browsers
908378,Affluent Quiet Loyalists
908379,Digital Deal-Seekers
908380,Affluent Quiet Loyalists
908381,Affluent Quiet Loyalists
908382,Digital Deal-Seekers
908383,Premium Campaign Responders
908384,Digital Deal-Seekers
908385,Digital Deal-Seekers
908386,Digital Deal-Seekers
908387,Budget-Conscious Browsers
908388,Affluent Quiet Loyalists
908389,Affluent Quiet Loyalists
908390,Premium Campaign Responders
908391,Budget-Conscious Browsers
908392,Digital Deal-Seekers
908393,Budget-Conscious Browsers
908394,Digital Deal-Seekers
908395,Premium Campaign Responders
908396,Premium Campaign Responders
908397,Affluent Quiet Loyalists
908398,Budget-Conscious Browsers
908399,Affluent Quiet Loyalists
908400,Affluent Quiet Loyalists
908401,Budget-Conscious Browsers
908402,Affluent Quiet Loyalists
908403,Digital Deal-Seekers
908404,Affluent Quiet Loyalists
908405,Affluent Quiet Loyalists
908406,Affluent Quiet Loyalists
908407,Premium Campaign Responders
908408,Budget-Conscious Browsers
908409,Digital Deal-Seekers
908410,Budget-Conscious Browsers
908411,Digital Deal-Seekers
908412,Affluent Quiet Loyalists
908413,Digital Deal-Seekers
908414,Budget-Conscious Browsers
908415,Budget-Conscious Browsers
908416,Budget-Conscious Browsers
908417,Premium Campaign Responders
908418,Digital Deal-Seekers
908419,Digital Deal-Seekers
908420,Affluent Quiet Loyalists
908421,Budget-Conscious Browsers
908422,Digital Deal-Seekers
908423,Premium Campaign Responders
908424,Affluent Quiet Loyalists
908425,Budget-Conscious Browsers
908426,Budget-Conscious Browsers
908427,Affluent Quiet Loyalists
908428,Digital Deal-Seekers
908429,Digital Deal-Seekers
908430,Digital Deal-Seekers
908431,Premium Campaign Responders
908432,Affluent Quiet Loyalists
908433,Budget-Conscious Browsers
908434,Digital Deal-Seekers
908435,Budget-Conscious Browsers
908436,Digital Deal-Seekers
908437,Affluent Quiet Loyalists
908438,Budget-Conscious Browsers
908439,Digital Deal-Seekers
908440,Premium Campaign Responders
908441,Budget-Conscious Browsers
908442,Budget-Conscious Browsers
908443,Affluent Quiet Loyalists
908444,Budget-Conscious Browsers
908445,Affluent Quiet Loyalists
908446,Premium Campaign Responders
908447,Digital Deal-Seekers
908448,Affluent Quiet Loyalists
908449,Affluent Quiet Loyalists
908450,Premium Campaign Responders
908451,Budget-Conscious Browsers
908452,Budget-Conscious Browsers
908453,Affluent Quiet Loyalists
908454,Budget-Conscious Browsers
908455,Budget-Conscious Browsers
908456,Digital Deal-Seekers
908457,Premium Campaign Responders
908458,Budget-Conscious Browsers
908459,Budget-Conscious Browsers
908460,Premium Campaign Responders
908461,Budget-Conscious Browsers
908462,Premium Campaign Responders
908463,Affluent Quiet Loyalists
908464,Premium Campaign Responders
908465,Digital Deal-Seekers
908466,Premium Campaign Responders
908467,Budget-Conscious Browsers
908468,Affluent Quiet Loyalists
908469,Budget-Conscious Browsers
908470,Budget-Conscious Browsers
908471,Digital Deal-Seekers
908472,Budget-Conscious Browsers
908473,Budget-Conscious Browsers
908474,Affluent Quiet Loyalists
908475,Digital Deal-Seekers
908476,Digital Deal-Seekers
908477,Digital Deal-Seekers
908478,Budget-Conscious Browsers
908479,Budget-Conscious Browsers
908480,Budget-Conscious Browsers
908481,Budget-Conscious Browsers
908482,Budget-Conscious Browsers
908483,Premium Campaign Responders
908484,Budget-Conscious Browsers
908485,Premium Campaign Responders
908486,Digital Deal-Seekers
908487,Budget-Conscious Browsers
908488,Digital Deal-Seekers
908489,Digital Deal-Seekers
908490,Premium Campaign Responders
908491,Digital Deal-Seekers
908492,Budget-Conscious Browsers
908493,Budget-Conscious Browsers
908494,Digital Deal-Seekers
908495,Premium Campaign Responders
908496,Digital Deal-Seekers
908497,Budget-Conscious Browsers
908498,Budget-Conscious Browsers
908499,Digital Deal-Seekers
908500,Affluent Quiet Loyalists
908501,Premium Campaign Responders
908502,Premium Campaign Responders
908503,Affluent Quiet Loyalists
908504,Affluent Quiet Loyalists
908505,Affluent Quiet Loyalists
908506,Affluent Quiet Loyalists
908507,Affluent Quiet Loyalists
908508,Budget-Conscious Browsers
908509,Digital Deal-Seekers
908510,Affluent Quiet Loyalists
908511,Digital Deal-Seekers
908512,Affluent Quiet Loyalists
908513,Affluent Quiet Loyalists
908514,Affluent Quiet Loyalists
908515,Budget-Conscious Browsers
908516,Premium Campaign Responders
908517,Digital Deal-Seekers
908518,Digital Deal-Seekers
908519,Premium Campaign Responders
908520,Digital Deal-Seekers
908521,Digital Deal-Seekers
908522,Premium Campaign Responders
908523,Digital Deal-Seekers
908524,Budget-Conscious Browsers
908525,Digital Deal-Seekers
908526,Digital Deal-Seekers
908527,Budget-Conscious Browsers
908528,Digital Deal-Seekers
908529,Affluent Quiet Loyalists
908530,Budget-Conscious Browsers
908531,Digital Deal-Seekers
908532,Premium Campaign Responders
908533,Premium Campaign Responders
908534,Premium Campaign Responders
908535,Digital Deal-Seekers
908536,Digital Deal-Seekers
908537,Budget-Conscious Browsers
908538,Premium Campaign Responders
908539,Budget-Conscious Browsers
908540,Budget-Conscious Browsers
908541,Digital Deal-Seekers
908542,Budget-Conscious Browsers
908543,Budget-Conscious Browsers
908544,Budget-Conscious Browsers
908545,Budget-Conscious Browsers
908546,Premium Campaign Responders
908547,Affluent Quiet Loyalists
908548,Affluent Quiet Loyalists
908549,Affluent Quiet Loyalists
908550,Premium Campaign Responders
908551,Budget-Conscious Browsers
908552,Premium Campaign Responders
908553,Digital Deal-Seekers
908554,Budget-Conscious Browsers
908555,Affluent Quiet Loyalists
908556,Affluent Quiet Loyalists
908557,Digital Deal-Seekers
908558,Premium Campaign Responders
908559,Affluent Quiet Loyalists
908560,Affluent Quiet Loyalists
908561,Affluent Quiet Loyalists
908562,Affluent Quiet Loyalists
908563,Budget-Conscious Browsers
908564,Affluent Quiet Loyalists
908565,Budget-Conscious Browsers
908566,Affluent Quiet Loyalists
908567,Premium Campaign Responders
908568,Affluent Quiet Loyalists
908569,Digital Deal-Seekers
908570,Digital Deal-Seekers
908571,Digital Deal-Seekers
908572,Budget-Conscious Browsers
908573,Premium Campaign Responders
908574,Budget-Conscious Browsers
908575,Budget-Conscious Browsers
908576,Premium Campaign Responders
908577,Digital Deal-Seekers
908578,Digital Deal-Seekers
908579,Premium Campaign Responders
908580,Digital Deal-Seekers
908581,Premium Campaign Responders
908582,Premium Campaign Responders
908583,Digital Deal-Seekers
908584,Digital Deal-Seekers
908585,Budget-Conscious Browsers
908586,Affluent Quiet Loyalists
908587,Budget-Conscious Browsers
908588,Premium Campaign Responders
908589,Premium Campaign Responders
908590,Digital Deal-Seekers
908591,Premium Campaign Responders
908592,Budget-Conscious Browsers
908593,Budget-Conscious Browsers
908594,Budget-Conscious Browsers
908595,Digital Deal-Seekers
908596,Affluent Quiet Loyalists
908597,Budget-Conscious Browsers
908598,Premium Campaign Responders
908599,Premium Campaign Responders
908600,Budget-Conscious Browsers
908601,Budget-Conscious Browsers
908602,Budget-Conscious Browsers
908603,Affluent Quiet Loyalists
908604,Affluent Quiet Loyalists
908605,Affluent Quiet Loyalists
908606,Budget-Conscious Browsers
908607,Budget-Conscious Browsers
908608,Digital Deal-Seekers
908609,Budget-Conscious Browsers
908610,Budget-Conscious Browsers
908611,Digital Deal-Seekers
908612,Budget-Conscious Browsers
908613,Budget-Conscious Browsers
908614,Budget-Conscious Browsers
908615,Affluent Quiet Loyalists
908616,Premium Campaign Responders
908617,Premium Campaign Responders
908618,Affluent Quiet Loyalists
908619,Budget-Conscious Browsers
908620,Budget-Conscious Browsers
908621,Digital Deal-Seekers
908622,Affluent Quiet Loyalists
908623,Affluent Quiet Loyalists
908624,Affluent Quiet Loyalists
908625,Digital Deal-Seekers
908626,Affluent Quiet Loyalists
908627,Premium Campaign Responders
908628,Digital Deal-Seekers
908629,Digital Deal-Seekers
908630,Affluent Quiet Loyalists
908631,Digital Deal-Seekers
908632,Digital Deal-Seekers
908633,Budget-Conscious Browsers
908634,Budget-Conscious Browsers
908635,Affluent Quiet Loyalists
908636,Budget-Conscious Browsers
908637,Premium Campaign Responders
908638,Premium Campaign Responders
908639,Budget-Conscious Browsers
908640,Affluent Quiet Loyalists
908641,Affluent Quiet Loyalists
908642,Affluent Quiet Loyalists
908643,Premium Campaign Responders
908644,Budget-Conscious Browsers
908645,Digital Deal-Seekers
908646,Digital Deal-Seekers
908647,Budget-Conscious Browsers
908648,Premium Campaign Responders
908649,Budget-Conscious Browsers
908650,Digital Deal-Seekers
908651,Digital Deal-Seekers
908652,Affluent Quiet Loyalists
908653,Budget-Conscious Browsers
908654,Budget-Conscious Browsers
908655,Digital Deal-Seekers
908656,Budget-Conscious Browsers
908657,Affluent Quiet Loyalists
908658,Affluent Quiet Loyalists
908659,Affluent Quiet Loyalists
908660,Affluent Quiet Loyalists
908661,Budget-Conscious Browsers
908662,Affluent Quiet Loyalists
908663,Digital Deal-Seekers
908664,Budget-Conscious Browsers
908665,Budget-Conscious Browsers
908666,Digital Deal-Seekers
908667,Digital Deal-Seekers
908668,Digital Deal-Seekers
908669,Budget-Conscious Browsers
908670,Digital Deal-Seekers
908671,Premium Campaign Responders
908672,Digital Deal-Seekers
908673,Affluent Quiet Loyalists
908674,Premium Campaign Responders
908675,Budget-Conscious Browsers
908676,Budget-Conscious Browsers
908677,Budget-Conscious Browsers
908678,Premium Campaign Responders
908679,Premium Campaign Responders
908680,Budget-Conscious Browsers
908681,Digital Deal-Seekers
908682,Budget-Conscious Browsers
908683,Digital Deal-Seekers
908684,Premium Campaign Responders
908685,Premium Campaign Responders
908686,Budget-Conscious Browsers
908687,Budget-Conscious Browsers
908688,Budget-Conscious Browsers
908689,Affluent Quiet Loyalists
908690,Digital Deal-Seekers
908691,Digital Deal-Seekers
908692,Affluent Quiet Loyalists
908693,Digital Deal-Seekers
908694,Budget-Conscious Browsers
908695,Affluent Quiet Loyalists
908696,Affluent Quiet Loyalists
908697,Digital Deal-Seekers
908698,Budget-Conscious Browsers
908699,Affluent Quiet Loyalists
908700,Budget-Conscious Browsers
908701,Digital Deal-Seekers
908702,Digital Deal-Seekers
908703,Premium Campaign Responders
908704,Affluent Quiet Loyalists
908705,Budget-Conscious Browsers
908706,Affluent Quiet Loyalists
908707,Budget-Conscious Browsers
908708,Affluent Quiet Loyalists
908709,Affluent Quiet Loyalists
908710,Digital Deal-Seekers
908711,Budget-Conscious Browsers
908712,Premium Campaign Responders
908713,Budget-Conscious Browsers
908714,Affluent Quiet Loyalists
908715,Budget-Conscious Browsers
908716,Budget-Conscious Browsers
908717,Digital Deal-Seekers
908718,Budget-Conscious Browsers
908719,Premium Campaign Responders
908720,Budget-Conscious Browsers
908721,Premium Campaign Responders
908722,Affluent Quiet Loyalists
908723,Digital Deal-Seekers
908724,Affluent Quiet Loyalists
908725,Affluent Quiet Loyalists
908726,Premium Campaign Responders
908727,Digital Deal-Seekers
908728,Affluent Quiet Loyalists
908729,Affluent Quiet Loyalists
908730,Affluent Quiet Loyalists
908731,Budget-Conscious Browsers
908732,Premium Campaign Responders
908733,Affluent Quiet Loyalists
908734,Budget-Conscious Browsers
908735,Budget-Conscious Browsers
908736,Affluent Quiet Loyalists
908737,Budget-Conscious Browsers
908738,Premium Campaign Responders
908739,Affluent Quiet Loyalists
908740,Budget-Conscious Browsers
908741,Digital Deal-Seekers
908742,Affluent Quiet Loyalists
908743,Budget-Conscious Browsers
908744,Budget-Conscious Browsers
908745,Premium Campaign Responders
908746,Premium Campaign Responders
908747,Affluent Quiet Loyalists
908748,Premium Campaign Responders
908749,Budget-Conscious Browsers
908750,Affluent Quiet Loyalists
908751,Premium Campaign Responders
908752,Budget-Conscious Browsers
908753,Budget-Conscious Browsers
908754,Budget-Conscious Browsers
908755,Budget-Conscious Browsers
908756,Premium Campaign Responders
908757,Premium Campaign Responders
908758,Budget-Conscious Browsers
908759,Affluent Quiet Loyalists
908760,Affluent Quiet Loyalists
908761,Budget-Conscious Browsers
908762,Digital Deal-Seekers
908763,Affluent Quiet Loyalists
908764,Budget-Conscious Browsers
908765,Digital Deal-Seekers
908766,Premium Campaign Responders
908767,Affluent Quiet Loyalists
908768,Budget-Conscious Browsers
908769,Digital Deal-Seekers
908770,Digital Deal-Seekers
908771,Budget-Conscious Browsers
908772,Budget-Conscious Browsers
908773,Digital Deal-Seekers
908774,Digital Deal-Seekers
908775,Budget-Conscious Browsers
908776,Budget-Conscious Browsers
908777,Budget-Conscious Browsers
908778,Budget-Conscious Browsers
908779,Budget-Conscious Browsers
908780,Affluent Quiet Loyalists
908781,Budget-Conscious Browsers
908782,Affluent Quiet Loyalists
908783,Affluent Quiet Loyalists
908784,Budget-Conscious Browsers
908785,Budget-Conscious Browsers
908786,Budget-Conscious Browsers
908787,Budget-Conscious Browsers
908788,Budget-Conscious Browsers
908789,Budget-Conscious Browsers
908790,Affluent Quiet Loyalists
908791,Budget-Conscious Browsers
908792,Affluent Quiet Loyalists
908793,Premium Campaign Responders
908794,Budget-Conscious Browsers
908795,Digital Deal-Seekers
908796,Digital Deal-Seekers
908797,Digital Deal-Seekers
908798,Premium Campaign Responders
908799,Affluent Quiet Loyalists
908800,Budget-Conscious Browsers
908801,Budget-Conscious Browsers
908802,Premium Campaign Responders
908803,Affluent Quiet Loyalists
908804,Budget-Conscious Browsers
908805,Digital Deal-Seekers
908806,Affluent Quiet Loyalists
908807,Affluent Quiet Loyalists
908808,Premium Campaign Responders
908809,Budget-Conscious Browsers
908810,Budget-Conscious Browsers
908811,Budget-Conscious Browsers
908812,Budget-Conscious Browsers
908813,Digital Deal-Seekers
908814,Budget-Conscious Browsers
908815,Budget-Conscious Browsers
908816,Affluent Quiet Loyalists
908817,Budget-Conscious Browsers
908818,Affluent Quiet Loyalists
908819,Affluent Quiet Loyalists
908820,Affluent Quiet Loyalists
908821,Budget-Conscious Browsers
908822,Affluent Quiet Loyalists
908823,Budget-Conscious Browsers
908824,Digital Deal-Seekers
908825,Affluent Quiet Loyalists
908826,Digital Deal-Seekers
908827,Budget-Conscious Browsers
908828,Affluent Quiet Loyalists
908829,Budget-Conscious Browsers
908830,Premium Campaign Responders
908831,Digital Deal-Seekers
908832,Budget-Conscious Browsers
908833,Budget-Conscious Browsers
908834,Digital Deal-Seekers
908835,Budget-Conscious Browsers
908836,Budget-Conscious Browsers
908837,Affluent Quiet Loyalists
908838,Budget-Conscious Browsers
908839,Budget-Conscious Browsers
908840,Affluent Quiet Loyalists
908841,Budget-Conscious Browsers
908842,Digital Deal-Seekers
908843,Digital Deal-Seekers
908844,Budget-Conscious Browsers
908845,Digital Deal-Seekers
908846,Budget-Conscious Browsers
908847,Premium Campaign Responders
908848,Budget-Conscious Browsers
908849,Budget-Conscious Browsers
908850,Affluent Quiet Loyalists
908851,Affluent Quiet Loyalists
908852,Digital Deal-Seekers
908853,Affluent Quiet Loyalists
908854,Affluent Quiet Loyalists
908855,Digital Deal-Seekers
908856,Budget-Conscious Browsers
908857,Premium Campaign Responders
908858,Budget-Conscious Browsers
908859,Digital Deal-Seekers
908860,Affluent Quiet Loyalists
908861,Digital Deal-Seekers
908862,Digital Deal-Seekers
908863,Digital Deal-Seekers
908864,Digital Deal-Seekers
908865,Premium Campaign Responders
908866,Budget-Conscious Browsers
908867,Digital Deal-Seekers
908868,Budget-Conscious Browsers
908869,Affluent Quiet Loyalists
908870,Premium Campaign Responders
908871,Digital Deal-Seekers
908872,Affluent Quiet Loyalists
908873,Digital Deal-Seekers
908874,Budget-Conscious Browsers
908875,Affluent Quiet Loyalists
908876,Premium Campaign Responders
908877,Budget-Conscious Browsers
908878,Digital Deal-Seekers
908879,Affluent Quiet Loyalists
908880,Premium Campaign Responders
908881,Digital Deal-Seekers
908882,Digital Deal-Seekers
908883,Premium Campaign Responders
908884,Affluent Quiet Loyalists
908885,Budget-Conscious Browsers
908886,Affluent Quiet Loyalists
908887,Budget-Conscious Browsers
908888,Digital Deal-Seekers
908889,Premium Campaign Responders
908890,Digital Deal-Seekers
908891,Affluent Quiet Loyalists
908892,Budget-Conscious Browsers
908893,Digital Deal-Seekers
908894,Affluent Quiet Loyalists
908895,Premium Campaign Responders
908896,Budget-Conscious Browsers
908897,Budget-Conscious Browsers
908898,Digital Deal-Seekers
908899,Budget-Conscious Browsers
908900,Affluent Quiet Loyalists
908901,Budget-Conscious Browsers
908902,Affluent Quiet Loyalists
908903,Affluent Quiet Loyalists
908904,Digital Deal-Seekers
908905,Affluent Quiet Loyalists
908906,Premium Campaign Responders
908907,Premium Campaign Responders
908908,Budget-Conscious Browsers
908909,Affluent Quiet Loyalists
908910,Affluent Quiet Loyalists
908911,Affluent Quiet Loyalists
908912,Digital Deal-Seekers
908913,Digital Deal-Seekers
908914,Budget-Conscious Browsers
908915,Digital Deal-Seekers
908916,Budget-Conscious Browsers
908917,Affluent Quiet Loyalists
908918,Affluent Quiet Loyalists
908919,Premium Campaign Responders
908920,Premium Campaign Responders
908921,Budget-Conscious Browsers
908922,Budget-Conscious Browsers
908923,Premium Campaign Responders
908924,Affluent Quiet Loyalists
908925,Affluent Quiet Loyalists
908926,Budget-Conscious Browsers
908927,Digital Deal-Seekers
908928,Budget-Conscious Browsers
908929,Affluent Quiet Loyalists
908930,Budget-Conscious Browsers
908931,Affluent Quiet Loyalists
908932,Digital Deal-Seekers
908933,Affluent Quiet Loyalists
908934,Affluent Quiet Loyalists
908935,Budget-Conscious Browsers
908936,Premium Campaign Responders
908937,Digital Deal-Seekers
908938,Affluent Quiet Loyalists
908939,Affluent Quiet Loyalists
908940,Budget-Conscious Browsers
908941,Premium Campaign Responders
908942,Digital Deal-Seekers
908943,Budget-Conscious Browsers
908944,Digital Deal-Seekers
908945,Affluent Quiet Loyalists
908946,Budget-Conscious Browsers
908947,Digital Deal-Seekers
908948,Premium Campaign Responders
908949,Budget-Conscious Browsers
908950,Digital Deal-Seekers
908951,Digital Deal-Seekers
908952,Digital Deal-Seekers
908953,Digital Deal-Seekers
908954,Budget-Conscious Browsers
908955,Digital Deal-Seekers
908956,Digital Deal-Seekers
908957,Premium Campaign Responders
908958,Digital Deal-Seekers
908959,Budget-Conscious Browsers
908960,Affluent Quiet Loyalists
908961,Budget-Conscious Browsers
908962,Affluent Quiet Loyalists
908963,Budget-Conscious Browsers
908964,Budget-Conscious Browsers
908965,Budget-Conscious Browsers
908966,Premium Campaign Responders
908967,Budget-Conscious Browsers
908968,Premium Campaign Responders
908969,Budget-Conscious Browsers
908970,Premium Campaign Responders
908971,Budget-Conscious Browsers
908972,Premium Campaign Responders
908973,Premium Campaign Responders
908974,Affluent Quiet Loyalists
908975,Budget-Conscious Browsers
908976,Budget-Conscious Browsers
908977,Digital Deal-Seekers
908978,Budget-Conscious Browsers
908979,Budget-Conscious Browsers
908980,Budget-Conscious Browsers
908981,Premium Campaign Responders
908982,Budget-Conscious Browsers
908983,Digital Deal-Seekers
908984,Affluent Quiet Loyalists
908985,Budget-Conscious Browsers
908986,Budget-Conscious Browsers
908987,Affluent Quiet Loyalists
908988,Premium Campaign Responders
908989,Budget-Conscious Browsers
908990,Digital Deal-Seekers
908991,Digital Deal-Seekers
908992,Digital Deal-Seekers
908993,Budget-Conscious Browsers
908994,Budget-Conscious Browsers
908995,Budget-Conscious Browsers
908996,Budget-Conscious Browsers
908997,Digital Deal-Seekers
908998,Digital Deal-Seekers
908999,Digital Deal-Seekers
909000,Affluent Quiet Loyalists
909001,Budget-Conscious Browsers
909002,Budget-Conscious Browsers
909003,Budget-Conscious Browsers
909004,Budget-Conscious Browsers
909005,Digital Deal-Seekers
909006,Premium Campaign Responders
909007,Digital Deal-Seekers
909008,Premium Campaign Responders
909009,Budget-Conscious Browsers
909010,Premium Campaign Responders
909011,Budget-Conscious Browsers
909012,Premium Campaign Responders
909013,Digital Deal-Seekers
909014,Affluent Quiet Loyalists
909015,Digital Deal-Seekers
909016,Affluent Quiet Loyalists
909017,Affluent Quiet Loyalists
909018,Budget-Conscious Browsers
909019,Digital Deal-Seekers
909020,Affluent Quiet Loyalists
909021,Budget-Conscious Browsers
909022,Budget-Conscious Browsers
909023,Affluent Quiet Loyalists
909024,Digital Deal-Seekers
909025,Budget-Conscious Browsers
909026,Digital Deal-Seekers
909027,Affluent Quiet Loyalists
909028,Digital Deal-Seekers
909029,Affluent Quiet Loyalists
909030,Affluent Quiet Loyalists
909031,Affluent Quiet Loyalists
909032,Affluent Quiet Loyalists
909033,Budget-Conscious Browsers
909034,Premium Campaign Responders
909035,Digital Deal-Seekers
909036,Budget-Conscious Browsers
909037,Budget-Conscious Browsers
909038,Digital Deal-Seekers
909039,Budget-Conscious Browsers
909040,Affluent Quiet Loyalists
909041,Affluent Quiet Loyalists
909042,Premium Campaign Responders
909043,Affluent Quiet Loyalists
909044,Affluent Quiet Loyalists
909045,Premium Campaign Responders
909046,Affluent Quiet Loyalists
909047,Budget-Conscious Browsers
909048,Budget-Conscious Browsers
909049,Budget-Conscious Browsers
909050,Digital Deal-Seekers
909051,Digital Deal-Seekers
909052,Budget-Conscious Browsers
909053,Affluent Quiet Loyalists
909054,Affluent Quiet Loyalists
909055,Digital Deal-Seekers
909056,Budget-Conscious Browsers
909057,Premium Campaign Responders
909058,Digital Deal-Seekers
909059,Premium Campaign Responders
909060,Affluent Quiet Loyalists
909061,Premium Campaign Responders
909062,Budget-Conscious Browsers
909063,Digital Deal-Seekers
909064,Budget-Conscious Browsers
909065,Budget-Conscious Browsers
909066,Budget-Conscious Browsers
909067,Affluent Quiet Loyalists
909068,Digital Deal-Seekers
909069,Digital Deal-Seekers
909070,Affluent Quiet Loyalists
909071,Budget-Conscious Browsers
909072,Affluent Quiet Loyalists
909073,Budget-Conscious Browsers
909074,Budget-Conscious Browsers
909075,Budget-Conscious Browsers
909076,Digital Deal-Seekers
909077,Digital Deal-Seekers
909078,Digital Deal-Seekers
909079,Affluent Quiet Loyalists
909080,Premium Campaign Responders
909081,Affluent Quiet Loyalists
909082,Affluent Quiet Loyalists
909083,Premium Campaign Responders
909084,Premium Campaign Responders
909085,Budget-Conscious Browsers
909086,Budget-Conscious Browsers
909087,Budget-Conscious Browsers
909088,Affluent Quiet Loyalists
909089,Premium Campaign Responders
909090,Digital Deal-Seekers
909091,Premium Campaign Responders
909092,Budget-Conscious Browsers
909093,Budget-Conscious Browsers
909094,Digital Deal-Seekers
909095,Affluent Quiet Loyalists
909096,Premium Campaign Responders
909097,Digital Deal-Seekers
909098,Budget-Conscious Browsers
909099,Digital Deal-Seekers
909100,Budget-Conscious Browsers
909101,Affluent Quiet Loyalists
909102,Budget-Conscious Browsers
909103,Budget-Conscious Browsers
909104,Premium Campaign Responders
909105,Premium Campaign Responders
909106,Budget-Conscious Browsers
909107,Digital Deal-Seekers
909108,Budget-Conscious Browsers
909109,Affluent Quiet Loyalists
909110,Premium Campaign Responders
909111,Budget-Conscious Browsers
909112,Digital Deal-Seekers
909113,Affluent Quiet Loyalists
909114,Digital Deal-Seekers
909115,Digital Deal-Seekers
909116,Digital Deal-Seekers
909117,Affluent Quiet Loyalists
909118,Affluent Quiet Loyalists
909119,Affluent Quiet Loyalists
909120,Budget-Conscious Browsers
909121,Budget-Conscious Browsers
909122,Budget-Conscious Browsers
909123,Digital Deal-Seekers
909124,Digital Deal-Seekers
909125,Affluent Quiet Loyalists
909126,Affluent Quiet Loyalists
909127,Budget-Conscious Browsers
909128,Premium Campaign Responders
909129,Premium Campaign Responders
909130,Affluent Quiet Loyalists
909131,Premium Campaign Responders
909132,Budget-Conscious Browsers
909133,Affluent Quiet Loyalists
909134,Premium Campaign Responders
909135,Budget-Conscious Browsers
909136,Affluent Quiet Loyalists
909137,Budget-Conscious Browsers
909138,Affluent Quiet Loyalists
909139,Affluent Quiet Loyalists
909140,Affluent Quiet Loyalists
909141,Digital Deal-Seekers
909142,Affluent Quiet Loyalists
909143,Budget-Conscious Browsers
909144,Affluent Quiet Loyalists
909145,Budget-Conscious Browsers
909146,Budget-Conscious Browsers
909147,Affluent Quiet Loyalists
909148,Affluent Quiet Loyalists
909149,Affluent Quiet Loyalists
909150,Digital Deal-Seekers
909151,Premium Campaign Responders
909152,Digital Deal-Seekers
909153,Premium Campaign Responders
909154,Digital Deal-Seekers
909155,Budget-Conscious Browsers
909156,Digital Deal-Seekers
909157,Premium Campaign Responders
909158,Digital Deal-Seekers
909159,Affluent Quiet Loyalists
909160,Affluent Quiet Loyalists
909161,Digital Deal-Seekers
909162,Premium Campaign Responders
909163,Budget-Conscious Browsers
909164,Affluent Quiet Loyalists
909165,Budget-Conscious Browsers
909166,Budget-Conscious Browsers
909167,Affluent Quiet Loyalists
909168,Affluent Quiet Loyalists
909169,Digital Deal-Seekers
909170,Digital Deal-Seekers
909171,Budget-Conscious Browsers
909172,Premium Campaign Responders
909173,Budget-Conscious Browsers
909174,Budget-Conscious Browsers
909175,Budget-Conscious Browsers
909176,Budget-Conscious Browsers
909177,Digital Deal-Seekers
909178,Budget-Conscious Browsers
909179,Budget-Conscious Browsers
909180,Budget-Conscious Browsers
909181,Digital Deal-Seekers
909182,Affluent Quiet Loyalists
909183,Affluent Quiet Loyalists
909184,Affluent Quiet Loyalists
909185,Budget-Conscious Browsers
909186,Budget-Conscious Browsers
909187,Budget-Conscious Browsers
909188,Digital Deal-Seekers
909189,Premium Campaign Responders
909190,Budget-Conscious Browsers
909191,Affluent Quiet Loyalists
909192,Affluent Quiet Loyalists
909193,Budget-Conscious Browsers
909194,Digital Deal-Seekers
909195,Budget-Conscious Browsers
909196,Affluent Quiet Loyalists
909197,Budget-Conscious Browsers
909198,Affluent Quiet Loyalists
909199,Affluent Quiet Loyalists
909200,Budget-Conscious Browsers
909201,Budget-Conscious Browsers
909202,Digital Deal-Seekers
909203,Budget-Conscious Browsers
909204,Premium Campaign Responders
909205,Budget-Conscious Browsers
909206,Budget-Conscious Browsers
909207,Affluent Quiet Loyalists
909208,Affluent Quiet Loyalists
909209,Budget-Conscious Browsers
909210,Budget-Conscious Browsers
909211,Budget-Conscious Browsers
909212,Affluent Quiet Loyalists
909213,Digital Deal-Seekers
909214,Affluent Quiet Loyalists
909215,Affluent Quiet Loyalists
909216,Budget-Conscious Browsers
909217,Digital Deal-Seekers
909218,Affluent Quiet Loyalists
909219,Digital Deal-Seekers
909220,Affluent Quiet Loyalists
909221,Premium Campaign Responders
909222,Budget-Conscious Browsers
909223,Budget-Conscious Browsers
909224,Budget-Conscious Browsers
909225,Digital Deal-Seekers
909226,Budget-Conscious Browsers
909227,Affluent Quiet Loyalists
909228,Affluent Quiet Loyalists
909229,Premium Campaign Responders
909230,Digital Deal-Seekers
909231,Budget-Conscious Browsers
909232,Digital Deal-Seekers
909233,Affluent Quiet Loyalists
909234,Affluent Quiet Loyalists
909235,Affluent Quiet Loyalists
909236,Affluent Quiet Loyalists
909237,Affluent Quiet Loyalists
909238,Affluent Quiet Loyalists
909239,Premium Campaign Responders
909240,Premium Campaign Responders
909241,Affluent Quiet Loyalists
909242,Premium Campaign Responders
909243,Budget-Conscious Browsers
909244,Budget-Conscious Browsers
909245,Premium Campaign Responders
909246,Premium Campaign Responders
909247,Digital Deal-Seekers
909248,Digital Deal-Seekers
909249,Digital Deal-Seekers
909250,Premium Campaign Responders
909251,Affluent Quiet Loyalists
909252,Premium Campaign Responders
909253,Affluent Quiet Loyalists
909254,Budget-Conscious Browsers
909255,Affluent Quiet Loyalists
909256,Affluent Quiet Loyalists
909257,Affluent Quiet Loyalists
909258,Budget-Conscious Browsers
909259,Budget-Conscious Browsers
909260,Budget-Conscious Browsers
909261,Digital Deal-Seekers
909262,Budget-Conscious Browsers
909263,Digital Deal-Seekers
909264,Affluent Quiet Loyalists
909265,Affluent Quiet Loyalists
909266,Premium Campaign Responders
909267,Budget-Conscious Browsers
909268,Budget-Conscious Browsers
909269,Premium Campaign Responders
909270,Digital Deal-Seekers
909271,Digital Deal-Seekers
909272,Affluent Quiet Loyalists
909273,Digital Deal-Seekers
909274,Affluent Quiet Loyalists
909275,Budget-Conscious Browsers
909276,Budget-Conscious Browsers
909277,Digital Deal-Seekers
909278,Affluent Quiet Loyalists
909279,Affluent Quiet Loyalists
909280,Digital Deal-Seekers
909281,Digital Deal-Seekers
909282,Budget-Conscious Browsers
909283,Affluent Quiet Loyalists
909284,Affluent Quiet Loyalists
909285,Digital Deal-Seekers
909286,Budget-Conscious Browsers
909287,Premium Campaign Responders
909288,Digital Deal-Seekers
909289,Affluent Quiet Loyalists
909290,Budget-Conscious Browsers
909291,Premium Campaign Responders
909292,Digital Deal-Seekers
909293,Affluent Quiet Loyalists
909294,Digital Deal-Seekers
909295,Budget-Conscious Browsers
909296,Digital Deal-Seekers
909297,Affluent Quiet Loyalists
909298,Budget-Conscious Browsers
909299,Digital Deal-Seekers
909300,Budget-Conscious Browsers
909301,Digital Deal-Seekers
909302,Digital Deal-Seekers
909303,Digital Deal-Seekers
909304,Digital Deal-Seekers
909305,Affluent Quiet Loyalists
909306,Premium Campaign Responders
909307,Affluent Quiet Loyalists
909308,Affluent Quiet Loyalists
909309,Budget-Conscious Browsers
909310,Budget-Conscious Browsers
909311,Affluent Quiet Loyalists
909312,Digital Deal-Seekers
909313,Budget-Conscious Browsers
909314,Budget-Conscious Browsers
909315,Affluent Quiet Loyalists
909316,Budget-Conscious Browsers
909317,Budget-Conscious Browsers
909318,Digital Deal-Seekers
909319,Budget-Conscious Browsers
909320,Digital Deal-Seekers
909321,Budget-Conscious Browsers
909322,Budget-Conscious Browsers
909323,Digital Deal-Seekers
909324,Digital Deal-Seekers
909325,Digital Deal-Seekers
909326,Digital Deal-Seekers
909327,Affluent Quiet Loyalists
909328,Digital Deal-Seekers
909329,Digital Deal-Seekers
909330,Premium Campaign Responders
909331,Digital Deal-Seekers
909332,Affluent Quiet Loyalists
909333,Affluent Quiet Loyalists
909334,Affluent Quiet Loyalists
909335,Budget-Conscious Browsers
909336,Affluent Quiet Loyalists
909337,Digital Deal-Seekers
909338,Premium Campaign Responders
909339,Budget-Conscious Browsers
909340,Budget-Conscious Browsers
909341,Digital Deal-Seekers
909342,Premium Campaign Responders
909343,Budget-Conscious Browsers
909344,Premium Campaign Responders
909345,Digital Deal-Seekers
909346,Budget-Conscious Browsers
909347,Affluent Quiet Loyalists
909348,Budget-Conscious Browsers
909349,Budget-Conscious Browsers
909350,Budget-Conscious Browsers
909351,Digital Deal-Seekers
909352,Digital Deal-Seekers
909353,Budget-Conscious Browsers
909354,Premium Campaign Responders
909355,Budget-Conscious Browsers
909356,Digital Deal-Seekers
909357,Budget-Conscious Browsers
909358,Affluent Quiet Loyalists
909359,Digital Deal-Seekers
909360,Budget-Conscious Browsers
909361,Affluent Quiet Loyalists
909362,Premium Campaign Responders
909363,Budget-Conscious Browsers
909364,Digital Deal-Seekers
909365,Premium Campaign Responders
909366,Premium Campaign Responders
909367,Budget-Conscious Browsers
909368,Budget-Conscious Browsers
909369,Digital Deal-Seekers
909370,Digital Deal-Seekers
909371,Digital Deal-Seekers
909372,Affluent Quiet Loyalists
909373,Premium Campaign Responders
909374,Budget-Conscious Browsers
909375,Digital Deal-Seekers
909376,Premium Campaign Responders
909377,Digital Deal-Seekers
909378,Budget-Conscious Browsers
909379,Budget-Conscious Browsers
909380,Affluent Quiet Loyalists
909381,Affluent Quiet Loyalists
909382,Affluent Quiet Loyalists
909383,Affluent Quiet Loyalists
909384,Budget-Conscious Browsers
909385,Affluent Quiet Loyalists
909386,Budget-Conscious Browsers
909387,Budget-Conscious Browsers
909388,Premium Campaign Responders
909389,Affluent Quiet Loyalists
909390,Budget-Conscious Browsers
909391,Budget-Conscious Browsers
909392,Budget-Conscious Browsers
909393,Premium Campaign Responders
909394,Digital Deal-Seekers
909395,Premium Campaign Responders
909396,Budget-Conscious Browsers
909397,Digital Deal-Seekers
909398,Affluent Quiet Loyalists
909399,Digital Deal-Seekers
909400,Budget-Conscious Browsers
909401,Digital Deal-Seekers
909402,Affluent Quiet Loyalists
909403,Budget-Conscious Browsers
909404,Premium Campaign Responders
909405,Budget-Conscious Browsers
909406,Digital Deal-Seekers
909407,Budget-Conscious Browsers
909408,Affluent Quiet Loyalists
909409,Budget-Conscious Browsers
909410,Affluent Quiet Loyalists
909411,Budget-Conscious Browsers
909412,Digital Deal-Seekers
909413,Affluent Quiet Loyalists
909414,Digital Deal-Seekers
909415,Digital Deal-Seekers
909416,Digital Deal-Seekers
909417,Affluent Quiet Loyalists
909418,Affluent Quiet Loyalists
909419,Budget-Conscious Browsers
909420,Affluent Quiet Loyalists
909421,Affluent Quiet Loyalists
909422,Premium Campaign Responders
909423,Premium Campaign Responders
909424,Budget-Conscious Browsers
909425,Affluent Quiet Loyalists
909426,Budget-Conscious Browsers
909427,Affluent Quiet Loyalists
909428,Affluent Quiet Loyalists
909429,Affluent Quiet Loyalists
909430,Digital Deal-Seekers
909431,Digital Deal-Seekers
909432,Premium Campaign Responders
909433,Budget-Conscious Browsers
909434,Digital Deal-Seekers
909435,Budget-Conscious Browsers
909436,Budget-Conscious Browsers
909437,Budget-Conscious Browsers
909438,Premium Campaign Responders
909439,Budget-Conscious Browsers
909440,Premium Campaign Responders
909441,Digital Deal-Seekers
909442,Affluent Quiet Loyalists
909443,Affluent Quiet Loyalists
909444,Budget-Conscious Browsers
909445,Digital Deal-Seekers
909446,Budget-Conscious Browsers
909447,Budget-Conscious Browsers
909448,Premium Campaign Responders
909449,Budget-Conscious Browsers
909450,Affluent Quiet Loyalists
909451,Budget-Conscious Browsers
909452,Affluent Quiet Loyalists
909453,Digital Deal-Seekers
909454,Digital Deal-Seekers
909455,Budget-Conscious Browsers
909456,Budget-Conscious Browsers
909457,Affluent Quiet Loyalists
909458,Budget-Conscious Browsers
909459,Premium Campaign Responders
909460,Budget-Conscious Browsers
909461,Affluent Quiet Loyalists
909462,Affluent Quiet Loyalists
909463,Premium Campaign Responders
909464,Budget-Conscious Browsers
909465,Digital Deal-Seekers
909466,Premium Campaign Responders
909467,Affluent Quiet Loyalists
909468,Affluent Quiet Loyalists
909469,Digital Deal-Seekers
909470,Affluent Quiet Loyalists
909471,Digital Deal-Seekers
909472,Affluent Quiet Loyalists
909473,Premium Campaign Responders
909474,Premium Campaign Responders
909475,Affluent Quiet Loyalists
909476,Budget-Conscious Browsers
909477,Premium Campaign Responders
909478,Premium Campaign Responders
909479,Budget-Conscious Browsers
909480,Budget-Conscious Browsers
909481,Budget-Conscious Browsers
909482,Affluent Quiet Loyalists
909483,Digital Deal-Seekers
909484,Budget-Conscious Browsers
909485,Digital Deal-Seekers
909486,Budget-Conscious Browsers
909487,Budget-Conscious Browsers
909488,Premium Campaign Responders
909489,Digital Deal-Seekers
909490,Budget-Conscious Browsers
909491,Premium Campaign Responders
909492,Premium Campaign Responders
909493,Digital Deal-Seekers
909494,Premium Campaign Responders
909495,Affluent Quiet Loyalists
909496,Budget-Conscious Browsers
909497,Budget-Conscious Browsers
909498,Premium Campaign Responders
909499,Digital Deal-Seekers
909500,Affluent Quiet Loyalists
909501,Affluent Quiet Loyalists
909502,Digital Deal-Seekers
909503,Budget-Conscious Browsers
909504,Budget-Conscious Browsers
909505,Affluent Quiet Loyalists
909506,Digital Deal-Seekers
909507,Digital Deal-Seekers
909508,Digital Deal-Seekers
909509,Affluent Quiet Loyalists
909510,Digital Deal-Seekers
909511,Affluent Quiet Loyalists
909512,Affluent Quiet Loyalists
909513,Premium Campaign Responders
909514,Affluent Quiet Loyalists
909515,Digital Deal-Seekers
909516,Digital Deal-Seekers
909517,Affluent Quiet Loyalists
909518,Affluent Quiet Loyalists
909519,Budget-Conscious Browsers
909520,Affluent Quiet Loyalists
909521,Budget-Conscious Browsers
909522,Budget-Conscious Browsers
909523,Affluent Quiet Loyalists
909524,Budget-Conscious Browsers
909525,Affluent Quiet Loyalists
909526,Digital Deal-Seekers
909527,Digital Deal-Seekers
909528,Budget-Conscious Browsers
909529,Budget-Conscious Browsers
909530,Budget-Conscious Browsers
909531,Premium Campaign Responders
909532,Premium Campaign Responders
909533,Budget-Conscious Browsers
909534,Budget-Conscious Browsers
909535,Digital Deal-Seekers
909536,Affluent Quiet Loyalists
909537,Digital Deal-Seekers
909538,Affluent Quiet Loyalists
909539,Affluent Quiet Loyalists
909540,Affluent Quiet Loyalists
909541,Budget-Conscious Browsers
909542,Budget-Conscious Browsers
909543,Premium Campaign Responders
909544,Digital Deal-Seekers
909545,Affluent Quiet Loyalists
909546,Budget-Conscious Browsers
909547,Premium Campaign Responders
909548,Digital Deal-Seekers
909549,Affluent Quiet Loyalists
909550,Premium Campaign Responders
909551,Budget-Conscious Browsers
909552,Budget-Conscious Browsers
909553,Budget-Conscious Browsers
909554,Affluent Quiet Loyalists
909555,Affluent Quiet Loyalists
909556,Premium Campaign Responders
909557,Budget-Conscious Browsers
909558,Affluent Quiet Loyalists
909559,Affluent Quiet Loyalists
909560,Digital Deal-Seekers
909561,Budget-Conscious Browsers
909562,Affluent Quiet Loyalists
909563,Premium Campaign Responders
909564,Budget-Conscious Browsers
909565,Affluent Quiet Loyalists
909566,Budget-Conscious Browsers
909567,Premium Campaign Responders
909568,Budget-Conscious Browsers
909569,Affluent Quiet Loyalists
909570,Premium Campaign Responders
909571,Premium Campaign Responders
909572,Affluent Quiet Loyalists
909573,Budget-Conscious Browsers
909574,Premium Campaign Responders
909575,Affluent Quiet Loyalists
909576,Budget-Conscious Browsers
909577,Budget-Conscious Browsers
909578,Affluent Quiet Loyalists
909579,Budget-Conscious Browsers
909580,Budget-Conscious Browsers
909581,Premium Campaign Responders
909582,Budget-Conscious Browsers
909583,Premium Campaign Responders
909584,Premium Campaign Responders
909585,Premium Campaign Responders
909586,Premium Campaign Responders
909587,Budget-Conscious Browsers
909588,Premium Campaign Responders
909589,Digital Deal-Seekers
909590,Budget-Conscious Browsers
909591,Premium Campaign Responders
909592,Budget-Conscious Browsers
909593,Digital Deal-Seekers
909594,Digital Deal-Seekers
909595,Premium Campaign Responders
909596,Budget-Conscious Browsers
909597,Digital Deal-Seekers
909598,Digital Deal-Seekers
909599,Digital Deal-Seekers
909600,Affluent Quiet Loyalists
909601,Digital Deal-Seekers
909602,Budget-Conscious Browsers
909603,Premium Campaign Responders
909604,Budget-Conscious Browsers
909605,Affluent Quiet Loyalists
909606,Digital Deal-Seekers
909607,Digital Deal-Seekers
909608,Budget-Conscious Browsers
909609,Affluent Quiet Loyalists
909610,Budget-Conscious Browsers
909611,Affluent Quiet Loyalists
909612,Digital Deal-Seekers
909613,Affluent Quiet Loyalists
909614,Affluent Quiet Loyalists
909615,Premium Campaign Responders
909616,Budget-Conscious Browsers
909617,Affluent Quiet Loyalists
909618,Digital Deal-Seekers
909619,Premium Campaign Responders
909620,Budget-Conscious Browsers
909621,Budget-Conscious Browsers
909622,Affluent Quiet Loyalists
909623,Budget-Conscious Browsers
909624,Digital Deal-Seekers
909625,Budget-Conscious Browsers
909626,Budget-Conscious Browsers
909627,Budget-Conscious Browsers
909628,Digital Deal-Seekers
909629,Budget-Conscious Browsers
909630,Affluent Quiet Loyalists
909631,Affluent Quiet Loyalists
909632,Affluent Quiet Loyalists
909633,Affluent Quiet Loyalists
909634,Affluent Quiet Loyalists
909635,Digital Deal-Seekers
909636,Digital Deal-Seekers
909637,Digital Deal-Seekers
909638,Digital Deal-Seekers
909639,Affluent Quiet Loyalists
909640,Digital Deal-Seekers
909641,Budget-Conscious Browsers
909642,Affluent Quiet Loyalists
909643,Budget-Conscious Browsers
909644,Affluent Quiet Loyalists
909645,Budget-Conscious Browsers
909646,Affluent Quiet Loyalists
909647,Budget-Conscious Browsers
909648,Premium Campaign Responders
909649,Budget-Conscious Browsers
909650,Affluent Quiet Loyalists
909651,Affluent Quiet Loyalists
909652,Premium Campaign Responders
909653,Digital Deal-Seekers
909654,Digital Deal-Seekers
909655,Affluent Quiet Loyalists
909656,Budget-Conscious Browsers
909657,Budget-Conscious Browsers
909658,Affluent Quiet Loyalists
909659,Budget-Conscious Browsers
909660,Budget-Conscious Browsers
909661,Premium Campaign Responders
909662,Premium Campaign Responders
909663,Budget-Conscious Browsers
909664,Budget-Conscious Browsers
909665,Affluent Quiet Loyalists
909666,Digital Deal-Seekers
909667,Budget-Conscious Browsers
909668,Budget-Conscious Browsers
909669,Budget-Conscious Browsers
909670,Budget-Conscious Browsers
909671,Affluent Quiet Loyalists
909672,Budget-Conscious Browsers
909673,Budget-Conscious Browsers
909674,Budget-Conscious Browsers
909675,Premium Campaign Responders
909676,Digital Deal-Seekers
909677,Premium Campaign Responders
909678,Budget-Conscious Browsers
909679,Budget-Conscious Browsers
909680,Digital Deal-Seekers
909681,Affluent Quiet Loyalists
909682,Budget-Conscious Browsers
909683,Affluent Quiet Loyalists
909684,Premium Campaign Responders
909685,Affluent Quiet Loyalists
909686,Budget-Conscious Browsers
909687,Budget-Conscious Browsers
909688,Budget-Conscious Browsers
909689,Digital Deal-Seekers
909690,Budget-Conscious Browsers
909691,Budget-Conscious Browsers
909692,Digital Deal-Seekers
909693,Premium Campaign Responders
909694,Affluent Quiet Loyalists
909695,Budget-Conscious Browsers
909696,Budget-Conscious Browsers
909697,Affluent Quiet Loyalists
909698,Digital Deal-Seekers
909699,Digital Deal-Seekers
909700,Budget-Conscious Browsers
909701,Affluent Quiet Loyalists
909702,Premium Campaign Responders
909703,Digital Deal-Seekers
909704,Budget-Conscious Browsers
909705,Premium Campaign Responders
909706,Affluent Quiet Loyalists
909707,Budget-Conscious Browsers
909708,Budget-Conscious Browsers
909709,Affluent Quiet Loyalists
909710,Premium Campaign Responders
909711,Digital Deal-Seekers
909712,Budget-Conscious Browsers
909713,Affluent Quiet Loyalists
909714,Premium Campaign Responders
909715,Budget-Conscious Browsers
909716,Budget-Conscious Browsers
909717,Budget-Conscious Browsers
909718,Premium Campaign Responders
909719,Premium Campaign Responders
909720,Premium Campaign Responders
909721,Digital Deal-Seekers
909722,Affluent Quiet Loyalists
909723,Premium Campaign Responders
909724,Budget-Conscious Browsers
909725,Budget-Conscious Browsers
909726,Budget-Conscious Browsers
909727,Digital Deal-Seekers
909728,Budget-Conscious Browsers
909729,Premium Campaign Responders
909730,Digital Deal-Seekers
909731,Premium Campaign Responders
909732,Digital Deal-Seekers
909733,Digital Deal-Seekers
909734,Premium Campaign Responders
909735,Digital Deal-Seekers
909736,Premium Campaign Responders
909737,Affluent Quiet Loyalists
909738,Premium Campaign Responders
909739,Digital Deal-Seekers
909740,Budget-Conscious Browsers
909741,Digital Deal-Seekers
909742,Premium Campaign Responders
909743,Digital Deal-Seekers
909744,Affluent Quiet Loyalists
909745,Premium Campaign Responders
909746,Digital Deal-Seekers
909747,Budget-Conscious Browsers
909748,Digital Deal-Seekers
909749,Budget-Conscious Browsers
909750,Affluent Quiet Loyalists
909751,Budget-Conscious Browsers
909752,Affluent Quiet Loyalists
909753,Budget-Conscious Browsers
909754,Affluent Quiet Loyalists
909755,Premium Campaign Responders
909756,Budget-Conscious Browsers
909757,Digital Deal-Seekers
909758,Digital Deal-Seekers
909759,Affluent Quiet Loyalists
909760,Budget-Conscious Browsers
909761,Budget-Conscious Browsers
909762,Digital Deal-Seekers
909763,Budget-Conscious Browsers
909764,Digital Deal-Seekers
909765,Affluent Quiet Loyalists
909766,Affluent Quiet Loyalists
909767,Affluent Quiet Loyalists
909768,Budget-Conscious Browsers
909769,Premium Campaign Responders
909770,Affluent Quiet Loyalists
909771,Premium Campaign Responders
909772,Digital Deal-Seekers
909773,Premium Campaign Responders
909774,Premium Campaign Responders
909775,Affluent Quiet Loyalists
909776,Premium Campaign Responders
909777,Premium Campaign Responders
909778,Affluent Quiet Loyalists
909779,Digital Deal-Seekers
909780,Affluent Quiet Loyalists
909781,Affluent Quiet Loyalists
909782,Premium Campaign Responders
909783,Budget-Conscious Browsers
909784,Affluent Quiet Loyalists
909785,Budget-Conscious Browsers
909786,Premium Campaign Responders
909787,Affluent Quiet Loyalists
909788,Affluent Quiet Loyalists
909789,Affluent Quiet Loyalists
909790,Affluent Quiet Loyalists
909791,Budget-Conscious Browsers
909792,Digital Deal-Seekers
909793,Affluent Quiet Loyalists
909794,Budget-Conscious Browsers
909795,Budget-Conscious Browsers
909796,Budget-Conscious Browsers
909797,Digital Deal-Seekers
909798,Affluent Quiet Loyalists
909799,Budget-Conscious Browsers
909800,Digital Deal-Seekers
909801,Digital Deal-Seekers
909802,Affluent Quiet Loyalists
909803,Digital Deal-Seekers
909804,Affluent Quiet Loyalists
909805,Affluent Quiet Loyalists
909806,Affluent Quiet Loyalists
909807,Affluent Quiet Loyalists
909808,Digital Deal-Seekers
909809,Budget-Conscious Browsers
909810,Affluent Quiet Loyalists
909811,Budget-Conscious Browsers
909812,Affluent Quiet Loyalists
909813,Premium Campaign Responders
909814,Premium Campaign Responders
909815,Budget-Conscious Browsers
909816,Budget-Conscious Browsers
909817,Digital Deal-Seekers
909818,Budget-Conscious Browsers
909819,Budget-Conscious Browsers
909820,Budget-Conscious Browsers
909821,Budget-Conscious Browsers
909822,Budget-Conscious Browsers
909823,Budget-Conscious Browsers
909824,Affluent Quiet Loyalists
909825,Affluent Quiet Loyalists
909826,Digital Deal-Seekers
909827,Premium Campaign Responders
909828,Digital Deal-Seekers
909829,Budget-Conscious Browsers
909830,Affluent Quiet Loyalists
909831,Premium Campaign Responders
909832,Budget-Conscious Browsers
909833,Affluent Quiet Loyalists
909834,Budget-Conscious Browsers
909835,Affluent Quiet Loyalists
909836,Affluent Quiet Loyalists
909837,Budget-Conscious Browsers
909838,Digital Deal-Seekers
909839,Budget-Conscious Browsers
909840,Digital Deal-Seekers
909841,Budget-Conscious Browsers
909842,Affluent Quiet Loyalists
909843,Budget-Conscious Browsers
909844,Affluent Quiet Loyalists
909845,Budget-Conscious Browsers
909846,Digital Deal-Seekers
909847,Budget-Conscious Browsers
909848,Budget-Conscious Browsers
909849,Budget-Conscious Browsers
909850,Affluent Quiet Loyalists
909851,Premium Campaign Responders
909852,Budget-Conscious Browsers
909853,Budget-Conscious Browsers
909854,Affluent Quiet Loyalists
909855,Affluent Quiet Loyalists
909856,Budget-Conscious Browsers
909857,Budget-Conscious Browsers
909858,Premium Campaign Responders
909859,Affluent Quiet Loyalists
909860,Affluent Quiet Loyalists
909861,Digital Deal-Seekers
909862,Budget-Conscious Browsers
909863,Digital Deal-Seekers
909864,Budget-Conscious Browsers
909865,Premium Campaign Responders
909866,Budget-Conscious Browsers
909867,Affluent Quiet Loyalists
909868,Digital Deal-Seekers
909869,Digital Deal-Seekers
909870,Budget-Conscious Browsers
909871,Affluent Quiet Loyalists
909872,Premium Campaign Responders
909873,Digital Deal-Seekers
909874,Digital Deal-Seekers
909875,Budget-Conscious Browsers
909876,Digital Deal-Seekers
909877,Budget-Conscious Browsers
909878,Premium Campaign Responders
909879,Affluent Quiet Loyalists
909880,Budget-Conscious Browsers
909881,Premium Campaign Responders
909882,Affluent Quiet Loyalists
909883,Premium Campaign Responders
909884,Premium Campaign Responders
909885,Premium Campaign Responders
909886,Affluent Quiet Loyalists
909887,Premium Campaign Responders
909888,Budget-Conscious Browsers
909889,Budget-Conscious Browsers
909890,Digital Deal-Seekers
909891,Digital Deal-Seekers
909892,Digital Deal-Seekers
909893,Budget-Conscious Browsers
909894,Digital Deal-Seekers
909895,Affluent Quiet Loyalists
909896,Budget-Conscious Browsers
909897,Budget-Conscious Browsers
909898,Budget-Conscious Browsers
909899,Budget-Conscious Browsers
909900,Budget-Conscious Browsers
909901,Premium Campaign Responders
909902,Affluent Quiet Loyalists
909903,Budget-Conscious Browsers
909904,Affluent Quiet Loyalists
909905,Premium Campaign Responders
909906,Budget-Conscious Browsers
909907,Budget-Conscious Browsers
909908,Digital Deal-Seekers
909909,Premium Campaign Responders
909910,Budget-Conscious Browsers
909911,Digital Deal-Seekers
909912,Digital Deal-Seekers
909913,Digital Deal-Seekers
909914,Budget-Conscious Browsers
909915,Premium Campaign Responders
909916,Premium Campaign Responders
909917,Affluent Quiet Loyalists
909918,Digital Deal-Seekers
909919,Premium Campaign Responders
909920,Digital Deal-Seekers
909921,Budget-Conscious Browsers
909922,Premium Campaign Responders
909923,Premium Campaign Responders
909924,Budget-Conscious Browsers
909925,Affluent Quiet Loyalists
909926,Digital Deal-Seekers
909927,Premium Campaign Responders
909928,Premium Campaign Responders
909929,Affluent Quiet Loyalists
909930,Budget-Conscious Browsers
909931,Affluent Quiet Loyalists
909932,Digital Deal-Seekers
909933,Digital Deal-Seekers
909934,Budget-Conscious Browsers
909935,Affluent Quiet Loyalists
909936,Premium Campaign Responders
909937,Digital Deal-Seekers
909938,Budget-Conscious Browsers
909939,Digital Deal-Seekers
909940,Budget-Conscious Browsers
909941,Digital Deal-Seekers
909942,Digital Deal-Seekers
909943,Affluent Quiet Loyalists
909944,Budget-Conscious Browsers
909945,Budget-Conscious Browsers
909946,Digital Deal-Seekers
909947,Affluent Quiet Loyalists
909948,Digital Deal-Seekers
909949,Affluent Quiet Loyalists
909950,Premium Campaign Responders
909951,Digital Deal-Seekers
909952,Budget-Conscious Browsers
909953,Digital Deal-Seekers
909954,Digital Deal-Seekers
909955,Affluent Quiet Loyalists
909956,Budget-Conscious Browsers
909957,Digital Deal-Seekers
909958,Digital Deal-Seekers
909959,Budget-Conscious Browsers
909960,Budget-Conscious Browsers
909961,Digital Deal-Seekers
909962,Budget-Conscious Browsers
909963,Budget-Conscious Browsers
909964,Digital Deal-Seekers
909965,Affluent Quiet Loyalists
909966,Premium Campaign Responders
909967,Budget-Conscious Browsers
909968,Premium Campaign Responders
909969,Budget-Conscious Browsers
909970,Budget-Conscious Browsers
909971,Digital Deal-Seekers
909972,Digital Deal-Seekers
909973,Budget-Conscious Browsers
909974,Affluent Quiet Loyalists
909975,Budget-Conscious Browsers
909976,Budget-Conscious Browsers
909977,Affluent Quiet Loyalists
909978,Budget-Conscious Browsers
909979,Affluent Quiet Loyalists
909980,Affluent Quiet Loyalists
909981,Premium Campaign Responders
909982,Budget-Conscious Browsers
909983,Premium Campaign Responders
909984,Budget-Conscious Browsers
909985,Budget-Conscious Browsers
909986,Affluent Quiet Loyalists
909987,Premium Campaign Responders
909988,Digital Deal-Seekers
909989,Premium Campaign Responders
909990,Budget-Conscious Browsers
909991,Digital Deal-Seekers
909992,Budget-Conscious Browsers
909993,Affluent Quiet Loyalists
909994,Digital Deal-Seekers
909995,Affluent Quiet Loyalists
909996,Affluent Quiet Loyalists
909997,Budget-Conscious Browsers
909998,Digital Deal-Seekers
909999,Budget-Conscious Browsers
