ID,Year_Birth,Income,Kidhome,Teenhome,Recency,MntWines,MntFruits,MntMeatProducts,MntFishProducts,MntSweetProducts,MntGoldProds,NumDealsPurchases,NumWebPurchases,NumCatalogPurchases,NumStorePurchases,NumWebVisitsMonth,AcceptedCmp1,AcceptedCmp2,AcceptedCmp3,AcceptedCmp4,AcceptedCmp5,Response,Complain,Education,Marital_Status,Dt_Customer
900000,1976,86700.0,0,0,64,465,58,981,253,8,62,0,4,6,13,1,0,0,0,0,0,1,0,Master,Married,2012-08-20
900001,1948,40100.0,1,1,72,84,7,73,13,2,59,3,8,2,5,8,0,0,0,0,0,0,0,PhD,Single,2013-03-01
900002,1972,71700.0,1,1,50,115,6,57,102,33,18,1,4,2,6,3,0,0,0,0,0,0,0,Graduation,Married,2014-06-22
900003,1973,38200.0,1,0,25,22,8,17,5,5,5,1,2,0,3,7,0,0,0,0,0,0,0,Graduation,Married,2012-08-07
900004,1970,63000.0,0,1,76,258,89,708,71,3,68,2,5,4,10,2,0,0,0,0,0,0,0,Graduation,Together,2013-09-15
900005,1970,58700.0,0,0,72,465,14,418,17,8,17,1,6,6,13,4,0,0,0,0,0,0,0,Graduation,Single,2013-09-10
900006,1969,28000.0,1,0,49,8,4,6,5,0,2,2,2,1,3,5,0,0,0,0,0,0,0,PhD,Divorced,2013-10-29
900007,1974,74400.0,0,0,98,612,192,284,259,85,126,3,4,7,12,3,0,0,0,0,0,0,0,Master,Together,2013-02-26
900008,1970,26100.0,1,1,12,114,0,53,0,2,9,3,4,1,4,7,0,0,0,0,0,0,0,Graduation,Married,2013-08-10
900009,1979,32400.0,1,1,43,25,0,8,3,1,17,1,0,0,2,4,0,0,0,0,0,0,0,Graduation,Single,2013-12-10
900010,1978,57100.0,0,2,80,148,14,20,32,145,85,2,4,1,9,6,0,0,0,0,0,0,0,PhD,Together,2012-12-17
900011,1968,34000.0,0,0,24,150,7,148,86,14,41,1,6,2,6,6,0,0,0,0,0,0,0,Graduation,Together,2013-07-31
900012,1990,90400.0,0,0,0,781,28,981,38,12,111,1,3,4,8,2,1,0,0,1,0,1,0,2n Cycle,Single,2014-04-29
900013,1989,50300.0,1,1,93,51,14,181,55,34,58,4,4,1,7,5,0,0,0,0,0,0,0,Master,Together,2013-05-29
900014,1963,33200.0,0,0,80,28,25,31,9,13,12,0,2,1,3,6,0,0,0,0,0,0,0,Master,Married,2014-03-18
900015,1963,69200.0,0,0,25,438,4,310,24,3,6,1,11,2,9,6,1,0,0,0,1,1,0,PhD,Together,2013-04-16
900016,1965,23200.0,1,0,73,14,2,27,6,1,0,2,3,1,3,5,0,0,0,0,0,0,0,PhD,Single,2012-09-18
900017,1977,42500.0,1,1,55,133,13,70,127,56,154,8,7,2,6,6,0,0,0,0,0,0,0,Graduation,Together,2013-08-28
900018,1961,37900.0,0,1,64,125,199,195,114,139,68,4,5,2,5,8,0,0,0,0,0,0,0,Graduation,Single,2013-12-14
900019,1968,26000.0,0,0,44,8,3,3,2,2,5,1,1,0,2,9,0,0,0,0,0,0,1,Graduation,Married,2013-12-23
900020,1955,101000.0,0,0,20,904,27,831,253,110,61,1,5,9,7,2,0,0,0,1,1,0,0,Master,Single,2013-12-09
900021,1970,86100.0,0,0,55,237,56,457,57,12,81,0,4,6,7,1,0,0,0,0,0,0,0,Master,Together,2013-01-18
900022,1952,85300.0,0,1,94,1014,88,253,231,38,73,2,3,10,7,2,0,0,1,0,0,1,0,PhD,Together,2013-06-07
900023,1965,76500.0,0,0,57,616,15,199,70,33,23,1,6,5,5,5,0,0,0,0,0,1,0,Graduation,Married,2014-02-23
900024,1975,80800.0,0,0,38,1493,193,981,253,61,125,1,4,5,7,3,0,0,1,1,0,0,0,2n Cycle,Married,2013-09-18
900025,1955,65900.0,0,0,50,868,193,518,8,9,38,1,3,3,3,1,1,0,1,1,0,1,0,Graduation,Married,2013-11-18
900026,1991,19100.0,0,0,31,2,6,3,5,1,9,1,0,0,2,5,0,0,1,0,0,0,0,Basic,Single,2014-03-16
900027,1957,50500.0,0,1,50,205,11,104,18,3,25,3,7,2,7,7,0,0,0,0,0,0,0,Graduation,Married,2012-11-22
900028,1955,74700.0,0,1,62,436,12,210,72,15,32,3,7,4,13,3,0,0,0,0,0,0,0,Graduation,Single,2013-10-09
900029,1976,41900.0,1,0,57,19,5,26,1,7,9,2,3,1,4,5,0,0,1,0,0,0,0,Master,Married,2013-08-09
900030,1950,34200.0,0,1,6,294,4,89,77,9,97,2,5,1,7,5,0,0,0,0,0,0,0,Graduation,Married,2013-05-23
900031,1964,63500.0,1,1,0,132,22,26,36,1,45,5,4,2,4,7,0,0,0,0,0,1,0,Graduation,Married,2012-08-27
900032,1972,89400.0,0,0,0,427,8,300,19,9,2,1,1,3,12,0,0,0,0,0,0,0,0,PhD,Widow,2012-08-12
900033,1957,63100.0,0,0,61,880,25,421,259,72,49,4,4,9,13,1,0,0,0,0,0,0,0,2n Cycle,Married,2013-03-04
900034,1969,72500.0,0,0,0,154,18,176,259,33,144,4,4,8,7,1,0,0,0,0,0,0,0,2n Cycle,Together,2013-07-23
900035,1969,57900.0,0,0,62,185,4,177,6,24,13,2,6,4,9,4,0,0,0,0,1,0,0,Graduation,Together,2012-11-03
900036,1977,58800.0,0,0,28,222,199,235,17,23,65,1,13,2,10,6,0,0,0,0,0,0,0,PhD,Divorced,2013-10-22
900037,1955,26900.0,0,1,44,37,4,12,5,11,33,3,3,2,1,7,0,0,0,0,0,0,0,Graduation,Married,2013-10-29
900038,1993,58100.0,1,0,53,120,4,32,1,1,6,3,2,0,5,5,0,0,1,0,0,0,0,Graduation,Single,2012-11-03
900039,1972,19800.0,2,1,14,3,0,6,3,1,11,4,2,0,2,6,0,0,0,0,0,0,0,2n Cycle,Married,2014-06-25
900040,1971,76000.0,0,0,27,743,8,286,23,11,65,1,5,4,11,2,1,0,0,0,1,0,0,Master,Married,2013-04-26
900041,1962,20100.0,1,0,46,10,3,26,38,10,14,2,2,1,3,5,0,0,0,0,0,1,0,Graduation,Married,2014-02-24
900042,1976,28900.0,1,1,63,26,1,21,2,16,9,3,1,2,2,6,0,0,0,0,0,1,0,Basic,Single,2014-04-19
900043,1981,44400.0,1,1,49,5,1,6,6,1,0,1,1,0,2,5,0,0,0,0,0,0,0,PhD,Married,2013-01-18
900044,1964,58700.0,0,0,99,1396,9,955,27,25,139,3,5,7,13,3,0,0,0,0,0,0,0,2n Cycle,Together,2013-02-01
900045,1983,53800.0,0,2,42,434,7,75,34,63,90,9,2,2,11,3,0,0,0,0,0,0,0,Graduation,Married,2013-09-06
900046,1963,41600.0,1,0,4,9,13,57,11,32,52,3,1,1,4,4,0,0,0,0,0,0,0,Basic,Married,2012-09-15
900047,1974,33300.0,1,1,0,35,0,5,0,0,3,2,2,0,3,12,0,0,0,0,0,1,0,Graduation,Divorced,2013-05-01
900048,1945,98600.0,0,0,42,310,133,981,253,162,11,1,3,7,13,1,0,0,0,0,1,1,0,Graduation,Single,2013-07-16
900049,1967,42100.0,0,1,0,15,3,4,0,0,11,0,0,0,2,5,0,0,0,0,0,0,0,Graduation,Together,2013-06-25
900050,1961,74800.0,0,0,56,364,7,424,259,59,14,2,1,6,10,1,0,0,0,0,0,0,0,Graduation,Married,2013-12-26
900051,1977,55500.0,1,0,34,43,1,28,1,13,8,5,3,1,3,6,0,0,0,0,0,0,0,Graduation,Married,2013-03-01
900052,1969,51200.0,0,1,13,552,3,184,38,35,81,2,9,3,6,6,1,0,0,0,1,0,0,PhD,Divorced,2012-11-10
900053,1977,78600.0,0,0,47,911,5,898,30,16,42,1,4,7,13,4,0,0,0,1,0,1,0,Graduation,Together,2014-06-25
900054,1971,86700.0,0,0,70,574,27,519,29,140,52,1,3,8,9,1,0,0,1,1,0,1,0,2n Cycle,Married,2013-01-06
900055,1970,64600.0,0,1,86,110,0,6,1,1,1,1,1,0,3,4,0,0,0,0,0,0,0,Graduation,Together,2014-04-28
900056,1974,72300.0,0,0,0,536,31,981,168,198,27,1,4,11,11,4,1,0,1,0,0,1,0,Graduation,Together,2012-10-09
900057,1973,23100.0,0,0,61,10,1,6,2,0,0,1,1,0,2,8,0,0,0,0,0,0,0,Graduation,Married,2013-09-16
900058,1985,33700.0,1,1,39,179,12,60,7,0,46,4,4,3,2,9,0,0,0,0,0,0,0,Master,Single,2014-01-15
900059,1966,89700.0,0,0,35,116,4,317,12,2,10,1,2,3,7,2,0,0,0,0,0,0,0,PhD,Single,2014-01-26
900060,1987,23400.0,0,0,78,10,8,57,28,4,32,3,4,0,4,6,0,0,0,0,0,0,0,Graduation,Married,2014-01-30
900061,1977,25500.0,1,0,58,12,5,10,1,3,3,2,2,0,2,14,0,0,0,0,0,0,0,Graduation,Together,2013-06-15
900062,1966,62500.0,0,0,67,157,64,552,186,28,94,2,4,5,5,2,0,0,0,0,0,0,0,Graduation,Married,2014-01-11
900063,1975,29500.0,1,1,34,79,1,28,2,2,84,6,3,2,2,9,0,0,1,0,0,0,0,Graduation,Married,2013-06-17
900064,1979,17900.0,0,0,42,3,6,10,6,7,13,2,1,0,2,7,0,0,0,0,0,0,0,2n Cycle,Single,2014-05-05
900065,1974,13700.0,1,0,58,7,3,32,11,10,14,4,4,0,3,9,0,0,0,0,0,0,0,Graduation,Married,2013-09-22
900066,1958,91000.0,0,1,40,490,64,692,68,16,56,2,4,3,10,3,0,0,0,0,0,0,0,Master,Married,2013-04-03
900067,1963,73600.0,0,0,50,1187,49,212,253,104,21,1,6,8,4,3,0,0,0,0,0,1,0,Graduation,Together,2013-05-11
900068,1973,27800.0,1,1,45,78,7,23,3,0,46,2,5,0,2,6,0,0,1,0,0,1,0,Graduation,Married,2013-09-17
900069,1962,86300.0,0,0,17,505,193,234,224,72,13,0,9,5,7,5,0,0,0,0,0,0,0,Graduation,Widow,2012-11-29
900070,1995,73200.0,0,0,53,659,28,332,8,9,35,1,6,5,8,8,0,0,0,0,0,0,0,Graduation,Single,2013-07-07
900071,1953,81400.0,0,2,70,439,23,208,38,135,60,2,6,2,4,4,0,0,0,0,0,0,0,Graduation,Together,2012-12-08
900072,1972,49400.0,1,1,61,246,57,128,29,22,31,8,3,3,5,6,0,0,1,0,0,0,0,Graduation,Single,2012-11-29
900073,1974,11700.0,1,0,46,1,1,4,14,1,5,2,2,0,3,6,0,0,0,0,0,0,0,Basic,Married,2012-11-18
900074,1960,33100.0,1,1,61,8,4,6,12,1,2,3,2,0,3,6,0,0,0,0,0,0,0,2n Cycle,Together,2014-01-26
900075,1972,25700.0,0,0,67,14,8,11,0,2,6,3,2,0,3,6,0,0,1,0,0,1,0,Graduation,Together,2014-01-25
900076,1971,38500.0,1,1,49,376,10,89,6,18,30,4,9,2,5,5,0,0,0,0,0,0,0,Graduation,Single,2013-11-26
900077,1970,47500.0,1,1,91,15,2,11,0,1,9,2,1,0,4,5,0,0,1,0,0,0,1,Graduation,Single,2012-11-19
900078,1978,41000.0,0,1,54,140,152,55,31,14,265,3,5,3,3,4,0,0,0,0,0,1,0,Graduation,Married,2013-11-09
900079,1966,55700.0,1,2,36,38,0,3,0,0,2,1,1,0,2,7,0,0,0,0,0,0,0,PhD,Together,2014-05-10
900080,1950,57100.0,0,1,43,103,6,98,84,19,31,3,6,3,5,5,0,0,0,0,0,0,0,Graduation,Together,2012-10-22
900081,1973,72700.0,1,0,56,1347,118,90,43,12,362,1,5,4,12,4,0,0,0,0,0,0,0,Graduation,Single,2013-03-01
900082,1960,59700.0,0,1,16,1000,13,235,32,6,57,2,4,5,6,5,1,0,1,1,1,0,0,PhD,Married,2014-05-29
900083,1968,56400.0,0,1,68,179,1,47,1,9,2,5,4,1,8,8,0,0,0,0,0,0,0,2n Cycle,Divorced,2013-05-31
900084,1958,78200.0,0,0,69,923,6,238,89,83,78,1,3,6,9,3,0,0,0,0,0,0,0,PhD,Married,2012-10-22
900085,1960,82500.0,0,1,99,479,2,156,51,29,129,1,5,6,10,5,0,0,0,0,0,0,0,Graduation,Divorced,2014-01-03
900086,1959,90200.0,0,1,41,820,154,242,17,2,135,2,5,4,10,2,0,0,0,0,0,0,0,PhD,Together,2012-09-09
900087,1955,52000.0,0,1,49,16,3,7,0,0,0,1,1,0,4,5,0,0,0,0,0,0,0,2n Cycle,Together,2013-12-01
900088,1977,73000.0,0,0,46,202,41,220,154,6,26,1,6,2,4,3,0,0,0,0,0,0,0,PhD,Together,2012-08-29
900089,1947,62400.0,0,0,44,575,5,387,34,3,74,1,4,5,10,9,0,0,1,0,0,0,0,2n Cycle,Single,2013-11-10
900090,1982,40900.0,0,1,46,191,2,24,2,0,27,4,6,2,4,5,0,0,0,0,0,0,0,Graduation,Together,2012-08-16
900091,1972,77100.0,0,1,84,548,26,204,9,4,37,2,5,4,8,4,0,0,0,0,0,0,0,Graduation,Married,2013-04-10
900092,1972,105500.0,0,0,24,397,193,981,60,39,245,0,5,7,8,2,0,0,0,1,1,0,0,Graduation,Single,2013-12-31
900093,1983,64400.0,1,1,39,460,9,218,50,3,65,6,8,5,7,6,0,0,0,0,0,0,0,Graduation,Married,2013-01-30
900094,1943,52500.0,0,0,62,170,45,179,49,11,30,5,4,3,9,7,0,0,0,0,0,0,0,Graduation,Together,2014-03-15
900095,1956,59000.0,0,0,92,316,43,606,34,23,66,1,3,7,5,2,0,0,0,0,0,0,0,Graduation,Married,2014-06-19
900096,1974,78500.0,0,0,70,94,30,159,141,99,29,0,3,4,4,1,0,0,0,0,0,0,0,Graduation,Married,2012-11-18
900097,1948,98300.0,0,0,0,599,43,466,38,52,80,0,5,7,6,2,0,0,0,1,1,1,0,PhD,Married,2013-12-24
900098,1958,66800.0,0,1,56,537,37,303,62,5,28,3,7,3,4,7,0,0,0,1,1,1,0,Graduation,Together,2012-12-20
900099,1956,66600.0,0,1,53,244,96,150,69,14,121,2,6,3,6,5,0,0,0,0,0,0,0,Graduation,Single,2013-05-02
900100,1956,58400.0,0,1,48,411,30,115,19,9,84,2,5,2,6,4,0,0,0,0,0,0,0,2n Cycle,Married,2013-08-18
900101,1995,82900.0,0,0,23,493,143,369,218,124,118,1,5,5,12,3,0,0,0,0,0,1,0,Graduation,Divorced,2013-05-28
900102,1962,73600.0,0,1,65,615,10,79,176,9,144,1,8,7,11,8,1,0,0,0,1,0,0,Graduation,Married,2013-09-01
900103,1959,55800.0,0,1,59,159,11,92,52,47,25,1,5,2,5,4,0,0,0,0,0,1,0,Graduation,Together,2012-09-30
900104,1973,17100.0,1,0,43,47,2,16,3,1,5,3,4,0,4,12,0,0,0,0,0,0,0,Graduation,Married,2013-10-21
900105,1975,31700.0,1,0,99,6,6,19,2,3,2,2,3,0,3,8,0,0,0,0,0,0,0,Graduation,Single,2013-08-21
900106,1969,54700.0,0,0,60,307,6,167,18,3,68,2,5,6,7,2,0,0,0,0,0,0,0,PhD,Together,2013-09-22
900107,1969,33400.0,1,0,5,10,0,6,1,2,10,2,1,0,3,9,0,0,0,1,0,0,0,Basic,Together,2013-03-26
900108,1970,39100.0,1,0,68,283,0,14,0,2,28,5,7,1,4,7,0,0,0,0,0,0,0,PhD,Widow,2013-09-21
900109,1974,71700.0,0,0,75,356,156,209,17,63,75,1,7,5,6,5,0,0,0,0,0,0,0,Master,Together,2014-04-20
900110,1986,20700.0,1,0,32,6,3,31,5,7,6,2,1,0,3,5,0,0,0,0,0,0,0,Graduation,Married,2014-06-24
900111,1966,50900.0,1,0,54,228,143,113,101,116,40,6,4,2,6,7,0,0,0,0,0,0,0,Master,Together,2014-06-22
900112,1961,70100.0,0,1,4,443,31,114,9,2,171,1,10,4,8,9,0,0,0,0,1,0,0,Graduation,Single,2013-08-30
900113,1985,27400.0,1,1,99,38,3,15,7,22,26,3,2,2,4,6,0,0,0,0,0,0,0,Master,Married,2013-02-04
900114,1974,47400.0,0,0,52,130,17,152,44,24,23,1,3,2,7,1,0,0,0,0,0,0,0,2n Cycle,Married,2013-05-29
900115,1979,96700.0,0,0,24,1493,193,384,253,45,57,2,8,4,8,4,1,0,0,0,0,1,0,Graduation,Married,2014-03-23
900116,1956,59300.0,1,1,53,143,2,103,12,36,32,4,5,1,9,8,0,0,0,0,0,1,0,2n Cycle,Divorced,2012-12-28
900117,1967,53500.0,1,0,55,60,1,8,1,5,3,1,1,0,3,5,0,0,0,0,0,0,0,Master,Married,2013-09-02
900118,1983,57000.0,0,0,59,126,51,439,131,120,10,0,2,3,7,0,0,0,0,0,0,0,0,Graduation,Widow,2014-04-10
900119,1951,45800.0,0,1,33,1396,20,99,39,30,25,2,19,3,13,8,0,0,0,0,0,0,0,Graduation,Together,2013-07-31
900120,1977,11200.0,1,0,60,2,8,25,7,14,23,2,1,0,3,6,0,0,0,0,0,0,0,Graduation,Married,2013-06-04
900121,1954,58900.0,0,1,97,352,17,69,66,16,94,3,8,3,6,6,0,0,0,0,0,0,0,Graduation,Married,2013-01-04
900122,1972,59000.0,1,1,38,266,7,100,38,28,4,2,7,1,6,5,0,0,0,0,0,0,0,PhD,Married,2012-10-08
900123,1964,74000.0,0,1,36,690,29,322,2,66,22,3,6,11,8,6,1,0,0,0,1,1,0,Graduation,Single,2012-11-23
900124,1957,60000.0,0,1,97,263,8,122,7,8,41,5,8,1,7,6,0,0,0,0,0,0,0,Graduation,Married,2013-12-03
900125,1969,83400.0,0,0,69,658,155,290,253,68,18,0,5,5,11,5,0,0,0,0,0,1,0,Master,Single,2013-03-02
900126,1967,88700.0,0,0,45,640,6,365,57,16,35,1,2,5,7,2,0,0,0,0,0,0,0,Master,Single,2012-08-01
900127,1981,66000.0,0,0,49,1396,197,1725,69,145,169,1,6,20,13,2,0,0,0,0,0,0,0,PhD,Single,2013-04-14
900128,1979,22600.0,0,0,67,47,2,11,1,1,10,2,1,0,5,4,0,0,0,0,0,0,0,Basic,Married,2013-04-22
900129,1984,76700.0,1,1,41,1161,32,175,9,1,73,1,7,4,5,7,0,0,0,0,0,0,0,Graduation,Together,2013-02-16
900130,1970,85300.0,0,0,18,1493,2,150,8,120,3,2,8,4,13,8,1,0,0,0,0,1,0,Graduation,Single,2014-03-26
900131,1959,53300.0,0,0,36,676,18,174,2,6,8,3,7,5,6,9,0,1,0,1,0,1,0,Graduation,Single,2012-11-17
900132,1979,22200.0,1,0,99,26,3,29,7,3,1,3,3,0,4,8,0,0,0,0,0,1,0,Graduation,Married,2012-09-02
900133,1973,59100.0,0,0,80,288,75,86,7,5,65,0,3,7,8,3,0,0,0,0,0,0,0,PhD,Married,2013-12-09
900134,1969,50900.0,0,0,99,187,10,193,61,263,58,1,3,3,6,2,0,0,0,0,0,0,0,Graduation,Single,2013-06-11
900135,1968,75800.0,0,0,13,1110,59,981,27,66,167,3,4,7,8,3,1,0,0,0,1,1,0,Graduation,Single,2013-03-17
900136,1963,37300.0,0,1,54,136,5,35,10,6,22,1,7,0,3,5,0,0,0,0,0,0,0,PhD,Together,2013-03-24
900137,1982,13400.0,0,0,47,6,6,5,20,12,29,1,1,0,2,7,0,0,0,0,0,0,0,PhD,Divorced,2014-02-17
900138,1982,81500.0,0,0,51,1044,193,575,56,99,11,0,4,5,9,1,0,0,1,0,1,0,0,Graduation,Married,2012-10-10
900139,1973,23500.0,1,0,64,6,11,13,9,3,29,3,2,1,3,3,0,0,1,0,0,0,0,Graduation,Single,2012-11-08
900140,1960,90800.0,0,1,84,495,139,673,119,28,209,1,3,5,10,1,1,0,0,1,1,1,0,Graduation,Married,2012-11-01
900141,1971,39600.0,0,1,61,97,54,31,72,13,58,0,7,2,4,8,0,0,1,0,0,1,0,Graduation,Married,2012-10-24
900142,1967,67800.0,0,0,21,1020,49,981,253,13,55,2,7,6,6,5,0,0,0,0,1,1,0,PhD,Together,2012-09-26
900143,1977,59700.0,0,0,25,288,5,338,92,17,156,2,4,4,9,1,1,0,0,0,1,1,0,Master,Married,2014-05-11
900144,1980,42600.0,1,0,17,71,48,59,35,32,42,2,2,1,3,4,0,0,0,0,0,0,0,Master,Single,2014-06-12
900145,1961,76200.0,0,1,12,675,197,67,4,24,211,1,9,3,8,3,0,0,0,0,0,0,0,2n Cycle,Together,2013-11-07
900146,1958,51200.0,1,1,99,159,9,115,22,52,46,4,6,2,6,6,0,0,1,0,0,1,0,Graduation,Married,2014-04-16
900147,1960,75300.0,0,0,46,937,69,833,193,95,5,2,5,7,4,2,1,0,0,0,1,0,0,Graduation,Divorced,2013-07-08
900148,1969,37700.0,0,0,48,543,10,98,3,6,286,4,8,3,6,8,0,0,0,0,0,1,0,PhD,Married,2013-07-02
900149,1967,49200.0,0,0,0,499,14,69,27,21,73,2,6,1,7,5,0,0,0,1,0,0,0,Graduation,Married,2012-12-30
900150,1981,33900.0,2,0,28,9,18,22,8,7,28,3,2,0,3,7,0,0,0,0,0,0,0,2n Cycle,Married,2013-02-04
900151,1965,11400.0,0,0,0,11,11,7,5,7,35,3,2,1,3,7,0,0,0,0,0,0,0,Graduation,Single,2013-03-12
900152,1978,13700.0,1,0,68,10,4,9,1,3,32,3,2,1,2,14,0,0,0,0,0,0,0,Graduation,Married,2013-01-28
900153,1966,78600.0,0,0,36,210,8,221,6,20,145,1,5,7,11,2,1,0,0,0,0,1,0,Graduation,Married,2012-09-02
900154,1972,86500.0,0,0,34,576,44,783,229,198,144,1,3,11,8,5,0,0,0,0,0,0,0,Graduation,Together,2014-01-10
900155,1978,139800.0,0,1,52,1396,197,440,28,35,60,1,6,6,10,1,0,0,0,0,0,0,0,Graduation,Married,2012-08-25
900156,1960,41900.0,0,1,73,273,4,129,19,17,321,2,9,4,5,5,0,0,0,1,0,0,0,Graduation,Together,2013-07-08
900157,1965,36700.0,1,1,30,277,7,98,1,1,240,4,7,2,4,6,0,0,0,0,0,0,0,Graduation,Married,2014-04-21
900158,1962,95500.0,0,0,77,1048,5,111,9,4,17,1,5,3,5,5,1,0,0,0,0,0,0,Master,Together,2012-08-20
900159,1969,64900.0,0,1,39,864,4,437,27,20,30,3,10,4,6,6,1,0,0,0,0,0,0,Master,Married,2014-04-15
900160,1992,31900.0,1,0,95,207,26,196,12,17,31,1,6,1,5,5,0,0,1,1,0,0,0,PhD,Divorced,2012-08-22
900161,1972,63400.0,0,1,11,159,3,30,7,6,41,1,2,1,8,4,0,0,0,0,0,0,0,2n Cycle,Together,2012-10-21
900162,1977,85400.0,0,0,53,1425,36,541,12,4,61,1,5,8,10,3,1,0,0,1,0,0,0,Graduation,Single,2014-05-15
900163,1975,61000.0,0,0,99,531,14,215,5,13,55,1,4,3,4,4,0,0,0,0,0,0,0,2n Cycle,Together,2013-02-12
900164,1978,53100.0,1,0,47,41,0,2,0,1,2,1,1,0,4,3,0,0,0,0,0,0,0,PhD,Together,2012-09-27
900165,1962,64200.0,1,1,27,431,37,1452,202,36,170,4,6,24,7,3,0,0,0,0,0,0,0,Graduation,Widow,2013-04-17
900166,1944,58700.0,0,1,65,352,11,71,3,4,10,2,4,2,5,5,0,0,1,0,0,0,0,Graduation,Married,2013-03-31
900167,1980,28400.0,1,1,71,35,0,16,2,2,1,1,1,0,3,9,0,0,0,0,0,0,0,Graduation,Single,2012-11-05
900168,1983,29300.0,1,0,71,6,4,11,12,8,15,2,1,0,3,6,0,0,0,0,0,0,0,Graduation,Together,2014-03-04
900169,1961,86400.0,0,1,77,784,197,235,62,38,48,1,7,2,11,3,0,0,0,0,0,0,0,Graduation,Together,2013-11-24
900170,1965,80700.0,0,1,74,536,35,212,83,16,68,2,7,5,11,5,0,0,0,1,0,0,0,Graduation,Married,2014-02-19
900171,1970,102300.0,0,1,77,1270,131,371,34,38,31,3,5,6,13,3,0,0,0,0,0,0,0,PhD,Together,2014-06-14
900172,1977,24800.0,0,0,21,2,0,3,0,0,14,1,1,0,2,6,0,0,0,0,0,0,0,Graduation,Divorced,2013-08-29
900173,1959,49300.0,1,0,68,30,2,18,7,3,10,2,1,1,4,5,0,0,0,0,0,0,0,PhD,Single,2013-02-13
900174,1977,38700.0,1,0,47,103,18,141,8,1,198,1,7,0,4,7,0,0,0,0,0,0,0,PhD,Single,2014-04-23
900175,1972,29000.0,1,1,72,14,1,14,0,3,6,2,1,0,4,4,0,0,0,0,0,1,0,Master,Married,2013-04-12
900176,1953,60200.0,0,2,52,143,10,56,26,4,45,1,5,1,10,8,0,0,0,0,0,0,0,Graduation,Married,2013-02-06
900177,1964,51700.0,0,1,52,140,21,55,32,13,31,3,4,3,5,4,0,0,0,0,0,0,0,2n Cycle,Married,2012-10-17
900178,1971,69900.0,1,1,63,57,19,72,10,3,12,2,3,0,5,9,0,0,0,0,0,0,0,Master,Together,2013-02-10
900179,1971,34400.0,1,0,45,58,1,95,2,5,9,3,13,1,3,7,0,0,0,1,0,0,0,Graduation,Together,2012-09-22
900180,1967,82400.0,0,0,43,692,21,411,66,66,14,2,6,5,6,3,1,0,0,0,0,1,0,Graduation,Single,2013-08-17
900181,1959,67800.0,0,0,23,543,30,265,40,25,141,1,4,10,6,2,0,0,1,1,1,1,0,Graduation,Single,2012-08-31
900182,1950,65500.0,0,1,93,102,6,28,29,263,40,1,5,0,6,1,0,0,0,0,0,0,0,Graduation,Together,2014-05-07
900183,1965,34300.0,0,0,24,6,2,9,29,4,16,3,2,0,6,4,0,0,0,0,0,0,0,Master,Married,2014-06-25
900184,1980,67100.0,0,0,28,1481,1,170,2,0,13,2,4,2,13,6,0,0,0,0,0,0,0,PhD,Married,2012-08-26
900185,1960,65200.0,1,0,47,273,18,321,54,10,92,7,8,2,8,9,0,0,0,0,0,1,0,PhD,Married,2013-05-30
900186,1969,19500.0,1,0,0,10,1,5,0,1,2,2,3,0,3,9,0,0,0,0,0,0,0,Graduation,Divorced,2013-08-25
900187,1971,47300.0,0,1,79,89,3,66,23,50,35,1,4,1,6,4,0,0,0,0,0,0,0,Graduation,Together,2013-02-15
900188,1973,82500.0,0,0,57,172,132,475,52,5,135,0,8,7,5,3,0,0,0,0,0,0,0,PhD,Together,2013-06-17
900189,1973,64600.0,1,0,0,45,1,22,0,0,11,1,1,0,3,8,0,0,0,0,0,0,0,Graduation,Single,2013-09-24
900190,1976,16600.0,1,0,30,2,1,7,12,2,9,1,2,0,3,7,0,0,0,0,0,0,0,Graduation,Together,2013-02-12
900191,1962,50600.0,0,1,66,324,12,83,2,18,38,8,8,1,6,7,0,0,0,0,0,0,0,2n Cycle,Divorced,2013-09-03
900192,1967,78400.0,0,1,30,449,10,106,14,4,6,3,6,2,8,7,0,0,0,0,0,1,0,PhD,Together,2012-11-22
900193,1983,40400.0,1,0,44,71,2,53,2,1,4,1,4,0,3,12,0,0,0,0,0,1,0,PhD,Married,2013-08-18
900194,1959,68100.0,0,0,36,676,8,606,8,34,35,2,6,4,10,5,0,0,0,0,0,0,0,Graduation,Married,2013-08-12
900195,1966,46400.0,0,1,74,240,5,103,72,4,83,2,2,4,6,3,0,0,0,0,0,0,0,2n Cycle,Married,2013-08-30
900196,1980,15900.0,1,0,0,1,0,5,1,2,3,1,1,0,2,7,0,0,0,0,0,0,0,PhD,Widow,2013-10-26
900197,1980,44000.0,2,0,53,31,0,13,5,3,3,1,1,0,3,8,0,0,0,0,0,0,0,Master,Together,2014-04-13
900198,1965,29800.0,2,0,57,27,20,44,3,2,11,3,3,0,4,9,0,0,0,0,0,0,0,Graduation,Together,2013-05-22
900199,1977,22400.0,1,0,46,18,6,23,5,4,26,3,2,2,4,5,0,0,1,0,0,0,0,Basic,Married,2013-07-30
900200,1981,26800.0,0,0,46,21,6,14,7,3,9,2,1,1,4,6,0,0,0,0,0,1,0,Master,Together,2013-05-10
900201,1963,89100.0,0,0,60,448,61,700,253,16,12,1,6,8,3,2,0,0,1,0,1,1,0,PhD,Single,2012-11-27
900202,1958,61500.0,0,1,38,108,23,71,51,24,140,2,9,1,4,7,0,0,0,0,0,0,0,PhD,Single,2013-01-01
900203,1953,65800.0,0,0,33,724,193,289,14,13,245,2,5,5,9,4,0,0,0,0,1,0,0,2n Cycle,Together,2013-03-21
900204,1964,59400.0,0,0,93,174,4,39,15,0,51,1,4,2,4,5,0,0,0,0,0,0,0,Graduation,Together,2013-10-29
900205,1955,73300.0,0,1,8,930,1,47,0,0,6,4,6,2,8,8,0,0,0,0,0,0,0,Graduation,Single,2014-04-01
900206,1961,79100.0,0,2,31,959,27,149,82,14,17,8,15,2,9,7,0,0,0,0,0,0,0,PhD,Married,2014-04-28
900207,1984,41500.0,1,1,83,16,0,5,0,2,7,1,0,0,2,5,0,0,0,0,0,0,0,Graduation,Divorced,2013-09-13
900208,1957,41900.0,1,1,43,52,1,13,0,0,4,3,2,1,3,8,0,0,0,1,0,0,0,2n Cycle,Married,2014-02-16
900209,1970,68300.0,1,1,23,204,1,63,0,6,9,6,4,1,4,10,0,0,0,0,0,0,0,Master,Married,2012-09-12
900210,1970,85900.0,0,0,97,1422,54,671,197,183,81,0,7,6,9,2,0,0,0,0,1,0,0,PhD,Married,2013-04-09
900211,1971,49700.0,0,1,86,124,75,304,259,32,14,11,3,6,7,4,0,0,0,0,0,0,0,Graduation,Single,2013-03-11
900212,1971,55200.0,1,1,56,39,6,13,3,4,14,3,1,0,5,4,0,1,0,0,0,0,0,Graduation,Single,2014-05-14
900213,1971,42500.0,1,1,33,11,1,13,1,0,2,1,1,0,3,6,0,0,0,0,0,0,0,Graduation,Together,2014-06-25
900214,1968,66200.0,0,1,29,1015,16,275,5,5,99,2,4,4,3,5,0,0,1,0,1,1,0,Graduation,Single,2014-05-24
900215,1968,77800.0,1,1,14,392,15,102,10,19,35,5,7,3,7,6,0,0,0,1,0,1,0,2n Cycle,Together,2014-05-31
900216,1954,79100.0,2,1,33,418,11,225,16,10,8,5,6,2,11,7,0,0,0,0,0,1,0,Graduation,Single,2013-12-21
900217,1959,49400.0,0,1,65,148,1,28,6,7,42,2,3,1,3,6,0,0,0,0,0,0,0,Graduation,Married,2012-12-06
900218,1970,17000.0,1,0,70,10,6,5,14,9,22,2,2,0,4,5,0,0,0,0,0,0,0,PhD,Single,2013-09-07
900219,1965,28600.0,1,1,27,45,6,15,0,5,2,3,2,1,4,3,0,0,0,0,0,0,0,Graduation,Together,2013-07-17
900220,1965,47200.0,1,1,79,84,0,8,0,2,11,2,2,2,2,7,0,0,0,0,0,0,0,PhD,Single,2014-04-06
900221,1967,35700.0,1,1,0,120,0,98,7,4,17,6,4,1,3,7,0,0,0,0,0,0,0,PhD,Widow,2012-12-14
900222,1973,23200.0,1,1,98,32,7,27,5,8,27,4,2,1,5,7,0,0,0,0,0,0,0,Graduation,Married,2013-03-24
900223,1964,48400.0,0,0,17,75,11,112,23,0,46,2,3,7,3,2,0,0,0,0,0,0,0,Graduation,Together,2014-04-15
900224,1957,73600.0,0,1,84,968,14,230,7,104,54,2,7,10,11,4,1,0,0,0,1,1,0,Graduation,Widow,2012-12-17
900225,1996,28200.0,0,0,19,7,12,10,5,1,12,0,1,0,2,7,0,0,0,0,0,1,0,Graduation,Single,2013-03-09
900226,1987,21600.0,1,0,31,6,1,12,6,2,8,2,3,0,3,7,0,0,1,0,0,0,0,Graduation,Single,2013-09-12
900227,1959,59100.0,0,1,68,766,9,121,11,4,30,2,6,8,6,6,1,0,0,0,1,1,0,Graduation,Single,2013-08-09
900228,1967,22400.0,0,0,41,17,1,8,6,6,7,1,2,0,3,7,0,0,0,0,0,0,0,Graduation,Together,2013-01-07
900229,1958,55500.0,0,1,21,172,2,37,4,1,50,0,5,2,4,5,0,0,0,0,0,0,0,Graduation,Married,2014-04-28
900230,1945,62700.0,0,2,11,625,22,80,4,4,96,9,8,2,12,6,0,0,1,0,0,0,0,2n Cycle,Divorced,2013-02-02
900231,1969,79100.0,1,1,71,676,35,264,14,102,31,8,6,2,13,6,0,0,0,0,0,0,0,Master,Married,2013-10-03
900232,1961,36500.0,1,0,63,10,2,4,2,1,5,1,1,1,2,6,0,0,0,0,0,0,0,Graduation,Divorced,2013-07-03
900233,1959,48300.0,1,0,10,102,0,38,1,2,26,4,4,1,3,5,0,0,0,0,0,1,0,PhD,Single,2013-02-12
900234,1965,76700.0,0,0,78,300,17,289,44,8,18,1,4,5,8,1,0,0,0,0,0,0,0,Graduation,Married,2012-11-05
900235,1941,83300.0,0,0,11,1048,63,507,253,15,195,1,4,3,6,2,0,0,0,0,1,1,0,Master,Married,2013-03-08
900236,1964,46600.0,0,1,11,488,44,365,133,10,238,5,5,9,7,6,0,0,0,0,0,0,0,Graduation,Married,2012-11-04
900237,1965,42100.0,2,1,61,15,1,8,0,0,1,1,1,0,2,6,0,0,0,0,0,0,0,Graduation,Married,2012-08-31
900238,1972,23000.0,0,1,56,1,23,9,3,36,30,2,1,0,2,5,0,0,0,0,0,0,0,Graduation,Divorced,2013-04-03
900239,1960,85300.0,0,0,52,520,64,229,103,24,245,1,5,3,12,2,0,0,0,0,0,0,0,Master,Married,2014-01-17
900240,1964,102100.0,0,0,76,704,193,534,253,198,39,0,5,10,10,1,1,0,1,0,0,1,0,2n Cycle,Together,2013-12-19
900241,1969,30800.0,1,1,52,9,8,13,11,6,20,4,2,0,5,5,0,0,0,0,0,1,0,Master,Married,2013-05-29
900242,1970,57400.0,0,0,41,127,14,251,56,18,81,0,2,7,6,2,0,0,0,0,0,0,0,Graduation,Single,2013-04-06
900243,1981,52000.0,1,0,50,157,96,196,163,9,206,6,6,4,6,7,0,0,0,0,0,0,0,Graduation,Married,2012-11-23
900244,1958,53300.0,1,1,12,14,0,2,3,0,0,1,0,0,3,5,0,0,0,0,0,0,0,PhD,Married,2013-12-15
900245,1970,58800.0,0,1,14,930,16,217,8,4,79,4,9,5,6,9,0,0,0,0,1,0,0,Graduation,Married,2013-01-31
900246,1995,41800.0,1,0,40,4,13,13,6,12,18,1,1,0,4,6,0,0,0,0,0,0,0,Master,Divorced,2013-08-02
900247,1978,39800.0,1,1,35,30,3,9,5,2,30,2,2,1,4,4,0,0,0,0,0,0,0,Basic,Divorced,2012-08-28
900248,1954,59100.0,1,1,9,559,1,103,6,6,7,2,6,2,7,6,0,0,0,0,0,0,0,2n Cycle,Together,2013-01-04
900249,1956,22900.0,1,0,46,3,3,6,8,9,11,2,2,1,3,3,0,0,0,0,0,1,0,Basic,Married,2014-05-03
900250,1957,79600.0,0,0,92,617,21,370,51,93,34,1,6,4,5,3,1,0,0,1,1,1,0,Graduation,Together,2012-11-19
900251,1972,34500.0,0,1,35,116,5,48,13,34,298,3,7,3,4,7,0,0,0,0,0,0,0,Graduation,Widow,2014-01-23
900252,1980,18500.0,1,0,51,22,5,24,20,3,25,4,3,2,3,6,0,0,0,0,0,0,0,Master,Together,2013-01-12
900253,1956,75300.0,0,2,48,530,0,85,1,1,22,3,4,3,7,7,0,0,0,0,0,0,0,PhD,Married,2012-12-13
900254,1976,36700.0,0,0,62,52,11,25,2,6,14,1,2,1,3,6,0,0,0,0,0,0,0,2n Cycle,Single,2013-03-01
900255,1973,47000.0,1,1,82,134,4,22,0,2,4,2,6,1,4,5,0,0,0,0,0,0,0,Graduation,Together,2013-05-27
900256,1984,69100.0,0,0,47,102,61,1095,20,15,4,0,1,6,10,0,0,0,0,0,0,0,0,Graduation,Single,2012-09-08
900257,1972,60300.0,0,1,50,415,2,123,46,9,97,3,7,1,6,4,0,0,0,0,0,0,0,Master,Together,2013-06-16
900258,1961,83500.0,0,1,23,824,31,477,150,31,23,1,5,5,4,1,0,0,1,0,0,1,0,2n Cycle,Widow,2012-08-27
900259,1966,56900.0,0,1,74,129,0,61,7,10,13,4,6,1,5,10,0,0,0,0,0,0,0,Graduation,Together,2014-02-27
900260,1978,113000.0,0,1,91,1396,197,695,9,12,362,1,4,4,13,2,0,0,0,0,0,0,0,Graduation,Single,2013-04-08
900261,1954,60300.0,0,1,99,569,5,346,5,1,38,2,2,7,8,2,1,0,0,0,0,1,0,Graduation,Married,2014-04-08
900262,1974,32100.0,0,1,0,21,1,5,0,0,4,1,2,1,1,6,0,0,0,0,0,0,0,Graduation,Single,2012-10-13
900263,1957,43200.0,0,1,59,221,69,131,26,12,54,3,7,2,7,3,0,0,0,0,0,0,0,PhD,Single,2012-08-23
900264,1961,56400.0,0,0,0,379,0,36,0,2,15,1,3,2,8,8,0,0,0,0,0,1,0,Master,Single,2014-06-20
900265,1966,45000.0,0,1,54,102,0,25,0,0,3,4,4,1,3,7,0,0,0,0,0,0,0,PhD,Together,2013-11-01
900266,1970,21700.0,2,0,0,9,3,15,16,10,20,3,1,1,4,5,0,0,0,0,0,1,0,Master,Married,2013-07-28
900267,1969,42200.0,1,1,40,39,2,7,0,4,2,1,1,0,2,7,0,0,0,0,0,0,0,Graduation,Married,2014-05-16
900268,1964,108800.0,0,1,53,446,11,239,98,224,152,2,10,7,13,3,0,0,0,0,0,0,0,Graduation,Married,2014-03-30
900269,1971,30000.0,1,1,88,51,1,25,0,2,4,2,1,0,3,10,0,0,0,0,0,0,0,Graduation,Single,2012-12-09
900270,1949,63400.0,0,1,0,335,0,17,1,0,10,1,5,2,5,6,0,0,0,0,0,0,0,Graduation,Married,2013-11-04
900271,1973,20200.0,2,0,45,6,14,65,2,10,39,2,4,1,2,11,0,0,0,0,0,0,0,Master,Married,2012-08-03
900272,1966,31700.0,0,0,22,27,84,34,8,16,7,1,4,1,4,5,0,0,0,0,0,0,0,Graduation,Together,2013-10-18
900273,1984,54000.0,0,1,81,231,48,185,8,40,26,1,4,4,5,3,0,0,0,0,0,0,0,Graduation,Married,2012-09-16
900274,1950,61300.0,1,0,66,834,197,341,259,51,56,2,6,6,10,3,0,0,0,0,0,0,0,Master,Together,2013-08-04
900275,1965,37000.0,1,0,45,48,47,69,56,49,4,2,4,1,5,6,0,0,0,0,0,1,0,Graduation,Married,2013-08-24
900276,1987,79600.0,0,0,35,884,59,860,32,51,39,1,3,9,11,2,1,0,1,1,0,0,0,Graduation,Single,2013-02-14
900277,1975,75300.0,0,1,41,1070,54,247,36,21,108,2,9,8,5,5,0,0,0,0,0,1,0,Graduation,Divorced,2012-09-14
900278,1977,102700.0,0,1,32,287,8,553,259,41,64,0,3,8,6,1,0,0,0,0,0,0,0,Graduation,Married,2014-05-30
900279,1972,22200.0,1,1,85,11,1,5,6,2,2,1,1,0,3,6,0,0,0,0,0,0,0,2n Cycle,Single,2012-08-15
900280,1959,69800.0,0,1,85,1196,6,220,246,9,19,2,4,3,7,4,0,0,0,0,0,1,0,Graduation,Together,2013-09-09
900281,1967,38200.0,0,1,37,116,1,60,1,10,15,1,7,0,6,8,0,0,0,0,0,0,0,PhD,Divorced,2014-02-25
900282,1971,48600.0,1,0,46,7,0,10,1,2,11,0,1,0,2,5,0,0,0,0,0,0,0,Graduation,Married,2014-01-17
900283,1955,70000.0,1,1,31,201,11,64,10,6,14,4,4,1,7,7,0,0,0,0,0,0,0,Graduation,Widow,2013-03-18
900284,1965,41000.0,0,1,26,101,10,49,3,2,117,3,4,2,4,6,0,0,0,0,0,1,0,Master,Divorced,2014-02-08
900285,1974,28000.0,2,0,73,9,3,21,5,8,6,2,2,0,3,7,0,0,0,0,0,0,0,Graduation,Divorced,2013-08-05
900286,1965,58900.0,1,1,50,24,1,21,1,6,13,2,2,1,4,4,0,0,0,0,0,1,0,Graduation,Married,2012-08-17
900287,1980,22700.0,2,0,49,3,1,15,0,3,6,2,0,1,2,8,0,0,0,0,0,1,0,Basic,Together,2013-05-21
900288,1969,29000.0,0,0,55,19,0,10,4,4,6,2,2,0,3,9,0,0,0,0,0,0,0,PhD,Married,2013-05-16
900289,1967,60700.0,0,1,45,669,38,255,19,49,79,2,5,2,10,5,0,0,0,0,0,0,0,Graduation,Together,2013-06-21
900290,1955,73300.0,0,1,74,1322,122,655,39,24,53,4,7,9,11,6,0,0,0,0,0,0,0,Graduation,Married,2013-09-27
900291,1976,66100.0,0,0,34,404,37,367,51,80,245,1,8,9,10,1,0,0,0,0,0,0,0,2n Cycle,Married,2013-12-05
900292,1967,62700.0,0,0,28,1194,197,149,180,5,24,1,4,2,13,1,0,0,0,0,0,0,0,Graduation,Married,2013-02-08
900293,1972,31700.0,0,0,38,111,3,18,3,5,9,2,1,0,4,6,0,0,0,0,0,0,0,PhD,Single,2012-08-23
900294,1957,77700.0,0,1,7,1303,43,580,43,113,179,2,8,5,13,6,0,0,0,0,0,1,0,Graduation,Single,2012-08-25
900295,1974,29800.0,1,1,98,22,6,14,8,2,6,3,2,2,4,5,0,0,0,0,0,0,0,2n Cycle,Married,2014-03-22
900296,1982,20100.0,1,0,40,7,2,13,3,0,18,2,2,0,3,6,0,0,0,0,0,0,0,Graduation,Together,2014-03-19
900297,1943,79100.0,0,1,57,233,18,112,27,263,4,1,7,4,5,2,0,0,0,0,0,0,0,PhD,Married,2013-11-26
900298,1973,79700.0,0,0,97,636,188,805,259,45,65,1,3,5,13,1,0,0,0,0,0,0,0,Master,Married,2013-10-07
900299,1958,39400.0,0,1,64,321,16,191,37,12,45,1,12,1,7,6,0,0,0,0,0,0,0,Graduation,Single,2012-11-01
900300,1968,23700.0,1,1,35,4,6,12,43,1,20,2,3,1,2,8,0,0,0,0,0,0,0,Graduation,Married,2014-01-22
900301,1949,70300.0,0,0,46,950,2,444,76,28,14,2,3,4,12,4,1,0,0,1,0,0,0,PhD,Together,2013-09-18
900302,1976,62100.0,0,1,54,134,3,99,3,12,1,2,4,2,5,3,0,0,0,0,0,0,0,Graduation,Married,2013-08-17
900303,1978,72700.0,0,0,45,220,72,693,149,21,98,3,5,9,4,3,1,0,0,1,0,0,0,Graduation,Single,2012-10-19
900304,1978,38500.0,0,0,50,172,3,22,3,7,10,2,1,1,3,7,0,0,0,0,0,0,0,Basic,Divorced,2013-01-06
900305,1975,31500.0,1,0,66,25,23,63,32,4,75,1,5,1,3,6,0,0,0,0,0,1,0,Master,Single,2013-11-17
900306,1978,48800.0,0,0,61,59,4,91,16,29,45,3,5,1,5,7,0,0,0,0,0,0,0,Graduation,Married,2013-05-25
900307,1983,67000.0,0,0,52,436,102,597,69,33,145,2,4,9,7,3,0,0,0,0,0,0,0,PhD,Together,2013-06-27
900308,1957,65300.0,0,1,25,359,85,479,29,89,25,1,9,3,11,4,0,0,0,0,0,0,0,Master,Single,2013-08-19
900309,1962,48000.0,0,1,61,154,40,68,8,3,8,1,4,2,6,6,0,0,0,0,0,0,0,PhD,Together,2013-05-27
900310,1976,23800.0,1,1,16,10,2,10,3,1,11,2,2,0,3,8,0,0,0,0,0,0,0,PhD,Married,2013-12-12
900311,1966,52000.0,1,1,30,148,0,28,3,4,15,3,1,1,5,5,0,0,0,0,0,0,0,Graduation,Married,2013-12-10
900312,1970,59000.0,1,1,31,14,6,9,3,1,16,1,1,0,3,5,0,0,0,0,0,0,0,Master,Married,2014-05-04
900313,1974,75400.0,0,0,86,946,17,291,9,4,23,1,7,4,8,6,1,0,0,0,0,0,0,Graduation,Single,2014-03-24
900314,1970,88600.0,0,2,9,648,32,70,21,10,15,2,4,1,13,3,0,0,0,0,0,0,0,Master,Divorced,2014-03-21
900315,1972,51500.0,1,1,95,198,17,168,13,37,20,6,11,2,10,7,0,0,0,0,0,1,0,Master,Together,2013-09-22
900316,1978,59400.0,0,1,81,401,30,403,259,64,132,3,3,7,6,3,0,0,0,0,0,0,0,2n Cycle,Together,2013-05-01
900317,1960,55800.0,1,1,38,174,5,39,0,18,17,2,4,1,4,7,0,0,0,0,0,0,0,Master,Divorced,2012-11-21
900318,1966,59300.0,0,1,71,205,5,200,16,84,25,3,7,1,12,6,0,0,0,0,0,0,0,Graduation,Single,2013-10-16
900319,1983,76200.0,0,1,40,360,9,241,93,45,5,1,5,4,10,3,0,0,0,0,0,0,0,PhD,Together,2013-01-02
900320,1954,58300.0,1,1,55,16,0,8,0,0,0,1,1,0,2,4,0,0,0,0,0,0,0,PhD,Together,2013-06-08
900321,1973,58900.0,1,1,43,20,0,9,5,2,6,2,2,0,2,6,0,0,0,0,0,0,0,Graduation,Married,2014-04-29
900322,1988,47300.0,1,1,56,80,29,26,2,6,11,4,6,1,4,9,0,0,1,0,0,0,0,Master,Widow,2013-10-21
900323,1979,76700.0,0,1,82,353,22,200,89,53,13,1,7,5,5,3,0,0,0,0,0,0,0,PhD,Together,2013-10-06
900324,1962,62100.0,0,1,37,683,46,202,18,0,2,1,5,6,9,3,0,0,0,0,0,0,0,Graduation,Married,2014-01-07
900325,1978,37800.0,1,0,10,35,4,16,2,1,2,1,2,0,2,6,0,0,0,0,0,0,0,Graduation,Together,2013-12-25
900326,1981,53100.0,1,1,53,460,12,173,27,3,20,5,7,4,9,6,0,0,0,0,1,0,0,PhD,Married,2012-10-07
900327,1961,69300.0,0,0,9,108,3,129,37,57,29,1,3,2,4,2,0,0,0,0,0,0,0,Graduation,Together,2012-10-22
900328,1975,59900.0,0,0,7,1229,64,176,60,17,61,2,4,2,9,6,0,0,0,0,0,0,0,Graduation,Married,2014-05-11
900329,1966,56700.0,0,0,0,733,22,151,0,0,28,1,6,5,13,8,1,0,0,0,0,1,0,Graduation,Married,2012-10-02
900330,1979,17000.0,2,0,38,8,7,15,1,5,7,4,3,1,4,7,0,0,0,0,0,0,0,Basic,Together,2012-08-21
900331,1979,18600.0,1,0,96,20,1,13,1,1,3,2,1,0,3,7,0,0,0,0,0,0,0,Graduation,Married,2013-06-13
900332,1951,66900.0,0,0,57,350,63,222,57,31,42,0,4,2,13,0,0,0,0,0,0,0,0,PhD,Together,2012-09-25
900333,1981,25300.0,1,1,86,8,15,28,4,6,4,3,2,1,2,7,0,0,1,0,0,0,0,PhD,Married,2013-05-02
900334,1946,74900.0,0,2,5,876,7,221,48,2,53,3,2,6,9,6,0,0,0,0,0,0,0,Graduation,Divorced,2013-03-07
900335,1956,93800.0,0,0,2,39,7,264,43,17,8,2,2,4,6,2,0,0,0,0,0,0,0,2n Cycle,Married,2013-02-13
900336,1978,18000.0,0,0,81,3,2,4,18,4,4,1,1,0,3,7,0,0,0,0,0,0,0,Graduation,Married,2013-12-07
900337,1953,54000.0,1,0,0,131,30,58,46,7,87,2,4,1,3,2,0,0,0,0,0,0,0,PhD,Married,2013-09-03
900338,1946,85100.0,0,1,54,480,62,192,44,12,22,2,7,9,6,5,1,0,0,0,0,0,0,Graduation,Single,2014-01-26
900339,1968,46600.0,1,2,45,117,101,60,61,24,17,6,5,1,6,6,0,0,0,1,0,0,0,Graduation,Married,2013-04-12
900340,1976,26400.0,1,0,26,10,13,10,9,20,52,2,1,1,1,10,0,0,0,0,0,0,1,2n Cycle,Married,2013-03-24
900341,1964,70900.0,1,1,45,482,7,72,15,0,43,3,8,2,7,4,0,0,0,0,0,0,0,Master,Together,2014-05-22
900342,1983,33200.0,1,0,65,1,3,3,1,2,2,1,0,0,3,6,0,0,0,0,0,1,0,PhD,Single,2014-03-29
900343,1968,79100.0,0,0,22,459,49,110,86,17,23,3,7,2,12,5,0,0,0,0,0,0,0,Master,Married,2013-03-28
900344,1975,26300.0,0,0,80,1,1,4,6,3,8,0,2,0,2,6,0,0,0,0,0,0,0,PhD,Together,2012-12-04
900345,1961,53900.0,0,0,35,480,5,211,192,29,20,1,5,3,5,2,0,0,0,0,0,0,0,Graduation,Divorced,2014-03-23
900346,1968,60300.0,0,1,38,109,35,79,185,58,42,1,4,2,10,2,0,0,0,0,0,0,0,Graduation,Married,2014-05-19
900347,1956,79100.0,1,1,32,600,11,141,28,32,60,7,7,3,7,6,0,0,0,0,0,0,0,PhD,Together,2012-10-07
900348,1967,35600.0,0,1,38,95,9,62,2,1,33,4,4,1,4,12,0,0,0,0,0,0,0,2n Cycle,Married,2012-12-14
900349,1969,50400.0,0,1,76,233,27,174,47,166,168,3,4,17,10,2,0,0,0,0,0,0,0,Graduation,Single,2014-01-21
900350,1970,24200.0,1,0,77,41,0,21,0,2,25,3,2,1,2,8,0,0,0,0,0,0,0,Basic,Divorced,2014-03-30
900351,1980,81800.0,0,0,28,1493,133,981,22,11,58,1,4,4,9,3,0,0,0,0,1,1,0,Master,Married,2014-06-24
900352,1961,28300.0,0,1,36,22,1,9,1,1,15,2,2,0,3,6,0,0,0,0,0,0,0,Graduation,Married,2012-12-16
900353,1970,44600.0,1,0,45,40,10,33,4,0,6,3,4,0,6,6,0,0,0,0,0,0,0,PhD,Married,2013-01-12
900354,1980,26000.0,1,0,16,5,1,12,8,4,6,1,2,0,3,7,0,0,0,0,0,0,0,2n Cycle,Divorced,2013-03-18
900355,1961,26700.0,1,1,16,47,13,68,5,10,18,5,4,1,4,5,0,0,0,0,0,0,0,2n Cycle,Single,2013-07-07
900356,1990,26300.0,1,0,38,5,1,5,7,1,18,1,1,1,2,6,0,0,0,0,0,0,0,Graduation,Together,2013-11-14
900357,1964,35300.0,1,1,40,175,27,87,67,2,72,4,7,1,4,8,0,0,1,0,0,0,0,Master,Together,2013-08-13
900358,1967,72900.0,0,1,16,557,14,435,11,5,85,2,8,2,5,4,0,0,0,0,0,0,0,Graduation,Single,2014-05-29
900359,1969,24400.0,0,1,18,22,1,11,0,3,5,2,1,1,3,4,0,0,0,0,0,0,0,Graduation,Married,2013-05-28
900360,1970,30000.0,1,0,89,15,44,43,89,10,26,1,5,1,2,6,0,0,0,0,0,1,0,Graduation,Together,2012-10-18
900361,1991,70600.0,0,0,59,947,119,573,149,29,71,1,6,6,11,1,0,0,0,0,0,0,0,Graduation,Divorced,2013-09-27
900362,1953,51800.0,0,1,54,366,38,320,14,124,125,5,6,1,13,7,0,0,0,1,0,0,0,PhD,Divorced,2014-01-10
900363,1970,30300.0,1,0,73,23,8,9,1,1,4,2,2,0,3,6,0,0,0,0,0,0,0,Basic,Widow,2014-01-28
900364,1975,78100.0,0,0,85,807,116,489,100,49,84,1,4,6,4,2,0,0,0,0,1,1,0,Graduation,Single,2012-08-27
900365,1951,97900.0,0,0,90,371,37,751,44,74,75,0,3,6,10,2,1,0,1,0,0,1,0,Graduation,Married,2013-02-18
900366,1951,46200.0,0,1,65,203,1,40,4,0,40,2,7,1,5,4,0,0,0,0,0,0,0,Master,Married,2014-03-05
900367,1964,65000.0,0,0,57,478,48,321,259,52,35,4,6,10,7,3,0,0,0,0,0,0,0,Graduation,Single,2013-02-16
900368,1960,48800.0,0,1,60,145,0,24,4,0,86,3,7,2,4,5,0,0,0,0,0,1,0,Master,Single,2013-08-25
900369,1973,48400.0,0,0,57,194,13,145,44,263,162,3,5,5,5,3,0,0,0,0,0,0,0,Graduation,Married,2013-08-13
900370,1981,94500.0,0,1,33,1348,39,385,112,31,66,1,5,7,13,3,0,0,0,0,0,0,0,Graduation,Together,2013-09-22
900371,1960,73300.0,0,0,89,1309,197,432,259,5,12,2,10,6,13,6,0,0,0,0,0,0,0,PhD,Together,2013-05-09
900372,1960,46300.0,0,2,75,206,0,6,0,0,20,3,3,1,3,6,0,0,0,0,0,0,0,PhD,Married,2013-12-13
900373,1979,20500.0,1,1,99,10,0,14,8,2,11,1,2,0,2,8,0,0,1,0,0,0,0,Master,Married,2014-02-05
900374,1968,41100.0,1,1,48,75,1,27,9,7,19,4,2,2,4,3,0,0,0,0,0,0,0,Graduation,Married,2013-10-20
900375,1986,77300.0,0,1,68,473,127,1237,25,30,280,4,8,7,8,5,0,0,0,0,0,0,0,Master,Married,2014-05-23
900376,1995,73800.0,0,0,0,888,3,225,4,24,0,1,5,4,9,2,1,0,0,1,0,1,0,Graduation,Single,2012-11-20
900377,1976,57100.0,0,1,58,542,144,395,107,10,107,3,7,4,11,4,0,0,0,0,0,0,0,Graduation,Together,2014-04-03
900378,1974,21200.0,2,1,38,11,2,18,1,4,8,4,1,1,2,10,0,0,0,0,0,0,0,Graduation,Together,2014-01-26
900379,1971,47500.0,1,0,87,68,1,62,72,2,66,4,5,1,4,7,0,0,0,0,0,1,0,Graduation,Married,2013-10-25
900380,1970,58900.0,1,1,99,362,2,126,3,5,75,6,10,2,4,9,0,0,0,0,0,0,0,2n Cycle,Married,2013-09-20
900381,1947,47000.0,0,1,21,148,20,126,27,22,33,2,11,1,8,5,0,0,0,0,0,0,0,Graduation,Married,2013-12-28
900382,1957,47200.0,1,1,74,31,1,14,7,2,9,2,2,0,4,7,0,0,0,0,0,0,0,Graduation,Single,2013-03-17
900383,1967,62800.0,1,1,35,19,0,9,4,2,3,0,1,0,3,6,0,0,0,0,0,0,0,Graduation,Together,2013-10-25
900384,1950,57000.0,0,1,69,234,106,39,259,7,61,2,4,1,13,5,0,0,0,0,0,0,0,PhD,Together,2012-10-08
900385,1962,55300.0,0,1,99,507,18,295,29,35,22,3,6,4,13,5,0,0,0,0,0,0,0,Graduation,Divorced,2013-01-22
900386,1968,69700.0,0,0,48,55,197,302,87,57,44,2,1,3,3,2,0,0,0,0,0,0,0,Master,Together,2013-10-12
900387,1963,52800.0,1,1,33,298,28,245,16,22,321,7,6,5,6,9,0,0,0,0,0,0,0,PhD,Married,2013-12-19
900388,1961,85700.0,0,1,63,362,83,315,76,24,110,1,9,8,5,2,1,0,0,0,1,0,0,PhD,Married,2013-02-11
900389,1987,75800.0,0,0,99,403,148,866,58,33,108,0,4,1,10,2,0,0,0,0,0,0,0,Graduation,Divorced,2013-06-17
900390,1971,75600.0,0,1,68,1039,22,486,35,5,57,5,6,6,11,3,0,0,0,0,0,0,0,Graduation,Married,2013-06-15
900391,1986,62900.0,0,2,67,593,23,138,4,13,183,6,4,2,9,2,0,0,0,0,0,0,0,Graduation,Married,2013-03-01
900392,1964,103100.0,0,1,30,616,14,899,140,61,67,1,5,2,8,1,0,0,0,0,0,0,0,Graduation,Together,2014-05-09
900393,1979,34300.0,1,0,92,7,1,9,3,0,6,1,1,0,3,6,0,0,0,0,0,0,0,Master,Together,2013-06-29
900394,1966,53500.0,0,1,49,259,197,156,15,11,82,4,6,2,10,8,0,0,0,0,0,0,0,Graduation,Married,2013-08-16
900395,1959,21000.0,2,1,53,152,0,22,1,0,6,4,2,1,3,6,0,1,0,0,0,0,0,Graduation,Single,2013-06-10
900396,1978,40200.0,2,0,59,22,0,13,4,0,3,1,1,1,2,9,0,0,0,0,0,0,0,PhD,Together,2013-01-15
900397,1974,69900.0,1,1,23,1171,6,153,0,2,42,15,6,3,8,14,0,0,1,1,0,0,0,Master,Married,2013-04-10
900398,1957,32600.0,1,1,0,23,2,7,1,0,6,2,1,1,3,7,0,0,0,0,0,0,0,Graduation,Together,2014-02-13
900399,1976,48500.0,0,1,28,295,4,48,16,20,109,4,10,3,3,8,0,0,1,0,0,1,0,Graduation,Single,2014-03-12
900400,1996,16800.0,1,0,59,9,4,11,3,1,10,2,2,0,3,11,0,0,0,0,0,0,0,Graduation,Married,2013-09-22
900401,1972,37000.0,0,0,40,541,15,129,185,10,174,3,4,5,10,8,0,0,0,0,0,0,0,Graduation,Single,2013-04-18
900402,1968,91400.0,0,0,27,526,26,981,70,28,61,1,3,4,13,1,0,1,0,0,0,0,0,Master,Together,2012-11-23
900403,1971,54800.0,1,1,43,278,2,126,1,0,27,4,6,2,6,8,0,0,0,0,0,1,0,PhD,Divorced,2014-05-22
900404,1975,39500.0,1,1,7,3,0,0,0,0,0,1,0,0,2,6,0,0,0,0,0,0,0,Graduation,Married,2012-12-09
900405,1948,69300.0,0,1,82,633,6,119,12,8,25,11,5,5,8,7,0,0,1,1,0,0,0,PhD,Single,2013-03-29
900406,1941,53900.0,0,1,71,314,58,208,22,76,68,2,7,6,11,5,1,0,0,0,0,1,0,Graduation,Married,2013-04-14
900407,1973,15500.0,0,0,42,4,4,8,8,1,6,2,2,0,3,5,0,0,0,0,0,0,0,PhD,Divorced,2013-06-02
900408,1965,81600.0,0,0,6,1132,20,391,116,53,26,3,6,5,6,4,0,0,0,0,1,1,0,Graduation,Together,2013-08-10
900409,1996,11600.0,1,0,46,1,17,11,22,16,8,2,3,0,5,6,0,0,0,0,0,0,0,Graduation,Single,2013-05-27
900410,1964,51500.0,1,0,62,175,5,97,7,157,29,4,4,2,6,9,0,0,0,0,0,0,0,Master,Divorced,2013-09-20
900411,1962,64600.0,1,2,56,53,0,6,0,1,2,3,1,1,3,5,0,0,0,0,0,0,0,Graduation,Together,2012-11-23
900412,1964,36000.0,1,0,57,229,0,31,0,1,36,4,4,1,4,9,0,0,0,0,0,1,0,2n Cycle,Married,2013-01-26
900413,1964,22900.0,0,0,41,9,0,5,2,0,6,1,2,0,2,12,0,0,0,0,0,0,0,Graduation,Together,2013-09-22
900414,1969,63700.0,0,2,60,399,39,68,259,20,20,3,8,4,13,3,0,0,0,0,0,0,0,PhD,Divorced,2013-08-30
900415,1956,57500.0,1,1,45,283,10,156,55,3,62,11,6,4,10,8,0,0,0,1,0,1,0,Graduation,Widow,2012-09-28
900416,1959,60100.0,1,1,17,294,17,66,11,2,32,6,5,2,5,7,0,0,0,0,0,0,0,2n Cycle,Married,2013-06-05
900417,1953,33400.0,1,1,75,48,6,48,24,14,4,3,3,1,3,6,0,0,0,0,0,0,0,Graduation,Single,2013-09-06
900418,1959,108000.0,0,0,14,658,59,626,27,263,12,0,8,8,10,3,0,0,0,0,0,0,0,Graduation,Married,2014-06-06
900419,1966,39500.0,1,1,98,104,41,151,116,5,255,7,7,2,6,7,0,0,0,0,0,0,0,PhD,Together,2014-03-01
900420,1975,83700.0,0,0,31,483,81,981,75,198,7,2,5,6,9,1,1,0,0,1,0,0,0,Graduation,Single,2014-05-15
900421,1960,52700.0,0,0,63,300,26,206,44,156,26,2,6,4,7,4,0,0,0,0,0,0,0,Master,Together,2013-02-07
900422,1957,70100.0,0,1,20,857,8,321,6,36,14,2,5,4,13,5,1,0,1,0,1,1,0,Graduation,Married,2014-03-05
900423,1964,76200.0,0,0,39,624,193,981,166,188,53,1,6,10,7,6,0,0,0,1,0,1,0,Graduation,Married,2013-10-25
900424,1964,33500.0,1,1,61,17,0,1,0,0,0,0,0,0,2,8,0,0,0,0,0,0,0,Graduation,Married,2012-12-13
900425,1953,65400.0,0,1,92,276,165,45,32,17,106,1,4,2,13,4,0,0,0,0,0,0,0,Graduation,Married,2013-05-28
900426,1971,95200.0,0,0,30,1163,17,558,5,18,12,2,8,7,6,7,0,0,0,0,0,0,0,Graduation,Single,2014-02-20
900427,1981,40600.0,1,1,37,57,4,8,1,0,6,2,1,0,3,4,0,0,1,0,0,0,0,Master,Married,2012-09-28
900428,1958,85500.0,0,0,99,1383,11,91,12,7,27,1,5,2,13,8,0,0,0,0,1,1,0,Graduation,Married,2013-12-18
900429,1975,26100.0,1,0,63,4,4,8,2,7,3,0,0,0,2,6,0,0,0,0,0,0,0,Graduation,Together,2013-09-22
900430,1984,28300.0,1,0,0,4,5,7,12,3,16,1,2,0,3,7,0,0,0,0,0,1,0,PhD,Together,2013-07-19
900431,1950,86600.0,0,0,58,395,55,428,253,29,51,1,6,2,8,4,1,0,1,0,1,1,0,Graduation,Single,2013-12-12
900432,1962,63000.0,0,1,56,217,1,44,46,1,20,3,4,1,10,5,0,0,0,0,0,0,0,Graduation,Single,2012-12-08
900433,1959,43400.0,0,1,46,326,25,122,6,10,26,2,7,1,9,5,0,0,0,0,0,1,0,Graduation,Married,2012-10-08
900434,1962,56800.0,1,1,77,358,36,496,17,1,43,5,6,6,7,5,0,0,0,0,0,0,0,Master,Single,2013-11-30
900435,1967,107500.0,0,0,63,444,36,996,131,11,306,0,2,5,13,0,0,0,0,0,0,0,0,Master,Divorced,2013-05-02
900436,1974,39600.0,0,1,87,320,12,40,3,1,26,2,9,1,5,6,0,0,0,0,0,0,0,Master,Married,2013-01-17
900437,1978,41500.0,1,1,45,16,2,5,2,0,6,1,1,1,1,5,0,0,0,0,0,0,0,Graduation,Married,2013-06-10
900438,1970,23800.0,1,0,61,13,3,7,9,16,6,3,2,0,3,7,0,0,0,0,0,0,0,PhD,Single,2013-07-05
900439,1962,27800.0,1,1,80,11,2,11,4,1,2,2,2,0,2,8,0,0,0,0,0,0,0,PhD,Married,2013-08-31
900440,1983,18800.0,1,0,4,7,5,3,11,13,47,3,1,1,2,6,0,0,0,0,0,0,1,PhD,Married,2012-10-02
900441,1981,70700.0,0,0,99,400,197,609,42,35,54,3,4,8,13,2,0,0,0,0,0,0,0,2n Cycle,Married,2013-08-18
900442,1955,43400.0,0,0,99,156,38,60,4,15,7,2,5,3,6,7,0,0,1,1,0,0,0,Graduation,Together,2012-12-12
900443,1982,50000.0,1,1,70,174,50,81,20,30,23,5,5,1,7,5,0,0,1,1,0,1,0,Master,Together,2013-12-11
900444,1954,81000.0,0,0,30,745,140,1634,90,105,6,1,6,7,10,2,0,0,0,0,0,0,0,Graduation,Together,2013-07-06
900445,1973,64600.0,0,1,33,1000,1,55,1,0,12,4,8,1,6,12,0,0,0,0,0,0,0,Master,Married,2013-06-03
900446,1978,17300.0,1,0,63,4,15,13,10,9,22,2,3,0,2,9,0,0,0,0,0,0,0,Basic,Single,2013-10-13
900447,1976,58600.0,0,0,92,295,49,1571,159,14,30,1,1,13,2,1,0,0,0,0,0,0,0,Graduation,Married,2013-06-27
900448,1982,23500.0,1,1,97,28,0,4,1,4,17,2,2,0,2,10,0,0,0,0,0,0,0,Graduation,Married,2013-02-19
900449,1964,81700.0,0,0,20,439,170,142,185,27,53,1,6,3,9,3,1,0,1,1,0,0,0,Graduation,Married,2014-05-24
900450,1959,53300.0,1,1,0,56,0,18,9,0,12,2,2,1,3,5,0,0,0,0,0,0,0,Graduation,Together,2013-10-10
900451,1973,79300.0,0,0,35,1150,38,321,58,36,23,0,5,6,13,2,1,0,0,0,1,0,0,PhD,Divorced,2013-12-22
900452,1944,50700.0,0,0,32,85,3,28,234,11,5,2,3,1,4,9,0,0,0,0,0,0,0,Graduation,Married,2012-09-03
900453,1961,59800.0,0,0,56,286,44,337,216,4,58,6,4,6,11,2,0,0,0,0,0,0,0,Master,Together,2013-03-16
900454,1953,63200.0,0,1,42,168,46,206,45,2,99,1,4,3,3,4,0,0,0,0,0,0,0,Graduation,Single,2013-07-19
900455,1967,19800.0,0,0,50,9,17,8,15,3,7,1,1,1,3,6,0,0,1,0,0,0,0,Graduation,Single,2013-05-17
900456,1980,24900.0,1,0,46,12,4,18,6,11,6,2,1,2,2,6,0,0,0,0,0,0,0,Graduation,Married,2014-05-22
900457,1988,25800.0,2,0,70,6,6,34,3,12,30,3,2,1,3,8,0,0,0,0,0,0,0,Master,Single,2012-09-09
900458,1963,47400.0,1,1,0,91,43,83,2,27,26,3,6,2,5,4,0,0,0,0,0,0,0,Master,Married,2013-07-06
900459,1971,67600.0,0,1,73,250,19,244,14,15,52,3,4,6,8,2,0,0,0,0,0,0,0,Graduation,Divorced,2014-01-29
900460,1982,50400.0,0,1,32,292,19,139,50,60,321,5,8,2,8,5,0,0,0,0,0,0,0,Master,Divorced,2013-08-18
900461,1969,69800.0,1,0,61,191,2,57,2,3,41,4,5,2,4,9,0,0,0,0,0,0,0,Master,Married,2014-01-22
900462,1976,75500.0,0,0,51,421,62,285,34,55,28,0,7,2,11,1,0,0,0,0,0,0,0,Graduation,Together,2014-05-15
900463,1966,31700.0,1,1,55,49,1,15,1,3,11,2,3,0,3,9,0,0,0,0,0,0,0,PhD,Single,2012-11-22
900464,1953,36300.0,0,1,74,174,9,113,16,25,4,2,5,3,9,5,0,0,1,0,0,1,0,Graduation,Married,2012-11-26
900465,1982,76000.0,0,0,0,1230,102,981,34,198,50,1,7,6,7,3,0,0,0,0,0,0,0,Graduation,Widow,2012-08-05
900466,1953,11100.0,0,0,24,7,1,13,8,1,8,2,1,0,3,6,0,0,0,0,0,0,0,Graduation,Divorced,2013-05-25
900467,1970,22800.0,1,0,41,7,1,8,1,5,29,2,1,0,3,7,0,0,0,0,0,0,0,Graduation,Single,2012-11-25
900468,1974,45200.0,0,1,50,257,3,44,4,1,104,4,4,3,4,6,0,0,0,0,0,0,0,Master,Married,2012-07-30
900469,1958,73300.0,1,1,68,214,42,98,53,95,141,2,4,2,10,3,0,0,0,0,0,0,0,PhD,Widow,2014-01-04
900470,1970,101400.0,0,0,8,582,116,727,253,74,179,0,4,11,9,1,1,0,1,0,0,0,0,PhD,Married,2014-01-20
900471,1968,28000.0,0,1,0,18,4,9,4,0,7,1,2,0,3,6,0,0,0,0,0,0,0,Graduation,Divorced,2014-02-19
900472,1949,63600.0,0,0,63,181,38,109,77,96,67,1,8,1,13,2,0,0,0,0,0,0,0,2n Cycle,Together,2013-06-20
900473,1978,74600.0,1,1,0,64,32,76,9,30,13,2,3,2,5,6,0,0,0,0,0,0,0,PhD,Together,2012-07-31
900474,1961,39600.0,0,0,46,13,1,6,3,2,6,1,1,0,3,6,0,0,1,1,0,0,0,Basic,Married,2013-06-21
900475,1952,34500.0,1,0,15,314,15,86,10,0,22,3,4,2,6,7,0,0,0,0,0,0,0,2n Cycle,Single,2013-11-01
900476,1974,95400.0,1,1,99,416,62,137,124,85,144,0,7,3,13,2,0,0,0,0,0,0,0,PhD,Single,2013-12-22
900477,1974,28800.0,1,1,49,23,4,21,4,0,10,4,2,1,4,5,0,0,1,0,0,0,0,Graduation,Divorced,2014-01-31
900478,1990,77300.0,0,0,64,415,130,244,53,127,38,2,5,3,13,3,0,0,0,0,0,0,0,Master,Single,2013-01-28
900479,1982,11700.0,1,0,80,32,6,41,15,4,18,4,3,1,3,7,0,0,0,0,0,0,0,Graduation,Divorced,2012-12-28
900480,1964,44400.0,1,0,29,403,3,68,113,0,14,8,6,2,8,8,0,0,0,0,0,0,0,Master,Together,2013-09-13
900481,1973,33200.0,1,1,24,16,0,12,0,0,9,2,2,1,2,7,0,0,0,0,0,0,0,Basic,Married,2013-10-30
900482,1961,38000.0,1,1,57,80,5,44,6,2,12,4,3,0,4,4,0,0,0,0,0,0,0,2n Cycle,Married,2013-05-23
900483,1975,22400.0,1,0,99,1,2,8,4,3,24,1,1,0,2,6,0,0,1,1,0,1,0,Graduation,Married,2013-01-28
900484,1950,67000.0,0,1,35,137,46,50,8,20,10,1,4,1,9,2,0,0,0,0,0,0,0,Graduation,Single,2014-06-20
900485,1968,33000.0,0,1,40,113,48,91,1,11,93,1,7,1,3,7,0,0,0,1,0,0,0,PhD,Single,2012-10-15
900486,1962,74000.0,0,1,97,1289,56,256,6,13,226,1,6,3,9,9,0,0,0,0,0,1,0,PhD,Single,2012-09-28
900487,1975,57800.0,2,0,1,34,0,13,0,2,13,2,2,0,2,6,0,0,0,0,0,1,0,PhD,Single,2014-04-26
900488,1969,68900.0,0,1,42,1191,51,141,28,14,65,3,5,4,8,4,0,0,0,0,0,1,0,PhD,Single,2013-01-01
900489,1967,64600.0,1,1,68,61,1,12,0,0,3,1,0,2,2,4,0,0,0,0,0,0,0,Graduation,Single,2013-02-25
900490,1979,36100.0,0,0,40,14,2,11,2,1,10,1,2,0,3,7,0,0,0,0,0,0,0,PhD,Single,2013-06-07
900491,1974,87500.0,0,1,86,1493,12,226,17,60,23,1,5,10,7,2,1,0,0,0,0,1,0,PhD,Single,2013-08-12
900492,1955,33900.0,1,1,93,31,3,15,4,2,7,4,3,0,4,6,0,0,0,0,0,0,0,Basic,Divorced,2013-01-22
900493,1943,57300.0,0,1,39,763,6,712,26,4,18,1,5,8,13,5,0,0,0,0,0,0,0,Master,Together,2013-05-04
900494,1969,42300.0,0,1,0,316,6,178,43,13,103,7,5,4,8,8,0,0,0,0,0,0,0,PhD,Single,2014-01-25
900495,1974,74500.0,0,0,83,401,26,567,17,34,39,1,4,6,6,2,0,0,0,1,1,1,0,PhD,Married,2013-08-17
900496,1970,43700.0,0,1,47,41,0,23,21,10,7,3,2,1,4,5,0,0,0,0,0,0,0,PhD,Widow,2012-12-09
900497,1976,41500.0,1,1,50,983,2,118,4,2,38,15,11,3,6,8,0,0,0,0,0,0,0,PhD,Married,2013-08-08
900498,1971,34200.0,0,1,7,71,2,13,7,5,17,3,5,1,2,7,0,0,1,0,0,0,0,PhD,Together,2014-02-16
900499,1975,62300.0,0,1,66,1493,20,198,116,15,95,3,5,3,6,9,0,0,0,1,0,0,0,Graduation,Single,2013-02-10
900500,1983,33600.0,1,0,48,167,4,89,57,7,20,3,6,2,2,11,0,0,0,0,0,0,0,Graduation,Single,2013-12-12
900501,1959,95000.0,0,2,44,1056,131,80,88,263,56,4,13,4,7,5,0,0,0,0,0,0,0,2n Cycle,Married,2013-07-25
900502,1960,40800.0,0,2,74,173,1,28,3,1,14,3,2,2,3,4,0,0,0,0,0,0,0,Graduation,Single,2013-08-19
900503,1974,17300.0,1,1,13,6,1,4,1,6,3,2,1,0,2,8,0,0,0,0,0,0,0,PhD,Single,2012-09-09
900504,1954,69200.0,0,1,24,640,92,262,70,81,170,3,4,5,6,4,0,0,0,0,0,0,0,Graduation,Together,2014-01-19
900505,1978,54500.0,0,1,71,348,11,46,8,15,37,3,2,2,10,3,0,0,0,0,0,0,0,Graduation,Together,2013-07-28
900506,1962,45300.0,0,0,60,206,21,225,17,8,226,3,6,3,5,6,0,0,0,0,0,1,0,2n Cycle,Together,2013-08-01
900507,1960,50300.0,0,1,60,201,8,119,56,21,179,4,8,2,5,8,0,0,0,0,0,0,0,Graduation,Married,2013-08-25
900508,1952,74800.0,1,1,77,1386,3,197,19,15,7,3,5,6,13,5,0,0,0,0,0,0,0,PhD,Together,2013-04-17
900509,1970,90700.0,0,1,6,483,27,327,58,24,60,5,5,7,7,4,0,0,0,0,0,0,0,PhD,Single,2012-08-13
900510,1965,78300.0,0,1,57,725,42,981,92,91,146,1,5,4,11,2,1,0,1,0,0,0,0,2n Cycle,Together,2013-07-06
900511,1983,28600.0,0,0,30,30,3,10,0,1,1,0,1,0,4,4,0,0,0,0,0,0,0,PhD,Married,2014-06-21
900512,1980,21800.0,1,0,61,5,3,13,6,8,0,3,2,0,4,6,0,0,0,0,0,0,0,Graduation,Widow,2012-08-30
900513,1972,71400.0,0,0,56,1493,4,343,4,21,7,1,6,7,13,4,0,0,0,0,1,0,0,PhD,Divorced,2013-12-23
900514,1954,26700.0,0,1,61,100,47,65,20,4,170,3,6,1,6,7,0,0,0,0,0,0,0,2n Cycle,Together,2013-12-22
900515,1981,46100.0,1,1,34,160,12,198,18,2,38,2,7,0,5,7,0,0,0,0,0,0,0,Graduation,Married,2012-08-02
900516,1962,19700.0,0,0,90,32,0,11,2,6,17,1,2,0,4,5,0,0,0,0,0,0,0,2n Cycle,Together,2012-09-17
900517,1986,82600.0,0,0,76,965,42,169,13,25,36,1,4,5,11,3,1,0,0,0,0,1,0,PhD,Married,2013-03-04
900518,1960,73400.0,0,1,59,858,12,400,20,10,16,1,6,3,6,2,0,0,0,0,0,0,0,PhD,Divorced,2012-11-22
900519,1985,67800.0,0,0,1,1010,53,280,253,198,72,1,5,8,6,2,0,0,0,0,0,1,0,PhD,Married,2013-01-22
900520,1959,44200.0,1,1,67,36,4,46,2,6,12,2,4,1,2,7,0,0,0,0,0,1,0,Graduation,Together,2014-06-05
900521,1985,22000.0,1,0,47,10,8,17,14,1,6,2,2,0,3,9,0,0,1,0,0,0,0,Graduation,Married,2014-03-04
900522,1953,50600.0,0,0,92,454,20,362,31,12,97,1,8,8,8,3,0,0,0,0,0,0,0,Graduation,Single,2014-03-11
900523,1958,73200.0,1,1,31,373,28,105,2,13,26,3,6,2,8,8,0,0,0,1,0,0,0,Graduation,Single,2014-04-23
900524,1982,93300.0,0,0,75,307,197,1245,27,152,167,0,3,10,5,2,0,0,0,0,0,0,0,PhD,Married,2013-11-25
900525,1965,21900.0,1,1,46,25,2,13,6,1,27,1,2,1,2,8,0,0,0,0,0,0,0,Graduation,Single,2014-06-25
900526,1962,47500.0,1,1,99,88,0,20,6,0,9,3,3,2,2,5,0,0,1,1,0,0,0,Master,Married,2014-03-11
900527,1969,61300.0,0,1,23,57,6,33,1,4,8,1,2,0,4,6,0,0,0,0,0,0,0,Master,Married,2013-08-31
900528,1980,72600.0,0,0,63,686,11,85,22,2,47,1,4,3,7,2,1,0,0,0,0,1,0,2n Cycle,Married,2014-01-24
900529,1978,57400.0,0,1,1,150,3,55,15,10,16,3,7,1,8,7,0,0,0,0,0,0,0,PhD,Married,2013-05-17
900530,1961,49900.0,1,1,35,76,12,53,3,0,19,4,2,0,3,5,0,0,0,0,0,0,0,Graduation,Single,2013-04-27
900531,1996,21700.0,1,0,20,5,3,9,2,23,9,2,2,0,3,5,0,0,0,0,0,0,0,PhD,Married,2013-03-12
900532,1960,46400.0,1,1,37,19,6,12,1,15,7,1,0,1,4,3,0,0,0,0,0,1,0,Graduation,Married,2012-12-31
900533,1967,39700.0,1,1,17,291,3,243,10,9,85,5,9,3,4,8,0,0,0,0,0,0,0,2n Cycle,Married,2013-06-08
900534,1940,72200.0,0,2,93,439,5,49,5,12,13,4,4,1,7,5,0,0,1,0,0,0,0,Graduation,Single,2013-03-03
900535,1991,19500.0,1,0,36,1,0,3,2,0,0,1,0,0,2,10,0,0,0,0,0,0,0,Graduation,Together,2013-08-01
900536,1968,31000.0,1,1,96,24,1,7,3,0,2,3,2,0,3,4,0,0,1,0,0,0,0,Graduation,Single,2013-03-31
900537,1967,48800.0,1,1,99,41,1,25,3,0,1,1,1,0,3,8,0,0,0,0,0,0,0,PhD,Divorced,2014-03-15
900538,1983,22900.0,1,0,70,3,0,4,0,3,9,1,1,0,2,8,0,0,0,0,0,0,0,Graduation,Single,2012-09-24
900539,1957,82100.0,0,0,78,896,176,837,68,44,56,1,9,7,13,4,0,0,0,0,0,0,0,PhD,Divorced,2014-02-25
900540,1972,79800.0,0,0,0,458,193,427,81,93,14,0,3,8,12,1,0,0,0,0,0,1,0,PhD,Married,2012-11-05
900541,1978,28900.0,0,0,45,3,3,3,11,2,6,1,1,0,2,5,0,0,0,0,0,0,0,PhD,Married,2014-05-12
900542,1996,16100.0,1,0,0,3,13,12,13,4,9,1,1,0,3,10,0,0,0,0,0,0,0,Basic,Single,2012-08-12
900543,1967,67400.0,0,0,70,1493,10,222,39,28,9,1,3,3,7,7,1,1,0,1,1,1,0,PhD,Single,2014-04-16
900544,1984,76900.0,0,0,18,212,109,551,41,9,69,1,5,4,7,4,0,0,0,1,1,0,0,PhD,Married,2013-01-20
900545,1974,67700.0,0,0,62,339,32,765,170,116,138,0,5,7,3,2,0,0,0,0,0,0,0,Master,Together,2014-05-22
900546,1980,23600.0,1,0,93,5,4,5,1,2,5,1,2,0,2,6,0,0,0,0,0,0,0,PhD,Divorced,2014-02-27
900547,1970,59800.0,0,1,36,284,8,38,7,1,105,4,5,2,8,6,0,0,0,0,0,0,0,PhD,Together,2013-05-29
900548,1977,32700.0,1,1,0,9,1,3,0,0,1,1,1,0,2,6,0,0,0,0,0,1,0,Graduation,Married,2014-04-04
900549,1970,41400.0,1,1,25,94,0,49,5,5,45,7,4,1,4,8,0,0,0,0,0,1,0,Graduation,Single,2014-01-18
900550,1979,75400.0,0,0,70,749,52,622,30,76,245,1,6,6,5,2,0,1,0,1,0,0,0,PhD,Married,2012-12-02
900551,1971,37400.0,0,0,14,16,5,4,3,2,15,0,1,1,2,4,0,0,0,0,0,0,0,Graduation,Married,2013-11-16
900552,1965,36400.0,0,0,23,125,6,135,8,6,19,3,7,1,6,8,0,0,0,0,0,0,0,2n Cycle,Married,2014-01-18
900553,1971,32500.0,0,1,74,22,1,18,4,2,17,1,2,0,3,6,0,0,1,0,0,0,0,Graduation,Together,2013-09-17
900554,1956,42900.0,0,1,58,120,23,50,14,2,13,2,6,1,5,5,0,0,0,0,0,0,0,Graduation,Divorced,2013-09-18
900555,1950,49900.0,0,1,58,96,2,13,5,2,14,5,4,1,4,4,0,0,0,1,0,0,0,PhD,Single,2012-10-01
900556,1985,40900.0,1,0,29,94,11,22,2,5,14,3,3,1,3,6,0,0,0,0,0,0,0,Master,Single,2014-02-01
900557,1957,79100.0,0,2,50,1171,0,53,3,0,16,4,9,4,9,5,0,0,0,0,0,0,0,Graduation,Single,2013-09-18
900558,1976,103400.0,0,0,48,727,36,244,220,97,37,1,4,3,9,2,0,0,0,0,0,0,0,Graduation,Married,2013-08-16
900559,1984,84900.0,0,0,26,543,43,981,73,19,41,1,4,3,7,5,0,0,1,0,0,1,0,2n Cycle,Married,2014-05-16
900560,1950,35600.0,0,1,81,30,2,15,13,1,20,1,4,0,2,6,0,0,0,0,0,0,0,2n Cycle,Together,2012-08-17
900561,1995,88300.0,0,0,0,559,193,343,99,198,245,1,5,8,7,2,0,0,0,0,1,1,0,Graduation,Divorced,2013-04-15
900562,1961,55600.0,0,0,0,1013,30,308,9,9,25,2,5,5,11,6,0,0,0,0,0,1,1,Graduation,Together,2013-10-16
900563,1982,73100.0,0,0,0,383,17,373,70,16,31,1,4,7,6,2,0,0,0,0,0,0,0,Master,Single,2013-04-19
900564,1982,111400.0,0,1,72,554,63,263,45,15,64,2,7,6,3,3,0,0,0,0,0,0,0,Graduation,Married,2013-12-25
900565,1977,59800.0,0,0,8,550,46,444,39,255,35,0,4,5,11,2,0,0,0,0,0,0,0,2n Cycle,Together,2013-05-22
900566,1960,47200.0,1,0,62,8,7,10,3,7,9,2,2,0,4,5,0,0,0,0,0,0,0,Graduation,Single,2013-06-26
900567,1968,39100.0,1,0,27,14,1,2,0,0,1,1,1,0,2,9,0,0,0,0,0,0,0,Graduation,Married,2014-05-15
900568,1977,32300.0,1,0,87,41,1,46,11,7,12,2,3,0,2,9,0,0,0,0,0,0,0,PhD,Married,2013-11-17
900569,1951,62200.0,0,2,41,1004,7,143,16,1,21,9,3,5,10,7,0,0,0,0,0,0,0,Graduation,Married,2012-08-25
900570,1980,71100.0,1,1,72,1171,38,547,24,73,112,9,12,3,13,8,0,0,0,0,0,0,0,Graduation,Together,2013-09-05
900571,1984,81700.0,0,0,36,807,15,981,46,35,20,1,4,7,7,3,0,0,0,0,0,1,0,Graduation,Divorced,2012-09-06
900572,1963,57900.0,1,0,33,677,9,171,39,4,40,4,7,4,12,8,0,0,0,0,0,0,0,Master,Single,2014-06-26
900573,1975,56300.0,0,1,44,536,3,104,8,4,9,5,6,2,6,8,0,0,0,1,0,0,0,Graduation,Together,2013-05-18
900574,1977,59900.0,0,0,23,176,12,64,38,12,6,1,4,2,4,3,0,0,0,0,0,0,0,Graduation,Married,2013-11-10
900575,1961,44800.0,1,1,99,71,0,30,1,0,13,3,3,1,2,7,0,0,0,0,0,0,0,2n Cycle,Married,2012-12-05
900576,1971,48900.0,0,0,72,95,46,318,19,31,31,2,6,6,7,2,0,0,0,0,0,0,0,Graduation,Married,2014-06-19
900577,1978,27700.0,1,1,10,16,0,6,0,0,6,1,1,0,2,9,0,0,0,0,0,0,0,Graduation,Married,2014-04-08
900578,1967,29700.0,1,0,69,25,4,51,5,3,50,2,3,1,3,5,0,0,1,0,0,0,0,Graduation,Married,2014-05-08
900579,1990,64900.0,1,0,55,507,151,567,8,63,33,4,9,6,13,5,0,0,0,0,0,0,0,Graduation,Married,2013-02-13
900580,1995,24100.0,1,0,50,4,13,35,7,3,8,2,2,1,3,4,0,0,0,0,0,0,0,Graduation,Together,2012-08-15
900581,1979,79200.0,0,1,89,291,63,456,19,67,79,1,5,4,3,3,0,0,1,0,0,1,0,Graduation,Married,2013-10-21
900582,1964,55800.0,1,0,63,35,2,14,0,1,0,1,1,0,3,5,0,0,0,0,0,0,0,2n Cycle,Single,2013-02-23
900583,1966,106100.0,0,0,45,363,42,152,11,36,38,1,7,5,5,3,0,0,0,0,0,0,0,2n Cycle,Together,2014-05-24
900584,1966,59900.0,0,1,54,816,11,52,22,4,35,3,6,10,10,3,0,0,0,0,0,0,0,Graduation,Together,2013-04-12
900585,1978,56100.0,0,1,15,160,3,11,0,2,15,2,3,1,4,7,0,0,0,0,0,0,0,Graduation,Together,2013-05-16
900586,1981,35000.0,1,0,43,30,0,3,0,0,3,1,1,0,3,5,0,0,0,0,0,0,0,Master,Single,2013-04-29
900587,1966,44800.0,2,1,67,126,31,51,17,0,55,6,6,1,4,5,0,0,1,0,0,0,0,Graduation,Divorced,2013-07-13
900588,1972,48900.0,0,1,52,254,63,107,20,157,181,6,11,2,5,10,0,0,0,0,0,0,0,Graduation,Married,2013-04-03
900589,1982,24700.0,0,1,71,14,5,30,7,6,37,3,3,1,4,4,0,0,0,0,0,0,0,Master,Single,2013-02-18
900590,1973,83000.0,0,0,98,1396,84,1725,38,2,36,1,4,10,10,1,0,0,0,0,0,0,0,Graduation,Together,2012-10-10
900591,1971,26800.0,1,1,77,28,1,20,6,0,41,3,3,1,3,7,0,0,0,0,0,0,0,Graduation,Together,2014-06-10
900592,1953,71500.0,0,1,57,949,11,453,20,29,115,5,3,14,13,3,0,0,0,0,0,0,0,Graduation,Married,2014-04-30
900593,1962,66300.0,1,1,81,393,6,73,23,40,78,8,6,2,7,6,0,0,0,0,0,0,0,Master,Married,2013-03-26
900594,1983,29100.0,1,0,38,33,8,28,28,10,20,3,2,1,4,7,0,0,0,0,0,0,0,Graduation,Married,2014-05-13
900595,1966,16300.0,1,0,46,17,2,12,9,1,6,2,2,1,3,6,0,0,0,0,0,0,0,Graduation,Married,2013-12-14
900596,1996,18300.0,0,1,67,26,5,18,7,4,6,3,3,0,3,6,0,0,0,0,0,0,0,Graduation,Married,2013-11-08
900597,1977,78000.0,0,0,38,437,11,679,4,11,65,1,6,3,13,4,0,0,1,1,0,0,0,Graduation,Single,2013-04-25
900598,1975,58700.0,1,1,57,632,2,101,2,14,131,8,7,3,5,7,0,0,0,0,0,0,0,Graduation,Together,2012-10-25
900599,1941,64600.0,0,1,99,314,193,828,253,70,147,2,3,11,3,2,1,0,0,0,0,0,0,Master,Single,2014-01-21
900600,1955,63900.0,0,2,28,893,1,24,0,0,25,4,6,2,6,6,0,0,0,0,0,1,0,Graduation,Single,2012-08-10
900601,1965,49800.0,1,1,6,163,1,32,1,16,39,3,5,2,4,6,0,0,0,0,0,0,0,Master,Married,2014-04-16
900602,1971,63400.0,1,0,70,112,8,97,15,2,30,4,2,3,4,3,0,0,0,0,0,0,0,PhD,Married,2012-10-22
900603,1971,54900.0,0,1,39,1396,197,192,68,110,82,2,9,5,13,7,0,0,0,0,0,0,0,PhD,Married,2013-03-22
900604,1972,47900.0,1,0,12,112,32,53,7,5,65,2,4,1,3,8,0,0,0,0,0,0,0,PhD,Single,2013-03-23
900605,1965,66900.0,0,0,37,161,15,145,70,6,35,1,4,3,3,2,0,0,0,0,0,0,0,Graduation,Married,2013-03-29
900606,1969,24400.0,1,0,59,11,6,13,2,0,10,1,2,1,2,7,0,0,0,0,0,0,0,Graduation,Together,2014-06-17
900607,1977,66400.0,0,1,0,1115,123,398,76,5,89,3,10,8,13,5,0,0,0,0,0,0,0,Graduation,Married,2013-12-16
900608,1995,48600.0,0,0,32,647,6,177,56,16,310,3,5,5,9,4,0,0,0,0,0,0,0,PhD,Together,2014-01-17
900609,1954,67400.0,0,1,76,1076,120,1060,259,20,61,3,10,11,8,3,0,0,0,0,0,0,0,Graduation,Single,2013-10-30
900610,1962,70300.0,0,0,42,816,18,141,171,50,11,1,4,4,6,2,0,0,0,0,0,0,0,Graduation,Single,2012-09-01
900611,1964,50300.0,1,1,5,67,5,107,45,34,98,4,2,2,5,2,0,0,0,0,0,0,0,Graduation,Divorced,2013-04-06
900612,1988,8400.0,1,0,66,0,13,6,21,10,24,2,2,1,3,7,0,0,0,0,0,0,0,Graduation,Together,2014-03-09
900613,1984,47800.0,0,0,39,33,0,19,1,0,2,1,1,0,4,3,0,0,0,0,0,0,0,2n Cycle,Divorced,2014-03-19
900614,1970,31500.0,0,0,62,207,9,90,30,4,36,2,13,1,9,7,0,0,1,0,0,0,0,2n Cycle,Single,2014-01-28
900615,1977,66700.0,0,2,46,542,6,139,7,10,59,4,7,2,5,10,0,0,0,1,0,1,1,PhD,Married,2013-01-18
900616,1970,39600.0,0,0,78,41,7,39,35,13,53,2,5,3,3,5,0,0,0,0,0,1,0,Master,Married,2013-07-04
900617,1987,47700.0,1,1,79,54,5,20,13,0,8,2,2,0,3,7,0,0,0,0,0,0,0,Master,Together,2013-09-30
900618,1976,77200.0,0,0,66,790,5,196,3,20,101,1,6,6,13,4,1,0,0,0,1,1,0,Graduation,Married,2013-08-19
900619,1944,61100.0,0,0,20,359,44,149,110,101,16,1,4,4,13,2,0,0,0,0,0,0,0,PhD,Single,2012-07-31
900620,1972,34000.0,1,1,18,7,4,8,2,3,37,2,1,0,4,5,0,0,0,0,0,0,0,2n Cycle,Single,2012-10-18
900621,1969,71000.0,2,0,62,469,0,83,1,0,33,5,5,4,4,9,0,0,0,0,0,0,0,Master,Married,2013-06-27
900622,1972,56400.0,0,1,67,78,42,80,20,19,17,3,4,1,5,7,0,0,0,0,0,0,0,Graduation,Together,2012-07-31
900623,1989,67800.0,0,0,15,528,111,265,249,222,84,3,4,5,13,4,0,0,0,0,0,0,0,Graduation,Married,2014-06-11
900624,1974,45200.0,0,1,30,84,3,57,1,11,13,3,3,1,5,7,0,0,0,0,0,0,0,Graduation,Together,2012-11-04
900625,1966,44900.0,0,1,9,19,0,5,0,1,20,2,1,1,3,5,0,0,0,0,0,0,0,Graduation,Divorced,2014-02-04
900626,1952,54700.0,0,0,80,72,156,153,106,26,9,2,2,3,3,2,0,0,0,0,0,0,0,2n Cycle,Divorced,2013-05-01
900627,1961,62600.0,1,1,99,43,3,24,2,1,7,1,2,0,3,5,0,0,1,0,0,0,0,Graduation,Single,2013-01-25
900628,1956,50100.0,1,1,52,48,0,4,0,0,1,1,1,0,2,7,0,0,0,0,0,1,0,Graduation,Married,2013-04-07
900629,1973,49100.0,0,0,43,146,2,67,3,2,41,2,4,1,7,5,0,0,0,0,0,1,0,Graduation,Married,2013-03-24
900630,1976,42400.0,1,1,37,525,1,69,4,3,15,7,6,2,6,10,0,0,0,0,0,0,0,PhD,Married,2012-08-16
900631,1975,105500.0,0,0,26,1099,48,981,133,78,35,1,5,9,10,1,1,0,0,1,1,1,0,Graduation,Single,2012-11-02
900632,1947,41100.0,0,2,42,30,6,80,2,4,20,1,3,1,5,5,0,0,0,0,0,0,0,Graduation,Married,2013-04-18
900633,1975,76800.0,0,0,88,146,154,64,52,11,50,1,5,2,8,3,0,0,0,0,0,0,0,Master,Together,2012-09-07
900634,1971,33600.0,1,0,38,25,37,114,234,31,107,8,2,1,5,6,0,0,0,0,0,0,0,PhD,Together,2014-03-21
900635,1967,46800.0,1,0,31,8,1,10,2,1,5,1,2,0,3,7,0,0,0,0,0,0,0,PhD,Married,2013-04-06
900636,1977,72800.0,0,1,28,205,31,185,12,9,10,3,6,3,9,2,0,0,0,0,0,0,0,PhD,Married,2014-04-10
900637,1963,57100.0,0,1,17,443,35,302,135,80,77,3,2,6,12,3,0,0,0,0,0,0,0,2n Cycle,Married,2013-11-25
900638,1976,54800.0,0,1,47,1079,26,96,11,97,245,3,3,2,11,4,0,1,1,0,0,1,0,Graduation,Married,2014-03-05
900639,1953,70600.0,0,1,9,1082,7,244,7,29,34,3,4,4,9,4,0,0,0,0,0,0,0,Graduation,Married,2013-01-10
900640,1984,53800.0,0,1,51,733,1,35,0,2,18,5,9,5,6,9,1,0,0,1,1,1,0,Graduation,Single,2014-06-19
900641,1963,34700.0,0,1,8,73,5,31,4,11,17,3,2,1,5,8,0,0,0,0,0,0,0,PhD,Single,2013-10-19
900642,1979,72500.0,0,0,0,791,10,580,7,11,69,1,5,6,11,2,0,0,0,0,0,1,0,Graduation,Married,2012-11-09
900643,1975,38500.0,1,0,30,77,0,37,5,4,14,3,4,0,4,7,0,0,0,0,0,0,0,2n Cycle,Divorced,2014-01-04
900644,1966,23000.0,1,1,78,13,1,2,0,2,3,3,1,0,2,8,0,0,0,0,0,0,0,PhD,Divorced,2014-02-19
900645,1975,36100.0,1,0,19,8,22,14,2,9,27,2,2,1,3,5,0,0,0,0,0,0,0,Graduation,Married,2012-11-29
900646,1965,62800.0,0,0,36,143,70,130,23,6,34,2,4,4,6,5,0,0,0,0,0,0,0,Graduation,Single,2012-08-03
900647,1964,82500.0,1,0,22,337,8,289,7,3,21,1,2,7,5,2,0,0,0,0,0,0,0,Graduation,Single,2013-02-13
900648,1941,80700.0,0,1,48,268,116,981,165,84,56,1,4,7,7,1,0,0,0,0,0,0,0,2n Cycle,Single,2014-05-12
900649,1970,48400.0,1,0,35,2,0,5,0,0,0,0,0,0,3,2,0,0,0,0,0,0,0,Master,Single,2013-09-04
900650,1982,38800.0,0,1,34,185,8,78,17,4,86,3,6,2,5,6,0,0,0,0,0,1,0,PhD,Married,2012-08-16
900651,1961,48600.0,0,0,47,383,195,286,95,241,72,2,4,10,10,1,0,0,0,0,0,0,0,PhD,Divorced,2012-08-19
900652,1967,66900.0,0,1,45,400,6,178,34,5,26,4,6,5,7,6,0,0,0,0,0,0,0,Graduation,Married,2013-03-25
900653,1972,24700.0,0,0,41,27,2,40,71,7,50,1,5,0,3,5,0,0,0,1,0,0,0,Graduation,Together,2013-11-13
900654,1970,60800.0,0,0,0,569,197,1489,259,263,208,2,4,8,13,2,0,0,0,0,0,0,0,Graduation,Single,2013-09-18
900655,1955,58600.0,0,1,69,65,6,66,62,22,32,3,2,3,4,3,0,0,0,0,0,0,0,Graduation,Divorced,2013-07-25
900656,1979,23600.0,1,0,48,6,3,9,3,2,15,2,2,0,3,6,0,0,0,0,0,0,0,2n Cycle,Together,2014-05-08
900657,1971,75900.0,0,0,86,128,22,133,77,263,100,1,2,5,8,2,0,0,0,0,0,0,0,PhD,Divorced,2014-03-04
900658,1975,63300.0,1,1,0,198,7,65,12,2,26,4,4,1,5,5,0,0,0,0,0,0,0,Graduation,Married,2012-08-17
900659,1968,58500.0,1,1,49,54,6,201,1,77,6,1,3,4,6,2,0,0,0,0,0,0,0,PhD,Single,2012-11-27
900660,1959,36300.0,0,0,42,86,14,52,7,10,24,1,5,2,4,9,0,0,1,0,0,0,0,Master,Single,2013-08-17
900661,1987,50500.0,1,0,4,166,7,77,128,9,20,4,3,2,7,6,0,0,0,0,0,1,0,Graduation,Together,2013-08-19
900662,1996,29700.0,1,0,36,16,5,15,6,1,10,1,1,0,4,4,0,0,0,0,0,0,0,Graduation,Married,2012-08-26
900663,1977,19600.0,1,0,0,13,1,6,17,0,2,2,1,0,3,5,0,0,0,0,0,0,0,Graduation,Married,2013-06-08
900664,1964,82000.0,0,1,59,793,38,32,8,69,173,1,5,2,13,2,0,0,0,0,0,0,0,Master,Divorced,2012-11-15
900665,1961,48900.0,0,1,36,281,9,53,14,25,55,2,7,1,7,5,0,0,0,0,0,0,0,Master,Divorced,2013-02-07
900666,1940,30800.0,0,1,82,121,28,43,38,7,48,1,8,1,4,5,0,0,0,0,0,0,0,PhD,Married,2013-09-12
900667,1959,98800.0,0,1,34,577,19,981,11,198,3,1,5,6,7,3,1,0,0,1,0,1,0,Graduation,Married,2013-11-17
900668,1969,25300.0,1,1,50,10,9,15,2,1,8,3,1,1,3,6,0,0,0,0,0,0,0,Master,Married,2012-11-16
900669,1978,64600.0,1,0,80,46,0,10,0,0,1,2,2,0,4,6,0,0,0,0,0,0,0,2n Cycle,Married,2013-01-09
900670,1968,27700.0,1,2,0,45,1,22,19,3,17,2,2,0,2,5,0,0,0,1,0,0,0,Graduation,Single,2012-08-22
900671,1961,78700.0,0,0,56,331,85,365,44,40,147,0,2,4,11,2,0,0,0,0,0,0,0,Graduation,Widow,2014-04-25
900672,1967,102900.0,0,0,68,1396,9,382,45,100,74,3,11,8,13,2,0,0,0,0,0,0,0,Graduation,Married,2014-06-17
900673,1983,45900.0,0,0,0,25,3,10,11,4,14,0,2,1,3,7,0,0,0,0,0,0,0,PhD,Single,2014-04-15
900674,1982,50400.0,0,0,62,566,3,67,2,1,17,4,7,3,6,10,0,0,1,0,0,1,0,Graduation,Together,2014-03-27
900675,1976,60100.0,0,0,76,203,17,182,16,7,27,0,2,10,6,1,0,0,0,0,0,0,0,Graduation,Single,2012-12-02
900676,1978,64600.0,1,1,28,34,1,18,2,1,5,2,2,0,4,5,0,0,0,0,0,0,0,PhD,Married,2013-06-29
900677,1995,15700.0,1,0,37,1,15,13,12,9,24,2,2,1,2,9,0,0,0,0,0,0,0,PhD,Married,2012-08-15
900678,1962,46900.0,1,1,23,81,8,53,7,8,135,5,5,1,3,9,0,0,0,0,0,0,0,Graduation,Together,2014-05-29
900679,1983,46400.0,0,0,0,42,39,34,19,25,23,1,2,1,5,5,0,0,0,0,0,0,0,Graduation,Married,2013-08-22
900680,1977,31600.0,1,0,41,140,11,70,7,3,43,1,9,2,4,11,0,0,0,0,0,0,0,PhD,Divorced,2013-02-10
900681,1958,60700.0,0,0,91,136,22,146,15,88,45,3,4,1,5,7,0,0,0,0,0,1,0,Master,Married,2013-10-30
900682,1969,82500.0,0,0,15,289,18,268,31,22,33,1,8,6,6,2,0,0,1,0,0,1,0,Graduation,Married,2014-03-17
900683,1961,64800.0,0,1,25,213,51,282,16,91,99,3,4,6,6,4,0,0,0,0,0,0,0,Master,Married,2013-01-14
900684,1984,64000.0,1,1,44,36,2,19,2,2,1,1,1,0,3,7,0,0,0,0,0,0,0,Graduation,Divorced,2013-01-13
900685,1962,60600.0,0,1,43,331,49,279,12,26,35,4,8,4,5,8,0,0,0,0,0,0,0,2n Cycle,Widow,2014-01-07
900686,1962,40700.0,0,1,38,53,14,71,67,3,36,3,4,1,4,6,0,0,0,0,0,0,0,Graduation,Together,2013-03-04
900687,1964,51200.0,0,1,40,112,7,28,33,3,31,3,5,1,5,5,0,0,0,0,0,0,0,Master,Married,2013-04-29
900688,1966,23100.0,0,1,33,25,1,14,4,8,15,4,2,1,3,6,0,0,0,0,0,0,0,Graduation,Single,2013-03-10
900689,1958,77900.0,0,0,21,559,24,474,49,14,96,1,2,4,13,2,0,0,0,0,0,0,0,Graduation,Single,2013-09-20
900690,1971,71400.0,0,0,27,285,184,340,37,11,141,2,4,4,7,2,0,0,0,0,0,0,0,PhD,Together,2013-12-05
900691,1960,52200.0,1,0,4,43,0,8,2,0,6,1,0,2,2,7,0,0,0,0,0,0,0,PhD,Together,2014-06-03
900692,1958,37300.0,1,0,0,67,19,78,27,54,8,5,2,1,7,7,0,0,0,0,0,0,0,Graduation,Widow,2014-04-26
900693,1983,32100.0,1,0,62,9,0,17,2,3,3,2,1,0,2,8,0,0,0,0,0,0,0,PhD,Married,2013-05-12
900694,1968,60500.0,0,0,56,1330,38,281,10,2,52,1,3,4,6,5,0,0,0,0,1,0,0,Master,Widow,2013-07-20
900695,1978,77200.0,0,1,36,77,15,88,99,121,47,1,3,6,7,1,0,0,0,0,0,0,0,Graduation,Married,2014-03-20
900696,1963,16300.0,1,1,35,3,1,5,0,2,0,3,1,0,4,5,0,0,0,0,0,0,0,Graduation,Married,2013-01-03
900697,1972,66400.0,0,2,97,128,2,49,41,20,11,1,6,1,9,4,0,0,0,0,0,0,0,Graduation,Married,2013-12-17
900698,1965,81300.0,0,0,19,825,193,590,253,134,167,1,6,7,5,3,0,0,0,0,1,0,0,PhD,Married,2013-09-18
900699,1977,49100.0,1,0,33,176,3,56,0,8,12,4,4,1,4,4,0,0,0,0,0,1,0,Graduation,Married,2013-05-26
900700,1964,68900.0,0,0,47,565,3,468,3,23,7,2,5,3,7,3,0,0,1,0,1,0,0,Graduation,Married,2013-03-05
900701,1964,11300.0,1,1,29,1,1,4,0,1,4,1,0,0,3,5,0,0,0,0,0,0,0,PhD,Together,2013-04-28
900702,1955,72800.0,0,0,93,487,2,271,36,27,24,2,3,6,5,2,0,0,0,0,0,0,0,Graduation,Together,2013-01-11
900703,1962,64600.0,1,0,77,73,5,31,2,3,6,2,2,1,4,5,0,0,0,0,0,0,0,PhD,Together,2014-05-25
900704,1974,43900.0,1,1,35,89,28,46,34,20,13,5,4,1,6,6,0,0,0,0,0,0,0,Graduation,Married,2014-06-04
900705,1975,48000.0,1,2,99,240,11,146,14,2,54,13,8,3,7,6,0,0,0,0,0,0,0,Graduation,Divorced,2013-01-13
900706,1973,68600.0,0,1,77,209,3,59,4,0,67,4,7,2,4,7,0,0,0,0,0,0,0,PhD,Together,2012-08-19
900707,1976,59300.0,1,0,71,26,6,83,80,73,8,2,2,2,5,5,0,0,0,0,0,0,0,Graduation,Single,2014-02-28
900708,1986,22000.0,1,0,64,3,6,27,13,9,11,1,2,1,2,5,0,0,0,0,0,1,0,Master,Married,2013-02-02
900709,1978,40700.0,1,0,17,139,3,155,5,3,22,4,6,1,6,8,0,0,0,0,0,0,0,PhD,Together,2012-08-05
900710,1958,64400.0,0,0,84,338,33,192,123,35,42,1,4,7,5,2,0,0,0,0,0,1,0,Master,Married,2014-06-25
900711,1972,42600.0,0,0,28,188,0,17,0,0,46,2,4,1,4,6,0,0,0,0,0,0,0,PhD,Widow,2013-06-07
900712,1970,71400.0,0,1,26,1396,37,821,34,24,66,1,6,11,13,3,0,0,0,0,0,0,0,2n Cycle,Married,2014-06-03
900713,1979,70300.0,0,0,14,185,7,198,90,114,15,0,3,4,7,2,0,0,0,0,0,0,0,PhD,Widow,2013-02-19
900714,1968,52200.0,0,2,76,71,23,26,33,3,20,2,5,1,5,4,0,0,0,0,0,0,0,Master,Married,2012-11-11
900715,1942,89100.0,0,0,64,281,109,680,253,198,86,0,5,11,4,1,0,0,1,0,1,0,0,Graduation,Married,2013-12-24
900716,1968,58000.0,0,1,51,467,197,144,5,21,166,3,4,3,7,3,0,0,0,0,0,0,0,Graduation,Married,2014-04-08
900717,1958,43900.0,0,1,99,191,16,289,27,3,32,1,2,2,6,3,0,0,0,0,0,0,0,Graduation,Married,2014-01-02
900718,1971,48500.0,0,1,12,93,5,72,34,12,28,3,3,4,4,6,0,0,0,0,0,0,0,Graduation,Together,2013-03-28
900719,1989,72100.0,0,0,65,298,45,87,25,5,4,2,3,2,11,2,0,0,0,0,0,0,0,Graduation,Married,2014-06-09
900720,1956,63800.0,0,1,39,558,41,268,6,2,118,2,4,5,7,5,0,0,0,0,1,1,0,PhD,Single,2012-10-24
900721,1970,27300.0,1,0,43,40,0,19,1,5,18,1,1,1,3,5,0,0,0,0,0,1,0,Graduation,Together,2013-07-03
900722,1971,22800.0,1,1,50,7,3,16,2,8,6,2,2,0,3,6,0,0,0,0,0,0,0,Graduation,Together,2013-06-24
900723,1961,55200.0,0,1,19,339,34,120,17,15,115,2,8,3,4,4,0,0,0,0,0,0,0,Graduation,Divorced,2013-12-15
900724,1971,41300.0,1,1,31,328,3,57,4,6,31,5,5,3,3,8,0,0,0,0,0,0,0,Graduation,Married,2014-05-17
900725,1980,75500.0,0,0,75,387,42,1725,34,23,30,2,2,12,8,2,0,0,0,0,0,0,0,Graduation,Married,2013-07-22
900726,1960,80900.0,0,1,32,184,75,483,77,213,35,2,8,2,10,3,0,0,0,0,0,0,0,Graduation,Single,2014-01-17
900727,1981,22900.0,1,0,24,2,14,9,10,22,17,2,2,1,2,6,0,0,0,0,0,0,0,PhD,Single,2014-06-11
900728,1963,41400.0,1,1,44,31,0,5,3,0,4,3,1,1,3,6,0,0,0,0,0,0,0,Graduation,Together,2013-05-03
900729,1954,31500.0,0,1,74,620,1,91,3,7,55,6,12,1,5,9,0,0,0,0,0,0,0,Master,Single,2013-05-27
900730,1972,52100.0,0,1,53,901,3,81,4,6,27,3,10,4,13,9,1,0,0,1,1,1,0,PhD,Married,2012-09-28
900731,1964,54000.0,0,0,79,144,8,38,3,2,6,1,4,1,7,4,0,0,0,0,0,0,0,Graduation,Married,2013-09-26
900732,1970,61500.0,0,1,54,1012,105,162,105,33,54,4,5,7,13,5,0,0,0,0,0,0,0,Master,Together,2013-10-05
900733,1964,69400.0,0,0,59,888,28,135,32,17,40,1,8,3,4,2,0,0,0,0,0,0,0,Graduation,Married,2012-11-23
900734,1980,35400.0,0,0,81,23,3,13,4,4,9,1,2,0,2,8,0,0,0,0,0,0,0,Graduation,Together,2013-06-06
900735,1995,64500.0,0,0,0,887,150,275,26,68,116,1,4,6,9,2,0,0,0,0,0,1,0,PhD,Single,2014-05-13
900736,1973,136800.0,0,0,81,469,197,116,30,75,168,2,6,7,10,2,0,0,0,0,0,0,0,Graduation,Together,2013-03-31
900737,1974,41900.0,0,1,43,458,30,111,19,1,158,4,9,2,4,9,0,0,0,0,0,0,0,PhD,Single,2013-02-08
900738,1948,40600.0,0,2,11,265,13,21,2,2,28,4,4,1,6,7,0,0,0,0,0,0,0,PhD,Widow,2013-06-17
900739,1982,69700.0,0,1,55,554,20,265,18,10,79,4,2,13,9,4,0,0,0,0,0,0,0,Master,Divorced,2012-10-14
900740,1974,66500.0,0,1,99,299,23,674,55,75,62,3,5,11,9,4,0,0,0,0,0,0,0,Graduation,Together,2012-09-19
900741,1950,38700.0,1,1,70,155,0,21,1,0,3,3,3,0,4,7,0,0,0,0,0,0,0,2n Cycle,Married,2013-11-12
900742,1949,41200.0,0,0,40,236,20,119,20,61,114,4,12,0,8,6,0,0,0,0,0,0,0,PhD,Married,2014-01-29
900743,1986,33700.0,1,0,53,5,2,10,0,1,18,2,2,0,2,8,0,0,0,0,0,0,0,2n Cycle,Married,2013-10-14
900744,1986,51900.0,0,0,53,133,53,155,30,51,168,1,5,2,3,2,0,0,0,0,0,0,0,Graduation,Divorced,2014-03-19
900745,1954,34200.0,1,0,34,38,23,23,7,9,5,2,4,1,4,6,0,0,0,0,0,0,0,Master,Married,2014-03-30
900746,1982,51300.0,0,1,1,219,29,241,160,33,15,2,4,8,12,4,0,0,0,0,0,0,0,Master,Divorced,2014-01-17
900747,1955,72900.0,0,0,19,306,40,376,218,16,29,1,10,4,7,1,1,0,0,0,0,0,0,Graduation,Single,2012-08-13
900748,1965,58000.0,2,1,89,40,0,11,2,3,9,2,2,1,2,8,0,0,0,0,0,0,0,Graduation,Single,2013-02-11
900749,1965,27700.0,1,0,34,20,3,12,2,3,2,2,2,0,5,5,0,0,0,0,0,0,0,Graduation,Together,2014-02-14
900750,1954,45100.0,1,1,91,6,4,10,4,1,8,1,1,0,3,7,0,0,1,0,0,1,0,Master,Single,2014-03-21
900751,1963,80700.0,0,0,70,517,34,404,8,5,42,1,2,7,6,3,0,0,0,0,0,0,0,PhD,Together,2013-09-16
900752,1968,105500.0,0,0,41,536,193,981,253,198,245,0,5,10,5,1,0,0,0,0,0,1,0,Graduation,Single,2014-01-02
900753,1966,57700.0,0,1,89,97,3,28,1,9,33,3,4,2,5,6,0,0,0,0,0,0,0,Master,Together,2013-06-13
900754,1964,48600.0,0,0,77,276,53,322,30,39,43,1,4,4,12,2,0,0,0,0,0,0,0,Graduation,Married,2012-11-30
900755,1972,90800.0,0,0,57,1050,18,981,189,198,8,0,5,11,11,1,1,0,1,0,0,1,0,Graduation,Married,2012-09-06
900756,1962,42300.0,1,1,53,57,2,27,6,0,14,4,4,0,4,7,0,0,0,0,0,0,0,PhD,Together,2012-08-19
900757,1981,70200.0,0,0,28,429,46,697,253,38,14,3,7,4,5,3,0,0,0,0,1,1,0,Graduation,Married,2012-11-26
900758,1970,66200.0,1,1,62,122,6,41,11,2,22,4,2,2,9,3,0,0,0,0,0,0,0,Graduation,Single,2013-03-12
900759,1978,20300.0,1,0,36,7,3,8,3,0,11,1,1,0,3,7,0,0,0,0,0,0,0,Graduation,Together,2014-05-19
900760,1956,18100.0,1,0,76,7,0,7,0,0,0,2,2,0,3,6,0,0,0,0,0,0,0,Master,Together,2012-11-10
900761,1961,53700.0,0,1,24,25,2,8,7,2,4,1,1,0,3,6,0,0,1,0,0,0,0,Graduation,Divorced,2013-10-07
900762,1971,60900.0,1,1,33,805,0,101,2,0,5,6,7,1,9,5,0,0,0,0,0,1,0,Graduation,Single,2013-08-30
900763,1964,75600.0,0,1,34,755,37,185,15,10,83,2,6,5,10,4,0,0,0,0,1,1,0,Master,Together,2014-01-25
900764,1961,55300.0,1,1,68,73,0,16,0,0,1,1,1,0,3,6,0,0,0,0,0,0,0,PhD,Married,2014-05-01
900765,1966,74200.0,0,1,26,339,7,52,1,43,119,6,5,0,13,6,0,0,0,0,0,0,0,Graduation,Married,2012-10-11
900766,1957,53400.0,0,0,73,77,110,232,17,23,54,0,1,3,7,0,0,0,0,0,0,0,0,Master,Widow,2013-05-15
900767,1972,35200.0,0,0,49,152,56,255,26,7,19,3,10,4,7,5,0,0,0,0,0,1,0,Master,Married,2013-05-04
900768,1959,35300.0,0,1,46,68,0,15,3,0,1,2,2,0,4,6,0,0,0,0,0,0,0,Graduation,Single,2013-10-17
900769,1969,42700.0,2,0,60,14,1,37,9,5,5,2,3,1,2,10,0,0,0,0,0,0,0,Graduation,Married,2013-09-23
900770,1974,26600.0,0,0,58,31,10,18,1,1,52,1,2,1,2,7,0,0,0,0,0,0,0,Master,Single,2014-04-21
900771,1983,24400.0,1,0,65,3,28,31,7,36,20,4,3,0,3,8,0,0,0,0,0,0,0,Basic,Married,2014-02-22
900772,1974,22300.0,1,0,40,2,0,6,24,1,8,1,1,0,2,6,0,0,0,0,0,0,0,Master,Single,2012-08-28
900773,1955,48600.0,1,1,73,971,1,97,4,4,56,10,7,2,13,11,0,0,0,0,0,0,0,PhD,Married,2014-06-01
900774,1959,58900.0,1,1,17,526,3,91,18,3,112,9,8,3,7,7,0,0,0,0,0,0,0,Graduation,Married,2014-05-02
900775,1976,63600.0,1,1,47,68,0,8,0,0,1,1,2,0,3,7,0,0,0,0,0,0,0,Graduation,Married,2013-10-05
900776,1979,100900.0,0,0,0,852,8,756,99,14,21,1,5,6,9,2,0,0,0,0,0,0,0,Graduation,Widow,2012-08-09
900777,1965,31800.0,1,1,79,35,0,11,1,0,8,3,1,1,3,6,0,0,0,0,0,0,0,Graduation,Together,2013-01-18
900778,1978,40600.0,1,0,19,21,3,10,4,2,6,0,2,0,2,6,0,0,0,0,0,0,0,PhD,Together,2012-08-12
900779,1967,26800.0,2,0,82,69,1,13,7,3,21,2,2,1,3,6,0,0,0,0,0,0,0,Basic,Married,2013-07-17
900780,1961,46300.0,0,0,82,447,12,119,12,29,39,4,14,3,10,5,0,0,0,0,0,0,0,Master,Together,2012-09-27
900781,1971,46400.0,1,1,53,389,4,67,12,4,51,11,6,1,7,9,0,0,0,0,0,0,0,2n Cycle,Single,2013-04-19
900782,1970,77500.0,0,0,54,366,10,733,11,44,56,1,6,7,5,4,0,0,0,1,1,1,0,Graduation,Single,2013-04-15
900783,1977,33000.0,1,1,5,65,2,17,3,8,22,4,3,1,4,5,0,0,0,0,0,0,0,Graduation,Married,2014-03-01
900784,1964,28300.0,1,1,32,23,1,14,0,0,2,2,3,0,3,6,0,0,0,0,0,0,0,PhD,Together,2014-03-27
900785,1943,64200.0,0,2,60,399,9,108,6,10,67,4,6,4,5,6,0,0,0,0,0,0,0,Graduation,Together,2014-06-10
900786,1976,74200.0,0,2,72,301,1,84,1,0,4,1,4,2,6,3,0,0,0,0,0,0,0,Graduation,Together,2013-12-31
900787,1970,42000.0,1,0,77,28,4,30,4,5,24,2,3,1,2,7,0,0,0,0,0,0,0,Master,Divorced,2014-01-17
900788,1967,63700.0,0,0,75,736,89,351,5,129,131,2,4,6,10,4,0,0,0,1,0,1,0,PhD,Married,2012-08-21
900789,1973,13300.0,0,1,90,13,1,7,2,1,3,2,1,1,3,6,0,0,0,0,0,0,0,PhD,Together,2013-05-17
900790,1982,96300.0,0,0,82,1493,95,423,60,198,30,1,6,7,8,1,1,0,0,0,1,1,0,Graduation,Single,2013-08-31
900791,1979,120000.0,0,0,0,277,49,536,259,59,87,0,3,4,5,0,0,0,0,0,0,0,0,Graduation,Married,2013-11-13
900792,1977,30300.0,1,1,56,125,10,240,8,27,321,6,8,4,7,5,0,0,1,0,0,0,0,Graduation,Married,2012-08-08
900793,1964,90000.0,0,0,54,616,48,981,3,190,124,0,5,5,8,1,0,0,0,1,0,0,0,Master,Together,2013-03-17
900794,1960,40100.0,1,0,99,208,48,117,28,5,116,1,4,2,6,4,0,0,0,0,0,0,0,PhD,Together,2012-09-28
900795,1956,57400.0,1,1,89,312,2,105,3,7,24,4,5,1,10,6,0,0,1,0,0,0,0,Graduation,Married,2012-09-23
900796,1987,90900.0,0,0,50,695,183,1197,93,71,143,1,7,11,5,3,0,0,0,0,0,0,0,Graduation,Divorced,2014-06-18
900797,1969,75200.0,0,1,68,584,197,147,17,137,82,2,8,10,12,8,0,0,0,0,0,0,0,2n Cycle,Together,2014-04-28
900798,1967,56900.0,0,1,93,457,110,168,12,7,35,1,3,3,10,2,0,0,0,0,0,0,0,Graduation,Single,2013-11-14
900799,1975,36600.0,1,1,57,9,1,14,1,1,0,2,1,1,2,6,0,0,1,0,0,0,0,Basic,Single,2013-10-24
900800,1986,40500.0,2,1,41,14,3,8,1,0,5,2,2,0,3,7,0,0,0,0,0,1,0,2n Cycle,Married,2013-01-23
900801,1976,30700.0,1,0,55,2,0,6,3,1,14,0,1,0,2,9,0,0,0,0,0,0,0,Graduation,Divorced,2013-01-14
900802,1956,73300.0,0,1,35,338,18,123,6,8,24,2,3,3,6,1,0,0,0,0,0,0,0,Master,Single,2012-12-05
900803,1952,62700.0,0,1,52,114,197,200,42,51,8,4,5,5,10,5,0,0,0,0,0,0,0,Graduation,Together,2013-09-14
900804,1974,21300.0,2,0,61,6,4,16,5,4,14,2,2,0,3,8,0,0,0,0,0,0,0,Graduation,Together,2013-07-23
900805,1979,82500.0,0,0,25,1001,78,981,28,12,34,0,5,4,3,3,1,0,1,0,0,0,0,Master,Divorced,2012-12-14
900806,1959,56300.0,0,0,68,282,20,259,2,29,32,2,3,2,4,3,0,0,0,0,0,0,0,Master,Divorced,2014-04-13
900807,1986,63800.0,0,1,82,649,18,225,47,118,31,3,8,5,12,9,1,0,1,0,0,1,0,Graduation,Divorced,2013-01-04
900808,1962,39700.0,0,0,43,33,2,8,2,1,3,1,1,0,4,8,0,0,0,0,0,0,0,Graduation,Married,2014-02-08
900809,1984,59200.0,1,0,54,39,3,10,4,0,4,1,1,1,2,8,0,0,0,0,0,0,0,Graduation,Married,2014-05-19
900810,1980,44300.0,1,0,35,46,2,6,1,0,2,1,1,0,2,8,0,0,0,0,0,0,0,Graduation,Together,2013-05-19
900811,1984,26000.0,1,0,0,3,6,10,11,6,5,2,2,0,3,9,0,0,0,0,0,0,0,Graduation,Married,2014-05-16
900812,1987,71600.0,1,0,20,110,35,152,39,86,28,2,5,1,5,5,0,0,0,0,0,0,0,Graduation,Married,2012-08-03
900813,1952,79100.0,0,0,24,749,22,214,115,88,38,1,11,5,11,4,1,0,0,0,0,0,0,Graduation,Widow,2013-08-21
900814,1967,41300.0,0,1,19,32,0,7,0,0,45,1,1,0,2,5,0,0,0,1,0,0,0,Graduation,Together,2012-12-09
900815,1963,22300.0,1,1,93,11,4,16,7,4,1,4,2,0,3,7,0,0,0,0,0,0,0,Graduation,Married,2012-11-08
900816,1946,54300.0,0,2,84,188,0,91,4,4,11,3,4,2,6,8,0,0,0,0,0,0,0,Master,Married,2014-05-23
900817,1969,81300.0,0,0,49,132,197,68,58,214,32,1,3,5,5,1,0,0,0,0,0,0,0,Master,Together,2012-10-09
900818,1951,73600.0,1,1,56,669,13,137,4,3,33,5,4,8,5,7,0,0,0,0,0,0,0,Master,Married,2013-09-18
900819,1988,12200.0,2,0,65,9,6,9,9,0,10,4,2,1,2,9,0,0,1,0,0,0,0,Graduation,Married,2014-03-16
900820,1974,50000.0,0,1,38,463,60,98,24,3,23,3,4,5,13,6,0,0,0,0,0,0,0,PhD,Married,2012-10-27
900821,1977,29200.0,1,0,10,27,2,55,61,4,18,2,3,1,3,5,0,0,0,0,0,0,0,Graduation,Together,2013-08-03
900822,1974,19200.0,0,1,62,8,17,4,4,3,18,2,1,0,3,8,0,0,0,0,0,0,0,2n Cycle,Single,2013-04-13
900823,1989,11500.0,1,0,50,5,9,10,30,5,52,2,1,1,2,9,0,0,0,0,0,0,0,PhD,Married,2012-12-13
900824,1966,66800.0,0,1,78,761,25,206,12,6,16,2,7,5,5,4,1,0,1,0,1,0,0,Graduation,Together,2012-12-02
900825,1984,28100.0,1,0,88,22,3,12,1,1,10,2,2,1,3,10,0,0,0,0,0,0,0,Graduation,Single,2014-05-16
900826,1963,76300.0,0,1,41,791,8,276,5,3,25,2,4,11,5,8,1,0,0,0,0,1,0,PhD,Together,2012-11-16
900827,1988,29100.0,2,0,46,16,1,24,2,1,16,3,3,0,3,7,0,0,0,0,0,0,0,Basic,Together,2014-03-26
900828,1972,77600.0,0,0,72,715,193,456,226,37,59,1,2,4,11,1,0,0,0,0,1,1,1,PhD,Married,2013-02-01
900829,1978,37700.0,2,1,59,10,2,15,6,2,2,3,1,0,4,6,0,0,0,0,0,0,0,PhD,Together,2013-06-22
900830,1973,77000.0,0,0,0,61,135,353,18,39,21,1,1,11,4,1,0,0,0,0,0,0,0,PhD,Married,2014-01-25
900831,1991,77200.0,0,0,34,333,48,444,165,263,124,1,7,4,13,1,0,0,0,0,0,0,0,PhD,Divorced,2014-06-23
900832,1986,24600.0,1,0,0,12,5,7,2,0,2,1,1,0,2,10,0,0,0,0,0,0,0,Graduation,Single,2012-12-18
900833,1975,41800.0,2,1,0,144,1,16,2,1,0,7,2,0,5,5,0,0,0,0,0,0,0,Master,Married,2014-06-29
900834,1972,35800.0,1,0,44,5,2,17,3,0,0,2,1,0,3,5,0,0,0,0,0,0,0,Graduation,Divorced,2013-05-20
900835,1968,60200.0,0,1,27,775,7,102,47,263,27,2,6,3,13,5,0,0,0,0,0,0,0,Graduation,Together,2013-09-29
900836,1971,73200.0,0,1,47,142,29,117,10,3,17,3,3,5,8,3,0,0,0,0,0,0,0,Graduation,Together,2013-03-20
900837,1972,47900.0,0,2,66,271,1,21,0,1,40,5,5,2,5,6,0,0,0,0,0,0,0,PhD,Together,2014-05-24
900838,1964,43500.0,1,1,97,246,4,111,28,12,40,12,9,3,3,6,0,1,0,0,0,0,0,Graduation,Together,2012-09-22
900839,1951,52100.0,1,1,62,95,199,76,68,15,34,5,5,2,6,5,0,0,1,0,0,0,0,Graduation,Single,2012-12-24
900840,1966,105800.0,0,0,59,416,44,161,114,30,55,1,5,4,4,1,0,0,0,0,0,0,0,Graduation,Together,2013-08-24
900841,1968,18200.0,1,0,54,10,4,16,6,8,17,3,2,0,3,8,0,0,0,0,0,0,0,Graduation,Together,2013-10-10
900842,1978,28200.0,1,0,45,34,6,45,6,14,8,2,3,1,3,8,0,0,0,0,0,0,0,Graduation,Single,2013-02-08
900843,1974,26000.0,0,1,54,23,7,12,1,3,7,2,1,0,4,4,0,0,1,0,0,0,0,Master,Divorced,2013-06-10
900844,1990,22600.0,1,0,63,2,4,5,3,2,9,2,1,0,3,9,0,0,0,0,0,0,0,Graduation,Married,2012-08-08
900845,1993,43800.0,1,0,58,12,4,21,7,4,15,2,2,1,4,4,0,0,0,0,0,0,0,Graduation,Married,2013-02-01
900846,1951,66500.0,0,0,35,1403,8,112,5,0,9,2,11,6,13,7,1,0,0,0,0,0,0,Graduation,Married,2013-04-30
900847,1961,51900.0,0,1,48,138,197,41,10,263,15,3,7,2,7,6,0,0,0,0,0,0,0,Graduation,Married,2013-08-30
900848,1969,63900.0,1,0,84,20,5,25,3,2,2,1,2,0,3,6,0,0,0,0,0,0,0,Graduation,Married,2013-06-20
900849,1963,64600.0,1,1,51,95,14,84,0,3,12,4,4,0,6,3,0,0,0,0,0,0,0,Graduation,Married,2012-08-17
900850,1951,52500.0,0,1,59,155,18,40,34,4,19,3,2,2,6,2,0,0,0,0,0,0,0,Graduation,Together,2013-08-23
900851,1972,20000.0,1,0,72,2,10,15,4,9,26,2,3,0,2,7,0,0,1,0,0,0,0,Graduation,Together,2014-03-24
900852,1959,56500.0,0,0,34,788,4,401,253,104,12,2,5,6,8,5,1,0,0,0,0,1,0,Graduation,Divorced,2013-06-07
900853,1957,65400.0,0,1,99,123,14,404,52,30,55,3,3,5,6,6,0,0,0,0,0,0,0,Graduation,Married,2013-12-14
900854,1957,63600.0,0,1,30,628,19,71,129,27,33,3,9,5,13,5,0,0,0,0,0,0,0,Graduation,Together,2013-01-01
900855,1976,20800.0,0,0,34,38,3,13,10,2,14,1,1,2,2,7,0,0,0,0,0,0,0,2n Cycle,Married,2013-11-25
900856,1964,53900.0,1,1,49,570,1,107,3,0,11,6,6,3,9,7,0,0,0,0,0,0,0,Graduation,Widow,2012-12-08
900857,1960,103700.0,0,0,69,1210,26,215,253,33,22,0,5,5,6,1,0,0,0,0,0,0,0,2n Cycle,Single,2012-11-06
900858,1959,64400.0,0,1,83,391,53,99,195,23,44,1,1,3,12,1,0,0,0,0,0,0,0,Master,Together,2013-08-05
900859,1975,42200.0,1,1,75,33,1,25,3,1,2,4,3,0,3,9,0,0,0,0,0,0,0,Graduation,Married,2013-11-09
900860,1974,56800.0,1,0,66,32,1,38,4,2,2,3,2,0,3,5,0,0,0,0,0,0,0,PhD,Single,2012-10-22
900861,1963,62000.0,0,0,58,679,21,133,30,11,22,1,6,2,9,4,0,0,0,0,1,1,0,Graduation,Single,2012-09-02
900862,1960,46600.0,0,1,14,296,7,35,0,4,108,1,12,1,4,6,0,0,1,0,0,0,0,PhD,Together,2014-04-01
900863,1973,25300.0,1,0,30,13,1,4,2,0,17,2,3,0,2,8,0,0,0,0,0,0,0,Graduation,Together,2013-01-06
900864,1968,73100.0,0,0,76,796,19,586,17,88,140,2,5,4,8,5,0,0,0,0,0,0,0,Graduation,Together,2012-11-05
900865,1947,70500.0,0,1,78,890,0,91,30,9,20,2,6,4,5,9,1,0,0,1,1,0,0,2n Cycle,Divorced,2012-08-31
900866,1974,54000.0,0,0,34,184,3,84,6,2,3,2,4,1,5,5,0,0,0,0,0,0,0,PhD,Married,2013-11-12
900867,1972,77600.0,0,2,54,216,3,52,22,1,105,1,8,1,11,6,0,0,0,0,0,0,0,Master,Together,2013-06-10
900868,1973,61000.0,0,0,0,145,11,463,26,20,104,0,2,3,5,0,0,0,0,0,0,0,0,Graduation,Married,2013-04-04
900869,1972,76600.0,0,1,62,839,15,500,39,51,66,2,6,7,7,6,1,0,0,0,0,1,0,Graduation,Single,2013-04-29
900870,1978,86500.0,0,0,67,672,39,981,253,155,37,1,5,7,11,1,1,0,0,0,1,1,0,Graduation,Married,2013-09-23
900871,1987,82800.0,0,0,36,780,74,981,79,13,138,1,3,3,3,3,0,0,1,0,1,1,1,Graduation,Married,2013-04-02
900872,1974,71600.0,0,0,22,631,11,470,32,76,43,1,3,11,10,2,0,0,0,0,0,1,0,Graduation,Single,2013-08-11
900873,1943,58000.0,0,0,84,666,10,311,17,2,25,1,3,6,4,3,0,0,0,0,0,0,0,Master,Together,2012-10-12
900874,1969,21100.0,1,0,99,5,3,8,3,12,17,2,2,2,2,9,0,0,0,0,0,0,0,Master,Together,2013-03-04
900875,1968,32000.0,1,0,75,34,2,26,6,4,7,2,3,0,5,7,0,0,0,0,0,0,0,PhD,Together,2012-10-28
900876,1958,50500.0,2,1,41,39,0,19,1,1,0,2,2,0,4,7,0,0,1,0,0,0,0,Graduation,Single,2012-09-16
900877,1960,62500.0,0,1,47,1131,5,34,7,10,20,2,9,6,8,9,1,0,0,1,1,0,0,PhD,Together,2013-11-23
900878,1983,32800.0,1,0,15,6,4,24,9,7,7,2,2,1,3,5,0,0,0,0,0,0,0,Graduation,Married,2014-02-10
900879,1956,77500.0,0,1,16,648,35,301,15,12,13,5,4,7,8,5,0,0,0,0,0,0,0,PhD,Divorced,2013-01-29
900880,1958,64900.0,0,0,64,285,127,253,259,263,41,1,4,6,5,2,0,0,0,0,0,0,0,PhD,Married,2013-06-19
900881,1971,55000.0,1,1,50,19,8,34,3,9,17,3,2,1,4,7,0,0,0,0,0,0,0,PhD,Single,2012-11-30
900882,1983,41900.0,0,1,78,353,53,169,4,31,33,2,8,2,12,6,0,0,0,0,0,0,0,Graduation,Single,2013-09-04
900883,1969,69800.0,0,0,45,191,23,261,195,6,54,0,3,5,8,2,0,0,0,0,0,0,0,Graduation,Single,2013-02-08
900884,1969,55200.0,0,1,31,137,39,222,65,86,92,4,6,4,10,4,0,0,0,0,0,0,0,2n Cycle,Married,2013-03-12
900885,1981,64000.0,0,0,9,219,31,382,234,43,44,4,9,2,8,9,0,0,0,0,0,1,0,Master,Married,2014-02-28
900886,1971,12400.0,1,0,94,9,10,31,32,19,51,4,4,0,3,8,0,0,0,0,0,0,0,PhD,Single,2013-09-22
900887,1982,104800.0,0,0,57,229,57,186,259,148,26,1,3,3,11,1,0,0,0,0,0,0,0,Master,Together,2012-09-03
900888,1972,72500.0,1,1,40,79,20,251,22,11,51,3,3,3,7,3,0,0,0,0,0,0,0,Graduation,Together,2013-11-08
900889,1961,42800.0,0,0,53,113,2,56,4,8,25,1,5,2,4,6,0,0,1,1,0,0,0,Graduation,Married,2014-02-02
900890,1962,52100.0,1,1,99,98,12,94,1,3,9,5,3,3,5,5,0,0,0,1,0,0,0,Master,Divorced,2012-08-17
900891,1958,69200.0,0,1,18,706,9,91,38,2,7,5,7,2,6,5,0,0,0,0,0,0,0,Graduation,Married,2014-03-08
900892,1993,90100.0,0,0,67,517,17,312,79,19,12,1,2,4,7,1,0,0,0,0,0,0,0,2n Cycle,Widow,2013-10-20
900893,1968,37200.0,1,1,40,6,8,9,9,5,9,1,1,0,3,6,0,0,1,0,0,0,0,Graduation,Married,2013-08-21
900894,1983,17800.0,1,1,60,5,1,6,1,4,10,2,3,0,2,11,0,0,0,0,0,0,0,Basic,Married,2013-05-06
900895,1970,35900.0,0,1,38,16,4,8,3,3,8,1,1,1,3,4,0,0,0,0,0,0,0,Graduation,Married,2014-06-21
900896,1957,44600.0,0,1,52,21,0,3,3,0,1,1,0,1,2,5,0,0,0,0,0,0,0,Graduation,Married,2012-08-06
900897,1981,51200.0,0,1,46,1243,15,225,50,19,52,4,8,2,11,4,0,0,0,0,0,1,0,PhD,Single,2012-09-12
900898,1961,47800.0,1,0,7,187,2,49,28,5,39,2,5,2,5,8,0,0,0,0,0,0,0,2n Cycle,Married,2012-09-05
900899,1969,73600.0,0,0,14,1241,187,318,25,57,127,0,5,5,5,4,1,0,0,0,0,0,0,Graduation,Married,2014-04-19
900900,1963,68900.0,0,1,49,974,29,104,29,16,74,4,7,3,12,7,0,0,0,0,0,0,0,Graduation,Together,2014-02-27
900901,1973,39200.0,1,1,63,21,6,15,9,6,5,1,2,0,3,7,0,0,0,1,0,0,0,Graduation,Married,2014-02-19
900902,1968,70600.0,0,1,78,340,23,570,48,26,14,3,8,6,5,5,1,0,0,0,0,1,0,Graduation,Married,2013-02-11
900903,1972,62200.0,0,1,49,173,85,103,42,42,18,1,2,3,6,1,0,0,0,0,0,0,0,Graduation,Married,2014-03-28
900904,1972,42200.0,1,1,49,12,0,4,3,1,12,1,2,0,3,6,0,0,0,0,0,0,0,PhD,Together,2013-06-03
900905,1963,41500.0,1,0,33,60,14,83,5,16,29,5,3,1,4,9,0,0,0,0,0,0,0,PhD,Married,2013-03-04
900906,1964,105500.0,0,1,99,1024,123,333,84,139,80,1,8,5,11,1,1,0,0,1,0,0,0,Master,Single,2013-09-25
900907,1965,29500.0,1,1,99,12,3,10,2,3,13,2,2,1,3,8,0,0,0,0,0,0,0,Master,Widow,2014-01-21
900908,1976,34900.0,1,0,65,103,1,62,0,1,35,3,6,0,3,6,0,0,0,1,0,1,0,Graduation,Married,2013-01-07
900909,1965,45500.0,1,0,28,161,9,100,11,1,48,7,2,2,4,9,0,0,0,0,0,0,0,Graduation,Together,2012-12-27
900910,1966,70800.0,0,0,0,563,69,206,59,37,22,5,7,4,6,13,0,0,0,0,0,0,0,PhD,Together,2012-08-25
900911,1977,53500.0,0,0,53,85,20,321,33,15,38,0,2,3,5,1,0,0,0,0,0,0,0,2n Cycle,Single,2013-09-10
900912,1972,81600.0,0,1,23,1173,27,356,33,54,181,1,6,11,11,2,0,0,0,0,1,1,0,Graduation,Single,2013-12-24
900913,1972,57300.0,0,1,53,431,58,138,34,15,99,2,5,7,12,7,0,0,0,0,0,0,0,Graduation,Together,2014-01-19
900914,1972,17500.0,1,0,33,3,2,3,8,2,7,2,2,0,3,7,0,0,0,0,0,0,0,Basic,Married,2013-12-02
900915,1954,55100.0,1,1,79,87,1,12,3,1,4,1,1,0,4,7,0,0,0,0,0,0,0,Graduation,Married,2012-10-06
900916,1966,36800.0,0,0,52,36,2,24,5,3,23,2,3,1,4,7,0,0,0,0,0,0,0,PhD,Together,2014-02-25
900917,1970,62400.0,0,1,84,250,138,165,63,2,56,2,5,2,4,5,0,0,0,0,0,0,0,Graduation,Single,2013-08-29
900918,1965,21800.0,0,1,57,163,12,258,148,157,120,3,6,3,3,7,0,0,0,0,0,0,0,Master,Married,2014-02-09
900919,1972,41400.0,1,0,99,10,0,4,0,1,2,0,1,0,3,5,0,0,0,0,0,0,0,Master,Together,2014-04-05
900920,1972,51200.0,1,1,99,377,3,75,6,9,98,5,6,7,7,5,0,0,0,0,0,1,0,Graduation,Married,2013-11-28
900921,1967,41500.0,1,0,60,271,4,60,10,4,4,2,6,1,5,7,0,0,0,0,0,0,0,Graduation,Together,2013-07-21
900922,1978,63700.0,0,0,2,525,110,1414,72,60,19,3,3,8,7,3,0,0,0,0,0,0,0,Master,Married,2014-04-24
900923,1970,51200.0,1,1,83,223,0,57,1,1,12,5,5,2,4,7,0,0,0,0,0,0,0,Graduation,Married,2014-02-02
900924,1963,20100.0,1,1,40,9,1,2,0,0,2,1,0,1,2,4,0,0,0,0,0,0,0,Graduation,Together,2013-11-05
900925,1963,94100.0,0,0,72,1216,134,981,94,119,48,1,3,7,7,3,0,0,0,0,1,1,0,PhD,Married,2013-07-27
900926,1957,52500.0,0,0,57,226,22,335,139,48,10,1,2,3,7,1,0,0,0,0,0,0,0,2n Cycle,Divorced,2013-08-13
900927,1957,55100.0,0,1,34,71,3,56,15,6,18,1,2,3,3,2,0,0,0,0,0,0,0,Graduation,Single,2013-03-13
900928,1975,86500.0,0,0,3,368,17,506,70,198,120,1,6,6,6,3,0,0,0,0,1,0,0,PhD,Single,2012-08-06
900929,1964,40600.0,1,1,91,31,2,9,0,0,3,2,2,0,3,6,0,0,0,0,0,0,0,PhD,Together,2013-12-02
900930,1976,53400.0,0,1,30,379,11,225,27,22,14,5,5,4,8,3,0,0,0,0,0,1,0,Graduation,Married,2014-06-20
900931,1977,30600.0,1,0,66,11,4,20,4,2,6,2,2,0,3,8,0,0,0,0,0,0,0,Graduation,Divorced,2014-06-24
900932,1986,30400.0,1,0,34,51,1,19,3,2,6,1,1,1,3,5,0,0,0,0,0,0,0,Graduation,Single,2013-04-20
900933,1975,90200.0,0,0,27,428,193,346,64,198,113,0,5,8,3,2,0,0,0,0,0,0,0,Master,Married,2014-01-01
900934,1982,15800.0,1,0,50,1,4,3,2,0,2,1,0,0,3,6,0,0,0,1,0,0,0,2n Cycle,Divorced,2012-08-22
900935,1974,38600.0,1,0,73,178,1,88,8,9,65,5,5,1,5,9,0,0,0,0,0,1,0,Graduation,Together,2013-03-14
900936,1964,39100.0,1,0,59,14,1,19,2,1,4,2,2,0,3,10,0,0,1,0,0,0,0,PhD,Married,2013-05-09
900937,1966,71900.0,0,0,64,363,29,346,11,10,134,1,4,7,6,4,0,0,0,0,1,0,0,Graduation,Divorced,2013-01-21
900938,1983,48800.0,1,0,36,13,0,8,1,2,2,1,3,0,3,4,0,0,0,0,0,0,0,Graduation,Single,2012-09-28
900939,1967,46200.0,0,1,7,246,197,253,47,106,73,3,8,6,13,8,0,0,0,0,0,0,0,Master,Married,2013-12-30
900940,1987,67600.0,0,1,24,666,14,340,6,7,29,1,2,3,3,5,1,0,0,1,0,1,0,Master,Widow,2013-01-02
900941,1965,68400.0,0,0,0,711,9,533,111,104,6,2,6,6,8,4,1,0,0,0,1,1,0,2n Cycle,Divorced,2014-04-06
900942,1943,86800.0,0,0,64,216,36,96,14,10,17,0,8,3,5,1,0,0,0,0,0,0,0,Graduation,Together,2013-07-11
900943,1976,58100.0,0,1,30,379,37,150,11,132,268,3,4,6,5,5,0,0,0,0,0,0,0,PhD,Divorced,2013-04-02
900944,1959,44000.0,1,1,38,233,6,80,9,14,12,5,6,1,6,8,0,0,0,0,0,0,0,Master,Together,2013-07-25
900945,1978,38000.0,1,0,18,80,0,20,8,0,22,4,3,1,5,9,0,0,0,0,0,0,0,Graduation,Married,2012-09-25
900946,1953,60400.0,0,1,31,354,67,294,32,58,35,2,4,3,7,1,0,0,0,0,0,0,0,Graduation,Widow,2014-03-23
900947,1968,32000.0,1,0,59,10,3,8,2,3,4,1,1,0,2,6,0,0,0,0,0,0,0,Graduation,Married,2012-09-21
900948,1956,91500.0,0,0,95,669,40,981,52,57,12,1,7,10,8,2,0,0,0,1,1,1,0,Master,Widow,2014-04-24
900949,1963,48100.0,1,1,51,20,3,24,1,3,2,1,2,0,3,6,0,0,0,0,0,0,0,2n Cycle,Married,2013-11-25
900950,1966,18100.0,1,1,62,16,9,23,3,12,17,3,3,1,5,7,0,0,0,0,0,0,0,PhD,Married,2013-08-10
900951,1977,74800.0,0,0,0,340,8,414,21,66,207,1,4,6,13,4,0,0,1,0,1,0,0,PhD,Married,2013-02-25
900952,1967,22200.0,1,0,42,20,2,4,1,3,29,4,2,1,3,5,0,0,0,0,0,0,0,Master,Single,2012-12-22
900953,1974,41900.0,1,1,49,68,9,27,4,6,15,3,3,0,5,6,0,0,0,0,0,0,0,PhD,Married,2014-02-09
900954,1973,74200.0,0,0,45,179,37,258,156,43,295,1,8,4,10,2,0,0,0,0,0,0,0,Graduation,Together,2012-08-19
900955,1951,62300.0,0,0,61,233,5,327,18,21,107,1,4,7,9,1,0,0,0,0,0,0,0,Graduation,Married,2012-08-15
900956,1971,52100.0,0,0,58,717,33,134,43,4,110,2,5,5,6,3,0,0,0,0,0,0,0,Graduation,Married,2014-05-22
900957,1971,28100.0,1,0,83,13,2,16,4,3,2,2,2,0,4,7,0,0,0,0,0,1,0,PhD,Married,2012-09-11
900958,1963,34300.0,1,1,32,6,9,12,4,3,36,1,2,1,2,4,0,0,0,0,0,0,0,Basic,Married,2012-10-09
900959,1963,50300.0,1,1,43,7,1,8,3,0,2,0,0,0,3,5,0,0,0,0,0,0,0,Basic,Divorced,2012-10-09
900960,1958,29500.0,1,1,32,7,0,5,1,1,1,2,1,0,3,6,0,0,0,0,0,0,0,Master,Married,2013-10-04
900961,1996,8500.0,1,0,70,0,20,17,43,36,52,4,4,1,3,8,0,0,0,0,0,1,0,PhD,Divorced,2013-05-11
900962,1953,58100.0,0,1,94,232,58,124,259,70,44,1,4,0,10,3,0,0,0,0,0,0,0,Master,Married,2013-04-10
900963,1968,51800.0,1,1,44,33,0,16,2,3,22,4,4,1,3,6,0,0,0,0,0,0,0,2n Cycle,Single,2013-01-18
900964,1983,22800.0,1,1,87,4,0,3,2,0,0,0,1,0,2,14,0,0,0,0,0,0,0,PhD,Single,2012-10-12
900965,1967,67000.0,0,0,26,864,75,283,177,198,47,1,7,5,8,3,0,0,0,0,0,1,0,Master,Divorced,2013-05-08
900966,1972,23600.0,1,0,29,2,8,14,6,2,4,1,1,0,3,4,0,0,0,0,0,0,0,Graduation,Together,2014-04-22
900967,1969,15900.0,0,0,45,1,0,2,1,1,18,1,0,1,1,8,0,0,0,0,0,0,0,PhD,Divorced,2013-09-09
900968,1974,45300.0,1,0,47,10,4,15,6,2,2,1,2,0,4,4,0,0,0,0,0,0,1,Graduation,Married,2012-11-09
900969,1982,73800.0,0,0,54,1333,50,146,32,96,128,2,4,4,5,3,1,0,0,0,1,1,0,Master,Single,2013-08-12
900970,1971,69200.0,0,0,68,92,31,60,7,38,15,1,3,1,6,6,0,0,0,0,0,0,0,2n Cycle,Widow,2013-09-11
900971,1974,41900.0,1,0,61,26,1,7,0,6,10,3,2,0,3,7,0,0,0,0,0,0,0,2n Cycle,Married,2013-06-17
900972,1972,43800.0,0,1,54,1107,7,297,28,38,196,1,10,4,9,7,0,0,0,0,0,1,0,Master,Divorced,2013-07-13
900973,1969,57600.0,1,0,46,854,12,75,11,8,58,4,6,3,5,7,0,0,0,0,0,0,0,Graduation,Married,2012-12-17
900974,1981,17300.0,0,0,47,12,4,12,10,4,11,1,1,0,3,6,0,0,1,0,0,0,0,PhD,Together,2013-03-03
900975,1972,39300.0,1,0,51,313,7,139,4,1,11,7,9,3,6,8,1,0,0,0,0,1,0,Graduation,Married,2013-05-20
900976,1995,13900.0,1,0,56,1,9,5,11,5,6,2,1,1,2,7,0,0,0,0,0,0,0,Graduation,Together,2013-12-08
900977,1965,49600.0,1,1,78,18,0,6,3,3,6,4,2,1,4,4,0,0,0,0,0,1,0,PhD,Married,2013-02-27
900978,1950,57400.0,0,1,91,442,19,92,35,13,81,3,11,5,7,3,0,0,0,0,0,0,0,Graduation,Together,2013-04-28
900979,1961,60100.0,0,1,42,1354,153,533,42,10,40,2,9,6,13,4,0,0,0,0,0,0,0,PhD,Single,2012-10-18
900980,1978,72300.0,0,1,70,499,72,453,143,83,176,2,4,11,5,2,1,0,0,0,0,0,0,PhD,Together,2013-04-14
900981,1969,35900.0,1,1,0,22,1,5,0,0,9,3,1,0,3,8,0,0,1,0,0,0,0,Graduation,Married,2014-03-23
900982,1946,47400.0,0,0,99,201,66,466,21,0,14,2,2,9,10,3,0,0,0,0,0,0,1,PhD,Together,2013-03-22
900983,1963,48600.0,0,1,96,360,3,44,0,1,62,6,5,2,6,7,0,0,0,0,0,0,0,PhD,Together,2012-08-27
900984,1944,49300.0,0,2,65,522,13,49,20,8,42,7,8,6,5,7,0,0,1,0,0,0,0,Graduation,Together,2013-07-20
900985,1973,98400.0,0,0,33,856,70,981,121,96,29,0,5,4,5,3,1,0,0,1,1,1,0,Graduation,Together,2013-06-06
900986,1963,81900.0,0,0,0,563,193,981,100,198,214,1,6,9,8,2,0,0,0,0,0,1,0,Graduation,Together,2014-03-26
900987,1971,51900.0,0,1,49,208,12,55,13,34,27,2,6,1,8,9,0,0,0,0,0,0,0,Graduation,Divorced,2013-08-25
900988,1970,29600.0,1,1,26,18,1,8,3,3,2,1,1,0,3,9,0,0,0,0,0,0,0,Graduation,Single,2013-10-04
900989,1971,73500.0,0,1,74,1052,90,227,17,31,114,1,8,7,9,4,0,0,0,0,0,0,0,Graduation,Married,2013-09-09
900990,1953,29100.0,1,1,50,3,10,12,2,4,10,3,2,0,3,6,0,0,0,0,0,0,0,Graduation,Married,2014-04-03
900991,1977,19900.0,1,0,90,4,0,8,2,4,10,1,1,0,2,7,0,0,0,0,0,0,0,Graduation,Married,2014-06-02
900992,1956,64600.0,1,2,21,184,1,23,0,0,3,3,3,0,4,5,0,0,0,0,0,0,0,PhD,Single,2014-01-18
900993,1963,31600.0,1,1,29,158,0,40,0,0,14,4,6,1,6,4,0,0,1,0,0,0,0,Master,Single,2013-12-13
900994,1955,38400.0,0,1,42,15,0,9,0,0,1,1,1,0,2,9,0,0,0,0,0,0,0,Graduation,Single,2013-06-08
900995,1956,59900.0,1,1,70,59,1,18,1,1,9,1,1,0,3,4,0,0,0,0,0,0,0,Graduation,Single,2013-01-22
900996,1972,61100.0,0,1,0,137,81,192,80,159,17,3,1,2,7,1,0,0,0,0,0,0,0,Graduation,Together,2014-06-12
900997,1966,11400.0,1,0,52,3,26,14,7,8,24,2,2,1,3,6,0,0,0,0,0,0,0,Graduation,Together,2013-10-08
900998,1965,22600.0,1,0,43,3,0,8,3,5,5,1,1,0,2,6,0,0,0,0,0,0,0,Graduation,Single,2013-10-07
900999,1957,92600.0,0,0,85,351,10,393,1,7,10,2,6,7,5,3,0,0,0,0,0,0,0,2n Cycle,Married,2013-06-27
901000,1972,17200.0,1,0,64,6,5,10,19,5,6,3,3,2,2,6,0,0,0,0,0,0,0,Master,Together,2012-11-28
901001,1964,61800.0,0,0,93,879,10,431,3,19,174,1,6,4,4,3,0,1,0,1,1,1,0,Graduation,Married,2014-03-04
901002,1961,54500.0,0,1,90,770,13,1205,35,37,51,5,6,11,10,4,0,0,0,0,0,0,0,PhD,Divorced,2013-01-20
901003,1965,55600.0,1,0,21,237,1,23,8,3,16,4,5,2,5,9,0,0,0,0,0,0,0,Master,Divorced,2012-09-09
901004,1960,25900.0,1,1,34,13,3,6,0,0,3,2,1,1,3,4,0,0,0,0,0,1,0,PhD,Married,2012-08-10
901005,1987,25200.0,1,0,33,1,2,7,4,1,2,1,1,0,2,5,0,0,0,0,0,0,0,PhD,Divorced,2012-10-09
901006,1984,16500.0,1,0,32,3,2,8,1,2,2,1,1,0,2,9,0,0,0,0,0,0,0,Master,Together,2013-08-06
901007,1964,19300.0,0,1,28,1,9,6,5,1,42,1,1,1,2,6,0,0,0,0,0,1,0,Graduation,Together,2013-12-13
901008,1955,48900.0,0,1,50,53,0,6,1,0,1,1,0,0,3,4,0,0,0,0,0,0,0,Graduation,Married,2013-05-26
901009,1965,81300.0,0,0,10,281,159,151,196,43,213,1,5,5,5,2,0,0,0,0,0,0,0,Graduation,Married,2013-03-28
901010,1989,14800.0,0,0,44,6,38,35,43,6,17,1,3,0,4,8,0,0,0,0,0,0,0,Master,Married,2013-03-04
901011,1961,30600.0,1,1,99,41,0,6,1,10,5,2,2,0,3,5,0,0,1,0,0,0,0,2n Cycle,Married,2012-08-26
901012,1984,76900.0,0,1,66,807,16,151,3,175,12,1,4,10,8,4,0,0,1,0,0,1,0,Graduation,Together,2012-11-04
901013,1969,100500.0,0,0,41,132,71,186,55,149,79,1,5,5,6,1,0,0,0,0,0,0,0,Master,Married,2013-05-31
901014,1956,63800.0,0,1,90,256,11,37,3,5,33,2,4,2,5,5,1,0,0,0,0,0,0,2n Cycle,Single,2012-10-14
901015,1975,21300.0,1,0,42,9,5,23,6,6,7,2,2,0,4,5,0,0,0,0,0,0,0,Graduation,Together,2014-03-23
901016,1979,26600.0,1,0,30,6,3,11,0,0,3,1,2,0,2,5,0,0,0,0,0,0,0,Graduation,Together,2014-02-07
901017,1967,64500.0,0,1,18,1171,9,112,10,0,105,7,10,3,8,9,0,0,0,0,0,1,0,Graduation,Married,2014-03-25
901018,1978,31500.0,1,0,27,108,60,51,34,1,39,8,9,0,5,7,0,0,0,1,0,0,0,PhD,Single,2012-08-16
901019,1959,41100.0,1,1,23,30,0,3,0,0,0,2,0,0,2,8,0,0,0,0,0,0,0,Master,Single,2014-03-26
901020,1965,15400.0,2,0,50,8,1,14,10,2,3,3,1,0,2,7,0,0,0,0,0,0,0,Graduation,Together,2013-02-06
901021,1968,78100.0,0,0,9,306,23,503,53,56,43,1,3,4,9,4,0,0,0,0,0,0,0,PhD,Single,2013-03-22
901022,1942,77800.0,0,1,45,1493,2,736,4,28,8,1,6,5,13,4,0,0,0,0,0,1,0,Graduation,Divorced,2014-03-04
901023,1949,39300.0,0,0,24,434,5,40,7,0,137,2,6,2,7,8,0,0,0,0,0,0,0,Graduation,Married,2013-12-20
901024,1964,42900.0,1,0,24,11,2,16,17,1,0,1,1,0,3,7,0,0,0,0,0,0,0,Graduation,Single,2013-06-21
901025,1980,19400.0,1,0,76,11,7,27,6,11,8,1,3,1,2,7,0,0,0,0,0,0,1,Graduation,Together,2013-10-05
901026,1976,76000.0,1,1,74,516,2,31,1,0,50,10,9,3,8,12,0,0,0,0,0,0,0,2n Cycle,Married,2013-11-17
901027,1957,43400.0,0,0,22,192,2,180,4,14,9,3,8,1,6,7,0,0,0,0,0,0,0,Graduation,Single,2013-10-16
901028,1970,30900.0,1,0,25,17,9,10,1,9,11,2,2,1,3,5,0,0,0,0,0,0,0,Graduation,Single,2013-07-02
901029,1970,40900.0,1,1,85,37,1,49,3,7,8,3,2,1,3,9,0,0,0,0,0,0,0,Basic,Married,2013-01-24
901030,1981,65000.0,0,0,9,435,197,399,12,15,69,1,2,4,8,3,0,0,0,0,0,0,0,Graduation,Single,2013-10-29
901031,1972,62300.0,0,0,53,228,33,297,13,1,36,1,3,4,5,3,0,0,0,0,0,0,0,Graduation,Single,2012-08-09
901032,1962,70800.0,0,0,60,1167,127,260,42,209,58,1,6,8,11,3,0,0,0,0,0,0,0,PhD,Married,2013-06-23
901033,1960,25300.0,1,1,57,55,4,13,1,9,7,2,1,0,3,8,0,0,0,0,0,0,0,Graduation,Together,2014-03-16
901034,1962,38100.0,0,1,16,12,2,10,4,8,10,4,2,0,3,5,0,0,0,0,0,0,0,Master,Married,2013-10-24
901035,1981,59100.0,0,0,16,171,3,102,35,7,17,4,1,3,9,2,0,0,0,0,0,0,0,Graduation,Married,2013-02-23
901036,1986,22200.0,0,1,29,39,62,57,28,42,77,1,5,1,3,5,0,0,0,1,0,0,0,Graduation,Married,2013-10-20
901037,1959,47800.0,1,0,58,178,147,136,8,6,58,5,6,2,8,7,0,0,0,0,0,1,0,Graduation,Married,2013-10-07
901038,1974,35400.0,1,0,48,6,2,7,3,5,6,1,1,0,2,7,0,0,0,0,0,0,0,2n Cycle,Married,2013-04-20
901039,1971,48200.0,0,0,68,235,36,207,93,51,212,1,4,7,13,4,0,0,0,0,0,0,1,Master,Married,2014-06-12
901040,1961,58100.0,0,1,85,375,1,70,92,83,17,3,6,3,13,5,0,0,0,0,0,0,0,PhD,Together,2013-04-19
901041,1955,61800.0,0,1,49,500,1,50,4,0,138,3,7,3,6,6,0,0,0,0,0,0,0,Master,Together,2012-08-31
901042,1959,78200.0,1,1,28,264,14,138,14,23,49,4,8,2,10,7,0,0,0,0,0,0,0,Graduation,Single,2013-01-26
901043,1972,45800.0,1,0,48,26,1,15,0,0,3,1,0,0,3,3,0,0,0,0,0,0,0,Graduation,Single,2012-11-22
901044,1969,49200.0,0,1,79,582,197,664,161,263,112,3,11,7,13,8,0,0,0,0,0,0,0,Graduation,Together,2013-10-10
901045,1977,30900.0,1,0,87,2,5,13,12,9,21,1,2,0,3,7,0,0,0,0,0,0,0,Master,Married,2014-04-22
901046,1967,79300.0,0,1,32,752,143,313,40,57,22,3,5,6,9,2,0,0,0,0,0,0,0,2n Cycle,Single,2013-09-15
901047,1958,69000.0,0,1,82,729,127,539,42,263,169,1,9,14,12,5,0,0,0,0,0,0,0,Graduation,Single,2013-01-03
901048,1985,16900.0,0,0,60,4,2,3,0,0,2,1,1,0,2,13,0,0,0,0,0,0,0,Graduation,Married,2014-03-19
901049,1958,51700.0,0,1,62,537,197,37,6,22,80,4,7,2,10,6,0,0,0,0,0,0,0,Graduation,Divorced,2013-03-26
901050,1971,14200.0,1,1,64,10,7,8,9,0,4,4,2,1,2,6,0,0,0,0,0,0,0,2n Cycle,Single,2014-06-01
901051,1988,73100.0,0,0,4,287,118,826,253,150,53,1,5,5,7,1,1,0,0,0,1,1,0,Master,Together,2013-06-12
901052,1983,32900.0,2,0,42,33,6,33,2,5,10,4,3,1,4,8,0,0,0,0,0,0,0,Graduation,Single,2013-07-30
901053,1974,75600.0,0,0,36,1493,76,443,24,7,40,1,4,10,6,4,0,0,0,0,0,0,0,Graduation,Together,2012-09-11
901054,1957,81800.0,0,0,51,351,4,70,15,23,9,2,5,1,7,7,0,0,0,0,0,0,0,PhD,Married,2013-12-09
901055,1962,37200.0,1,1,53,28,0,8,3,2,4,2,1,1,3,6,0,0,0,0,0,0,0,PhD,Divorced,2013-12-01
901056,1946,71600.0,0,0,99,92,83,250,65,10,9,0,1,2,4,1,0,0,0,0,0,0,0,Graduation,Married,2013-02-26
901057,1972,24000.0,1,0,38,9,0,2,8,2,1,1,2,0,3,6,0,0,1,0,0,0,0,Graduation,Married,2012-12-15
901058,1966,21400.0,1,0,99,25,3,14,5,7,45,3,2,0,4,7,0,0,0,0,0,0,0,Graduation,Married,2014-04-08
901059,1962,27800.0,1,1,8,18,1,16,4,2,8,2,2,1,3,6,0,0,0,0,0,0,0,Master,Married,2013-09-08
901060,1968,64600.0,2,2,56,70,0,11,1,0,0,2,1,0,3,5,0,0,0,0,0,1,0,Graduation,Divorced,2012-09-01
901061,1956,63900.0,0,1,51,511,7,79,10,9,61,4,7,4,9,3,0,0,0,0,0,0,0,Graduation,Widow,2013-11-11
901062,1958,24600.0,0,0,16,3,2,8,25,18,15,2,1,1,3,5,0,0,0,0,0,0,0,Graduation,Married,2014-03-16
901063,1977,51300.0,0,1,99,663,23,99,3,1,245,5,5,3,8,9,1,0,0,0,1,0,0,2n Cycle,Married,2013-03-02
901064,1982,31200.0,1,0,54,2,0,10,3,0,0,1,0,0,3,6,0,0,0,0,0,0,0,Graduation,Together,2013-03-22
901065,1956,28600.0,0,1,7,10,0,5,0,0,1,1,1,0,2,7,0,0,0,0,0,0,0,Master,Single,2014-06-18
901066,1961,84600.0,0,1,30,1449,0,350,63,40,20,2,11,8,7,3,1,0,0,0,1,0,0,Master,Married,2014-02-05
901067,1972,47800.0,0,1,9,158,12,35,21,2,41,2,2,1,13,3,0,0,0,0,0,0,0,Master,Single,2014-04-30
901068,1951,47000.0,0,1,88,263,3,113,15,6,62,2,7,1,4,6,0,0,1,1,0,0,0,Master,Single,2013-06-26
901069,1980,43000.0,1,0,34,11,0,6,1,1,0,1,2,0,2,8,0,0,1,0,0,0,0,Graduation,Together,2012-08-11
901070,1977,66400.0,1,1,95,65,19,94,4,33,17,5,3,1,4,8,0,0,1,0,0,1,0,Graduation,Together,2013-06-12
901071,1980,21800.0,1,0,29,8,4,6,6,3,26,2,2,0,2,9,0,0,0,0,0,0,0,PhD,Together,2013-12-08
901072,1995,35200.0,1,0,57,4,0,2,6,3,3,0,0,0,3,5,0,0,0,0,0,0,0,2n Cycle,Married,2013-04-24
901073,1983,56200.0,0,0,11,1311,29,208,15,19,47,2,5,3,7,7,0,0,0,0,0,1,0,Graduation,Widow,2013-04-18
901074,1964,18700.0,0,1,55,7,2,3,1,3,8,2,1,0,3,5,0,0,0,0,0,0,0,Master,Divorced,2014-06-04
901075,1971,55100.0,0,1,14,348,16,37,13,3,42,1,8,3,12,8,0,0,0,0,0,0,0,Graduation,Together,2012-09-08
901076,1983,56400.0,0,1,52,244,18,309,9,5,67,2,4,3,10,2,0,0,0,0,0,0,0,Graduation,Married,2013-07-11
901077,1972,56400.0,1,1,99,249,44,116,85,157,36,9,4,1,8,5,1,0,0,0,0,0,0,Graduation,Single,2014-05-02
901078,1970,27300.0,1,0,50,2,1,7,8,5,4,2,2,0,3,7,0,0,0,0,0,0,0,PhD,Together,2013-07-10
901079,1974,71300.0,0,0,66,589,89,376,40,74,17,1,6,2,8,1,0,0,0,0,0,0,0,Graduation,Together,2014-05-18
901080,1975,18500.0,1,1,87,52,0,6,0,0,1,2,2,0,4,5,0,0,0,0,0,0,0,Graduation,Together,2013-05-01
901081,1974,28300.0,1,0,31,90,3,241,13,18,26,4,4,1,5,10,0,0,0,0,0,0,0,Graduation,Single,2014-03-13
901082,1977,37700.0,0,0,48,31,1,13,1,9,7,1,2,0,4,6,0,0,0,0,0,0,0,2n Cycle,Divorced,2014-05-14
901083,1947,56300.0,0,1,45,250,21,69,33,11,46,4,9,1,5,8,0,0,0,0,0,0,0,Graduation,Together,2013-09-26
901084,1949,59600.0,0,2,0,555,3,169,10,7,25,6,7,3,8,5,0,0,1,0,0,0,0,Graduation,Married,2012-10-21
901085,1975,35000.0,1,1,43,56,2,35,5,36,111,2,3,2,4,6,0,0,0,0,0,0,0,Graduation,Married,2013-08-24
901086,1964,65300.0,0,0,56,508,4,347,75,0,30,1,2,6,9,3,0,0,0,0,0,0,0,Master,Married,2012-09-23
901087,1989,30900.0,1,1,50,13,0,4,0,4,8,1,1,0,3,6,0,0,0,0,0,1,0,Master,Married,2014-05-13
901088,1979,62800.0,0,0,36,186,17,216,98,120,35,3,6,3,6,3,0,0,0,0,0,0,0,Master,Together,2012-08-06
901089,1984,27800.0,1,0,37,4,1,14,4,2,13,1,3,1,2,8,0,0,0,0,0,0,0,PhD,Together,2013-08-30
901090,1968,32700.0,0,0,69,138,4,52,5,6,67,3,6,3,4,7,0,0,0,0,0,0,0,Master,Single,2014-01-28
901091,1950,23800.0,1,0,38,20,2,6,2,2,24,2,2,0,2,5,0,0,0,0,0,0,0,Graduation,Divorced,2014-05-26
901092,1975,67600.0,0,1,99,166,12,22,9,9,31,2,4,0,7,4,0,0,0,0,0,0,0,Master,Married,2013-01-12
901093,1943,73400.0,0,1,63,262,15,277,79,35,10,2,5,5,7,3,0,0,0,0,0,0,0,Graduation,Married,2014-06-05
901094,1975,49700.0,1,1,17,460,2,57,2,6,29,3,4,1,6,7,0,0,0,0,0,0,0,Graduation,Married,2012-09-27
901095,1976,27900.0,0,1,36,17,2,13,10,8,4,2,1,1,3,6,0,0,1,0,0,0,0,2n Cycle,Single,2012-10-16
901096,1978,20600.0,2,1,27,7,3,11,2,0,3,2,1,0,3,5,0,0,0,0,0,0,0,Graduation,Single,2012-10-24
901097,1974,86400.0,0,1,44,143,3,192,13,28,8,2,5,5,6,1,0,0,0,0,0,0,0,Master,Together,2014-05-22
901098,1950,55000.0,0,1,63,462,18,268,2,50,20,2,5,3,6,8,0,0,0,1,0,1,0,Graduation,Married,2014-02-14
901099,1987,43300.0,0,0,83,52,63,73,14,157,9,1,6,1,5,7,0,0,0,0,0,0,0,Master,Widow,2013-08-03
901100,1950,60500.0,0,1,62,778,88,434,152,45,13,2,5,10,9,3,0,0,0,0,0,0,0,Graduation,Together,2013-09-25
901101,1970,37700.0,0,1,50,64,2,21,1,0,1,2,3,0,3,6,0,0,0,0,0,0,0,PhD,Married,2013-04-01
901102,1980,40300.0,1,1,46,106,5,41,4,6,27,3,6,1,5,6,0,0,1,0,0,0,0,Master,Divorced,2013-07-19
901103,1963,98700.0,0,1,15,1396,120,374,219,138,57,1,7,8,13,1,0,0,0,0,0,0,0,Graduation,Married,2014-02-05
901104,1989,19300.0,2,0,49,32,5,24,5,12,14,2,3,1,3,11,0,0,0,0,0,0,0,Basic,Widow,2012-10-10
901105,1962,67900.0,0,0,0,259,20,71,8,128,3,3,3,8,9,4,0,0,0,0,0,1,0,PhD,Together,2012-10-18
901106,1965,35600.0,1,1,62,104,1,31,9,10,14,2,6,0,5,4,0,0,0,0,0,0,0,Graduation,Married,2013-04-13
901107,1960,81100.0,0,2,79,869,23,252,130,24,31,3,5,6,13,6,0,0,0,0,0,0,0,Graduation,Together,2013-07-29
901108,1971,100500.0,0,1,16,312,17,246,259,147,20,1,8,6,13,4,0,0,0,0,0,0,0,2n Cycle,Married,2014-04-01
901109,1974,41300.0,1,1,56,37,5,27,3,1,8,2,2,1,5,4,0,0,1,0,0,0,0,Master,Divorced,2012-10-15
901110,1989,58200.0,0,0,43,565,22,534,192,30,67,2,4,5,13,3,0,0,0,0,0,0,0,Master,Married,2012-09-01
901111,1951,68500.0,0,0,73,269,115,381,60,263,6,1,3,12,7,1,0,0,0,0,0,0,0,Master,Divorced,2013-02-25
901112,1977,60600.0,0,1,87,682,50,341,35,4,362,4,8,7,8,7,0,0,0,1,0,0,0,Graduation,Divorced,2014-03-03
901113,1980,75200.0,0,1,34,417,13,51,5,4,21,5,4,1,9,7,0,0,0,0,0,0,0,Graduation,Single,2013-04-17
901114,1943,79100.0,1,2,45,399,0,94,1,0,36,5,4,2,3,6,0,0,0,0,0,1,0,Graduation,Single,2014-05-24
901115,1984,36400.0,1,0,79,49,1,13,2,0,1,2,2,0,5,3,0,0,1,0,0,0,0,Graduation,Divorced,2014-03-07
901116,1967,75900.0,0,0,32,245,16,246,41,34,20,2,2,6,6,2,0,0,0,0,0,0,0,Graduation,Married,2013-09-24
901117,1970,39200.0,1,0,44,202,5,68,3,0,13,4,6,3,5,5,0,0,0,0,0,0,0,Graduation,Single,2014-05-30
901118,1960,16700.0,0,0,18,3,7,9,6,2,27,2,1,0,3,8,0,0,0,0,0,0,0,Graduation,Together,2012-11-26
901119,1969,23400.0,0,0,5,9,1,2,4,3,25,1,1,1,3,3,0,0,0,0,0,0,0,Master,Together,2012-12-04
901120,1978,57000.0,0,0,76,229,157,627,19,14,24,3,2,4,5,1,0,0,0,0,0,0,0,PhD,Widow,2013-04-18
901121,1956,85400.0,0,1,48,1202,17,664,50,3,94,1,4,9,5,2,0,0,0,0,0,0,0,Graduation,Single,2013-06-19
901122,1965,29500.0,1,1,41,34,2,4,0,0,4,2,1,0,4,6,0,0,0,0,0,0,0,PhD,Married,2014-04-19
901123,1943,71800.0,0,1,65,222,1,30,7,0,18,3,3,0,5,7,0,0,0,0,0,0,0,PhD,Married,2014-06-11
901124,1960,88100.0,0,1,4,477,47,264,18,17,40,1,3,7,10,3,0,0,0,0,0,0,0,Graduation,Single,2013-11-11
901125,1952,73400.0,0,0,38,690,59,395,29,4,127,1,5,5,8,5,0,0,0,1,0,0,0,Master,Divorced,2013-02-06
901126,1965,127700.0,0,1,31,329,20,174,70,6,4,1,1,3,4,1,0,0,0,0,0,0,0,Master,Married,2014-05-02
901127,1952,44200.0,0,1,31,188,6,40,15,20,78,1,3,2,4,5,0,0,0,0,0,0,0,PhD,Married,2014-01-06
901128,1977,13800.0,1,0,94,14,1,5,11,2,4,2,2,0,2,11,0,0,0,0,0,0,0,Graduation,Together,2013-03-14
901129,1995,33100.0,1,0,42,17,4,18,1,1,5,2,1,0,3,7,0,0,0,0,0,0,0,Graduation,Married,2013-05-06
901130,1990,47500.0,0,1,80,175,36,58,21,24,126,4,4,3,9,7,0,0,0,0,0,0,0,PhD,Married,2012-09-16
901131,1971,66500.0,0,1,23,231,93,226,34,75,122,5,4,7,6,2,0,0,0,0,0,0,0,Graduation,Together,2014-04-29
901132,1976,59300.0,0,1,93,908,26,51,5,43,283,1,12,3,13,7,0,0,0,0,0,0,0,PhD,Together,2013-09-23
901133,1951,75200.0,0,1,57,475,10,149,70,37,23,3,5,3,10,7,1,1,0,1,0,1,0,Graduation,Single,2013-07-20
901134,1976,42800.0,0,1,32,102,0,47,8,18,321,5,4,0,5,9,1,0,0,0,0,0,0,PhD,Married,2013-12-28
901135,1982,40300.0,0,0,37,3,14,15,3,1,7,2,1,1,3,5,0,0,0,1,0,0,0,Basic,Married,2014-03-27
901136,1958,91500.0,0,0,24,558,35,257,56,41,29,2,5,4,8,4,0,1,0,1,0,1,0,Graduation,Single,2013-05-26
901137,1988,88300.0,0,0,40,686,43,981,131,43,18,0,6,4,7,1,1,0,1,0,1,0,0,Graduation,Single,2012-09-12
901138,1989,18300.0,1,0,40,9,11,24,19,4,15,3,2,0,5,5,0,0,0,0,0,0,0,Graduation,Married,2012-10-21
901139,1966,59600.0,0,1,99,243,195,102,209,157,18,3,5,1,7,6,0,0,0,1,0,0,0,PhD,Married,2013-06-27
901140,1954,28300.0,1,1,0,33,0,2,0,0,3,1,1,1,2,6,0,0,1,0,0,0,0,Basic,Single,2014-03-28
901141,1973,67800.0,0,1,54,137,54,155,13,19,185,2,6,3,4,5,0,0,0,0,0,1,0,PhD,Single,2013-07-23
901142,1966,48200.0,1,1,64,22,3,22,0,2,5,2,2,0,4,6,0,0,0,0,0,0,0,Master,Divorced,2013-11-01
901143,1974,62500.0,1,1,42,330,0,14,1,4,22,3,3,1,3,6,0,0,0,1,0,1,0,Graduation,Single,2012-12-24
901144,1972,36200.0,2,1,55,28,3,18,7,0,5,2,2,0,3,7,0,0,0,0,0,0,0,Graduation,Married,2012-09-04
901145,1979,81800.0,0,0,81,619,30,981,68,43,8,2,2,7,6,3,0,0,0,0,0,0,0,Master,Together,2012-12-04
901146,1947,47000.0,0,2,69,282,3,60,0,0,22,5,9,1,7,5,0,0,0,0,0,0,0,Graduation,Single,2013-11-22
901147,1969,17000.0,1,0,38,4,4,25,7,5,7,1,3,0,3,6,0,0,0,0,0,0,0,Graduation,Together,2013-01-23
901148,1974,42200.0,0,0,37,8,1,4,4,0,2,1,1,0,3,5,0,0,0,0,0,0,0,Graduation,Divorced,2012-11-03
901149,1971,15900.0,1,0,96,4,1,24,9,5,24,2,1,1,2,6,0,0,0,0,0,0,0,Graduation,Married,2012-09-29
901150,1979,70100.0,0,0,3,443,62,350,54,4,69,1,4,8,7,2,0,0,0,1,1,1,0,PhD,Divorced,2013-10-17
901151,1976,16300.0,1,0,44,4,0,10,2,0,2,1,1,0,2,7,0,0,0,0,0,0,0,PhD,Married,2012-09-01
901152,1961,121800.0,0,1,61,787,67,606,105,263,38,1,7,8,5,2,0,0,0,0,0,0,0,Graduation,Married,2013-03-25
901153,1987,25800.0,1,0,51,10,1,12,6,2,23,4,2,1,2,6,0,0,0,0,0,0,0,Graduation,Married,2014-02-11
901154,1973,68500.0,0,1,39,680,197,697,17,75,181,4,7,10,13,5,0,0,0,0,0,0,0,Master,Married,2014-03-25
901155,1960,45700.0,0,2,67,37,6,53,29,14,9,4,3,1,5,6,0,0,0,0,0,0,0,PhD,Single,2013-11-20
901156,1976,45600.0,2,1,99,10,3,18,9,4,10,4,3,0,4,5,0,0,0,0,0,0,0,Master,Married,2012-09-24
901157,1984,18900.0,1,0,27,2,2,4,2,12,26,2,2,1,2,7,0,0,0,0,0,0,0,2n Cycle,Single,2014-04-29
901158,1962,65600.0,1,1,50,279,34,76,15,9,38,5,6,2,7,7,0,0,0,0,0,0,0,Graduation,Married,2012-08-09
901159,1980,75100.0,1,0,24,175,4,64,12,2,18,3,5,1,5,8,0,0,0,1,0,0,0,PhD,Married,2013-03-15
901160,1954,55900.0,0,0,51,92,5,92,14,4,12,1,3,4,5,3,0,0,0,0,0,0,0,Graduation,Married,2013-08-15
901161,1972,38100.0,1,0,75,83,9,215,3,11,44,2,10,1,3,8,0,0,0,0,0,1,0,Graduation,Together,2013-05-23
901162,1966,87900.0,1,0,69,1396,7,1158,98,11,22,2,2,11,6,1,0,0,0,0,0,0,0,PhD,Married,2014-05-06
901163,1967,23100.0,1,0,25,6,8,12,6,10,26,2,2,0,3,6,0,0,0,0,0,0,0,Graduation,Married,2014-06-16
901164,1948,63500.0,0,0,60,489,126,416,227,65,245,1,9,5,6,5,0,0,0,0,1,1,0,Graduation,Single,2012-11-07
901165,1960,42200.0,1,0,99,92,12,179,19,23,105,3,3,1,6,9,0,0,0,0,0,0,0,PhD,Married,2013-07-22
901166,1976,67500.0,0,0,34,803,22,227,31,4,29,1,4,6,11,4,0,0,0,0,0,0,0,Graduation,Married,2013-11-25
901167,1968,36200.0,0,1,31,25,9,9,0,2,13,2,2,0,3,5,0,0,0,0,0,1,0,Graduation,Together,2013-09-08
901168,1977,91700.0,0,0,67,638,26,452,7,8,33,0,8,5,13,2,0,1,0,1,0,0,0,Master,Married,2013-01-17
901169,1978,57200.0,1,1,41,205,0,55,6,29,30,8,5,2,5,6,0,0,0,0,0,0,0,Graduation,Married,2014-05-18
901170,1974,81400.0,0,0,63,949,83,853,40,24,90,0,7,5,9,2,0,1,0,0,1,1,0,PhD,Single,2012-11-23
901171,1964,63300.0,0,0,61,1348,48,151,21,56,4,2,11,6,7,9,0,0,0,0,0,0,0,2n Cycle,Divorced,2013-07-28
901172,1964,49100.0,0,1,63,8,5,20,19,12,6,2,1,2,3,3,0,0,0,0,0,1,0,Master,Single,2014-05-02
901173,1981,26700.0,1,0,79,10,4,11,4,1,6,2,1,0,2,7,0,0,0,0,0,0,0,2n Cycle,Together,2012-12-16
901174,1957,56200.0,1,1,75,184,0,50,3,2,3,4,3,1,4,5,0,0,0,0,0,0,0,2n Cycle,Single,2012-09-16
901175,1974,26500.0,1,0,54,12,2,8,0,3,15,2,1,0,3,11,0,0,0,0,0,0,0,Graduation,Divorced,2013-02-05
901176,1975,46600.0,1,0,74,105,10,97,13,8,22,2,5,2,5,10,0,0,0,0,0,0,0,Graduation,Married,2013-07-15
901177,1956,79100.0,1,2,33,351,3,89,0,1,17,8,6,2,6,7,0,0,0,0,0,0,0,Graduation,Married,2012-09-01
901178,1979,36100.0,0,0,99,773,92,547,12,6,35,3,12,2,8,10,0,0,0,0,0,0,0,Graduation,Married,2014-06-26
901179,1963,25000.0,1,1,63,37,1,9,1,8,3,2,1,0,4,7,0,0,0,0,0,0,0,Graduation,Single,2013-12-17
901180,1960,72600.0,0,1,35,238,122,93,259,18,58,1,5,1,8,2,0,0,0,0,0,0,0,Graduation,Divorced,2012-10-04
901181,1970,41500.0,1,0,11,131,39,183,40,16,264,3,6,3,4,9,0,0,0,0,0,0,0,Graduation,Single,2013-02-11
901182,1955,89300.0,1,1,64,1081,30,91,10,3,72,2,13,2,12,7,0,0,0,0,0,0,0,Graduation,Together,2013-10-15
901183,1976,37900.0,1,1,10,14,10,51,8,3,15,3,2,0,4,7,0,0,1,0,0,0,0,2n Cycle,Together,2014-05-07
901184,1973,21400.0,1,1,70,8,0,5,1,0,6,2,2,0,3,5,0,0,0,0,0,0,0,Graduation,Married,2013-02-04
901185,1960,56700.0,1,1,76,441,16,179,4,2,9,5,6,3,11,4,0,0,0,0,0,1,0,Graduation,Divorced,2013-03-23
901186,1948,58600.0,1,0,42,407,2,120,17,9,46,3,13,2,7,7,0,0,0,0,0,0,0,PhD,Single,2012-10-11
901187,1953,39100.0,0,0,43,50,20,165,4,11,20,1,0,4,5,1,0,0,0,0,0,0,0,Graduation,Married,2013-03-30
901188,1978,23300.0,1,0,35,4,1,6,1,2,10,1,2,0,2,10,0,0,0,0,0,0,0,Graduation,Divorced,2013-09-14
901189,1969,32000.0,1,1,23,60,1,14,1,0,2,4,3,0,5,7,0,0,1,0,0,0,0,Master,Married,2012-10-28
901190,1959,73200.0,0,2,46,696,133,40,40,21,308,3,12,3,12,8,0,0,0,0,0,0,0,PhD,Single,2012-10-03
901191,1977,39300.0,0,1,92,85,28,90,13,79,39,1,6,0,6,6,0,0,0,0,0,0,0,Graduation,Together,2013-12-08
901192,1966,37500.0,0,2,25,58,0,12,0,1,5,3,2,0,4,5,0,0,0,0,0,0,0,2n Cycle,Married,2013-07-15
901193,1950,75700.0,0,1,16,850,1,18,4,0,76,4,3,4,7,4,0,0,0,0,0,0,0,Graduation,Married,2014-06-14
901194,1958,65900.0,0,0,36,727,1,248,5,11,28,1,6,8,10,5,0,0,0,0,1,1,0,Master,Single,2014-06-15
901195,1979,49300.0,0,1,61,237,13,117,199,57,16,3,3,3,5,3,0,0,0,0,0,0,0,Graduation,Divorced,2014-04-02
901196,1970,73800.0,0,0,64,221,12,86,69,20,39,1,2,4,5,1,0,0,0,0,0,0,0,2n Cycle,Married,2013-07-05
901197,1966,40700.0,1,1,55,157,10,49,2,11,36,3,4,1,5,6,0,0,1,0,0,0,0,2n Cycle,Single,2013-05-30
901198,1961,33100.0,0,0,69,68,26,66,67,46,321,2,4,1,5,9,0,0,0,0,0,0,0,Graduation,Married,2013-06-12
901199,1995,66400.0,0,0,64,1144,7,727,27,6,12,2,3,6,13,6,0,0,0,0,0,1,0,Graduation,Single,2012-12-12
901200,1988,30000.0,1,0,21,5,0,8,0,0,1,3,1,0,3,3,0,0,0,0,0,0,0,Graduation,Married,2013-07-31
901201,1971,38300.0,0,1,13,3,7,2,5,3,9,0,0,0,2,5,0,0,0,0,0,0,0,PhD,Married,2013-03-24
901202,1956,72600.0,1,1,17,77,4,11,3,1,3,2,3,1,3,6,0,0,0,0,0,0,0,PhD,Together,2012-10-09
901203,1945,68100.0,0,1,89,192,9,74,13,30,71,3,5,4,5,4,0,0,0,0,0,0,0,2n Cycle,Married,2013-01-11
901204,1970,66500.0,0,1,10,493,20,255,14,64,34,2,4,4,4,4,0,0,0,0,0,0,0,Graduation,Divorced,2014-06-03
901205,1961,50200.0,0,1,99,124,13,62,7,14,47,2,2,3,2,1,0,0,0,0,0,0,0,Master,Divorced,2014-03-22
901206,1960,67100.0,0,0,36,578,184,320,73,19,102,3,9,8,7,4,1,0,0,0,1,1,0,Master,Together,2014-01-04
901207,1975,73700.0,0,0,63,580,88,280,38,33,245,2,7,7,4,5,1,0,1,0,0,1,0,Graduation,Together,2013-09-30
901208,1968,42600.0,0,1,99,164,197,83,3,10,107,2,3,5,5,6,0,0,0,0,0,0,0,Master,Widow,2013-06-13
901209,1969,52600.0,1,1,30,53,0,6,0,0,0,2,1,0,2,7,0,0,0,0,0,0,0,Basic,Married,2013-01-24
901210,1941,71000.0,0,0,99,325,4,224,11,80,55,1,7,5,5,5,0,0,1,0,1,1,0,Graduation,Divorced,2012-08-13
901211,1977,34900.0,1,1,62,5,0,0,0,1,3,1,1,0,3,9,0,0,0,0,0,0,0,Graduation,Single,2012-08-17
901212,1972,105500.0,0,0,21,831,87,865,92,198,21,0,8,11,4,1,0,0,0,1,0,0,0,Graduation,Single,2012-09-20
901213,1973,66700.0,1,1,97,84,1,37,2,0,9,5,4,1,5,8,0,0,0,0,0,0,0,Graduation,Married,2013-04-01
901214,1971,53000.0,1,1,58,826,0,126,13,1,56,10,12,1,8,7,0,0,0,1,0,0,0,Master,Married,2013-01-21
901215,1969,40600.0,0,0,10,218,17,153,20,10,20,2,6,1,4,4,0,0,0,0,0,1,0,Graduation,Single,2013-05-19
901216,1957,70700.0,0,1,18,337,56,150,22,5,52,2,4,2,8,2,0,0,0,0,0,0,0,Graduation,Single,2013-12-01
901217,1968,61500.0,1,1,88,541,28,163,15,40,199,6,10,3,6,7,0,0,0,0,0,0,0,Graduation,Married,2013-07-19
901218,1983,35900.0,0,0,80,126,6,119,5,30,16,2,3,2,6,5,0,0,0,0,0,0,0,Graduation,Widow,2012-08-24
901219,1951,63400.0,0,0,35,639,21,545,62,33,20,1,7,6,7,3,0,0,0,0,0,0,0,Graduation,Married,2013-04-03
901220,1975,82000.0,0,0,47,300,193,481,11,140,60,0,4,3,13,2,0,0,0,0,0,1,0,Master,Together,2013-01-27
901221,1957,84600.0,0,1,41,297,38,544,86,32,29,2,4,4,6,2,0,0,0,0,0,0,0,2n Cycle,Single,2014-04-27
901222,1959,45300.0,0,1,55,94,0,57,11,10,94,5,5,1,8,7,0,0,0,0,0,0,0,Graduation,Married,2014-05-16
901223,1984,15900.0,0,0,16,2,1,12,0,2,8,1,1,0,2,8,0,0,0,0,0,0,0,2n Cycle,Together,2014-03-25
901224,1990,16400.0,1,0,59,6,13,13,11,15,11,3,3,0,4,7,0,0,0,0,0,0,0,Graduation,Together,2013-09-21
901225,1945,44800.0,0,2,38,679,0,104,16,99,245,7,8,6,7,9,0,0,0,1,0,1,0,Master,Married,2013-07-09
901226,1995,98500.0,0,0,48,856,95,489,157,101,32,1,5,4,11,2,0,0,0,0,0,1,0,Graduation,Single,2012-11-18
901227,1963,38700.0,0,1,91,46,2,7,3,0,1,1,1,0,3,4,0,0,0,0,0,1,0,2n Cycle,Single,2013-08-04
901228,1973,64200.0,0,1,61,357,8,109,43,11,56,5,4,5,9,3,0,0,0,0,0,0,0,Graduation,Together,2014-03-01
901229,1962,41800.0,0,1,37,130,50,92,39,35,55,2,8,1,5,7,0,0,0,0,0,0,0,Graduation,Single,2014-05-06
901230,1943,58700.0,0,0,76,1274,29,266,259,79,31,1,10,5,9,4,0,0,0,0,0,0,0,Graduation,Together,2013-03-20
901231,1943,106900.0,0,0,99,938,10,447,29,124,42,0,8,9,5,4,0,0,0,0,0,0,0,Graduation,Together,2013-05-06
901232,1963,36900.0,0,0,7,64,74,122,64,14,37,2,4,0,4,8,0,0,0,0,0,0,0,Graduation,Married,2012-11-14
901233,1959,79100.0,0,1,43,658,5,52,7,17,14,2,6,1,11,6,0,0,0,1,0,0,0,Graduation,Together,2013-05-09
901234,1952,52700.0,1,1,49,507,0,18,0,0,25,4,8,2,4,6,0,0,0,0,0,1,0,Graduation,Together,2014-03-27
901235,1947,79100.0,1,2,32,451,19,147,54,32,212,8,6,5,9,4,0,0,0,0,0,0,0,PhD,Together,2014-03-13
901236,1983,53100.0,1,0,0,244,48,168,3,14,20,4,11,1,8,8,0,0,0,0,0,0,0,Graduation,Married,2012-08-13
901237,1983,38600.0,1,1,14,32,0,18,6,0,6,3,1,0,5,4,0,0,0,0,0,0,0,Master,Single,2013-11-20
901238,1975,88100.0,0,0,14,474,3,683,136,52,7,2,4,6,8,1,0,0,0,0,0,0,0,Graduation,Together,2013-07-21
901239,1962,37900.0,1,1,39,12,1,7,3,2,11,2,2,0,3,5,0,0,0,0,0,0,0,Graduation,Together,2013-07-26
901240,1983,71200.0,0,0,54,1102,16,531,8,3,24,0,6,4,8,3,0,0,0,0,0,0,0,Graduation,Together,2012-12-19
901241,1975,26400.0,1,0,80,20,5,5,6,3,10,3,1,0,3,4,0,0,1,0,0,0,0,Master,Divorced,2013-05-12
901242,1966,47000.0,1,2,69,12,0,3,2,3,14,2,1,0,2,7,0,0,0,0,0,0,0,Master,Together,2012-09-02
901243,1968,21300.0,1,1,27,5,0,7,1,1,3,2,1,0,3,10,0,0,0,0,0,1,0,PhD,Married,2014-04-19
901244,1970,54500.0,1,1,32,37,1,6,0,0,1,2,1,0,3,6,0,0,0,0,0,1,0,Graduation,Single,2013-01-23
901245,1973,33700.0,0,0,44,58,31,107,173,64,40,6,2,2,4,8,0,0,0,0,0,0,0,Master,Married,2013-03-13
901246,1995,61400.0,0,0,57,537,197,1159,259,263,308,1,8,7,13,2,0,0,0,0,0,0,0,2n Cycle,Together,2013-06-11
901247,1955,79600.0,0,0,27,565,113,697,189,198,112,0,4,7,8,1,0,0,0,1,0,0,0,PhD,Widow,2012-09-21
901248,1977,79100.0,1,1,57,401,17,134,8,14,17,7,7,2,7,8,0,0,0,0,0,0,0,Master,Widow,2013-08-09
901249,1973,68800.0,0,1,27,738,0,91,1,0,13,3,6,4,7,6,0,0,0,0,0,0,0,PhD,Married,2013-03-07
901250,1959,60100.0,1,0,0,166,3,114,152,112,29,2,5,6,10,3,0,0,0,0,0,0,0,Graduation,Divorced,2013-07-27
901251,1963,46700.0,0,1,20,171,12,29,26,1,13,1,4,1,6,6,0,0,0,1,0,0,0,Graduation,Together,2014-03-10
901252,1988,15200.0,1,0,30,2,6,7,23,4,18,2,2,0,3,8,0,0,0,0,0,0,0,Graduation,Together,2013-11-26
901253,1984,37200.0,1,0,49,7,1,19,1,0,2,1,1,0,3,8,0,0,0,0,0,0,0,PhD,Single,2013-11-22
901254,1977,41500.0,0,1,35,174,9,30,4,6,48,2,2,1,5,7,0,0,0,0,0,0,0,Master,Together,2014-05-24
901255,1971,24100.0,0,1,65,11,5,6,3,6,12,2,1,0,2,6,0,0,0,0,0,0,0,Graduation,Married,2013-04-18
901256,1972,70800.0,0,0,23,809,13,910,13,43,25,1,6,4,7,6,0,0,1,0,0,1,0,PhD,Married,2012-11-02
901257,1964,32000.0,2,0,97,8,3,8,2,0,1,2,1,0,4,6,0,0,0,0,0,0,0,Basic,Married,2013-12-05
901258,1956,66800.0,0,0,21,255,197,150,24,94,29,1,5,4,5,1,0,0,0,0,0,0,0,Master,Married,2013-09-14
901259,1970,39100.0,1,1,77,3,1,3,5,1,6,2,1,0,2,4,0,0,0,0,0,0,0,Graduation,Single,2014-01-31
901260,1973,55100.0,0,0,63,73,3,76,9,3,120,2,3,4,6,3,0,0,0,0,0,0,0,PhD,Married,2013-11-19
901261,1972,39400.0,0,0,45,4,8,6,1,10,21,1,1,1,3,5,0,0,0,0,0,0,0,Master,Married,2013-01-02
901262,1968,24400.0,1,0,49,6,4,13,2,2,13,2,2,1,3,6,0,0,0,0,0,0,0,Graduation,Together,2014-03-09
901263,1968,60000.0,1,0,18,463,0,193,13,5,17,5,6,2,8,8,0,0,0,0,0,0,0,Master,Together,2013-12-04
901264,1990,50000.0,1,0,36,19,10,52,5,8,31,3,2,1,4,8,0,0,0,0,0,0,0,Master,Divorced,2013-09-08
901265,1977,61400.0,0,1,74,132,26,224,102,167,109,2,5,5,7,3,0,0,0,0,0,0,0,Graduation,Married,2014-04-29
901266,1975,34300.0,0,0,48,135,25,148,8,33,103,2,8,2,6,8,0,0,0,0,0,1,0,PhD,Together,2013-03-16
901267,1959,23200.0,1,1,37,9,1,5,2,1,1,1,1,0,2,8,0,0,0,0,0,0,0,Graduation,Single,2013-03-29
901268,1959,79100.0,0,2,70,644,8,182,31,15,82,7,7,3,11,8,0,0,0,0,0,1,0,PhD,Married,2013-10-02
901269,1974,72500.0,1,1,22,702,7,72,1,4,7,7,5,3,6,7,0,0,0,0,0,0,0,Graduation,Single,2013-12-21
901270,1980,53100.0,2,1,67,30,0,6,1,0,0,1,1,0,2,6,0,0,0,0,0,0,0,Graduation,Single,2013-10-18
901271,1981,40400.0,1,0,23,15,23,24,43,8,16,1,3,0,2,7,0,0,0,0,0,0,0,Graduation,Single,2012-08-23
901272,1967,43400.0,0,1,75,245,0,26,1,1,12,1,9,1,5,9,0,0,0,0,0,0,0,Graduation,Married,2013-04-30
901273,1978,32500.0,2,0,36,33,0,11,0,0,4,2,2,1,3,6,0,0,0,0,0,0,0,Graduation,Together,2014-06-11
901274,1967,16600.0,0,0,70,6,22,27,5,10,50,3,3,1,4,6,0,0,0,0,0,1,0,Graduation,Single,2014-06-15
901275,1956,21800.0,1,1,71,18,0,10,0,0,2,1,1,0,3,8,0,0,0,0,0,0,1,PhD,Married,2014-01-26
901276,1962,50300.0,0,1,37,128,1,17,0,1,9,1,6,1,3,9,0,0,0,1,0,0,0,2n Cycle,Married,2012-08-06
901277,1958,60100.0,0,1,28,533,15,71,150,8,92,2,10,5,5,6,0,0,0,0,0,0,0,Graduation,Married,2014-05-03
901278,1976,63400.0,0,1,60,274,8,235,85,25,39,3,3,6,5,3,0,0,0,0,0,0,0,Graduation,Together,2014-05-26
901279,1964,30300.0,1,1,64,7,0,1,3,1,2,1,1,0,3,5,0,0,1,0,0,0,0,Graduation,Married,2013-07-16
901280,1947,28600.0,1,1,81,73,1,7,1,1,8,2,2,1,3,5,0,0,0,0,0,0,0,Graduation,Single,2012-10-15
901281,1964,23200.0,1,1,53,53,11,16,11,2,5,2,1,0,5,7,0,0,0,0,0,0,0,Basic,Together,2014-06-10
901282,1962,42600.0,1,0,33,38,0,11,0,1,0,2,2,1,2,4,0,0,0,0,0,0,0,Graduation,Widow,2013-10-25
901283,1959,40800.0,0,0,88,435,116,351,18,18,25,3,7,3,10,8,0,0,0,0,0,0,0,Master,Together,2013-08-16
901284,1968,56700.0,0,1,80,176,19,132,46,41,33,4,9,3,5,7,0,0,0,0,0,1,0,Basic,Widow,2013-06-27
901285,1967,45300.0,1,1,0,12,1,18,0,2,8,2,1,0,3,5,0,0,0,0,0,0,0,Master,Single,2013-11-15
901286,1965,27500.0,0,0,53,17,1,9,2,0,3,2,2,0,3,7,0,0,0,0,0,0,0,Master,Single,2014-06-15
901287,1971,61600.0,0,1,93,549,0,39,3,5,140,5,6,2,6,6,0,0,0,0,0,1,0,Graduation,Divorced,2014-05-14
901288,1968,43400.0,0,1,56,6,2,7,4,1,19,1,1,1,3,3,0,0,0,0,0,0,0,PhD,Married,2013-08-29
901289,1971,27000.0,1,0,29,16,1,20,7,4,5,2,2,0,3,11,0,0,0,0,0,0,0,PhD,Married,2013-11-18
901290,1970,89000.0,0,2,32,639,1,371,67,12,48,4,4,7,11,2,0,0,0,0,0,0,0,PhD,Married,2013-05-07
901291,1948,59700.0,0,2,60,699,4,70,102,79,95,3,8,3,9,5,0,0,0,0,0,0,0,2n Cycle,Single,2014-05-29
901292,1960,68200.0,0,0,99,1396,197,415,140,19,229,1,8,11,13,5,0,0,0,0,0,0,0,Master,Divorced,2013-01-17
901293,1968,58200.0,0,0,59,410,20,157,48,3,47,6,6,3,8,7,0,0,0,1,0,1,0,PhD,Married,2014-01-02
901294,1978,28100.0,1,0,24,6,4,11,2,5,17,2,1,1,3,4,0,0,0,0,0,0,0,Graduation,Married,2012-11-04
901295,1974,22500.0,0,1,78,168,5,96,4,29,44,4,9,2,4,9,0,0,0,0,0,0,0,Graduation,Together,2013-02-15
901296,1966,24400.0,1,1,0,50,11,16,10,0,5,4,4,0,3,8,0,0,0,0,0,0,0,Graduation,Divorced,2012-12-07
901297,1973,28600.0,1,0,83,16,1,5,1,1,5,2,1,1,2,5,0,0,0,0,0,0,0,Basic,Together,2012-10-14
901298,1949,65600.0,0,1,12,1396,2,251,86,11,22,3,4,9,8,4,0,0,0,0,0,0,0,Master,Married,2013-01-13
901299,1982,80100.0,0,0,14,1252,9,496,32,33,34,1,7,5,13,3,1,0,0,0,1,0,0,Graduation,Married,2014-01-06
901300,1989,63100.0,0,1,54,401,7,512,259,108,158,3,4,10,5,4,0,0,0,0,0,0,0,2n Cycle,Together,2014-05-30
901301,1977,28200.0,1,1,57,6,16,12,29,9,44,4,3,0,5,4,0,0,0,0,0,0,0,Master,Single,2014-03-18
901302,1948,49700.0,0,1,20,256,14,105,56,6,68,3,4,6,8,4,0,0,0,0,0,0,0,PhD,Divorced,2012-12-01
901303,1962,68600.0,1,1,59,1141,7,137,51,32,32,2,6,5,8,8,0,0,0,1,1,1,0,Graduation,Married,2012-08-07
901304,1962,78000.0,0,1,76,1465,9,295,68,2,12,1,4,4,7,4,0,0,0,0,1,1,0,Graduation,Single,2014-05-03
901305,1971,21400.0,1,0,25,10,13,36,9,4,52,2,3,0,4,5,0,0,0,0,0,0,0,Master,Married,2014-03-29
901306,1975,61900.0,1,0,65,289,26,57,7,27,15,6,4,2,8,8,0,0,0,0,0,0,0,PhD,Single,2014-06-26
901307,1961,70600.0,0,1,74,650,18,302,24,198,22,1,11,5,4,5,1,0,0,1,0,0,0,Master,Together,2012-10-03
901308,1953,60000.0,0,1,69,399,30,183,106,17,51,4,17,3,7,5,0,0,0,0,0,0,0,Graduation,Single,2013-11-16
901309,1964,66000.0,0,1,65,340,0,51,3,10,44,4,7,2,8,6,0,0,0,0,0,0,0,Graduation,Single,2013-02-18
901310,1970,54200.0,1,0,59,56,1,23,6,1,14,3,2,1,4,5,0,0,0,0,0,0,0,PhD,Single,2013-07-13
901311,1960,74200.0,0,0,31,1253,58,404,62,7,59,0,6,3,10,7,1,0,0,1,1,1,0,Graduation,Together,2013-12-22
901312,1972,49600.0,0,1,19,314,6,292,42,43,51,9,7,1,8,8,0,0,0,0,0,0,0,Graduation,Married,2014-02-26
901313,1974,58700.0,0,0,66,371,18,296,12,76,55,2,1,3,10,1,0,0,0,0,0,0,0,Master,Married,2012-10-10
901314,1957,64600.0,1,1,67,63,0,7,0,0,1,2,1,1,3,4,0,0,0,0,0,0,0,Graduation,Single,2013-10-24
901315,1980,35400.0,1,0,76,119,2,334,30,25,94,6,4,2,5,11,0,0,1,0,0,0,0,Master,Single,2014-02-10
901316,1946,69000.0,0,0,67,508,125,588,43,110,245,1,6,10,6,2,1,0,1,0,1,0,0,PhD,Single,2013-09-26
901317,1983,33500.0,1,0,38,2,1,5,2,0,4,1,1,0,2,5,0,0,0,0,0,0,0,Graduation,Together,2013-08-15
901318,1990,21100.0,2,0,39,5,8,18,22,5,11,2,2,0,2,9,0,0,0,0,0,1,0,PhD,Married,2012-10-16
901319,1958,67300.0,0,1,36,246,6,71,105,7,22,4,6,2,8,6,0,0,0,0,0,0,0,Graduation,Single,2014-03-20
901320,1978,86600.0,0,1,25,709,8,771,259,9,40,0,3,6,6,1,0,0,0,0,0,0,0,Graduation,Married,2013-06-09
901321,1963,58400.0,2,1,51,66,0,27,3,0,20,3,3,1,5,4,0,0,0,0,0,0,0,Master,Married,2014-01-02
901322,1959,44100.0,0,0,0,363,47,394,31,140,18,2,2,7,5,0,0,0,0,0,0,0,0,Graduation,Divorced,2013-07-14
901323,1971,64900.0,0,0,99,771,39,314,12,12,160,3,3,4,9,3,1,0,0,1,0,1,0,Graduation,Single,2014-05-17
901324,1978,87100.0,0,1,72,1249,57,412,74,198,88,2,3,6,10,3,0,0,0,0,1,1,0,Graduation,Single,2013-04-24
901325,1953,82500.0,0,0,19,769,113,172,253,103,28,1,4,11,9,3,1,1,0,1,1,0,0,Graduation,Together,2012-10-31
901326,1963,31500.0,1,1,81,42,2,28,7,7,6,2,2,0,5,6,0,0,0,0,0,0,0,PhD,Together,2012-12-25
901327,1986,12100.0,1,0,16,16,0,13,8,2,8,3,1,1,3,7,0,0,0,0,0,0,0,Master,Married,2013-09-11
901328,1990,34600.0,1,0,51,14,3,35,9,13,18,3,2,2,3,6,0,0,0,0,0,0,0,Graduation,Married,2012-11-17
901329,1991,15400.0,1,0,60,1,4,4,19,13,6,1,1,0,2,6,0,0,0,0,0,0,0,Graduation,Married,2014-04-15
901330,1987,40600.0,0,1,2,19,11,31,16,17,7,2,3,0,5,4,0,0,0,0,0,0,0,Graduation,Married,2012-11-11
901331,1950,27300.0,1,1,80,5,1,4,2,3,3,2,2,0,2,9,0,0,0,0,0,0,0,Master,Single,2013-06-29
901332,1950,84800.0,0,0,34,621,158,572,31,13,81,1,4,5,6,2,1,1,0,1,1,1,0,Graduation,Married,2012-09-23
901333,1969,62400.0,0,0,88,283,75,154,3,23,12,1,5,4,9,2,0,0,0,0,0,0,0,PhD,Divorced,2013-05-27
901334,1984,20400.0,1,0,27,28,3,16,3,0,29,2,3,0,3,7,0,0,0,0,0,0,0,Graduation,Divorced,2013-05-14
901335,1954,60500.0,0,0,28,426,14,198,12,18,16,3,7,3,8,4,0,0,0,1,0,0,0,Graduation,Married,2014-06-14
901336,1969,38600.0,1,1,0,165,4,46,6,6,33,7,7,3,3,8,0,0,0,0,0,0,0,PhD,Together,2013-08-02
901337,1975,39200.0,1,1,58,492,7,77,1,7,27,8,7,6,5,7,0,0,0,0,0,0,0,Graduation,Single,2014-05-05
901338,1983,94400.0,0,1,14,1396,197,695,105,97,47,7,8,5,11,4,0,0,0,0,0,0,0,PhD,Single,2014-05-18
901339,1940,36900.0,0,0,90,50,3,34,24,7,30,2,4,1,3,9,0,0,0,0,0,0,0,PhD,Married,2013-02-04
901340,1970,37900.0,1,0,57,50,0,41,6,5,60,4,3,1,5,10,0,0,0,0,0,0,0,PhD,Single,2013-09-02
901341,1971,75800.0,0,1,55,1286,5,49,8,1,36,2,4,2,13,3,0,0,0,0,0,0,0,PhD,Together,2012-12-29
901342,1977,48000.0,0,1,54,938,83,470,26,28,39,7,17,2,12,8,0,0,0,0,0,0,0,Master,Together,2014-03-02
901343,1975,30300.0,1,0,10,11,0,5,2,0,1,2,1,0,3,6,0,0,0,0,0,0,0,Graduation,Divorced,2012-11-29
901344,1968,75700.0,0,0,61,649,3,423,2,3,2,2,7,8,9,4,1,0,0,0,1,0,0,Graduation,Together,2013-05-17
901345,1967,58700.0,0,0,93,841,33,120,7,2,123,2,5,2,4,4,0,0,0,0,0,0,0,Master,Widow,2013-07-06
901346,1947,64800.0,0,1,11,1240,71,103,16,9,18,2,7,2,13,5,0,0,0,0,0,0,0,Graduation,Together,2013-07-27
901347,1964,38400.0,0,1,5,431,0,40,1,2,9,3,4,1,7,7,0,0,0,0,0,0,0,PhD,Together,2012-12-28
901348,1978,46400.0,0,1,46,63,82,220,23,70,39,4,3,5,4,3,0,0,0,0,0,0,0,Graduation,Married,2012-12-12
901349,1962,49800.0,1,0,24,169,4,84,58,29,24,3,8,2,5,8,0,0,0,0,0,0,0,Graduation,Divorced,2014-01-14
901350,1971,77400.0,0,0,34,348,197,94,259,230,23,0,8,1,12,3,0,0,0,0,0,0,0,PhD,Married,2012-11-24
901351,1969,78000.0,0,0,74,689,33,188,15,74,35,0,6,5,8,3,1,0,0,1,0,1,0,Graduation,Married,2013-03-24
901352,1966,27500.0,1,1,46,47,6,53,3,9,3,3,3,1,4,6,0,0,0,0,0,0,0,Graduation,Married,2014-05-03
901353,1980,63900.0,1,0,38,125,3,56,17,108,40,3,3,1,7,5,0,0,0,0,0,0,0,PhD,Widow,2013-06-24
901354,1980,80300.0,0,0,0,992,15,981,145,198,75,1,6,5,5,2,0,0,0,0,1,1,0,Graduation,Together,2013-06-05
901355,1963,64600.0,0,1,38,511,33,238,259,62,115,2,3,4,13,2,0,0,0,0,0,0,0,Graduation,Married,2014-03-22
901356,1978,35800.0,1,0,62,22,6,11,12,3,26,2,1,0,3,6,0,0,0,0,0,0,0,Master,Married,2013-08-03
901357,1974,25700.0,2,0,23,16,0,10,1,3,7,2,1,1,3,6,0,0,0,0,0,0,0,PhD,Married,2014-03-05
901358,1981,46800.0,0,1,21,17,1,5,3,4,6,1,2,0,3,6,0,0,0,0,0,0,0,Graduation,Single,2012-11-29
901359,1984,39400.0,0,0,31,32,3,19,4,3,5,2,4,0,2,9,0,0,0,0,0,0,0,Graduation,Single,2013-09-08
901360,1964,128900.0,0,0,28,941,34,123,14,64,15,1,6,5,11,4,0,0,0,0,0,0,0,Master,Married,2014-06-14
901361,1969,86900.0,0,0,8,495,82,474,8,20,15,1,10,5,6,4,1,0,1,0,0,0,0,2n Cycle,Married,2014-04-27
901362,1967,61500.0,0,1,7,789,5,98,4,10,34,3,7,2,9,6,0,0,0,0,0,0,0,PhD,Together,2012-11-27
901363,1961,38000.0,0,1,74,503,8,547,18,40,153,8,15,2,9,7,0,0,1,0,0,0,0,PhD,Married,2014-01-17
901364,1960,39100.0,0,1,58,233,0,38,2,0,5,4,4,2,5,5,0,0,0,0,0,1,0,2n Cycle,Married,2012-09-03
901365,1972,17100.0,1,0,33,6,3,13,1,3,3,2,2,1,2,8,0,0,0,0,0,0,0,Graduation,Married,2013-05-21
901366,1968,47000.0,1,1,52,30,0,17,0,2,4,2,1,1,3,5,0,0,0,0,0,0,0,Graduation,Married,2013-01-20
901367,1964,66300.0,0,1,8,311,30,85,13,43,12,2,3,2,10,4,0,0,0,0,0,0,0,PhD,Together,2014-01-26
901368,1965,47200.0,0,0,76,114,1,60,8,3,12,3,5,1,8,7,0,0,0,0,0,0,0,Master,Divorced,2012-11-21
901369,1979,74200.0,0,1,98,1493,7,461,46,198,14,1,8,9,13,4,0,0,0,1,0,1,0,Master,Married,2014-03-21
901370,1983,36300.0,1,0,82,135,15,139,3,9,108,4,6,1,4,8,0,0,0,0,0,0,0,Master,Divorced,2012-09-09
901371,1970,77800.0,0,1,34,292,20,243,29,25,49,2,5,6,9,2,0,0,0,0,0,0,0,Graduation,Single,2013-09-21
901372,1960,51600.0,1,1,83,1171,1,103,2,1,10,4,12,1,10,7,0,0,0,0,0,0,0,2n Cycle,Divorced,2013-06-19
901373,1981,46300.0,1,0,55,132,197,263,238,263,99,1,5,3,11,2,0,0,0,0,0,0,1,Graduation,Together,2013-09-07
901374,1972,49400.0,1,1,27,230,109,77,259,45,111,2,5,3,12,3,0,0,0,0,0,0,0,PhD,Together,2013-01-14
901375,1961,55500.0,0,1,86,673,6,137,10,34,25,2,5,4,13,5,0,0,0,0,0,0,0,PhD,Together,2013-06-26
901376,1983,21400.0,1,0,27,5,2,9,27,17,7,3,2,0,4,6,0,0,0,0,0,1,0,Master,Married,2012-09-28
901377,1958,50400.0,0,1,80,514,10,76,15,96,35,4,3,4,13,4,0,0,0,0,0,0,0,Graduation,Single,2013-09-11
901378,1974,36800.0,1,1,38,45,19,82,15,4,258,3,5,1,4,5,0,0,0,0,0,0,0,Graduation,Married,2012-09-15
901379,1961,93500.0,0,0,51,1427,40,259,114,14,30,1,5,6,8,5,0,0,1,1,0,0,0,Graduation,Single,2012-10-11
901380,1984,60300.0,1,0,24,175,78,115,39,2,191,3,4,8,8,4,0,0,0,0,0,0,0,PhD,Together,2012-09-09
901381,1978,74600.0,0,1,96,401,2,522,13,52,18,4,4,5,10,4,0,0,0,0,0,0,0,Graduation,Married,2013-04-27
901382,1961,58800.0,0,2,52,702,22,168,34,5,11,10,11,4,8,7,0,0,0,0,0,1,0,Graduation,Single,2013-04-20
901383,1991,11500.0,1,0,9,0,3,4,11,3,11,1,1,1,2,7,0,0,0,0,0,0,0,Graduation,Divorced,2013-04-10
901384,1971,65500.0,0,1,12,503,35,468,25,7,9,2,6,3,8,5,0,0,0,0,0,0,0,PhD,Divorced,2012-11-23
901385,1971,80700.0,0,1,33,901,6,637,45,19,64,4,11,3,13,5,1,1,0,0,1,1,0,PhD,Single,2013-10-12
901386,1986,26900.0,1,0,67,13,1,14,4,0,3,1,1,0,3,8,0,0,0,0,0,0,0,Graduation,Single,2012-09-13
901387,1968,77700.0,0,0,50,305,33,299,187,49,295,1,4,8,7,3,0,0,0,0,0,0,0,2n Cycle,Together,2013-06-29
901388,1970,92300.0,0,0,65,382,54,411,27,33,21,1,4,4,9,2,0,0,1,1,0,1,0,2n Cycle,Divorced,2012-12-30
901389,1995,21000.0,0,0,62,1,2,5,2,9,0,1,1,0,3,4,0,0,0,0,0,0,0,Graduation,Single,2013-05-28
901390,1981,28900.0,2,0,58,5,3,8,14,4,9,2,2,0,2,5,0,0,0,0,0,0,0,Basic,Single,2014-06-20
901391,1977,60100.0,0,0,26,871,197,1573,185,150,118,2,5,11,13,3,0,0,0,0,0,0,0,Graduation,Together,2013-12-18
901392,1965,76900.0,0,0,10,129,5,166,7,11,89,0,3,3,5,1,0,0,0,0,0,0,0,Graduation,Single,2013-09-26
901393,1962,49700.0,1,0,16,542,6,101,3,17,225,5,9,3,8,12,0,0,0,0,0,1,0,Graduation,Married,2014-02-09
901394,1966,32600.0,0,1,81,51,3,25,0,1,4,3,1,2,3,3,0,0,0,0,0,0,0,2n Cycle,Divorced,2013-08-05
901395,1980,15000.0,0,0,38,2,34,9,14,7,26,1,2,0,3,7,0,0,0,0,0,0,0,Graduation,Together,2013-08-05
901396,1961,86000.0,0,0,40,1213,6,392,23,5,15,1,7,8,9,4,0,0,0,0,0,1,0,Graduation,Married,2013-04-26
901397,1979,51800.0,0,1,99,199,4,405,19,263,60,3,5,2,11,6,0,0,0,1,0,0,0,2n Cycle,Single,2013-03-06
901398,1964,52000.0,1,1,49,44,0,10,1,0,4,3,2,0,2,5,0,0,0,0,0,0,0,Graduation,Together,2014-05-31
901399,1982,44000.0,0,1,99,27,2,45,1,2,7,1,3,0,3,4,0,0,0,0,0,0,0,PhD,Together,2014-05-07
901400,1968,65000.0,0,1,22,278,5,139,0,11,36,1,2,8,4,3,0,0,0,0,0,0,0,Graduation,Together,2012-12-12
901401,1971,68500.0,0,1,41,718,4,167,24,10,39,2,11,6,6,9,0,0,0,0,0,1,0,Graduation,Married,2013-12-30
901402,1965,24600.0,1,1,33,18,2,18,8,3,5,1,1,0,3,7,0,0,0,0,0,1,0,Graduation,Together,2012-08-09
901403,1952,48700.0,0,1,60,158,42,50,8,9,14,5,4,1,7,5,0,0,0,0,0,0,0,Graduation,Married,2012-11-18
901404,1956,44700.0,1,1,0,72,0,4,0,0,4,1,1,0,2,6,0,0,0,0,0,0,0,Graduation,Married,2013-08-01
901405,1944,52900.0,0,1,48,163,5,20,1,1,17,2,2,1,4,8,0,0,1,0,0,0,0,2n Cycle,Single,2014-02-21
901406,1971,64900.0,0,0,37,223,197,147,105,95,176,2,4,5,13,2,0,0,0,0,0,0,0,Master,Married,2014-04-24
901407,1981,74000.0,0,1,35,723,7,432,6,4,75,3,4,5,11,5,0,0,1,0,0,1,0,PhD,Married,2012-08-07
901408,1977,34100.0,1,0,34,34,1,14,5,2,6,1,2,1,3,4,0,0,0,0,0,0,0,Graduation,Together,2013-02-04
901409,1963,64600.0,1,1,31,82,1,12,4,3,4,3,3,0,4,5,0,0,0,0,0,0,0,Master,Married,2014-01-22
901410,1960,14600.0,0,1,91,21,4,16,12,4,43,2,1,1,4,9,0,0,0,0,0,1,0,Graduation,Married,2012-08-03
901411,1945,28200.0,0,2,46,95,1,16,1,0,58,2,4,1,2,6,0,0,0,1,0,1,0,Master,Widow,2012-10-28
901412,1971,31500.0,0,0,78,344,2,32,34,6,107,2,8,2,6,7,0,0,0,0,0,0,0,Master,Married,2012-12-26
901413,1960,19100.0,1,0,36,23,2,14,2,4,21,3,2,1,3,7,0,0,0,0,0,0,0,Master,Together,2013-04-21
901414,1960,21900.0,1,1,0,5,3,3,2,2,9,2,1,0,4,3,0,0,1,0,0,0,0,Graduation,Married,2014-06-28
901415,1965,48600.0,1,1,39,49,21,59,9,15,14,5,4,0,3,10,0,0,0,0,0,1,0,Master,Widow,2013-08-20
901416,1981,11100.0,1,0,34,15,11,19,10,5,52,3,4,1,3,6,0,0,0,0,0,0,0,Master,Single,2013-01-20
901417,1980,18900.0,1,0,82,20,2,18,1,2,24,3,2,1,2,10,0,0,0,0,0,0,0,2n Cycle,Together,2013-11-27
901418,1958,67700.0,0,1,99,109,4,70,3,7,2,1,4,1,6,5,0,0,0,0,0,1,0,Graduation,Married,2013-04-04
901419,1978,54200.0,1,0,76,73,4,84,15,10,27,2,2,0,4,5,0,0,1,0,0,0,0,PhD,Together,2012-11-22
901420,1984,46900.0,1,0,7,148,0,38,0,0,8,3,4,1,7,8,1,0,0,0,0,0,0,Master,Single,2013-03-08
901421,1976,22100.0,1,0,28,8,4,23,4,11,51,2,2,1,3,5,0,0,0,0,0,0,0,Graduation,Together,2012-11-29
901422,1978,38400.0,1,1,27,38,21,10,5,10,52,2,2,0,3,5,0,0,0,0,0,0,0,Master,Single,2013-08-13
901423,1982,21100.0,1,0,16,3,4,6,5,5,11,1,1,0,2,7,0,0,0,0,0,0,0,Graduation,Married,2013-03-26
901424,1952,64600.0,0,1,0,256,104,120,44,16,107,2,6,2,6,6,0,0,1,0,0,0,0,PhD,Widow,2014-03-28
901425,1971,46400.0,0,1,67,313,64,802,54,37,59,2,4,5,11,3,0,0,0,0,0,0,0,Graduation,Married,2013-10-19
901426,1965,52300.0,0,0,34,71,23,37,27,6,91,1,4,1,4,7,0,0,0,0,0,0,0,Graduation,Single,2013-04-14
901427,1972,64800.0,0,0,99,371,6,303,11,2,18,3,2,6,7,2,0,0,0,0,0,0,0,Graduation,Married,2012-09-30
901428,1961,47300.0,0,0,99,105,0,14,1,1,38,1,5,2,5,5,0,0,1,0,0,1,0,PhD,Together,2013-06-15
901429,1977,28900.0,1,1,65,17,6,17,1,1,8,2,2,0,3,5,0,0,0,0,0,0,0,PhD,Married,2013-12-22
901430,1977,17800.0,1,0,56,7,0,7,3,3,12,2,1,1,2,10,0,0,0,0,0,0,0,PhD,Together,2012-10-16
901431,1970,30100.0,0,0,50,16,6,21,3,2,21,2,2,0,4,5,0,0,0,0,0,0,0,Graduation,Married,2014-05-02
901432,1975,62800.0,0,0,64,344,197,807,21,220,85,1,7,6,9,3,0,0,0,0,0,0,0,PhD,Married,2012-09-02
901433,1990,51600.0,1,1,59,194,0,40,0,2,29,2,4,1,4,9,0,0,0,0,0,0,0,Graduation,Divorced,2013-07-07
901434,1969,19500.0,1,0,99,19,4,37,4,2,14,3,2,1,3,5,0,0,0,0,0,0,0,Graduation,Widow,2014-04-09
901435,1959,41200.0,0,1,48,133,41,106,21,33,49,4,5,1,6,6,0,0,0,0,0,0,0,Graduation,Together,2013-04-08
901436,1955,61600.0,0,1,47,143,3,98,12,75,40,2,2,5,2,2,0,0,0,0,0,0,0,Graduation,Together,2014-03-31
901437,1977,18800.0,1,0,51,12,2,11,2,3,7,2,1,0,2,10,0,0,0,0,0,1,0,Graduation,Married,2013-04-27
901438,1952,81300.0,0,0,52,718,18,158,5,2,3,1,7,4,6,4,0,0,0,0,0,0,0,Graduation,Married,2013-10-31
901439,1977,73800.0,0,0,27,482,33,346,178,263,141,1,13,6,8,4,0,0,0,0,0,0,0,2n Cycle,Married,2014-02-13
901440,1991,64600.0,0,0,35,386,20,268,73,38,104,1,4,6,6,4,0,0,1,0,0,1,0,Graduation,Single,2014-04-21
901441,1973,49100.0,0,1,70,1396,197,316,77,27,56,6,8,3,13,8,0,0,0,0,0,0,0,Graduation,Married,2012-09-16
901442,1962,74900.0,0,1,23,900,6,332,82,20,7,2,4,3,5,3,0,1,0,0,0,0,0,Master,Single,2012-09-01
901443,1972,94500.0,0,0,61,1396,138,264,94,174,33,1,9,6,11,2,0,0,0,0,0,0,0,PhD,Married,2013-06-07
901444,1970,39000.0,1,0,47,8,7,14,0,1,9,2,2,0,3,6,0,0,0,0,0,0,0,Graduation,Married,2014-05-08
901445,1982,20400.0,2,0,20,5,3,13,22,4,14,1,1,1,2,7,0,0,0,0,0,0,0,Graduation,Married,2014-01-23
901446,1970,54800.0,1,1,35,270,2,98,47,12,82,6,6,1,5,8,0,0,0,0,0,0,0,Graduation,Married,2014-03-04
901447,1973,62500.0,0,0,35,165,0,37,4,1,15,2,4,4,3,2,0,0,0,0,0,0,0,Graduation,Single,2013-06-25
901448,1962,36400.0,1,1,44,17,0,8,2,0,6,1,1,0,3,6,0,0,0,0,0,0,0,PhD,Single,2012-08-24
901449,1978,65200.0,0,1,45,1243,2,266,9,28,138,3,4,2,13,9,0,1,1,1,1,1,0,PhD,Together,2013-05-03
901450,1986,34200.0,2,0,53,15,2,12,3,3,12,2,3,1,2,6,0,0,0,0,0,0,0,PhD,Single,2014-02-24
901451,1966,17700.0,0,1,42,5,7,15,5,12,20,4,4,1,4,5,0,0,0,0,0,0,0,Graduation,Married,2014-03-15
901452,1945,79300.0,0,0,70,176,84,186,259,263,30,1,2,7,6,3,0,0,0,0,0,0,0,Master,Together,2012-11-16
901453,1975,52300.0,1,0,41,465,54,237,17,6,34,4,12,1,9,7,1,0,0,0,0,0,0,2n Cycle,Together,2013-11-22
901454,1969,60200.0,0,0,72,589,40,231,7,6,40,2,4,5,9,6,0,0,0,0,0,0,0,Master,Widow,2013-08-17
901455,1965,52100.0,0,1,31,1381,0,92,0,1,9,5,4,3,10,7,0,0,0,1,0,0,0,Graduation,Together,2012-09-26
901456,1971,87200.0,0,0,0,207,26,92,24,71,67,1,6,2,10,2,0,0,0,0,0,0,0,Master,Together,2014-06-18
901457,1974,31600.0,1,1,50,11,0,6,0,1,0,1,2,0,2,7,0,0,0,0,0,0,0,Master,Single,2013-11-23
901458,1960,75400.0,1,1,46,937,1,40,12,2,13,7,7,1,9,7,0,0,0,0,0,0,0,PhD,Single,2013-05-13
901459,1977,18900.0,1,0,27,7,6,12,13,7,9,2,2,0,2,10,0,0,0,0,0,0,0,Graduation,Married,2012-10-25
901460,1983,98300.0,0,1,32,885,19,267,24,37,78,2,6,5,9,4,0,0,1,1,1,0,0,Graduation,Divorced,2013-03-12
901461,1965,29700.0,0,1,47,49,1,10,2,2,6,1,1,0,3,7,0,0,0,0,0,1,0,Graduation,Married,2013-05-16
901462,1952,44200.0,1,0,46,125,67,216,109,157,29,3,8,1,5,8,0,0,0,0,0,0,0,Graduation,Married,2012-08-25
901463,1965,64600.0,1,1,36,28,2,2,0,1,6,1,1,1,3,6,0,0,0,0,0,0,0,Graduation,Married,2014-05-15
901464,1981,64600.0,0,0,69,385,25,310,15,57,245,1,3,6,5,5,0,0,0,0,0,1,0,Graduation,Widow,2013-04-04
901465,1956,46900.0,1,1,68,16,0,7,2,0,2,2,1,0,3,4,0,0,0,0,0,1,0,PhD,Together,2012-11-04
901466,1976,66400.0,0,1,41,1493,0,129,1,13,51,2,5,4,13,4,1,0,0,1,1,0,0,Master,Single,2013-11-13
901467,1962,62800.0,0,1,50,801,7,108,9,24,138,3,4,2,6,7,1,0,0,0,1,0,0,PhD,Together,2014-06-24
901468,1977,50900.0,0,1,57,188,197,964,115,226,182,2,3,5,11,3,0,0,0,0,0,0,0,PhD,Single,2014-01-03
901469,1976,54300.0,0,1,33,174,9,96,14,4,2,4,2,4,4,1,0,0,0,0,0,0,0,Graduation,Married,2012-12-30
901470,1963,26900.0,0,0,77,96,4,28,9,3,96,1,4,1,3,8,0,0,0,0,0,0,0,Master,Single,2014-05-20
901471,1969,76400.0,0,2,23,176,197,263,111,111,83,2,5,3,10,2,0,0,0,0,0,0,0,Master,Married,2012-12-30
901472,1969,80000.0,0,0,30,133,137,224,61,263,125,1,4,4,11,0,0,0,0,0,0,0,0,Master,Together,2012-09-22
901473,1966,65800.0,0,1,0,410,63,134,135,97,70,4,5,3,8,5,0,0,0,0,0,0,0,Graduation,Married,2013-02-28
901474,1975,18900.0,1,0,36,16,4,14,5,2,18,3,1,1,3,6,0,0,0,0,0,0,0,Graduation,Together,2012-10-09
901475,1960,71400.0,0,0,48,335,197,1477,259,16,127,1,4,7,8,2,0,0,0,0,0,0,0,Graduation,Married,2013-01-21
901476,1964,86200.0,0,1,80,528,29,112,17,13,36,2,11,3,10,8,0,0,0,0,0,0,0,Master,Divorced,2013-11-17
901477,1983,32700.0,1,0,90,11,0,24,7,2,14,1,1,1,2,9,0,0,0,0,0,0,0,Basic,Married,2013-02-15
901478,1973,20900.0,0,0,62,3,4,4,1,0,4,2,1,0,2,13,0,0,0,0,0,0,0,PhD,Married,2014-03-02
901479,1979,28700.0,0,0,40,2,4,5,2,0,13,0,1,0,2,6,0,0,0,0,0,0,0,2n Cycle,Divorced,2013-04-25
901480,1958,60700.0,1,2,78,73,2,7,4,1,1,2,1,1,5,3,0,0,0,0,0,0,0,Graduation,Single,2013-11-29
901481,1979,69200.0,0,0,51,1493,184,286,46,12,20,1,3,7,13,3,0,0,1,1,0,1,0,PhD,Married,2013-06-08
901482,1968,50900.0,0,1,73,330,9,49,3,3,80,1,6,3,3,6,0,0,0,1,0,0,0,Master,Married,2014-04-20
901483,1944,81500.0,0,1,87,316,45,39,73,28,39,1,5,4,11,2,0,0,0,0,0,1,0,2n Cycle,Together,2014-05-07
901484,1963,46900.0,0,1,27,262,8,55,5,5,23,1,5,2,5,9,0,0,0,0,0,1,0,PhD,Together,2012-12-12
901485,1964,58900.0,0,1,45,305,53,104,12,151,139,3,9,6,8,5,1,0,1,1,1,1,0,Graduation,Married,2012-11-29
901486,1966,34800.0,1,0,48,9,0,2,4,3,9,1,1,1,2,6,0,0,0,0,0,0,0,Graduation,Together,2013-02-18
901487,1963,38300.0,1,1,43,73,2,57,1,16,38,3,4,2,3,8,0,0,0,0,0,0,0,Graduation,Single,2014-04-09
901488,1956,51900.0,0,1,9,737,11,172,3,6,22,6,6,3,8,9,0,0,1,0,0,0,0,Graduation,Single,2014-02-18
901489,1962,45500.0,1,0,12,15,1,19,2,1,2,1,2,0,4,5,0,0,0,0,0,0,0,Graduation,Single,2013-03-23
901490,1980,66400.0,0,1,82,248,29,241,35,19,147,2,6,6,7,4,0,0,0,0,0,0,0,Graduation,Married,2013-04-22
901491,1971,36600.0,1,1,28,20,0,3,0,1,7,2,1,0,3,7,0,0,0,0,0,0,0,2n Cycle,Married,2012-09-15
901492,1981,66700.0,0,0,83,323,7,149,42,29,67,1,2,10,4,1,0,0,0,0,0,0,0,2n Cycle,Married,2014-03-20
901493,1953,70600.0,0,1,37,135,3,36,10,10,49,3,3,4,5,4,0,0,0,0,0,0,0,2n Cycle,Divorced,2013-02-08
901494,1984,40200.0,1,0,42,127,39,193,193,57,53,2,7,1,8,7,0,0,0,0,0,0,0,2n Cycle,Married,2013-10-10
901495,1966,39000.0,2,0,99,57,0,22,1,12,16,3,4,0,4,9,0,0,0,0,0,0,0,Graduation,Divorced,2013-01-26
901496,1975,82200.0,0,0,24,978,193,876,253,198,84,1,4,5,13,6,0,0,0,0,0,1,0,Graduation,Together,2012-08-30
901497,1973,29800.0,1,0,33,37,1,31,3,1,7,2,3,0,3,9,0,0,0,0,0,0,0,2n Cycle,Married,2013-12-19
901498,1954,91000.0,0,0,6,534,1,58,0,33,245,0,4,4,11,3,0,0,0,1,0,1,0,Graduation,Divorced,2013-08-06
901499,1973,45900.0,1,1,96,21,1,13,2,0,10,1,1,0,3,8,0,0,0,0,0,0,0,Graduation,Together,2014-02-14
901500,1983,18600.0,1,0,44,17,2,8,10,4,12,2,2,0,2,8,0,0,0,0,0,0,0,Graduation,Married,2014-03-18
901501,1979,75000.0,0,1,62,246,177,88,36,6,227,3,4,2,8,3,0,0,0,0,0,0,0,2n Cycle,Single,2014-04-09
901502,1960,59100.0,0,0,36,374,57,145,17,49,240,1,4,4,3,1,1,0,1,0,1,0,0,Graduation,Single,2014-04-07
901503,1959,64400.0,0,1,42,316,165,122,86,69,241,3,5,2,10,5,0,0,0,0,0,0,0,PhD,Together,2013-06-02
901504,1959,37800.0,0,1,10,183,7,41,6,10,121,3,9,2,4,7,0,0,0,0,0,0,0,PhD,Together,2013-10-08
901505,1961,32100.0,1,1,16,33,0,5,4,1,8,2,1,0,3,6,0,0,1,0,0,0,0,Graduation,Single,2013-08-20
901506,1977,93700.0,0,0,65,486,18,981,253,94,33,0,3,10,7,1,0,0,1,1,1,1,0,Master,Married,2013-11-19
901507,1941,65500.0,0,0,63,423,30,460,16,75,11,3,4,7,6,4,1,0,0,0,0,0,0,Graduation,Divorced,2013-02-22
901508,1960,32400.0,0,1,99,14,0,3,1,0,0,0,1,0,2,6,0,0,0,0,0,0,0,Master,Married,2013-04-29
901509,1965,51800.0,0,1,38,123,9,164,36,10,59,2,5,5,5,6,0,0,0,0,0,0,0,Graduation,Married,2013-06-05
901510,1978,34000.0,1,1,71,11,7,16,1,2,8,3,2,1,4,3,0,0,0,0,0,0,0,Graduation,Married,2013-03-07
901511,1948,67300.0,1,0,70,249,193,221,139,80,245,1,5,9,7,4,0,0,0,0,0,0,0,PhD,Divorced,2012-09-18
901512,1992,29200.0,0,1,43,157,14,179,0,4,13,2,7,2,5,8,0,0,0,0,0,0,0,Master,Divorced,2013-10-12
901513,1974,36900.0,1,0,34,43,1,26,15,7,3,2,4,1,2,5,0,0,0,1,0,0,0,Graduation,Together,2013-09-17
901514,1977,58600.0,0,0,28,183,122,163,9,4,33,0,3,3,11,2,0,0,0,0,0,0,0,2n Cycle,Together,2013-11-21
901515,1990,13700.0,1,0,55,2,1,2,0,2,3,2,1,1,2,9,0,0,0,0,0,0,0,Master,Together,2014-04-03
901516,1978,39000.0,2,0,74,24,0,14,0,1,2,2,1,0,4,5,0,0,0,0,0,0,0,Graduation,Single,2014-06-17
901517,1978,57700.0,1,1,48,235,14,90,1,5,31,4,5,2,3,8,0,0,0,0,0,0,0,Graduation,Married,2014-06-01
901518,1968,43600.0,0,0,46,321,4,33,35,18,22,2,5,2,5,8,0,0,0,0,0,1,0,PhD,Single,2012-11-05
901519,1961,61200.0,0,0,73,30,18,28,6,5,7,2,2,1,4,6,0,0,0,0,0,0,0,Master,Married,2013-08-31
901520,1968,57200.0,0,0,19,317,193,390,173,64,235,1,6,6,6,4,1,0,0,0,1,0,0,Graduation,Married,2013-05-08
901521,1980,25600.0,1,0,20,1,11,11,37,8,10,2,2,0,4,6,0,0,0,0,0,0,0,Graduation,Together,2013-08-20
901522,1965,50900.0,1,1,58,108,1,27,0,15,7,6,5,2,4,7,0,0,0,0,0,0,0,Graduation,Married,2013-06-24
901523,1977,39000.0,0,1,76,162,4,107,114,12,57,3,8,3,6,7,0,0,0,0,0,0,0,Graduation,Married,2013-08-16
901524,1961,41400.0,0,1,45,599,2,35,0,2,82,6,5,2,7,4,0,0,0,0,0,1,0,Graduation,Together,2013-10-24
901525,1958,58900.0,1,1,92,63,49,112,22,18,112,2,4,3,5,5,0,0,1,0,0,0,0,Graduation,Together,2012-08-27
901526,1972,62600.0,0,1,14,108,16,103,44,17,13,2,4,2,6,2,0,0,0,0,0,0,0,Graduation,Single,2012-08-04
901527,1957,87900.0,0,2,48,171,3,40,14,4,53,3,3,2,4,2,0,0,0,0,0,0,0,Graduation,Married,2013-11-30
901528,1969,53300.0,0,0,81,487,23,466,89,2,39,2,1,4,6,2,0,0,0,0,0,0,0,Graduation,Divorced,2013-06-17
901529,1977,30700.0,2,1,53,9,2,16,19,3,29,4,1,0,4,7,0,0,1,0,0,0,0,Basic,Married,2013-07-24
901530,1969,86600.0,0,0,66,619,127,229,24,198,59,2,5,6,7,7,0,0,1,1,0,1,0,Graduation,Single,2013-06-26
901531,1947,66800.0,0,1,79,461,5,77,3,41,31,2,4,7,4,6,1,0,0,1,0,1,0,Graduation,Married,2013-08-06
901532,1976,23700.0,0,0,40,8,12,26,4,7,6,1,2,0,3,6,0,0,0,0,0,0,0,Master,Married,2013-03-21
901533,1958,71600.0,0,1,32,870,36,191,64,7,207,1,7,4,9,3,1,0,0,0,1,1,0,Master,Together,2012-11-23
901534,1994,69600.0,0,1,52,660,11,483,9,67,43,1,6,6,5,4,0,0,0,0,0,0,0,Graduation,Divorced,2014-03-28
901535,1962,32300.0,1,1,66,18,2,12,2,1,20,4,3,1,4,6,0,0,0,0,0,0,0,Graduation,Together,2013-09-11
901536,1971,49900.0,0,1,22,368,0,76,2,5,15,6,5,1,6,6,0,0,0,0,0,1,0,Graduation,Single,2013-10-19
901537,1975,57000.0,0,0,78,344,41,532,5,3,43,1,2,4,13,2,1,0,0,0,0,1,0,Master,Together,2014-04-07
901538,1978,65600.0,1,1,68,90,3,31,20,8,6,4,3,1,4,7,0,0,0,0,0,0,0,PhD,Divorced,2013-04-23
901539,1972,36500.0,1,1,30,140,8,64,38,8,21,4,5,2,4,6,0,0,0,0,0,1,0,Graduation,Married,2012-12-11
901540,1956,25200.0,1,1,38,16,7,11,5,1,17,2,2,0,3,4,0,0,1,0,0,0,1,Graduation,Widow,2014-03-23
901541,1959,105900.0,0,0,0,305,26,158,14,222,87,0,7,3,11,1,0,0,0,0,0,0,0,Master,Married,2013-11-21
901542,1971,51400.0,0,0,63,381,10,305,226,16,43,1,3,3,7,1,0,0,0,0,0,0,0,Graduation,Unknown,2013-07-16
901543,1962,65400.0,0,1,51,46,11,179,2,4,25,4,4,3,5,1,0,0,0,0,0,0,0,Graduation,Married,2014-02-05
901544,1959,22900.0,1,1,66,27,1,12,7,6,6,5,4,1,3,8,0,0,0,0,0,0,0,Master,Married,2013-10-15
901545,1973,68000.0,0,0,17,904,74,285,18,45,75,1,3,9,5,3,1,0,0,0,1,1,0,Graduation,Together,2012-12-14
901546,1958,79100.0,1,0,60,293,199,547,234,157,17,6,8,3,12,7,0,0,0,0,0,1,0,Graduation,Together,2012-12-24
901547,1958,64500.0,0,1,20,142,58,302,17,20,130,4,4,5,8,5,0,0,0,0,0,0,0,PhD,Married,2014-05-17
901548,1955,28900.0,0,1,26,338,1,30,1,1,56,4,10,3,5,6,0,0,0,0,0,0,0,PhD,Married,2013-03-03
901549,1977,17200.0,0,1,75,14,1,7,4,1,3,1,0,1,2,8,0,0,0,0,0,0,0,Graduation,Married,2013-01-19
901550,1960,63300.0,1,0,70,144,4,91,11,14,49,5,3,2,4,10,0,0,1,0,0,1,0,PhD,Together,2013-11-03
901551,1991,18300.0,1,0,6,1,5,11,43,2,16,1,1,0,2,7,0,0,0,0,0,0,0,Graduation,Married,2012-12-30
901552,1956,78000.0,0,0,88,1493,82,263,30,11,54,1,4,7,8,2,0,0,0,1,1,0,0,Master,Married,2014-03-01
901553,1984,47100.0,1,1,60,285,4,46,0,29,19,3,7,1,6,5,0,0,0,0,0,1,0,Graduation,Divorced,2012-11-02
901554,1955,56000.0,1,1,48,59,3,19,4,1,4,3,3,1,2,6,0,0,0,0,0,0,0,2n Cycle,Married,2013-02-26
901555,1974,23600.0,1,0,44,7,6,24,37,6,14,2,1,1,4,4,0,0,0,0,0,0,0,Graduation,Together,2012-08-07
901556,1955,42300.0,1,1,8,240,2,66,2,1,8,2,3,2,6,6,0,0,0,1,0,0,0,Graduation,Widow,2012-09-11
901557,1969,31500.0,1,1,42,103,0,10,2,3,22,3,5,1,2,8,0,0,0,1,0,1,0,Master,Married,2012-08-24
901558,1952,82600.0,0,0,31,508,4,424,47,223,29,3,7,3,7,5,0,0,0,0,0,0,0,Graduation,Together,2012-10-22
901559,1973,71500.0,0,1,60,358,13,253,8,43,25,2,4,3,8,4,0,0,0,0,0,0,0,Master,Single,2012-12-23
901560,1977,52300.0,1,0,34,100,93,94,225,14,9,4,4,1,6,8,0,0,0,0,0,0,0,PhD,Together,2012-10-11
901561,1949,86500.0,0,0,62,982,100,514,15,18,71,1,5,11,13,1,0,0,0,1,1,1,0,PhD,Together,2012-12-03
901562,1978,63100.0,0,1,99,802,6,73,31,6,104,2,4,3,9,7,0,0,0,0,0,0,0,PhD,Single,2013-04-29
901563,1974,64600.0,1,1,62,20,0,7,0,0,0,1,0,0,3,8,0,0,0,0,0,1,0,Master,Single,2013-05-29
901564,1953,43100.0,0,1,46,292,6,138,11,3,18,6,5,3,5,7,0,0,0,0,0,0,0,Master,Single,2014-02-16
901565,1960,64600.0,0,2,74,40,0,5,0,1,4,1,2,0,3,6,0,0,0,0,0,0,0,Basic,Married,2013-06-16
901566,1981,40100.0,0,1,73,127,0,13,0,0,9,2,2,0,3,9,0,0,1,0,0,0,0,Graduation,Together,2013-12-29
901567,1963,50300.0,0,1,56,164,15,127,67,20,44,1,6,2,8,5,0,0,0,0,0,0,0,PhD,Divorced,2012-09-26
901568,1961,79400.0,0,0,51,382,7,59,4,26,37,3,5,3,8,5,0,0,0,0,0,0,0,PhD,Together,2013-03-04
901569,1953,36800.0,1,0,37,18,2,35,0,2,3,1,2,0,3,7,0,0,0,0,0,1,0,Graduation,Single,2013-09-03
901570,1961,77100.0,0,0,30,629,4,419,13,10,7,0,5,4,7,3,0,0,0,0,0,0,0,Graduation,Together,2013-10-15
901571,1990,75700.0,0,0,35,959,27,139,18,44,245,1,5,9,10,2,0,0,1,0,0,0,0,Master,Married,2013-06-14
901572,1968,91800.0,0,1,0,288,9,489,259,142,31,1,3,6,7,3,0,0,0,0,0,0,0,Graduation,Together,2013-12-12
901573,1986,46300.0,0,0,28,168,15,97,11,8,15,2,7,2,6,9,0,0,0,1,0,0,0,Graduation,Married,2014-03-02
901574,1980,45900.0,1,1,59,71,11,44,4,157,119,2,4,1,4,7,0,0,1,0,0,0,0,Graduation,Single,2014-06-03
901575,1978,76600.0,0,0,0,393,33,489,18,4,24,0,9,3,9,6,0,0,0,0,0,0,0,PhD,Single,2013-04-19
901576,1971,87300.0,0,0,45,984,126,347,16,101,77,1,8,8,6,2,1,0,0,1,1,0,0,PhD,Married,2013-04-17
901577,1969,35400.0,0,0,65,56,50,216,181,157,36,0,6,1,5,3,0,0,0,0,0,0,0,Graduation,Married,2013-08-20
901578,1971,60300.0,1,1,94,49,2,24,4,2,2,4,3,0,4,5,0,0,0,0,0,0,0,2n Cycle,Together,2013-02-12
901579,1976,113200.0,0,0,39,300,94,446,259,114,20,1,5,8,8,3,0,0,0,0,0,0,0,Graduation,Married,2014-02-09
901580,1960,82800.0,0,1,85,836,71,317,117,21,12,1,8,7,10,1,0,0,0,0,1,1,0,Graduation,Married,2012-12-17
901581,1995,65700.0,0,1,76,987,0,150,5,61,19,2,9,3,9,7,0,0,0,1,0,0,0,2n Cycle,Married,2013-05-30
901582,1962,49500.0,1,1,41,272,3,87,10,8,24,2,7,2,5,6,0,0,1,0,0,0,0,PhD,Married,2014-06-29
901583,1965,93500.0,0,0,35,672,59,267,253,71,73,1,6,4,3,1,1,0,1,1,0,0,0,Graduation,Divorced,2013-11-11
901584,1959,83800.0,0,1,27,1493,9,248,0,24,2,3,4,4,9,6,0,0,0,1,0,1,0,PhD,Married,2014-01-04
901585,1963,69100.0,0,1,9,465,5,241,4,6,69,3,5,5,11,4,0,0,0,0,0,0,0,Graduation,Married,2013-07-22
901586,1965,40300.0,1,0,34,31,0,8,2,0,1,2,2,0,4,7,0,0,0,0,0,0,0,Graduation,Married,2012-10-05
901587,1995,79000.0,0,0,98,204,41,725,98,37,94,0,1,8,5,1,0,0,0,0,0,0,0,PhD,Together,2014-04-22
901588,1976,72100.0,1,1,99,180,20,183,81,71,10,5,7,1,9,6,0,0,0,0,0,0,0,Graduation,Divorced,2013-08-07
901589,1961,66300.0,1,1,54,1110,1,101,6,1,31,7,5,3,7,10,0,0,0,0,0,0,0,2n Cycle,Married,2013-11-24
901590,1959,60600.0,0,0,14,503,21,307,11,79,23,1,6,7,6,5,1,0,0,0,0,1,0,Graduation,Together,2012-09-28
901591,1972,61900.0,0,0,29,78,18,241,18,14,15,1,1,2,5,1,0,0,0,0,0,0,0,Graduation,Married,2012-09-13
901592,1991,65300.0,0,0,61,648,46,223,38,14,27,1,4,11,13,5,0,0,1,1,1,0,0,PhD,Married,2013-05-15
901593,1978,30900.0,1,1,49,13,10,32,26,7,52,3,4,1,3,11,0,0,0,0,0,0,0,Graduation,Single,2013-04-30
901594,1973,29100.0,1,0,23,7,1,8,4,2,2,2,1,0,3,11,0,0,0,0,0,0,0,2n Cycle,Together,2012-10-27
901595,1967,23400.0,1,0,31,3,6,7,6,10,9,3,2,0,4,5,0,0,0,0,0,1,0,PhD,Married,2012-11-15
901596,1970,61100.0,0,1,53,346,12,102,12,67,46,2,4,5,8,4,0,0,0,0,1,1,0,Master,Married,2013-05-28
901597,1978,84700.0,0,0,51,289,182,481,181,9,47,1,3,6,5,2,0,0,0,0,0,0,0,Graduation,Together,2013-06-14
901598,1958,95100.0,0,1,28,209,57,242,12,37,175,0,3,0,6,3,0,0,0,0,0,0,0,Graduation,Together,2014-03-29
901599,1960,26100.0,0,0,32,10,2,8,0,0,3,0,1,0,2,7,0,1,1,0,0,0,0,2n Cycle,Married,2013-02-24
901600,1990,26500.0,1,0,11,309,51,109,4,14,69,11,6,3,7,8,0,0,1,1,0,1,0,PhD,Widow,2013-12-18
901601,1963,53500.0,1,1,36,61,4,35,2,9,2,3,3,1,4,7,0,0,0,0,0,0,0,Graduation,Married,2013-01-15
901602,1978,34600.0,0,1,37,3,1,4,1,0,5,0,1,0,2,5,0,0,0,0,0,0,0,Master,Single,2013-09-09
901603,1984,26500.0,1,0,0,15,0,2,0,0,5,2,2,0,2,9,0,0,0,0,0,1,0,Master,Married,2012-08-28
901604,1966,33200.0,0,1,0,30,0,11,2,1,55,2,2,0,2,6,0,0,0,0,0,0,0,Graduation,Married,2013-12-27
901605,1961,86700.0,0,0,65,1056,123,126,6,21,191,1,6,6,9,6,1,0,0,1,0,1,0,Graduation,Single,2014-03-25
901606,1953,92700.0,0,0,40,702,56,611,5,54,55,0,6,4,3,2,0,0,1,0,1,1,0,Graduation,Together,2013-01-20
901607,1960,88600.0,0,0,20,928,110,573,2,103,65,2,7,4,9,5,0,0,0,0,1,0,0,Graduation,Together,2013-06-30
901608,1985,12500.0,1,0,67,2,18,12,1,9,3,2,1,1,2,7,0,0,0,0,0,0,0,Master,Together,2013-01-09
901609,1969,55200.0,1,1,11,376,0,34,6,0,15,4,4,2,7,8,0,0,0,0,0,0,0,Master,Married,2014-02-11
901610,1985,22700.0,1,0,54,11,1,6,2,0,4,1,1,1,2,6,0,0,0,0,0,0,0,Graduation,Together,2012-08-31
901611,1947,68100.0,0,0,0,514,13,513,93,74,68,1,4,6,12,1,1,0,0,1,1,1,0,Graduation,Married,2014-06-26
901612,1974,89000.0,0,0,75,892,28,175,17,36,109,1,5,5,5,4,0,0,0,0,0,1,0,Graduation,Single,2014-02-18
901613,1994,20800.0,1,0,80,9,9,30,4,5,1,2,1,0,3,9,0,0,0,0,0,0,0,PhD,Married,2013-12-06
901614,1975,39100.0,0,1,48,28,1,13,6,3,10,2,2,0,3,6,0,0,0,0,0,0,0,Graduation,Married,2012-08-21
901615,1966,62600.0,0,1,46,290,13,48,4,11,106,1,3,6,4,5,0,0,0,0,0,1,0,PhD,Widow,2013-05-27
901616,1972,57200.0,0,0,10,195,4,253,22,1,31,1,5,4,8,1,0,0,0,0,0,0,0,Graduation,Together,2014-05-02
901617,1964,32000.0,1,1,43,87,1,13,1,1,3,4,3,0,4,6,0,0,1,0,0,0,0,PhD,Married,2013-03-25
901618,1957,56500.0,0,1,42,915,45,290,8,42,19,3,5,6,9,3,0,0,0,0,0,0,0,Graduation,Single,2013-02-24
901619,1952,43700.0,0,0,54,202,16,104,81,23,33,2,3,5,4,2,0,0,0,0,0,0,0,Graduation,Single,2013-11-23
901620,1950,70600.0,0,0,63,236,0,73,85,73,46,1,4,1,6,2,0,0,0,0,0,0,0,PhD,Married,2012-10-20
901621,1973,13500.0,1,0,68,6,7,21,10,6,36,2,2,1,3,8,0,0,0,0,0,0,0,Graduation,Divorced,2014-04-02
901622,1967,28900.0,1,1,10,65,5,18,2,5,6,3,2,1,3,6,0,0,0,0,0,0,0,Graduation,Together,2013-04-02
901623,1963,75600.0,0,0,61,1493,16,354,37,4,43,1,3,5,4,3,1,0,0,1,1,1,0,Graduation,Married,2013-05-14
901624,1961,59900.0,0,0,84,257,197,721,133,85,362,1,5,3,9,1,0,0,0,0,0,0,0,PhD,Together,2012-08-21
901625,1951,51800.0,0,1,54,211,1,272,57,4,9,1,4,2,7,2,0,0,0,0,0,0,0,Graduation,Married,2013-03-18
901626,1961,86400.0,0,0,91,255,95,520,184,263,201,1,6,4,9,1,0,0,0,0,0,0,0,2n Cycle,Together,2012-08-10
901627,1958,105500.0,0,0,86,840,21,981,76,118,7,1,9,8,11,1,1,0,0,0,1,1,0,Graduation,Married,2013-04-18
901628,1960,88700.0,0,0,16,95,11,67,30,11,19,0,3,1,4,1,0,0,0,0,0,0,0,2n Cycle,Single,2013-01-28
901629,1972,59800.0,0,1,99,1343,62,202,74,5,37,3,5,2,13,3,0,0,0,0,0,0,0,Graduation,Divorced,2013-11-01
901630,1977,50400.0,0,1,42,158,26,200,55,9,118,4,6,5,6,8,0,0,0,0,0,0,0,PhD,Together,2013-08-01
901631,1959,79700.0,0,1,61,301,193,351,39,102,245,2,9,9,4,5,0,0,1,0,0,0,0,Graduation,Together,2013-03-19
901632,1990,39600.0,1,0,33,16,4,12,1,1,10,1,1,0,3,8,0,0,0,0,0,0,0,PhD,Single,2013-06-17
901633,1965,132100.0,0,1,94,506,197,71,9,41,191,0,4,3,10,1,0,0,0,0,0,0,0,2n Cycle,Married,2014-03-06
901634,1978,29800.0,1,1,46,57,0,15,0,2,2,1,2,0,3,8,0,0,0,0,0,0,0,PhD,Single,2013-09-14
901635,1961,51800.0,0,1,55,386,0,128,52,18,57,2,7,5,9,3,0,0,0,1,0,0,0,Graduation,Divorced,2013-09-18
901636,1959,26100.0,1,1,44,18,2,9,5,12,6,4,1,1,4,6,0,0,0,0,0,0,0,Graduation,Married,2013-06-02
901637,1967,31700.0,0,0,49,74,1,32,0,0,28,1,3,0,3,12,0,0,0,0,0,0,0,Graduation,Single,2013-11-20
901638,1965,69100.0,0,1,20,191,8,411,9,75,27,2,4,4,8,3,0,0,0,0,0,0,0,2n Cycle,Married,2013-12-29
901639,1967,47200.0,1,0,9,206,8,30,18,1,104,4,4,1,6,12,0,0,0,0,0,0,0,Graduation,Single,2013-04-04
901640,1961,20900.0,1,1,19,12,4,20,1,12,24,4,2,0,3,10,0,0,0,1,0,0,0,Master,Married,2012-10-24
901641,1968,45600.0,1,1,69,421,0,36,1,1,11,3,10,2,4,6,0,0,0,0,0,0,0,Graduation,Married,2013-11-14
901642,1979,30200.0,0,1,55,13,0,4,0,4,1,0,0,0,2,5,0,0,0,0,0,0,0,Graduation,Single,2014-02-07
901643,1961,54400.0,0,1,50,39,9,19,3,2,22,2,3,1,3,5,0,0,0,0,0,0,0,2n Cycle,Married,2014-05-08
901644,1958,42100.0,1,1,41,195,11,49,1,2,98,3,4,2,3,6,0,0,0,0,0,0,0,Graduation,Married,2013-12-02
901645,1996,18700.0,1,0,0,1,10,9,1,7,26,1,1,0,2,6,0,0,1,0,0,0,0,Master,Married,2013-01-29
901646,1964,66000.0,0,1,48,308,14,204,24,45,62,2,6,5,10,2,0,0,0,0,0,0,0,Graduation,Together,2014-05-18
901647,1961,41700.0,1,1,9,12,2,4,1,0,1,1,1,0,2,8,0,0,0,0,0,0,0,Basic,Divorced,2014-04-24
901648,1957,62600.0,0,1,55,196,6,298,207,196,29,4,6,5,5,3,0,0,0,0,0,0,0,Master,Widow,2012-08-02
901649,1955,57300.0,0,1,49,303,3,24,4,6,12,3,5,2,6,5,0,0,0,0,0,0,0,Master,Together,2012-08-20
901650,1965,45700.0,1,1,63,23,0,3,0,0,2,1,0,0,2,5,0,0,1,0,0,0,0,Graduation,Together,2013-09-20
901651,1954,81300.0,0,0,28,705,193,981,114,13,102,0,4,11,4,2,1,0,0,1,0,0,0,Master,Married,2013-04-30
901652,1993,35100.0,1,0,52,9,2,10,2,0,4,1,2,0,3,7,0,0,0,0,0,0,0,Basic,Married,2013-05-19
901653,1971,32700.0,1,0,29,71,11,57,9,8,64,1,5,1,5,10,0,0,0,0,0,0,0,Graduation,Together,2013-04-20
901654,1979,83300.0,0,0,72,287,38,176,138,37,42,1,5,4,8,2,0,0,0,0,0,0,0,PhD,Single,2012-09-07
901655,1975,50800.0,1,0,12,69,9,69,11,7,6,5,4,1,3,8,0,0,0,0,0,0,0,Graduation,Married,2012-11-27
901656,1957,53000.0,0,1,51,747,17,288,14,22,131,3,4,2,9,5,0,0,0,0,0,0,0,Graduation,Married,2014-05-07
901657,1974,20600.0,0,0,40,3,5,13,0,3,8,1,2,0,2,8,0,0,0,0,0,0,0,Graduation,Together,2012-12-23
901658,1975,78500.0,0,1,32,261,51,107,54,63,39,4,6,2,6,8,0,0,0,0,0,0,0,2n Cycle,Together,2013-07-23
901659,1962,85200.0,0,0,38,543,9,1071,177,51,37,0,6,4,7,2,0,0,0,0,0,0,0,Graduation,Single,2014-02-17
901660,1961,40900.0,1,0,20,29,3,25,2,1,15,2,2,0,6,5,0,0,0,0,0,0,0,Master,Together,2013-05-23
901661,1960,62000.0,0,2,14,904,0,49,6,0,73,8,7,3,8,5,0,0,0,0,0,0,0,2n Cycle,Divorced,2013-09-26
901662,1952,48300.0,1,1,18,48,2,35,3,3,4,2,1,0,4,5,0,0,0,0,0,0,0,Basic,Together,2013-08-12
901663,1966,86800.0,0,0,40,1245,59,767,141,173,94,0,2,7,4,1,1,1,0,0,0,0,0,Graduation,Together,2014-06-20
901664,1975,84500.0,0,1,50,1396,40,798,0,3,46,3,11,10,6,7,0,0,0,0,0,0,0,Master,Married,2013-09-03
901665,1965,35200.0,0,1,24,199,14,52,23,3,60,3,7,3,4,4,0,0,0,0,0,0,0,Graduation,Single,2013-08-19
901666,1969,40600.0,0,1,60,18,4,22,2,9,19,3,3,1,3,6,0,0,0,0,0,0,0,Graduation,Married,2012-08-23
901667,1973,17100.0,0,0,43,2,3,11,26,6,2,1,1,0,3,6,0,0,0,0,0,0,0,PhD,Single,2013-11-23
901668,1971,29900.0,1,1,2,7,2,10,5,0,10,1,1,1,3,6,0,0,0,0,0,0,0,Graduation,Married,2013-01-30
901669,1966,37200.0,0,0,80,7,12,16,6,8,13,1,2,0,3,7,0,0,0,0,0,0,0,Graduation,Single,2013-05-11
901670,1980,45000.0,1,0,61,94,1,22,0,2,29,2,4,0,5,6,0,0,0,0,0,0,0,PhD,Married,2013-05-19
901671,1989,105500.0,0,0,84,248,82,534,109,68,20,1,6,6,8,1,0,0,0,0,1,1,0,Master,Single,2013-08-01
901672,1991,76400.0,0,0,37,567,36,981,253,29,60,1,11,5,7,6,1,0,0,0,1,0,0,Graduation,Widow,2013-03-23
901673,1971,91200.0,0,0,45,818,23,748,103,41,116,0,6,3,8,3,0,0,0,0,0,1,0,Graduation,Married,2013-11-16
901674,1973,67100.0,1,1,34,345,16,110,17,47,180,9,7,2,6,7,0,0,1,0,0,0,0,Graduation,Married,2013-09-21
901675,1975,71200.0,0,1,31,764,56,546,73,31,76,2,6,9,7,5,0,0,0,0,0,0,0,Graduation,Together,2014-04-19
901676,1960,36500.0,1,0,18,11,4,12,13,8,10,2,1,0,3,6,0,0,0,0,0,0,0,Master,Married,2013-06-10
901677,1973,47700.0,0,1,54,173,50,96,5,35,39,1,6,2,7,4,0,0,0,0,0,0,0,Master,Married,2013-01-25
901678,1959,43600.0,0,1,45,793,5,88,6,3,63,1,13,1,5,6,1,0,0,0,0,0,0,Graduation,Divorced,2014-06-26
901679,1971,71200.0,0,1,0,483,77,109,42,61,87,2,6,3,13,4,0,0,0,0,0,0,0,Graduation,Single,2014-03-17
901680,1977,37200.0,1,0,61,134,9,81,13,21,120,5,4,3,4,9,0,0,0,0,0,0,0,Graduation,Together,2013-05-06
901681,1971,107900.0,0,0,30,302,21,818,54,122,24,1,5,3,5,2,0,0,0,0,0,0,0,PhD,Single,2014-04-23
901682,1964,21000.0,1,0,50,42,1,24,0,2,9,3,3,0,4,5,0,0,0,0,0,0,0,Graduation,Single,2014-06-02
901683,1972,37800.0,1,1,93,156,69,201,43,58,133,6,6,3,8,5,0,0,1,0,0,0,0,PhD,Together,2013-06-29
901684,1964,47600.0,1,1,23,33,0,17,3,3,2,2,1,0,4,5,0,0,0,0,0,0,0,Graduation,Together,2012-08-20
901685,1960,35800.0,0,0,19,19,19,33,43,3,20,1,2,1,3,8,0,0,0,0,0,0,0,PhD,Together,2014-01-29
901686,1962,108300.0,0,1,17,440,138,120,64,243,157,2,13,2,9,4,0,0,0,0,0,0,0,Graduation,Single,2014-01-20
901687,1970,79100.0,0,1,44,1171,4,47,0,2,18,9,10,2,13,5,0,0,0,0,0,0,0,Master,Together,2013-10-12
901688,1950,33800.0,1,2,60,39,8,21,12,2,25,6,4,1,4,5,0,0,0,0,0,0,0,Graduation,Married,2012-09-01
901689,1989,15200.0,0,0,47,60,2,33,0,1,6,3,4,0,2,15,0,0,0,0,0,0,0,Graduation,Single,2012-10-24
901690,1963,44300.0,0,1,42,374,9,113,45,8,28,6,12,1,9,6,0,0,0,0,0,0,0,Graduation,Widow,2014-05-04
901691,1969,41200.0,1,1,52,18,0,11,4,4,3,1,1,1,3,5,0,0,0,0,0,0,0,Graduation,Together,2014-06-08
901692,1971,70000.0,0,1,25,213,65,427,37,23,13,2,5,7,11,2,0,0,0,0,0,0,0,PhD,Married,2012-11-17
901693,1969,44800.0,1,0,72,78,10,62,5,31,11,1,2,2,4,5,0,0,0,0,0,1,0,Graduation,Married,2013-08-08
901694,1981,66500.0,1,0,99,103,15,51,9,14,20,0,7,0,4,9,0,0,0,0,0,0,0,Graduation,Single,2013-07-05
901695,1965,47500.0,0,0,66,252,37,234,10,89,14,3,3,4,7,3,0,0,0,0,0,0,0,Master,Together,2013-09-03
901696,1954,46800.0,1,0,80,332,4,57,9,2,58,3,8,2,4,10,0,0,0,0,0,0,0,Graduation,Single,2012-10-07
901697,1967,34700.0,1,0,65,33,30,90,27,72,63,1,6,0,4,4,0,0,0,0,0,0,0,Graduation,Together,2014-05-04
901698,1974,49900.0,0,1,76,22,165,67,75,123,134,1,4,1,3,5,0,0,0,0,0,1,0,Graduation,Married,2014-06-19
901699,1970,34300.0,1,0,18,218,0,16,1,3,18,4,4,1,4,7,0,0,1,0,0,0,0,Graduation,Single,2013-11-14
901700,1982,32100.0,1,0,0,19,5,22,4,9,26,1,2,1,4,4,0,0,0,0,0,0,0,Master,Together,2013-09-21
901701,1966,32200.0,1,0,40,25,1,15,5,4,4,2,2,0,4,4,0,0,1,0,0,0,0,Graduation,Single,2013-05-18
901702,1978,22900.0,1,0,82,2,6,3,3,5,3,1,0,1,2,8,0,0,0,0,0,0,0,2n Cycle,Single,2013-08-25
901703,1970,17100.0,0,0,91,6,27,17,11,8,19,2,1,1,4,7,0,0,0,0,0,0,0,Graduation,Together,2014-04-27
901704,1971,56100.0,0,1,84,387,2,247,11,0,2,3,3,3,6,5,0,0,0,0,0,0,0,Graduation,Divorced,2013-01-10
901705,1960,60200.0,1,1,43,232,12,19,2,0,14,3,3,1,5,6,0,0,0,1,0,0,0,Master,Married,2014-03-07
901706,1969,64600.0,1,1,0,10,1,10,0,4,10,1,1,1,1,6,0,0,0,0,0,0,0,Graduation,Single,2012-12-17
901707,1956,69400.0,0,0,46,897,193,444,253,198,28,1,7,11,8,3,1,0,0,0,1,0,0,PhD,Married,2013-08-20
901708,1958,73000.0,0,1,32,298,4,290,4,24,89,4,4,3,12,11,0,0,1,0,0,0,0,Master,Single,2013-10-14
901709,1970,46000.0,0,1,70,200,77,166,196,20,36,3,7,6,9,3,0,0,0,0,0,0,0,Graduation,Married,2013-04-21
901710,1979,14400.0,1,0,88,0,12,7,23,4,34,1,1,1,2,3,0,0,0,0,0,1,0,Graduation,Single,2014-01-06
901711,1967,60200.0,0,1,81,313,15,414,4,4,10,3,2,7,6,4,0,0,0,0,0,0,0,Graduation,Married,2013-07-15
901712,1982,37700.0,0,1,66,38,6,24,4,4,20,1,1,1,3,6,0,0,0,0,0,0,0,PhD,Together,2014-06-04
901713,1968,29600.0,1,1,44,11,2,13,1,2,1,2,2,0,3,7,0,0,0,0,0,0,0,2n Cycle,Together,2013-11-28
901714,1984,36400.0,0,0,30,102,0,32,1,3,160,1,5,2,2,14,0,0,0,0,0,0,0,Master,Together,2013-11-29
901715,1980,14200.0,1,0,51,5,8,7,2,2,13,2,1,0,3,4,0,0,0,0,0,0,0,Graduation,Single,2013-10-26
901716,1954,64500.0,0,0,11,514,188,441,118,168,52,1,11,3,13,3,0,0,0,0,0,0,0,Graduation,Together,2014-04-15
901717,1964,77900.0,0,0,28,512,24,464,27,45,56,1,5,5,7,2,1,0,0,0,0,0,0,Graduation,Divorced,2012-08-15
901718,1993,16800.0,1,0,31,3,5,17,8,4,7,2,2,0,2,9,0,0,1,0,0,0,0,Basic,Married,2013-03-31
901719,1983,69700.0,1,1,56,404,2,45,4,5,25,8,5,1,6,8,0,0,0,0,0,0,0,Graduation,Divorced,2012-08-19
901720,1980,36800.0,1,0,73,5,0,7,0,0,2,1,1,0,3,8,0,0,0,0,0,0,0,Graduation,Married,2013-06-09
901721,1977,66200.0,0,1,33,1493,2,100,1,13,112,2,4,3,11,3,1,0,0,1,1,1,0,Graduation,Married,2014-04-21
901722,1995,57700.0,0,0,29,334,117,108,46,18,362,2,3,2,13,5,0,0,0,0,0,0,0,Graduation,Married,2013-01-03
901723,1974,45500.0,2,1,1,149,1,22,0,3,27,5,3,1,4,8,0,0,0,0,0,0,0,Graduation,Married,2013-09-29
901724,1966,38800.0,2,0,63,38,5,33,6,12,10,3,3,0,4,8,0,0,0,0,0,1,0,Graduation,Together,2013-08-13
901725,1962,67300.0,0,1,57,1164,0,182,35,4,118,4,6,4,13,9,1,0,1,0,1,0,0,Graduation,Married,2014-02-03
901726,1974,28800.0,1,1,14,9,2,9,6,6,28,2,3,0,3,6,0,0,0,0,0,0,0,Graduation,Together,2013-09-21
901727,1953,68700.0,0,1,0,820,8,121,19,1,37,9,15,3,11,6,0,0,0,0,0,1,0,Graduation,Divorced,2014-04-08
901728,1959,74000.0,0,0,28,1005,7,249,33,16,33,1,8,5,8,4,0,0,0,1,1,0,0,Graduation,Married,2013-10-04
901729,1975,80300.0,0,0,50,176,28,696,59,41,26,0,2,2,6,1,0,0,0,0,0,0,1,Graduation,Divorced,2013-10-26
901730,1975,38600.0,1,0,96,19,9,30,10,2,15,3,2,1,4,5,0,0,0,0,0,1,0,PhD,Married,2014-01-11
901731,1963,31300.0,1,0,20,11,2,11,1,1,9,2,1,0,2,6,0,0,0,0,0,0,0,Graduation,Single,2013-08-09
901732,1953,66200.0,0,1,99,722,29,508,12,84,17,2,3,5,9,2,1,0,0,1,1,1,0,Master,Single,2013-03-10
901733,1962,33700.0,0,1,56,261,6,69,17,17,58,3,7,2,6,6,0,0,0,0,0,0,0,PhD,Together,2012-08-06
901734,1982,46400.0,0,1,70,42,9,64,23,17,42,1,2,1,3,4,0,0,0,0,0,0,0,Master,Married,2013-05-31
901735,1968,50800.0,0,1,76,326,5,275,8,3,112,4,4,4,13,6,1,0,0,0,1,1,0,Graduation,Married,2012-09-06
901736,1991,90800.0,0,0,26,675,22,511,253,34,67,1,8,5,10,5,0,0,1,0,1,1,0,Master,Single,2013-12-14
901737,1985,24700.0,1,0,73,8,4,27,7,6,11,2,2,0,3,7,0,0,0,0,0,0,0,Basic,Married,2012-11-25
901738,1956,53000.0,0,1,44,574,4,267,56,101,295,4,10,9,6,5,0,0,0,0,0,0,0,PhD,Married,2013-11-10
901739,1961,46600.0,1,0,37,339,16,22,3,6,33,3,5,1,7,11,0,0,0,1,0,1,0,PhD,Married,2014-05-01
901740,1968,59500.0,0,1,60,379,16,51,7,62,61,1,5,3,10,2,0,0,0,0,0,0,0,PhD,Together,2013-01-07
901741,1972,20100.0,0,1,10,59,1,12,3,3,13,2,2,2,3,8,0,0,0,0,0,0,0,Graduation,Single,2014-02-05
901742,1953,72300.0,0,0,92,1396,2,120,61,11,24,1,3,4,7,1,0,0,0,0,0,0,0,Master,Single,2013-04-06
901743,1965,71000.0,1,1,46,412,1,87,13,4,9,8,8,3,6,7,0,0,0,1,0,0,0,Graduation,Single,2013-08-31
901744,1966,33500.0,1,0,81,22,6,54,4,2,6,3,4,0,4,13,0,0,0,0,0,0,0,2n Cycle,Together,2013-07-30
901745,1961,75900.0,0,0,93,732,39,496,8,66,20,2,8,3,13,2,0,0,0,0,0,0,0,Graduation,Together,2012-12-05
901746,1975,90400.0,0,1,31,936,121,981,40,125,29,1,4,7,12,2,1,0,0,0,0,1,0,Graduation,Single,2014-03-01
901747,1956,64200.0,0,0,47,404,71,230,89,13,55,1,11,10,11,1,0,0,1,1,0,0,0,Graduation,Divorced,2013-01-22
901748,1943,97000.0,0,0,47,784,197,1088,12,62,49,1,9,13,8,2,0,0,0,0,0,0,0,PhD,Together,2013-11-02
901749,1974,45100.0,1,0,99,6,1,6,1,1,4,1,2,0,3,5,0,0,0,0,0,0,1,2n Cycle,Married,2013-02-28
901750,1972,23000.0,1,0,99,17,16,48,27,17,22,2,2,2,2,4,0,0,1,0,0,0,0,Master,Together,2012-08-22
901751,1976,26500.0,1,0,16,5,3,16,18,1,16,1,2,0,2,7,0,0,0,0,0,0,0,Basic,Married,2014-04-15
901752,1986,54300.0,1,1,85,250,2,84,9,6,6,5,6,1,8,8,0,0,0,0,0,1,0,Graduation,Together,2014-01-21
901753,1958,38300.0,0,0,36,31,0,2,0,0,2,1,1,0,4,6,0,0,0,0,0,0,0,Master,Married,2013-02-21
901754,1972,61700.0,1,1,75,549,0,54,4,8,18,14,5,2,7,5,0,0,1,0,0,0,0,Graduation,Married,2013-05-07
901755,1965,53300.0,2,1,29,184,0,26,0,0,3,3,1,0,4,7,0,0,0,0,0,0,0,2n Cycle,Single,2014-05-02
901756,1979,43400.0,0,1,48,70,10,66,12,6,76,2,2,3,4,9,0,0,0,0,0,1,0,Graduation,Married,2014-05-18
901757,1972,44600.0,2,0,54,77,7,51,20,0,26,5,4,1,5,9,0,0,1,0,0,0,0,Graduation,Single,2014-03-03
901758,1959,72300.0,0,0,63,461,11,766,101,11,14,2,4,4,10,3,0,0,0,0,0,0,0,Graduation,Married,2012-10-20
901759,1964,58000.0,0,1,20,797,21,134,1,28,11,3,4,6,5,9,0,0,0,1,1,1,0,Graduation,Together,2012-08-23
901760,1969,70100.0,1,0,43,152,113,457,73,36,68,3,5,2,8,4,0,0,0,0,0,0,0,PhD,Married,2013-09-09
901761,1955,58800.0,0,1,46,701,13,414,7,34,32,6,5,9,8,4,0,0,0,0,0,0,0,2n Cycle,Married,2012-10-19
901762,1992,63500.0,1,1,45,110,5,71,18,157,93,5,8,2,3,7,0,0,0,0,0,0,0,Graduation,Single,2013-11-12
901763,1959,23300.0,0,0,39,10,4,7,1,4,20,1,1,1,2,5,0,0,0,0,0,1,0,Graduation,Together,2013-08-25
901764,1960,35800.0,1,0,33,22,5,10,3,3,1,3,2,1,3,6,0,0,0,0,0,0,0,Graduation,Single,2013-07-05
901765,1984,27500.0,1,0,99,17,1,20,3,3,4,1,1,1,2,6,0,0,0,0,0,0,0,Basic,Single,2013-11-22
901766,1973,22500.0,0,0,92,29,1,7,2,0,3,3,1,1,3,5,0,0,0,0,0,0,0,Master,Together,2014-05-24
901767,1967,29200.0,1,0,57,17,5,15,1,3,22,3,2,1,3,6,0,0,0,0,0,0,0,Graduation,Married,2014-06-20
901768,1953,57700.0,0,1,30,601,12,228,43,263,125,3,9,3,13,6,0,0,0,0,0,0,0,2n Cycle,Together,2014-02-26
901769,1993,112600.0,0,0,70,135,197,506,104,7,48,1,1,5,6,1,0,0,0,0,0,0,0,Graduation,Together,2014-06-09
901770,1966,32100.0,1,1,67,116,7,64,3,0,7,3,7,1,4,8,0,0,0,1,0,0,0,PhD,Together,2013-08-08
901771,1955,107100.0,0,0,59,91,38,61,43,9,25,1,3,2,4,2,0,0,0,0,0,0,0,Graduation,Married,2013-10-13
901772,1957,91100.0,0,0,0,285,193,981,4,133,39,2,7,7,12,2,1,1,0,0,0,1,0,PhD,Married,2014-06-21
901773,1950,67400.0,0,1,55,927,13,122,62,23,158,1,4,4,3,3,1,0,1,0,0,0,0,Graduation,Widow,2013-12-19
901774,1953,61500.0,0,1,50,178,19,238,40,16,39,2,3,6,7,1,0,0,0,0,0,0,0,Graduation,Married,2013-12-25
901775,1966,80600.0,0,1,40,689,41,251,7,17,223,1,5,6,7,2,0,0,0,1,0,1,0,Graduation,Married,2012-12-08
901776,1952,45800.0,0,1,66,217,22,140,19,44,153,5,5,4,7,6,0,0,0,0,0,0,0,Graduation,Married,2014-06-25
901777,1981,19100.0,0,0,45,6,2,16,1,6,13,0,0,0,2,10,0,0,0,0,0,0,0,2n Cycle,Single,2013-04-23
901778,1970,11600.0,0,0,61,4,35,49,5,16,19,1,2,0,2,16,0,0,0,0,0,1,0,Graduation,Married,2013-11-08
901779,1971,29800.0,1,0,38,7,2,4,2,0,8,1,1,0,2,9,0,0,0,0,0,0,0,Graduation,Together,2013-06-29
901780,1986,31600.0,1,1,76,46,2,34,3,3,15,3,2,1,3,9,0,0,0,0,0,0,0,PhD,Together,2014-05-26
901781,1976,16200.0,0,0,40,10,2,10,6,6,51,1,2,0,3,9,0,0,0,0,0,0,0,2n Cycle,Married,2013-06-09
901782,1970,29200.0,1,1,49,12,3,8,2,1,10,1,1,0,3,8,0,0,0,0,0,0,0,Graduation,Married,2012-09-26
901783,1972,76100.0,0,0,99,721,15,262,46,23,24,2,5,4,7,3,0,0,0,0,0,0,0,Graduation,Together,2013-11-19
901784,1966,51800.0,1,0,62,194,17,318,139,27,23,6,7,3,8,7,0,0,0,0,0,0,0,Graduation,Divorced,2014-03-16
901785,1975,96400.0,0,0,33,228,26,207,259,22,22,1,5,3,7,1,0,0,0,0,0,0,0,Graduation,Together,2012-09-22
901786,1965,16000.0,1,1,75,3,0,5,1,0,1,1,1,0,3,6,0,0,0,0,0,0,0,Graduation,Married,2012-08-08
901787,1988,73400.0,0,0,16,335,197,694,187,159,337,1,5,5,10,3,0,0,0,0,0,0,0,PhD,Married,2013-12-22
901788,1969,33100.0,1,1,28,14,2,4,1,1,5,2,1,0,4,4,0,0,0,0,0,0,0,Graduation,Together,2013-08-31
901789,1975,28000.0,1,0,31,5,4,5,10,14,16,2,2,0,3,4,0,0,0,0,0,0,0,Graduation,Married,2014-04-17
901790,1966,54600.0,1,1,73,60,5,18,8,3,38,1,2,1,2,7,0,0,0,0,0,1,0,Graduation,Married,2012-12-06
901791,1963,62700.0,0,1,99,1396,37,335,259,49,202,2,7,3,10,5,0,0,0,0,0,0,0,Graduation,Together,2014-02-26
901792,1981,70000.0,0,0,89,165,126,299,39,126,47,0,11,4,6,3,0,0,0,0,0,0,0,Graduation,Single,2014-01-20
901793,1963,44900.0,1,1,7,35,5,12,3,3,3,1,1,0,3,5,0,0,0,0,0,0,0,Graduation,Married,2013-01-30
901794,1974,31800.0,0,1,54,304,0,46,3,7,37,3,3,3,9,2,0,0,0,0,0,0,0,Graduation,Married,2013-10-01
901795,1972,50500.0,0,1,65,352,9,142,10,25,14,1,8,2,6,8,0,0,0,0,0,0,0,PhD,Together,2014-02-25
901796,1958,39400.0,1,0,53,14,9,27,5,12,11,1,1,1,3,7,0,0,0,0,0,0,0,PhD,Together,2013-12-03
901797,1964,75200.0,0,0,67,928,73,162,193,102,78,1,4,8,6,3,0,0,1,0,0,1,0,Graduation,Divorced,2014-05-10
901798,1963,70900.0,1,0,0,103,13,126,33,12,9,3,2,1,8,4,0,0,0,0,0,0,0,PhD,Married,2013-01-03
901799,1976,24600.0,1,0,50,8,19,27,29,13,38,4,4,0,6,5,0,0,0,0,0,0,0,PhD,Married,2013-06-17
901800,1955,65600.0,0,1,59,114,1,32,31,18,20,2,2,1,7,2,0,0,0,0,0,0,0,2n Cycle,Together,2013-08-23
901801,1975,82800.0,0,0,19,298,24,473,230,94,65,1,3,5,4,2,0,0,0,0,0,0,0,PhD,Single,2012-08-15
901802,1973,31500.0,0,0,66,10,6,5,10,2,17,1,2,0,3,4,0,0,0,0,0,0,0,Graduation,Single,2013-07-22
901803,1974,50000.0,1,1,68,303,1,72,1,1,2,4,5,1,5,9,0,0,0,0,0,0,0,PhD,Married,2013-10-01
901804,1966,61600.0,0,0,40,300,49,465,48,1,182,2,5,6,13,2,0,0,0,0,0,0,0,PhD,Single,2014-03-19
901805,1954,20400.0,0,0,22,9,1,8,0,2,12,2,2,0,3,6,0,0,0,0,0,0,0,Graduation,Single,2013-02-02
901806,1960,58700.0,0,0,27,1171,9,174,22,0,121,2,11,3,10,5,0,0,0,0,0,0,0,Master,Divorced,2012-10-09
901807,1963,24300.0,0,1,30,17,0,11,0,0,3,2,2,0,2,14,0,0,0,0,0,0,0,2n Cycle,Married,2013-11-09
901808,1981,95300.0,0,0,16,758,44,981,53,19,9,0,4,9,8,2,0,0,0,1,0,1,0,Graduation,Single,2012-12-17
901809,1963,31000.0,1,0,32,5,9,7,4,3,7,2,1,0,3,7,0,0,0,0,0,0,0,Master,Married,2013-11-24
901810,1955,28300.0,0,1,54,21,2,14,1,1,8,3,2,0,3,7,0,0,0,0,0,0,0,2n Cycle,Divorced,2013-02-04
901811,1969,58600.0,0,1,73,388,7,190,1,12,11,3,5,7,13,4,0,0,0,0,1,0,0,Graduation,Married,2013-12-02
901812,1950,37400.0,0,1,34,244,3,30,5,5,27,4,6,1,5,8,0,0,0,0,0,1,0,PhD,Married,2014-01-13
901813,1944,63500.0,0,1,49,1493,23,145,253,4,20,2,9,4,9,6,0,0,0,0,0,0,0,Graduation,Widow,2012-08-25
901814,1958,57800.0,0,1,44,224,36,274,17,2,119,4,3,6,12,1,0,0,0,0,0,0,0,Graduation,Married,2012-08-25
901815,1988,52700.0,0,1,75,346,7,245,171,55,158,3,4,5,13,3,0,0,0,0,0,0,0,2n Cycle,Divorced,2013-06-22
901816,1959,39100.0,0,1,22,120,1,48,6,7,73,6,4,1,5,6,0,0,0,0,0,0,0,PhD,Married,2014-01-13
901817,1971,28300.0,1,1,45,24,0,3,2,0,3,1,1,0,3,5,0,0,0,0,0,0,0,2n Cycle,Together,2013-07-14
901818,1982,124300.0,0,1,56,316,100,1096,259,117,52,0,1,6,7,1,0,0,0,0,0,0,0,Graduation,Widow,2012-07-31
901819,1966,29200.0,0,1,61,203,5,146,4,10,43,4,7,1,5,5,0,0,0,0,0,0,0,PhD,Together,2013-11-29
901820,1971,67300.0,0,1,72,473,93,414,35,35,19,4,4,6,7,3,0,0,0,0,0,0,0,Graduation,Divorced,2014-04-22
901821,1970,100900.0,0,1,51,650,76,138,8,35,34,1,11,4,10,4,0,0,0,0,0,0,0,PhD,Married,2013-02-23
901822,1987,21900.0,1,0,30,15,3,9,4,5,7,2,1,0,3,6,0,0,0,0,0,0,0,PhD,Divorced,2012-10-22
901823,1977,27000.0,1,1,83,16,1,8,5,2,22,2,2,1,4,4,0,0,1,0,0,0,0,2n Cycle,Married,2012-11-27
901824,1981,33600.0,1,1,77,9,1,12,9,1,11,1,0,1,2,7,0,0,0,0,0,0,0,Graduation,Together,2014-02-13
901825,1969,53700.0,0,1,45,352,17,122,11,3,75,2,6,4,7,3,0,0,0,0,0,0,0,Master,Married,2012-12-24
901826,1965,99300.0,0,0,4,854,177,981,253,198,42,0,9,9,10,2,0,0,0,0,0,0,0,Graduation,Together,2012-08-06
901827,1962,49100.0,0,1,60,427,47,194,75,23,78,12,10,3,6,8,0,0,0,0,0,0,0,Master,Together,2012-11-07
901828,1965,69800.0,0,0,31,1167,13,185,6,29,92,2,4,2,9,6,0,0,0,0,0,1,0,Graduation,Together,2014-01-10
901829,1965,47800.0,0,0,41,886,0,154,17,3,7,2,6,7,9,9,1,1,1,0,1,1,0,Graduation,Single,2014-03-04
901830,1977,78400.0,0,0,41,1052,77,981,24,49,10,1,5,7,8,1,1,0,0,0,1,0,0,Master,Married,2012-09-12
901831,1957,43600.0,1,1,57,33,3,63,7,2,10,3,2,1,3,8,0,0,0,0,0,0,0,Graduation,Divorced,2013-02-12
901832,1961,30700.0,0,1,6,21,5,26,1,23,37,1,3,1,2,9,0,0,0,0,0,0,0,Graduation,Married,2012-11-26
901833,1961,47200.0,0,1,70,532,12,345,22,33,81,2,15,1,9,5,0,0,0,0,0,0,0,PhD,Single,2013-02-07
901834,1987,75500.0,0,1,52,847,16,546,15,3,16,3,4,3,4,4,0,0,0,1,1,1,0,PhD,Married,2014-04-01
901835,1965,65000.0,0,0,12,950,7,406,6,79,9,1,6,4,6,2,0,0,0,0,0,1,0,Graduation,Single,2013-09-17
901836,1949,39800.0,0,1,36,130,8,112,27,5,63,2,7,2,6,6,0,0,0,0,0,0,0,Master,Widow,2013-07-04
901837,1981,9600.0,1,1,41,11,2,14,2,2,9,3,3,1,2,8,0,0,0,0,0,0,0,Graduation,Together,2013-03-26
901838,1972,41900.0,1,0,60,14,6,22,2,7,30,2,2,0,4,6,0,0,0,0,0,0,0,Basic,Single,2013-05-23
901839,1959,70400.0,0,0,0,297,193,198,34,30,83,2,5,10,11,5,1,0,0,0,1,0,0,PhD,Divorced,2013-11-21
901840,1968,36300.0,1,1,83,33,0,8,9,0,8,2,2,1,2,5,0,0,0,0,0,0,0,2n Cycle,Married,2013-02-16
901841,1964,67300.0,0,2,98,481,2,128,21,60,24,2,8,4,11,5,0,0,0,0,0,0,0,Graduation,Married,2014-01-05
901842,1959,79100.0,0,0,40,734,20,143,11,0,49,4,15,1,11,6,0,0,0,0,0,1,0,Graduation,Divorced,2013-12-28
901843,1974,44200.0,1,1,17,9,0,2,0,0,1,1,1,0,3,6,0,0,0,0,0,0,0,Graduation,Married,2013-04-10
901844,1964,134700.0,0,0,31,197,197,1099,175,82,7,0,3,7,6,0,0,0,0,0,0,0,0,PhD,Widow,2013-12-20
901845,1966,38900.0,1,1,29,20,1,7,6,0,7,1,2,0,3,6,0,0,0,0,0,0,0,PhD,Together,2012-11-06
901846,1987,11300.0,1,0,28,2,14,14,16,31,52,2,2,1,2,7,0,0,0,0,0,0,0,Master,Married,2012-09-13
901847,1952,56900.0,0,2,8,388,8,258,10,11,21,2,5,7,11,4,0,0,0,0,0,0,0,Graduation,Married,2013-09-20
901848,1968,45300.0,0,1,21,225,6,37,0,3,31,3,8,1,7,5,0,0,0,0,0,1,0,PhD,Single,2013-11-12
901849,1974,27300.0,1,0,0,23,2,14,16,14,7,2,1,1,2,9,0,0,1,0,0,0,0,Master,Together,2012-12-31
901850,1952,105500.0,0,1,69,732,40,464,53,4,26,1,5,5,7,3,0,0,0,0,1,1,0,PhD,Together,2013-02-22
901851,1952,70600.0,0,0,94,932,33,437,10,6,60,2,7,8,6,7,0,1,0,0,1,1,0,Master,Married,2012-10-19
901852,1985,57600.0,1,1,51,166,3,96,5,62,6,3,3,2,6,3,0,0,0,0,0,0,0,2n Cycle,Single,2013-12-09
901853,1976,15300.0,1,0,13,1,21,28,9,36,13,4,4,0,4,8,0,0,0,0,0,0,0,Graduation,Married,2013-12-29
901854,1966,49600.0,1,1,43,386,19,73,2,1,59,5,8,1,5,5,0,0,0,0,0,1,0,PhD,Married,2013-03-11
901855,1971,55700.0,1,1,77,147,4,52,17,17,24,1,3,1,5,6,1,0,0,0,0,1,0,Master,Together,2012-08-23
901856,1984,100300.0,0,0,70,221,29,352,52,263,90,0,7,6,3,0,0,0,0,0,0,0,0,PhD,Together,2013-01-24
901857,1969,26200.0,1,1,63,5,1,1,1,0,3,1,1,0,2,4,0,0,0,0,0,0,0,PhD,Together,2013-05-10
901858,1953,64600.0,1,1,7,54,4,21,6,3,3,1,1,0,3,3,0,0,0,0,0,0,0,Graduation,Married,2013-09-29
901859,1963,39000.0,0,0,74,230,3,152,19,12,14,1,12,4,4,5,0,0,1,1,0,0,0,Graduation,Single,2013-05-09
901860,1972,39500.0,0,0,0,579,1,236,13,4,32,2,1,5,13,3,0,0,0,0,0,0,0,Graduation,Together,2012-12-18
901861,1964,58900.0,1,0,17,28,0,10,0,0,5,2,1,0,3,8,0,0,0,0,0,0,0,Graduation,Together,2013-04-09
901862,1963,70300.0,0,1,33,561,3,250,9,15,77,1,7,4,6,3,1,0,1,0,0,0,0,Master,Married,2013-10-21
901863,1951,60000.0,0,1,15,960,6,183,3,7,34,4,3,2,13,5,1,0,0,0,0,1,0,Master,Single,2013-01-21
901864,1992,21300.0,1,0,48,3,7,13,2,7,9,1,2,0,3,8,0,0,0,0,0,0,0,Graduation,Together,2013-09-17
901865,1975,10500.0,1,0,99,4,15,18,2,4,43,3,2,0,3,6,0,0,0,0,0,0,0,Master,Married,2012-09-02
901866,1984,51700.0,0,0,29,368,47,292,16,14,82,0,4,3,5,1,0,0,0,0,0,0,0,PhD,Divorced,2013-04-19
901867,1960,72600.0,0,0,50,529,40,367,14,40,26,1,9,6,8,3,0,0,0,0,0,0,0,Master,Married,2012-10-27
901868,1969,30900.0,1,0,30,9,2,8,2,1,24,2,1,1,4,4,0,0,0,0,0,0,0,Master,Married,2013-06-19
901869,1978,26300.0,1,0,72,44,2,9,1,6,21,3,2,1,4,4,0,0,0,0,0,0,0,2n Cycle,Together,2014-04-20
901870,1960,72400.0,0,1,39,906,50,475,24,112,81,1,7,5,13,3,0,0,0,0,0,0,0,Graduation,Married,2012-09-12
901871,1969,75900.0,0,1,54,267,21,61,9,11,22,3,4,2,6,7,0,0,0,0,0,0,0,Master,Together,2013-09-04
901872,1969,60700.0,2,1,22,12,0,7,0,0,3,1,0,0,4,5,0,0,0,0,0,1,0,Master,Single,2013-02-11
901873,1986,48500.0,1,0,55,145,3,81,20,10,108,3,6,2,3,8,0,0,0,1,0,0,0,Master,Married,2012-10-26
901874,1941,71900.0,0,0,9,1172,193,981,253,198,58,1,5,9,8,1,1,0,0,1,1,0,0,Graduation,Together,2013-12-14
901875,1976,82100.0,0,0,8,518,28,267,10,1,91,1,8,6,5,3,0,0,0,1,0,0,0,PhD,Divorced,2014-04-30
901876,1966,38000.0,0,0,80,43,5,19,3,3,24,2,2,1,3,7,0,0,0,0,0,0,0,Graduation,Married,2012-09-06
901877,1972,14800.0,0,1,34,8,15,7,1,10,34,2,2,2,3,5,0,0,0,0,0,0,0,2n Cycle,Together,2014-01-27
901878,1981,57200.0,0,0,25,216,48,257,55,13,5,2,2,8,5,2,0,0,0,0,0,0,0,Graduation,Single,2013-05-01
901879,1970,23900.0,0,1,31,2,1,4,1,0,11,1,1,0,2,4,0,0,0,0,0,0,1,Basic,Married,2013-03-12
901880,1980,29800.0,0,0,85,82,191,294,18,19,215,3,8,1,6,6,0,0,0,0,0,1,0,Master,Married,2014-04-16
901881,1995,75800.0,0,0,75,366,127,1109,66,77,156,2,8,6,7,3,0,0,0,0,0,0,0,PhD,Together,2012-08-11
901882,1987,25900.0,1,0,74,18,1,20,6,1,16,2,3,1,3,8,0,0,0,0,0,0,0,Graduation,Single,2014-04-07
901883,1969,43700.0,0,2,67,95,10,31,0,17,11,2,4,0,6,4,0,0,0,0,0,0,0,PhD,Together,2014-03-20
901884,1960,42100.0,0,1,14,201,25,319,12,35,36,6,4,5,8,4,0,0,0,0,0,0,0,Master,Married,2014-03-01
901885,1974,60600.0,0,1,19,379,1,42,0,1,4,2,6,1,5,4,0,0,0,0,0,0,0,Graduation,Married,2013-04-16
901886,1969,72500.0,0,0,73,419,123,523,19,263,36,0,6,5,8,3,0,0,0,0,0,0,0,Master,Single,2013-01-21
901887,1968,43400.0,1,1,79,599,13,74,72,13,40,4,6,1,12,7,0,0,0,0,0,0,0,PhD,Together,2013-10-14
901888,1961,73800.0,0,0,54,426,89,180,13,9,122,2,4,5,11,2,0,0,0,0,0,0,0,Graduation,Married,2013-05-29
901889,1971,93800.0,0,0,0,595,49,279,82,53,8,1,7,12,9,2,0,0,0,0,0,0,0,Master,Together,2014-05-10
901890,1962,62000.0,0,1,23,497,12,122,13,29,22,1,5,4,13,4,0,0,0,0,0,0,0,Graduation,Widow,2012-11-09
901891,1950,40200.0,1,1,92,79,1,10,4,3,4,1,2,0,2,4,0,0,0,0,0,0,0,PhD,Single,2013-12-24
901892,1990,10300.0,0,0,51,15,28,41,9,12,52,3,4,1,3,12,0,0,0,0,0,0,0,Master,Married,2014-05-02
901893,1945,49700.0,0,1,55,541,84,226,39,131,40,2,6,7,12,5,0,0,0,0,0,0,0,PhD,Divorced,2013-05-31
901894,1971,76700.0,0,1,39,709,154,161,26,138,47,1,12,1,13,4,0,0,0,0,0,0,0,Graduation,Married,2013-09-27
901895,1946,17500.0,0,1,25,19,2,14,2,1,5,4,4,0,4,5,0,0,0,0,0,1,0,Graduation,Married,2013-08-10
901896,1961,27600.0,0,0,59,4,22,19,9,36,38,2,1,1,3,7,0,0,0,0,0,0,0,Graduation,Divorced,2013-09-29
901897,1966,42900.0,0,1,82,94,1,88,2,5,17,4,5,1,6,7,0,0,1,1,0,0,0,Master,Married,2013-08-17
901898,1957,37100.0,1,1,47,53,0,7,0,0,0,2,1,0,2,8,0,0,0,0,0,0,0,PhD,Together,2013-07-03
901899,1966,76900.0,0,0,0,735,193,630,23,131,34,0,5,8,6,2,0,0,0,0,1,1,0,Master,Married,2013-07-29
901900,1974,45900.0,1,1,36,187,1,160,38,5,93,5,3,4,7,3,0,0,0,0,0,0,0,PhD,Married,2014-01-08
901901,1959,77300.0,0,1,41,178,7,40,1,3,3,3,4,0,5,5,0,0,0,0,0,0,0,Graduation,Together,2013-07-05
901902,1978,25300.0,1,1,12,8,1,11,3,1,41,2,1,1,2,6,0,0,0,0,0,0,0,Graduation,Married,2013-04-03
901903,1967,50700.0,0,0,54,337,27,382,41,176,31,4,3,13,9,2,0,0,0,0,0,0,0,Graduation,Single,2013-01-11
901904,1964,44100.0,1,1,71,113,2,11,0,0,5,4,2,1,2,6,0,0,0,0,0,0,0,Graduation,Married,2014-06-18
901905,1961,80900.0,0,1,43,1304,5,378,4,3,25,3,4,3,6,8,1,0,0,1,1,1,0,PhD,Single,2014-03-01
901906,1957,50500.0,0,1,54,470,11,34,15,3,78,6,4,5,5,7,0,0,0,0,0,0,0,Master,Married,2013-05-27
901907,1960,50900.0,1,1,99,32,3,22,4,4,15,2,1,1,4,3,0,0,0,0,0,0,0,PhD,Married,2013-10-29
901908,1979,73200.0,0,0,5,1153,193,306,42,58,245,1,6,7,8,3,1,0,0,0,1,0,0,PhD,Married,2013-05-16
901909,1950,64100.0,0,1,4,221,72,156,184,9,222,3,2,11,7,2,0,0,0,0,0,0,0,Graduation,Married,2013-05-11
901910,1949,92900.0,0,0,0,850,54,981,253,38,12,1,2,7,11,3,0,0,0,0,1,1,0,Graduation,Married,2014-03-17
901911,1974,74300.0,0,2,53,606,0,33,19,38,16,1,13,4,9,8,0,0,0,0,0,0,0,PhD,Together,2013-04-20
901912,1972,32100.0,0,1,52,91,4,70,4,4,15,3,3,1,3,13,0,0,0,0,0,0,0,Graduation,Married,2012-09-22
901913,1967,62300.0,1,1,74,271,2,140,5,1,6,5,7,4,5,6,0,0,0,0,0,0,0,Graduation,Single,2013-05-05
901914,1985,20400.0,1,1,48,11,3,8,3,3,4,1,2,0,3,13,0,0,0,0,0,0,0,Graduation,Together,2012-10-10
901915,1970,71400.0,0,1,49,476,20,375,27,32,23,2,5,8,7,8,0,0,0,0,1,1,0,Graduation,Single,2012-09-04
901916,1963,69000.0,1,0,33,192,11,51,13,2,27,4,4,1,6,7,0,0,0,0,0,0,0,PhD,Single,2014-02-17
901917,1958,37700.0,0,0,61,238,0,52,2,0,71,1,8,3,4,3,0,0,0,0,0,0,0,Graduation,Widow,2012-09-01
901918,1977,17000.0,1,0,64,23,0,16,3,1,7,2,2,0,4,8,0,0,0,0,0,1,0,2n Cycle,Single,2012-08-22
901919,1976,31600.0,1,0,6,56,0,48,1,1,24,2,2,0,5,4,0,0,0,0,0,0,0,Graduation,Together,2012-09-29
901920,1940,47100.0,0,1,47,319,4,43,17,17,93,2,5,1,8,4,0,0,1,0,0,0,0,Graduation,Single,2014-04-09
901921,1956,79700.0,0,0,8,807,16,704,18,25,41,1,2,7,12,2,0,0,0,0,0,1,0,Graduation,Together,2014-03-04
901922,1954,61300.0,0,1,35,195,41,362,187,123,245,1,5,4,4,8,0,0,1,0,0,1,0,Graduation,Married,2013-01-23
901923,1959,64600.0,1,1,38,81,0,5,0,0,1,2,1,0,3,4,0,0,0,0,0,1,0,Graduation,Together,2013-04-23
901924,1976,60300.0,0,2,13,435,5,102,26,46,362,2,7,3,12,3,0,0,0,0,0,0,0,Graduation,Married,2012-09-23
901925,1965,21100.0,1,1,29,4,5,10,13,5,30,2,2,0,3,6,0,0,0,0,0,1,0,Graduation,Married,2013-04-09
901926,1960,35400.0,0,1,61,30,0,5,0,1,3,1,1,0,3,4,0,0,0,0,0,0,0,Graduation,Together,2012-12-27
901927,1968,74200.0,0,0,70,616,10,601,259,42,64,1,11,9,11,4,0,0,0,0,0,0,0,Graduation,Married,2014-05-24
901928,1968,85700.0,0,0,57,493,63,470,247,160,245,0,5,9,7,2,1,0,0,0,1,1,0,Graduation,Single,2013-07-12
901929,1983,22800.0,0,0,32,28,59,101,141,75,160,1,3,1,5,7,0,0,0,0,0,1,0,Graduation,Married,2014-01-16
901930,1976,52900.0,1,1,0,893,1,64,3,1,15,4,10,2,7,7,0,0,0,0,0,0,0,Graduation,Married,2014-05-11
901931,1983,34900.0,1,0,68,8,1,8,5,3,0,1,1,0,2,10,0,0,0,0,0,0,0,2n Cycle,Married,2013-07-31
901932,1978,43800.0,0,1,85,300,8,143,5,6,115,1,7,4,4,6,1,0,0,0,0,0,0,Graduation,Married,2012-10-31
901933,1980,66200.0,0,0,34,214,24,329,37,20,68,2,2,9,7,2,0,0,0,0,0,0,0,Graduation,Single,2013-06-05
901934,1962,55800.0,0,0,55,362,9,92,17,18,27,2,5,1,6,10,0,0,0,0,0,0,0,Master,Together,2013-03-03
901935,1979,31600.0,1,0,0,19,3,13,1,2,16,3,3,1,3,4,0,0,0,0,0,0,0,Graduation,Married,2012-11-09
901936,1972,79100.0,0,1,92,986,27,176,39,5,125,6,10,3,9,5,0,0,0,0,0,0,0,Master,Together,2012-11-17
901937,1949,57100.0,0,1,11,409,41,56,0,3,80,2,3,2,4,7,0,0,0,0,0,0,0,Master,Married,2013-01-22
901938,1960,69300.0,0,0,61,302,29,457,29,43,161,1,3,7,5,1,0,0,0,0,0,0,0,PhD,Single,2013-08-03
901939,1964,58200.0,0,1,0,962,47,159,65,31,44,3,7,2,13,8,0,0,0,0,0,0,0,PhD,Married,2013-08-24
901940,1970,30500.0,1,0,51,6,4,2,0,1,21,1,0,0,2,5,0,0,0,0,0,0,0,Graduation,Married,2014-03-26
901941,1976,68600.0,0,0,72,288,12,624,71,100,83,0,2,9,8,1,0,0,0,0,0,0,0,2n Cycle,Divorced,2013-06-08
901942,1970,56400.0,0,0,6,501,11,196,21,13,245,1,5,6,10,2,1,0,0,0,1,1,0,Graduation,Single,2014-04-29
901943,1966,44200.0,1,0,46,166,1,86,35,7,34,6,6,3,5,5,0,0,0,0,0,0,0,PhD,Divorced,2012-12-24
901944,1977,40600.0,1,0,53,70,2,59,27,1,122,2,10,2,3,7,0,0,0,0,0,0,0,Master,Single,2012-12-26
901945,1952,43200.0,0,2,56,60,0,8,3,2,9,2,1,1,4,4,0,0,1,0,0,0,0,Graduation,Married,2014-01-04
901946,1962,42200.0,0,1,44,329,9,50,22,34,22,7,6,2,5,9,0,0,0,0,0,0,0,2n Cycle,Together,2014-03-16
901947,1974,27300.0,1,0,80,61,5,81,1,3,12,2,4,0,3,10,0,0,0,0,0,0,0,Graduation,Together,2012-11-17
901948,1952,58100.0,0,1,22,1396,3,194,74,3,58,4,5,3,11,6,0,0,0,0,0,0,0,PhD,Single,2014-06-21
901949,1962,45300.0,1,2,42,47,0,6,0,0,0,1,1,0,3,8,0,0,0,0,0,0,0,Graduation,Married,2013-12-27
901950,1965,27800.0,1,0,21,27,0,47,0,1,3,4,4,0,3,7,0,0,0,0,0,0,0,Master,Single,2013-07-14
901951,1967,45200.0,1,0,99,291,32,502,234,3,25,4,9,3,8,10,0,0,0,0,0,0,0,PhD,Married,2014-06-15
901952,1996,19000.0,1,0,0,3,2,5,4,2,13,1,1,0,3,8,0,0,0,0,0,0,0,Basic,Married,2013-10-10
901953,1980,62000.0,0,1,73,634,55,116,0,1,41,2,3,2,6,4,0,0,0,0,1,0,0,PhD,Divorced,2014-05-25
901954,1957,51900.0,0,1,62,188,14,69,17,10,34,2,3,3,6,1,0,0,0,0,0,0,0,Master,Together,2014-03-12
901955,1956,81000.0,0,1,48,975,193,695,159,143,245,2,3,6,11,2,0,0,0,0,1,0,0,Graduation,Married,2013-07-21
901956,1964,60700.0,1,1,45,283,116,210,115,107,23,3,8,2,8,6,0,0,0,0,0,0,0,Graduation,Single,2014-04-01
901957,1984,36700.0,0,1,81,16,3,11,3,0,6,2,1,0,4,5,0,0,0,0,0,0,0,Master,Married,2014-01-20
901958,1986,21500.0,0,1,17,9,5,18,10,7,25,3,2,1,2,7,0,0,0,0,0,0,0,Graduation,Together,2013-10-13
901959,1944,58500.0,0,1,0,608,8,220,38,3,194,1,6,5,9,2,0,0,0,1,1,0,0,Graduation,Together,2014-01-01
901960,1963,25900.0,1,0,93,8,2,50,9,1,2,3,3,0,3,6,0,0,0,0,0,0,0,Basic,Together,2013-11-08
901961,1972,58200.0,0,1,20,512,24,55,48,6,40,2,8,3,5,9,0,0,0,0,0,1,0,Graduation,Married,2013-09-09
901962,1961,46600.0,1,1,50,235,25,127,24,9,51,6,7,0,7,8,0,0,1,0,0,0,0,Graduation,Together,2014-02-01
901963,1959,48100.0,2,1,59,24,3,5,1,1,8,3,0,1,3,5,0,0,0,0,0,0,0,Graduation,Single,2013-12-29
901964,1961,56500.0,0,1,99,438,197,71,53,56,34,0,5,2,13,2,0,0,0,0,0,0,0,2n Cycle,Married,2013-05-29
901965,1962,16000.0,1,1,3,12,0,3,1,0,5,2,1,0,3,7,0,0,0,0,0,0,0,Graduation,Married,2013-04-19
901966,1965,29500.0,1,0,30,22,0,9,2,3,3,2,3,1,3,5,0,0,0,0,0,0,0,2n Cycle,Together,2014-01-11
901967,1960,39800.0,1,0,32,132,12,39,16,12,19,4,5,2,4,4,0,0,0,0,0,0,0,PhD,Divorced,2014-04-18
901968,1976,75600.0,0,0,92,230,34,434,34,30,53,2,2,9,8,2,0,0,0,0,0,0,0,Graduation,Together,2012-11-13
901969,1979,58000.0,0,1,83,441,48,329,79,135,80,2,12,5,8,4,0,0,0,0,0,0,0,Master,Single,2013-05-13
901970,1984,35400.0,1,1,42,15,1,9,2,0,1,3,2,0,4,7,0,0,0,0,0,0,0,Graduation,Single,2013-12-10
901971,1978,32000.0,0,1,44,22,0,6,2,2,9,0,1,0,2,6,0,0,0,0,0,0,0,Graduation,Married,2012-11-26
901972,1980,12700.0,1,0,0,3,14,12,43,1,6,1,2,0,2,10,0,0,0,1,0,0,0,Graduation,Married,2013-05-29
901973,1968,27900.0,1,0,91,8,12,22,25,7,25,2,2,0,3,5,0,0,0,0,0,0,0,Basic,Together,2013-01-24
901974,1962,24800.0,1,1,0,34,1,14,3,3,4,4,3,0,4,7,0,0,0,0,0,0,0,Graduation,Single,2013-11-04
901975,1969,31000.0,1,1,35,55,13,30,1,3,26,3,4,2,2,6,0,0,0,0,0,0,0,PhD,Together,2013-06-03
901976,1966,61300.0,0,1,51,909,1,81,17,16,109,2,6,3,9,6,1,0,0,0,0,1,0,Graduation,Together,2013-10-11
901977,1952,53600.0,1,0,72,264,24,182,134,9,59,8,5,3,8,6,0,0,1,1,0,0,0,Graduation,Married,2013-02-20
901978,1977,76000.0,0,0,93,1054,13,258,253,138,28,1,8,11,8,3,1,0,1,0,0,0,0,Graduation,Together,2013-11-13
901979,1969,25400.0,1,1,10,8,7,21,7,3,19,3,1,0,3,7,0,0,0,0,0,0,0,Graduation,Divorced,2013-05-04
901980,1958,113500.0,0,1,29,1115,76,133,66,25,99,4,7,2,13,2,0,0,0,0,0,0,0,PhD,Married,2013-03-11
901981,1978,79900.0,0,1,66,786,114,355,9,7,30,3,5,3,3,4,1,1,0,0,1,0,0,Graduation,Married,2012-10-03
901982,1963,27800.0,0,2,71,44,0,22,2,5,14,3,2,0,4,6,0,0,0,0,0,0,0,PhD,Married,2014-04-20
901983,1966,43300.0,1,1,0,28,1,11,0,0,6,2,2,0,2,6,0,0,0,0,0,0,0,PhD,Single,2013-06-07
901984,1947,61800.0,0,1,46,121,13,83,9,62,13,2,4,1,9,4,0,0,0,0,0,0,0,Graduation,Married,2013-07-05
901985,1984,17700.0,0,0,7,11,4,4,2,8,7,2,2,0,3,10,0,0,0,0,0,0,0,Basic,Divorced,2013-07-20
901986,1954,38700.0,1,1,73,67,3,14,8,3,6,2,2,0,5,5,0,0,0,0,0,0,0,Basic,Married,2013-11-10
901987,1967,32000.0,1,1,38,63,6,61,10,15,128,2,5,4,3,6,0,0,0,0,0,1,0,Graduation,Divorced,2013-11-30
901988,1958,53400.0,0,1,99,225,19,64,141,0,9,3,10,2,7,8,0,0,0,0,0,0,0,PhD,Together,2012-09-08
901989,1960,58500.0,0,1,47,48,197,515,259,33,54,1,3,10,3,1,0,0,0,0,0,0,0,Graduation,Together,2013-02-09
901990,1978,26700.0,0,1,53,16,4,6,5,2,14,1,2,0,3,8,0,0,0,0,0,0,0,Graduation,Married,2013-02-09
901991,1978,69200.0,1,1,70,927,51,238,97,32,62,2,2,3,13,1,0,0,0,0,0,0,0,PhD,Together,2012-12-25
901992,1954,93400.0,0,0,95,289,197,575,259,263,43,1,4,5,10,1,0,0,0,0,0,0,0,Graduation,Together,2013-01-21
901993,1995,16600.0,1,0,78,14,2,17,25,4,10,2,4,0,4,8,0,0,0,0,0,0,0,PhD,Married,2013-07-27
901994,1983,34300.0,1,1,3,24,0,12,0,0,4,1,1,0,3,5,0,0,0,0,0,0,0,2n Cycle,Single,2013-12-08
901995,1940,55800.0,0,2,28,1171,0,33,0,2,54,2,8,4,6,7,0,0,0,0,0,1,0,2n Cycle,Married,2012-11-22
901996,1961,33400.0,1,1,0,11,4,13,1,4,12,1,1,0,2,8,0,0,0,0,0,0,0,Graduation,Single,2013-03-18
901997,1952,52100.0,1,1,39,221,3,39,1,0,1,5,4,1,5,9,0,0,0,0,0,0,0,Graduation,Married,2013-02-17
901998,1949,53800.0,1,1,54,18,4,8,1,2,3,2,3,0,2,6,0,0,0,0,0,0,0,Master,Widow,2014-03-01
901999,1974,20900.0,0,0,0,7,12,24,11,8,16,2,2,1,3,8,0,0,1,0,0,0,0,Basic,Single,2013-03-18
902000,1975,62600.0,0,0,99,292,24,565,16,40,71,1,2,4,5,1,0,0,0,0,0,0,0,Graduation,Divorced,2014-06-09
902001,1962,50600.0,1,1,50,292,9,79,8,99,31,5,5,1,6,7,0,0,0,0,0,0,0,Graduation,Single,2013-03-12
902002,1964,45900.0,1,0,60,345,14,134,24,11,188,7,8,1,7,7,0,0,0,0,0,0,0,Graduation,Together,2013-02-14
902003,1982,16900.0,0,1,59,22,0,5,14,1,13,2,1,1,2,7,0,0,0,0,0,0,0,Master,Together,2013-10-02
902004,1970,75100.0,0,0,58,708,61,331,253,198,17,1,5,6,5,2,1,0,0,0,1,1,0,Graduation,Divorced,2013-05-18
902005,1965,22400.0,0,0,20,11,9,12,4,2,4,2,1,0,3,8,0,0,0,0,0,0,0,2n Cycle,Single,2012-09-27
902006,1961,30900.0,1,0,44,44,1,61,6,6,17,2,2,1,3,6,0,0,0,0,0,0,0,Graduation,Married,2012-10-23
902007,1969,32800.0,1,1,0,182,0,43,2,1,130,7,6,1,3,8,0,0,0,1,0,0,0,Graduation,Together,2014-02-16
902008,1972,76900.0,0,1,19,332,57,405,24,20,231,1,4,2,5,3,0,0,0,0,1,1,0,Graduation,Single,2014-02-23
902009,1966,111000.0,1,1,53,227,8,112,27,14,28,1,9,4,7,5,0,0,0,0,0,0,0,Graduation,Together,2013-07-27
902010,1966,24100.0,1,0,23,7,4,10,10,7,10,1,2,0,2,5,0,0,0,0,0,1,0,Graduation,Single,2013-07-15
902011,1976,70000.0,0,1,44,349,121,326,45,20,71,0,7,10,6,4,0,0,0,0,0,0,0,PhD,Married,2013-05-11
902012,1943,37600.0,0,1,22,590,21,19,9,21,21,3,6,0,13,6,0,0,0,0,0,0,0,Master,Together,2013-07-29
902013,1981,71000.0,0,0,11,657,45,397,250,50,36,1,10,4,9,3,0,0,0,0,0,0,0,PhD,Together,2012-08-28
902014,1959,52800.0,0,0,50,25,16,24,43,5,22,3,3,0,5,4,0,0,0,0,0,0,0,2n Cycle,Together,2014-06-10
902015,1981,49700.0,0,0,56,109,24,98,32,2,30,1,7,2,3,8,0,0,0,0,0,0,0,Graduation,Married,2012-09-14
902016,1961,58700.0,0,0,38,538,31,1093,132,263,91,1,6,7,11,2,0,0,0,0,0,0,0,Graduation,Single,2012-12-15
902017,1954,78700.0,0,2,88,843,5,59,0,0,23,0,8,1,7,5,0,0,0,0,0,0,0,Master,Married,2014-03-07
902018,1964,58300.0,1,1,15,170,1,89,2,8,6,4,3,2,8,7,0,0,0,0,0,0,0,Master,Single,2013-12-26
902019,1961,29000.0,1,1,71,2,0,2,2,3,10,0,1,0,2,6,0,0,0,0,0,0,0,PhD,Divorced,2013-11-19
902020,1971,72000.0,0,1,0,524,0,115,3,23,16,1,2,3,5,2,0,0,0,0,0,0,0,Graduation,Married,2014-06-20
902021,1980,24100.0,1,0,33,16,3,9,10,4,26,3,3,1,4,5,0,0,0,0,0,0,0,Graduation,Married,2013-10-06
902022,1972,67400.0,0,1,72,888,5,225,8,6,12,1,7,3,11,2,0,0,0,0,0,0,0,Graduation,Together,2013-01-22
902023,1956,36300.0,0,1,86,7,2,9,0,0,1,1,1,0,2,7,0,0,0,0,0,0,0,Graduation,Together,2012-12-08
902024,1992,61000.0,0,1,81,182,50,102,72,7,56,3,4,5,8,2,0,0,0,0,0,0,0,2n Cycle,Married,2013-06-14
902025,1969,38700.0,1,1,37,128,0,37,1,1,15,2,2,2,3,8,0,0,0,0,0,0,0,Master,Married,2012-11-28
902026,1980,83800.0,0,1,39,673,29,291,87,15,4,2,7,6,7,3,1,0,0,0,0,0,0,Graduation,Married,2012-11-29
902027,1980,14100.0,1,0,73,1,1,5,9,2,3,1,0,0,2,6,0,0,0,0,0,0,0,Basic,Divorced,2014-06-17
902028,1976,68500.0,0,0,0,513,31,138,47,7,119,1,2,8,13,4,1,0,0,1,1,1,0,Master,Together,2013-08-19
902029,1972,60900.0,1,0,56,669,2,72,0,4,51,4,5,2,6,8,0,0,0,0,0,1,0,Master,Together,2013-05-03
902030,1979,79200.0,0,1,82,487,32,402,19,130,71,2,3,9,11,2,1,0,0,0,0,1,0,Graduation,Widow,2014-03-01
902031,1969,53300.0,1,1,27,392,3,67,8,2,39,4,9,1,6,6,0,0,0,0,0,0,0,Graduation,Single,2013-07-07
902032,1982,40600.0,1,0,52,338,1,43,1,0,72,3,7,2,5,10,0,0,0,0,0,0,0,Master,Together,2013-06-26
902033,1983,80700.0,0,0,66,774,193,803,141,114,6,1,3,7,7,2,0,0,0,0,0,1,0,PhD,Divorced,2013-09-05
902034,1980,17800.0,1,0,89,12,2,19,2,0,4,3,2,0,3,9,0,0,0,0,0,0,0,PhD,Divorced,2012-09-16
902035,1966,70400.0,0,0,49,157,17,187,34,18,175,1,3,2,6,5,0,0,0,0,0,0,0,Graduation,Married,2013-01-01
902036,1974,49500.0,1,1,41,129,6,112,4,0,18,2,7,1,2,8,0,0,0,1,0,0,0,2n Cycle,Married,2013-02-02
902037,1968,34800.0,2,1,13,21,1,17,0,2,3,2,2,0,2,6,0,0,0,0,0,0,0,Basic,Divorced,2013-01-14
902038,1957,59600.0,1,1,58,149,10,268,7,9,8,4,5,4,6,9,0,0,0,0,0,0,0,2n Cycle,Together,2012-10-21
902039,1973,65800.0,1,1,46,280,33,94,4,11,28,4,5,5,4,7,0,1,1,1,0,1,0,Graduation,Together,2013-09-11
902040,1962,60800.0,1,1,0,1006,12,300,95,19,321,7,11,7,9,6,0,0,0,0,0,1,0,PhD,Married,2013-01-19
902041,1978,14500.0,1,0,45,7,2,3,4,7,21,2,1,0,3,8,0,0,0,0,0,1,0,PhD,Single,2014-03-24
902042,1976,36500.0,0,1,52,479,5,108,71,5,16,2,4,1,13,5,0,0,0,0,0,0,0,Graduation,Single,2013-09-02
902043,1963,61700.0,0,0,0,133,13,81,11,52,21,1,4,2,5,7,0,0,0,0,0,1,0,Graduation,Together,2012-09-21
902044,1982,76500.0,0,0,75,331,13,317,173,198,11,1,3,4,6,1,0,0,0,0,0,1,0,Graduation,Together,2013-06-23
902045,1996,33700.0,1,0,97,20,1,16,9,13,5,2,2,0,3,7,0,0,0,0,0,0,0,Graduation,Single,2013-06-27
902046,1980,9600.0,1,0,33,3,1,5,3,7,34,1,2,0,2,6,0,0,0,0,0,0,0,PhD,Single,2013-09-29
902047,1986,84700.0,0,0,82,702,22,345,35,87,19,1,4,7,5,3,0,0,0,0,0,0,0,Graduation,Together,2013-03-08
902048,1969,76800.0,0,2,82,388,47,150,48,11,94,13,9,3,7,7,0,0,0,0,0,0,0,Graduation,Widow,2014-05-28
902049,1972,32100.0,0,1,64,13,2,5,1,10,16,1,1,0,3,4,0,0,0,0,0,0,0,Graduation,Together,2012-12-02
902050,1980,57200.0,0,0,83,665,18,110,147,35,245,2,4,3,11,9,0,0,0,0,1,0,0,Graduation,Widow,2013-09-09
902051,1979,83100.0,0,1,66,1493,2,206,8,1,16,1,6,4,8,5,0,0,0,0,0,0,0,Graduation,Single,2014-03-23
902052,1983,22700.0,1,1,69,15,0,5,4,2,8,1,1,0,4,5,0,0,0,0,0,0,0,2n Cycle,Together,2013-07-20
902053,1973,29700.0,0,1,0,14,0,4,0,1,5,1,1,0,3,7,0,0,0,0,0,1,0,Graduation,Single,2014-03-21
902054,1971,55200.0,1,1,62,335,11,66,12,1,35,10,10,4,6,5,0,0,0,1,0,0,0,Graduation,Together,2013-07-10
902055,1946,66200.0,0,1,62,432,59,619,98,198,68,2,4,8,7,3,1,1,0,1,1,1,0,Graduation,Single,2013-04-11
902056,1982,28400.0,1,0,0,15,1,10,1,4,16,1,1,1,2,5,0,0,0,0,0,0,0,Graduation,Single,2013-08-27
902057,1980,93400.0,0,0,38,632,37,498,104,11,68,0,3,6,10,1,0,0,0,1,0,1,0,PhD,Married,2014-06-10
902058,1963,15800.0,1,0,41,6,1,9,2,0,1,1,1,0,2,8,0,0,0,0,0,0,0,Master,Divorced,2013-01-14
902059,1981,29100.0,1,1,13,11,2,3,0,1,18,1,0,1,2,5,0,0,0,0,0,0,0,Graduation,Divorced,2013-06-12
902060,1981,70300.0,0,1,79,1076,43,115,18,5,22,4,6,8,12,6,1,0,0,1,0,1,0,Graduation,Widow,2013-12-25
902061,1964,27700.0,1,1,73,29,2,12,1,1,4,1,1,1,2,7,0,0,0,0,0,0,0,PhD,Married,2014-03-21
902062,1962,52200.0,0,1,27,422,27,137,17,8,103,7,8,3,5,7,0,0,0,0,0,0,0,Graduation,Single,2013-10-22
902063,1970,40900.0,0,1,99,1396,55,146,69,10,199,1,7,5,13,7,0,0,0,0,0,0,0,Graduation,Single,2013-03-15
902064,1973,26700.0,1,1,23,7,0,3,0,2,6,1,1,0,2,7,0,0,0,0,0,0,0,Graduation,Divorced,2012-10-13
902065,1980,31600.0,1,0,73,34,3,38,12,24,3,4,3,1,4,7,0,0,0,0,0,0,0,Master,Together,2013-02-21
902066,1972,18800.0,1,0,29,5,3,12,3,3,8,2,1,1,3,7,0,0,0,0,0,0,0,2n Cycle,Together,2013-09-27
902067,1953,63300.0,0,1,33,746,69,247,28,3,16,4,5,8,9,4,0,0,0,0,0,0,0,Graduation,Single,2014-05-20
902068,1980,28500.0,0,0,51,5,10,5,9,7,15,2,2,0,3,5,0,0,0,0,0,0,0,Graduation,Married,2013-01-06
902069,1973,32800.0,1,1,98,21,9,41,19,21,26,2,2,1,3,6,0,0,0,0,0,0,0,Graduation,Married,2012-12-26
902070,1972,56300.0,0,1,25,35,11,31,9,4,47,2,2,1,5,4,0,0,0,0,0,0,0,2n Cycle,Married,2014-05-10
902071,1956,44100.0,0,1,15,121,5,11,6,0,9,1,3,0,5,8,0,0,0,0,0,1,0,2n Cycle,Divorced,2014-01-18
902072,1969,13300.0,1,0,10,4,5,3,10,1,7,1,1,0,3,8,0,0,0,1,0,1,0,Graduation,Divorced,2012-12-21
902073,1969,70500.0,1,1,48,180,0,64,1,0,37,2,11,1,8,6,0,0,0,0,0,0,0,PhD,Married,2014-05-14
902074,1992,38200.0,1,0,61,24,6,32,15,1,6,2,4,1,3,7,0,0,0,0,0,0,0,Graduation,Widow,2013-10-20
902075,1978,27200.0,0,0,27,6,17,10,4,7,41,1,3,0,3,5,0,0,0,0,0,0,0,Basic,Together,2014-01-21
902076,1978,18600.0,1,1,56,11,7,6,4,2,13,2,1,1,3,6,0,0,0,0,0,0,0,2n Cycle,Single,2014-05-01
902077,1992,63800.0,0,1,2,672,3,242,6,15,245,4,4,4,6,4,0,0,0,0,0,1,0,2n Cycle,Married,2013-07-28
902078,1957,46200.0,0,1,76,153,5,94,4,1,10,3,1,3,5,2,0,0,0,0,0,0,0,Graduation,Married,2012-08-25
902079,1956,79100.0,0,2,33,397,1,23,1,0,7,2,2,2,3,6,0,0,0,0,0,1,0,Graduation,Married,2012-09-30
902080,1980,54700.0,0,1,62,631,1,70,22,9,41,3,4,4,7,5,0,0,0,0,1,0,0,2n Cycle,Married,2013-06-30
902081,1956,47000.0,1,1,86,23,2,8,3,1,9,2,2,1,3,5,0,0,0,0,0,0,0,2n Cycle,Single,2013-03-01
902082,1957,44500.0,0,0,22,101,2,46,13,6,46,6,4,1,6,8,0,0,0,0,0,1,0,PhD,Single,2013-02-02
902083,1962,72300.0,0,0,17,923,10,93,3,1,23,2,4,3,8,3,0,0,0,0,0,0,0,Graduation,Together,2014-01-04
902084,1965,45800.0,1,0,27,27,0,25,0,4,19,1,2,0,3,8,0,0,1,0,0,1,0,Graduation,Single,2013-04-28
902085,1963,38500.0,0,1,53,23,2,9,2,3,4,1,2,0,3,5,0,0,0,0,0,0,0,Graduation,Single,2014-06-03
902086,1983,61700.0,0,0,37,241,197,455,56,29,48,3,2,5,7,1,0,0,0,0,0,0,0,Graduation,Married,2012-12-06
902087,1973,81600.0,0,1,99,74,12,94,5,48,17,2,3,2,5,3,0,0,0,0,0,0,0,Graduation,Single,2012-11-14
902088,1978,41300.0,1,1,46,8,0,9,4,6,8,3,1,0,3,6,0,0,0,0,0,0,0,PhD,Married,2013-12-27
902089,1974,39500.0,1,0,64,63,5,66,2,0,16,2,4,1,2,6,0,0,0,0,0,0,0,Graduation,Married,2013-06-19
902090,1989,22700.0,1,0,98,9,1,16,17,1,4,1,2,0,3,13,0,0,0,0,0,0,0,2n Cycle,Married,2014-02-12
902091,1958,40900.0,1,1,0,67,21,86,165,21,24,5,6,1,4,5,0,0,0,0,0,0,0,Graduation,Married,2013-04-11
902092,1984,73500.0,0,1,86,1292,21,251,21,116,22,3,5,5,13,4,1,0,0,1,1,1,0,Graduation,Married,2013-07-12
902093,1972,50000.0,0,1,0,14,4,11,14,4,8,1,1,1,3,5,0,0,1,1,0,0,0,Master,Together,2013-10-18
902094,1972,67100.0,0,1,63,90,72,489,93,263,141,2,5,9,3,1,0,0,0,0,0,0,0,PhD,Unknown,2013-01-04
902095,1970,71100.0,0,0,79,1493,59,299,253,9,10,1,5,10,5,3,0,0,0,0,0,1,0,Master,Divorced,2012-12-09
902096,1983,47100.0,0,1,99,92,50,152,129,53,39,2,5,2,4,4,0,0,0,0,0,0,0,Graduation,Together,2013-02-19
902097,1972,61600.0,1,0,45,105,104,770,206,12,96,2,5,8,2,3,0,0,0,0,0,0,0,Graduation,Married,2013-06-30
902098,1971,15400.0,1,1,30,15,15,9,0,4,52,3,3,1,2,10,0,0,0,0,0,0,0,Graduation,Together,2013-02-03
902099,1973,46200.0,1,0,50,22,0,7,3,0,2,1,1,0,3,7,0,0,0,0,0,0,0,Graduation,Single,2013-08-29
902100,1979,23400.0,1,0,10,7,5,7,3,3,18,1,1,0,2,9,0,0,0,1,0,0,0,2n Cycle,Single,2013-04-23
902101,1954,74500.0,0,0,49,920,62,337,40,23,111,2,2,5,10,1,0,0,0,0,1,1,0,Graduation,Married,2014-03-22
902102,1959,83000.0,0,0,57,1406,72,332,80,78,41,1,3,4,11,5,1,0,1,1,0,1,0,Graduation,Single,2012-09-08
902103,1966,48700.0,1,1,72,29,2,42,8,5,11,3,3,0,4,5,0,0,0,0,0,0,0,PhD,Married,2013-01-24
902104,1971,42800.0,0,2,50,54,0,13,1,1,4,1,2,1,3,5,0,0,0,0,0,0,0,Graduation,Together,2013-05-04
902105,1967,48400.0,0,1,24,102,19,53,56,44,192,3,7,1,8,6,0,0,0,0,0,0,0,PhD,Together,2013-10-07
902106,1968,41500.0,0,1,68,274,14,136,87,15,18,1,3,4,6,4,0,0,0,0,0,0,0,Master,Together,2013-07-01
902107,1970,105500.0,0,0,0,503,97,981,253,198,56,0,8,11,9,1,0,1,1,0,0,1,0,PhD,Single,2012-10-17
902108,1960,64600.0,1,1,35,135,0,17,0,0,1,2,1,1,4,3,0,0,0,0,0,0,0,2n Cycle,Single,2014-01-05
902109,1991,105800.0,0,0,95,420,80,1038,64,70,10,1,1,9,4,1,0,0,0,0,0,0,0,Graduation,Married,2013-08-18
902110,1951,63000.0,0,2,36,388,2,46,5,2,12,5,4,1,9,7,0,0,0,1,0,0,0,Graduation,Together,2012-09-17
902111,1958,49300.0,0,0,24,405,60,206,45,49,101,1,5,5,13,5,0,0,0,0,0,0,0,2n Cycle,Together,2013-05-12
902112,1971,48400.0,1,0,10,200,2,29,9,1,29,4,4,1,5,8,0,0,0,0,0,0,0,2n Cycle,Married,2013-05-21
902113,1967,38300.0,1,1,29,67,2,33,2,1,11,2,2,1,4,6,0,0,0,0,0,0,0,2n Cycle,Single,2013-11-03
902114,1965,52300.0,0,0,92,189,27,192,80,17,77,1,7,3,5,3,0,0,0,0,0,0,0,Graduation,Together,2012-09-27
902115,1954,68400.0,0,0,74,1493,38,254,11,22,127,2,5,3,8,3,0,1,0,0,1,1,0,Master,Single,2013-06-17
902116,1973,64600.0,1,1,58,184,1,14,14,1,5,2,3,1,5,3,0,0,0,0,0,0,0,Master,Married,2014-02-27
902117,1970,51400.0,2,1,51,8,2,7,0,4,1,2,1,0,4,5,0,0,0,0,0,0,0,Graduation,Together,2013-11-07
902118,1970,28600.0,0,0,74,30,2,30,6,6,6,2,1,1,4,5,0,0,0,1,0,0,0,PhD,Married,2014-04-26
902119,1975,62100.0,2,1,99,33,0,15,1,0,1,3,2,0,3,6,0,0,0,0,0,0,0,PhD,Divorced,2014-01-18
902120,1971,58900.0,0,0,44,76,7,60,7,2,65,0,2,2,4,2,0,0,0,0,0,0,0,2n Cycle,Single,2012-09-12
902121,1954,17100.0,0,1,84,4,3,7,5,13,9,1,2,0,2,5,0,0,0,0,0,0,0,PhD,Single,2013-09-09
902122,1976,10000.0,0,1,0,8,5,9,8,1,18,3,2,0,2,13,0,0,0,0,0,0,0,Graduation,Divorced,2013-11-12
902123,1954,53300.0,0,1,60,193,13,141,3,27,26,4,6,1,7,6,0,0,0,0,0,0,0,Graduation,Single,2012-08-22
902124,1969,40300.0,1,1,25,56,15,96,120,1,31,4,3,1,5,7,0,0,1,0,0,0,0,Graduation,Single,2012-11-10
902125,1959,28500.0,1,0,45,0,3,5,9,8,7,1,1,1,2,5,0,0,0,0,0,0,0,Graduation,Married,2014-02-20
902126,1947,64600.0,0,1,56,23,0,9,0,0,0,0,1,0,3,3,0,0,0,0,0,0,0,Master,Single,2012-12-22
902127,1977,21200.0,1,0,42,4,4,10,4,1,3,2,2,0,3,8,0,0,0,0,0,0,0,PhD,Divorced,2013-03-05
902128,1965,73300.0,0,1,62,313,27,207,38,38,18,1,2,4,4,2,0,0,0,0,0,0,0,Graduation,Together,2013-09-20
902129,1962,30300.0,1,1,32,17,1,8,4,1,29,1,3,0,2,10,0,0,0,0,0,0,0,Graduation,Together,2012-10-26
902130,1992,44300.0,0,0,56,136,185,84,51,25,8,2,7,1,8,5,0,0,0,0,0,0,0,2n Cycle,Together,2014-02-08
902131,1961,23200.0,1,1,5,4,9,6,9,7,8,2,1,0,4,5,0,0,0,0,0,0,0,PhD,Married,2014-01-04
902132,1975,49400.0,0,1,59,39,0,3,1,0,0,1,1,0,2,5,0,0,0,0,0,0,0,2n Cycle,Married,2014-03-28
902133,1968,38600.0,0,1,67,108,21,29,9,7,49,3,3,1,6,7,0,0,0,0,0,1,0,PhD,Together,2013-10-22
902134,1980,58600.0,0,1,99,467,22,99,29,24,48,1,11,3,6,4,0,0,0,0,0,0,0,Master,Single,2012-10-19
902135,1982,46000.0,1,1,49,42,2,17,7,1,6,3,2,1,3,6,0,0,0,0,0,0,0,Master,Single,2014-06-20
902136,1988,56500.0,0,0,73,239,69,469,259,134,47,1,4,5,7,2,0,0,0,0,0,0,0,Graduation,Single,2012-09-17
902137,1957,43800.0,0,1,27,21,5,15,11,8,13,2,1,1,5,2,0,0,1,0,0,0,0,Graduation,Married,2013-12-31
902138,1986,24700.0,1,0,39,3,1,6,1,4,20,1,1,1,2,5,0,0,0,0,0,0,0,Graduation,Together,2014-03-09
902139,1969,32800.0,1,1,42,37,0,6,0,0,11,2,2,0,2,7,0,0,1,0,0,0,0,Graduation,Single,2012-10-23
902140,1981,27500.0,1,0,99,1,5,11,22,11,25,4,3,0,3,5,0,0,0,0,0,0,0,Basic,Married,2013-02-21
902141,1981,16000.0,1,0,20,2,1,4,4,1,15,2,1,0,2,5,0,0,0,0,0,0,0,PhD,Married,2013-04-18
902142,1967,52600.0,1,1,64,117,4,46,10,34,17,5,4,2,5,5,0,0,0,0,0,0,0,Graduation,Single,2013-02-27
902143,1956,34300.0,1,1,81,23,0,7,0,0,33,1,1,1,2,8,0,0,0,0,0,0,0,2n Cycle,Single,2013-02-11
902144,1970,67600.0,0,1,52,368,17,189,31,107,78,2,5,4,8,5,0,0,0,1,0,1,0,Graduation,Together,2013-06-23
902145,1985,39600.0,2,1,36,97,19,210,19,3,26,5,5,2,2,7,0,0,0,1,0,0,0,Graduation,Divorced,2014-01-10
902146,1976,69200.0,0,0,14,1277,14,134,113,12,60,1,5,7,7,4,0,0,0,0,1,0,0,PhD,Widow,2013-11-02
902147,1966,47900.0,1,0,42,15,3,14,1,1,8,3,1,1,4,5,0,0,0,0,0,0,0,Graduation,Married,2014-01-26
902148,1960,59500.0,0,1,37,367,197,113,91,58,16,3,6,4,13,4,0,0,0,0,0,0,0,Graduation,Married,2014-03-26
902149,1981,34200.0,0,0,58,74,3,9,10,0,30,2,5,1,3,5,0,0,0,0,0,1,0,Master,Widow,2013-09-08
902150,1989,48100.0,1,0,20,82,9,72,3,3,33,5,5,1,3,7,0,0,0,0,0,0,0,Graduation,Together,2013-05-21
902151,1974,57800.0,1,1,64,336,161,201,259,248,95,6,8,8,9,6,0,0,0,0,0,0,0,Graduation,Married,2012-12-18
902152,1972,35600.0,0,1,24,277,14,147,35,6,70,7,4,7,10,4,0,0,0,0,0,0,0,Graduation,Married,2014-05-31
902153,1988,26200.0,2,0,18,2,8,4,1,3,1,1,1,0,2,7,0,0,0,0,0,0,0,Graduation,Single,2014-04-06
902154,1980,15600.0,1,1,99,2,2,10,1,3,14,3,1,0,2,8,0,0,0,0,0,0,0,Graduation,Together,2013-01-13
902155,1965,58900.0,1,2,21,273,3,42,22,3,11,4,6,0,6,5,0,0,0,0,0,0,0,Graduation,Together,2012-09-30
902156,1974,78200.0,0,1,0,288,82,84,2,263,60,1,8,2,13,5,0,0,0,0,0,0,0,Graduation,Divorced,2013-07-29
902157,1966,49100.0,1,0,73,103,1,30,6,0,28,1,3,1,3,7,0,0,0,0,0,0,0,PhD,Single,2012-08-21
902158,1982,33800.0,1,0,98,23,6,17,2,2,19,1,4,0,4,5,0,0,0,0,0,0,0,Basic,Single,2014-02-23
902159,1971,47500.0,0,0,13,153,52,43,190,35,72,1,6,4,13,3,0,0,0,0,0,0,0,2n Cycle,Widow,2012-09-26
902160,1962,79100.0,0,0,33,1005,9,83,3,10,48,4,4,2,12,7,0,0,0,0,0,0,0,PhD,Single,2012-12-10
902161,1951,67300.0,1,1,74,500,4,117,56,7,26,8,8,2,5,10,0,0,0,0,0,0,0,PhD,Married,2013-03-03
902162,1955,64600.0,0,1,29,38,0,14,0,1,5,2,3,0,4,6,0,0,0,0,0,0,0,PhD,Divorced,2012-11-25
902163,1978,71600.0,0,0,32,247,96,731,33,2,245,0,8,6,12,2,0,0,0,0,0,0,0,PhD,Single,2014-06-17
902164,1977,19200.0,1,0,36,15,12,9,2,1,14,4,1,1,4,5,0,0,0,0,0,0,0,Master,Single,2013-04-26
902165,1966,61100.0,0,0,56,155,48,381,130,29,41,1,2,8,4,1,0,0,0,0,0,0,0,PhD,Together,2013-06-26
902166,1960,43200.0,1,2,86,67,0,3,0,0,3,2,1,0,4,3,0,0,0,0,0,0,0,Graduation,Divorced,2013-06-22
902167,1979,46900.0,0,0,44,15,4,13,3,3,36,2,4,0,4,5,0,0,0,0,0,0,0,Master,Together,2012-12-28
902168,1970,80400.0,0,0,47,645,17,821,189,61,142,1,3,3,11,2,1,0,0,0,1,1,0,Graduation,Widow,2012-08-18
902169,1950,35300.0,1,1,66,66,1,8,1,0,15,2,2,1,3,6,0,0,0,0,0,0,0,2n Cycle,Married,2012-09-24
902170,1967,21500.0,0,0,97,9,3,19,10,10,8,2,2,0,3,6,0,0,0,0,0,0,0,Master,Married,2013-12-03
902171,1963,80300.0,0,0,73,1493,125,549,155,198,16,1,10,4,6,4,1,0,1,1,1,1,0,PhD,Single,2012-10-18
902172,1982,22800.0,1,0,16,4,5,5,3,0,0,1,1,0,3,5,0,0,0,0,0,0,0,Graduation,Single,2013-11-01
902173,1963,75400.0,1,0,45,384,13,158,82,19,67,6,6,3,8,8,0,0,0,0,0,0,0,Graduation,Married,2013-12-06
902174,1966,40400.0,0,1,49,24,1,9,4,2,1,0,0,0,3,5,0,0,0,0,0,0,0,PhD,Single,2014-04-11
902175,1980,78200.0,0,0,43,865,7,911,195,202,65,1,5,6,7,3,0,0,0,0,0,0,0,Graduation,Divorced,2013-09-09
902176,1962,76100.0,0,2,55,218,21,197,40,74,144,5,5,7,4,4,0,0,0,0,0,0,0,Graduation,Married,2014-01-18
902177,1947,69000.0,0,1,99,395,31,135,13,20,24,2,8,3,6,4,0,0,0,1,0,0,0,Master,Married,2014-05-23
902178,1957,85700.0,0,1,61,711,36,614,40,67,77,1,6,6,12,4,0,0,0,0,0,0,0,Master,Together,2012-12-18
902179,1953,70200.0,1,1,61,291,26,246,12,43,34,2,6,2,6,5,0,0,0,0,0,0,0,Graduation,Single,2013-09-04
902180,1970,42400.0,0,1,48,141,84,84,160,46,164,2,10,2,5,7,0,0,0,0,0,0,0,Master,Together,2012-09-23
902181,1987,83800.0,0,0,0,1493,21,426,5,41,151,1,5,5,5,4,1,0,0,0,0,1,0,Master,Married,2013-09-19
902182,1975,59800.0,0,1,99,1171,13,223,57,0,65,6,12,6,11,7,0,0,0,0,0,0,0,2n Cycle,Divorced,2012-10-12
902183,1950,68000.0,1,1,38,504,9,182,37,4,73,3,8,2,7,9,0,0,0,0,0,1,0,Master,Divorced,2014-05-05
902184,1954,82900.0,0,0,9,393,97,186,32,189,68,2,3,6,6,1,0,0,0,0,0,0,0,Graduation,Married,2014-03-22
902185,1973,54300.0,0,1,70,1396,51,146,16,5,32,2,6,3,13,4,0,0,0,0,0,0,0,Graduation,Together,2013-08-19
902186,1971,50600.0,1,1,70,43,2,12,7,5,17,3,2,0,5,5,0,0,0,0,0,0,0,2n Cycle,Single,2013-09-01
902187,1948,39600.0,1,1,26,34,4,20,3,3,4,4,3,0,4,10,0,0,0,0,0,0,0,Graduation,Together,2012-12-28
902188,1989,25600.0,1,0,43,14,4,16,6,1,6,2,2,0,2,7,0,0,0,0,0,0,0,Graduation,Together,2014-05-23
902189,1968,29300.0,1,1,65,12,0,4,2,0,1,1,1,0,2,8,0,0,0,0,0,0,0,PhD,Married,2013-01-09
902190,1962,36200.0,1,0,43,14,5,9,1,7,3,2,2,0,3,7,0,0,0,0,0,0,0,Master,Together,2014-05-25
902191,1978,35200.0,1,0,31,10,1,9,3,1,1,2,1,0,3,6,0,0,0,0,0,0,1,Master,Together,2013-09-08
902192,1977,39900.0,1,1,20,26,0,8,0,0,10,1,0,1,3,4,0,0,0,0,0,0,0,Graduation,Together,2013-06-03
902193,1963,64600.0,1,1,78,116,1,35,17,2,14,3,4,1,3,5,0,0,0,0,0,0,0,Basic,Married,2013-10-15
902194,1988,68800.0,0,0,21,463,51,506,253,107,67,1,4,6,6,4,1,0,0,0,1,1,0,Graduation,Married,2013-01-11
902195,1953,43400.0,1,1,0,5,2,13,3,1,1,1,1,0,4,5,0,0,0,0,0,0,0,Master,Together,2012-08-05
902196,1943,80900.0,0,0,35,473,50,851,8,23,141,1,2,4,9,4,0,0,0,0,0,1,0,Graduation,Married,2012-08-25
902197,1960,52900.0,0,0,62,169,3,259,170,3,6,1,2,6,5,3,0,0,0,0,0,0,0,PhD,Single,2013-12-01
902198,1980,24700.0,2,0,27,1,7,7,8,3,20,1,1,0,3,5,0,0,0,0,0,0,0,Graduation,Together,2013-06-28
902199,1961,83900.0,0,1,75,781,11,269,43,50,23,2,6,5,8,2,0,0,0,0,1,0,0,Graduation,Married,2014-03-16
902200,1975,38500.0,1,1,0,60,0,42,0,0,59,6,2,1,4,8,0,0,0,0,0,0,0,Graduation,Married,2014-06-26
902201,1958,52000.0,0,1,29,640,2,103,7,9,34,5,8,2,6,5,0,0,1,0,0,0,0,Graduation,Married,2013-04-17
902202,1975,51800.0,2,1,66,99,4,30,21,3,42,4,3,2,2,8,0,0,0,0,0,0,0,PhD,Married,2014-04-19
902203,1978,38900.0,1,0,55,18,0,7,0,1,6,2,1,0,3,4,0,0,0,0,0,0,0,2n Cycle,Together,2013-06-30
902204,1954,23700.0,1,0,57,11,1,4,8,0,0,2,1,1,2,5,0,0,0,0,0,0,0,PhD,Married,2013-08-10
902205,1956,72700.0,0,1,0,608,4,200,33,63,37,4,5,3,13,3,0,0,0,0,0,0,0,Graduation,Together,2012-11-30
902206,1987,28800.0,1,0,45,52,1,12,0,0,121,2,6,0,2,9,0,0,0,0,0,0,0,2n Cycle,Single,2013-01-28
902207,1969,23300.0,0,1,66,2,11,11,3,17,13,2,2,0,3,5,0,0,0,0,0,0,0,Graduation,Divorced,2013-04-12
902208,1962,58300.0,1,1,9,321,0,39,3,9,4,4,5,1,8,6,0,0,0,0,0,0,0,PhD,Married,2013-10-16
902209,1979,41100.0,1,1,26,12,0,8,2,4,6,2,2,0,4,5,0,0,0,0,0,1,0,Graduation,Married,2013-11-03
902210,1961,32700.0,1,1,39,30,3,31,1,1,85,2,4,0,2,8,0,0,0,1,0,0,0,Graduation,Together,2013-06-18
902211,1968,98100.0,0,1,37,781,36,584,57,24,7,3,5,10,13,4,0,0,0,0,0,1,0,Graduation,Divorced,2013-03-31
902212,1946,52500.0,0,1,12,514,0,22,1,0,7,2,5,3,6,6,0,0,0,1,0,0,0,Graduation,Together,2014-05-07
902213,1970,57400.0,1,1,26,79,199,416,168,157,116,6,8,2,6,7,0,0,1,0,1,0,0,Master,Married,2013-01-22
902214,1961,57300.0,0,0,48,469,94,420,54,63,127,1,5,5,6,3,1,0,0,0,1,1,0,Graduation,Together,2014-03-29
902215,1972,69800.0,0,1,24,464,9,304,5,7,40,2,4,6,8,4,0,0,0,0,0,0,0,PhD,Married,2013-08-20
902216,1964,82400.0,0,1,28,56,11,106,8,18,18,0,2,4,4,0,0,0,0,0,0,0,0,PhD,Married,2013-05-24
902217,1958,29200.0,0,0,61,22,2,15,1,1,11,1,3,0,3,10,0,0,0,0,0,0,0,Graduation,Single,2013-11-16
902218,1971,48000.0,0,0,70,135,20,39,15,3,68,2,5,1,5,6,0,0,0,0,0,0,0,Master,Married,2012-09-11
902219,1968,46400.0,0,0,47,264,47,463,58,17,36,2,4,6,7,2,0,0,0,0,0,0,0,Graduation,Together,2013-12-19
902220,1966,42600.0,0,1,16,174,1,31,1,1,15,5,5,1,3,8,0,0,0,0,0,0,0,Master,Married,2013-04-11
902221,1955,27300.0,1,0,31,33,0,10,2,0,16,2,1,1,2,6,0,0,0,0,0,0,0,PhD,Married,2013-06-05
902222,1969,64700.0,0,0,88,146,34,153,97,195,31,1,3,4,7,2,0,0,0,0,0,0,0,Master,Single,2012-08-26
902223,1964,80400.0,0,1,47,390,96,307,84,69,62,1,11,5,10,3,0,0,0,0,0,0,0,Graduation,Married,2013-02-25
902224,1956,31800.0,1,1,41,8,1,4,7,0,3,1,2,0,3,6,0,0,0,0,0,0,0,PhD,Single,2013-11-01
902225,1970,38200.0,1,1,80,3,3,3,10,4,7,1,1,0,2,8,0,0,1,0,0,1,0,Master,Married,2013-01-09
902226,1991,78800.0,0,0,39,622,27,180,29,7,101,1,3,7,10,1,0,0,0,1,0,0,0,Graduation,Together,2013-04-02
902227,1969,20200.0,0,0,69,1,7,5,8,2,2,1,2,0,2,8,0,0,0,0,0,0,0,PhD,Married,2013-10-18
902228,1978,59200.0,0,0,71,630,94,101,21,23,84,1,6,4,4,7,0,0,1,0,1,1,0,PhD,Single,2013-07-25
902229,1960,40400.0,0,1,35,176,1,14,0,1,28,0,3,2,3,5,0,0,0,0,0,0,0,Graduation,Single,2013-05-10
902230,1978,51200.0,0,1,6,907,2,137,1,14,64,2,8,4,11,9,0,0,0,0,1,1,0,Graduation,Married,2012-12-13
902231,1962,69800.0,0,1,72,622,34,423,13,173,36,3,5,6,4,2,1,0,0,0,0,1,0,Master,Married,2012-11-25
902232,1977,26800.0,1,0,39,8,0,4,0,0,7,1,1,1,3,4,0,0,0,0,0,0,0,Graduation,Together,2012-09-18
902233,1953,91300.0,0,0,44,206,156,303,41,5,9,0,4,3,7,1,0,0,0,0,0,0,0,PhD,Married,2013-01-07
902234,1975,51800.0,1,0,30,443,2,67,5,0,27,4,5,2,8,8,0,0,0,0,0,1,0,Graduation,Married,2014-01-23
902235,1941,73900.0,1,1,97,976,79,122,90,4,30,2,8,4,9,3,1,0,0,0,1,1,0,Graduation,Married,2014-04-05
902236,1958,74300.0,0,1,98,343,7,362,13,5,16,1,7,5,10,2,0,0,0,0,0,0,0,PhD,Married,2013-01-17
902237,1974,39100.0,1,1,48,118,64,80,34,11,269,3,5,2,2,7,0,0,0,0,0,0,0,Master,Married,2013-03-08
902238,1964,40200.0,1,1,63,117,1,37,2,2,4,5,4,1,4,9,0,0,0,0,0,0,0,Master,Single,2014-01-31
902239,1996,18700.0,0,0,22,4,33,25,43,24,52,1,2,0,4,6,0,0,0,0,0,0,0,2n Cycle,Together,2012-10-26
902240,1982,22900.0,1,0,87,9,3,9,17,0,17,2,3,1,3,6,0,0,0,0,0,0,0,Basic,Together,2013-03-22
902241,1958,58400.0,0,2,18,306,3,35,1,19,11,3,3,2,7,6,0,0,0,0,0,0,0,Graduation,Married,2013-05-24
902242,1978,60400.0,0,0,53,644,82,60,1,18,245,1,5,4,10,4,0,0,0,1,1,1,0,Graduation,Single,2013-03-13
902243,1969,30400.0,0,1,99,139,0,29,0,0,36,3,4,1,2,10,0,0,1,0,0,0,0,Graduation,Married,2014-06-11
902244,1943,61100.0,0,1,59,81,25,368,29,49,60,2,3,6,6,1,0,0,0,0,0,0,0,Graduation,Divorced,2014-05-07
902245,1981,53600.0,1,1,82,23,1,9,1,0,6,1,1,0,2,4,0,0,0,0,0,0,0,PhD,Married,2013-07-09
902246,1952,47600.0,1,1,55,115,2,76,7,0,22,2,8,1,4,7,0,0,0,0,0,0,0,PhD,Single,2014-01-30
902247,1976,79700.0,0,1,99,402,8,201,29,47,116,2,5,10,5,3,0,0,0,0,0,0,0,Graduation,Single,2013-04-19
902248,1986,19400.0,1,0,66,6,3,11,6,4,9,3,2,0,3,8,0,0,0,0,0,0,0,Master,Together,2013-11-01
902249,1972,54400.0,0,0,70,114,1,42,0,1,6,1,6,0,5,6,0,0,0,1,0,0,0,Graduation,Single,2013-12-14
902250,1983,42600.0,1,0,60,318,8,190,18,27,181,7,5,3,7,5,0,0,0,0,0,0,0,Graduation,Divorced,2014-06-01
902251,1982,35500.0,1,0,17,5,1,15,6,2,3,1,2,0,3,8,0,0,0,0,0,0,0,Graduation,Married,2013-05-01
902252,1996,14400.0,1,0,43,1,47,8,4,19,17,2,1,0,2,6,0,0,0,0,0,0,0,PhD,Single,2013-12-07
902253,1982,32400.0,0,0,56,5,0,1,2,4,6,0,1,0,3,4,0,0,0,0,0,0,0,Graduation,Together,2012-12-16
902254,1956,28000.0,1,1,92,26,1,11,2,4,17,3,2,0,3,7,0,0,0,0,0,0,0,Graduation,Single,2012-10-09
902255,1953,52800.0,0,0,68,1171,4,69,0,0,231,4,8,2,8,7,0,0,0,0,0,0,0,Graduation,Single,2013-06-06
902256,1967,35700.0,1,1,55,105,0,33,5,0,11,4,2,1,4,5,0,0,0,0,0,0,0,2n Cycle,Married,2014-05-08
902257,1970,66400.0,0,2,59,133,6,47,23,90,127,1,8,2,7,4,0,0,0,0,0,0,0,PhD,Single,2013-05-01
902258,1955,64900.0,1,1,77,72,19,62,16,1,2,2,2,1,5,7,0,0,0,0,0,0,0,PhD,Married,2014-03-17
902259,1985,38700.0,1,0,86,9,11,30,4,15,10,2,2,0,6,4,0,0,0,0,0,0,0,Graduation,Married,2013-04-18
902260,1962,61500.0,0,1,67,148,22,158,31,7,15,2,4,1,9,3,0,0,0,0,0,0,0,Graduation,Married,2013-03-20
902261,1954,65500.0,1,1,36,1396,197,563,259,75,81,5,9,10,11,5,0,0,0,0,0,0,0,Graduation,Single,2014-01-05
902262,1968,79100.0,0,1,96,1014,12,254,2,4,21,5,11,3,12,9,0,0,0,1,0,0,0,PhD,Married,2014-04-24
902263,1958,66800.0,1,1,20,566,5,23,6,0,13,4,8,2,6,5,0,0,0,0,0,0,0,PhD,Married,2014-06-20
902264,1968,49200.0,1,0,83,1,1,5,0,1,2,0,0,0,1,6,0,0,0,0,0,0,0,Graduation,Married,2012-10-06
902265,1987,104300.0,0,0,72,759,62,220,42,47,269,2,7,5,8,1,0,0,0,0,0,0,0,Graduation,Single,2012-09-09
902266,1958,25600.0,1,1,78,159,2,24,3,1,7,7,3,0,5,8,0,0,0,0,0,0,0,Master,Single,2014-01-01
902267,1954,74800.0,0,0,63,725,56,320,53,20,13,0,4,8,10,2,1,0,1,0,0,0,0,Graduation,Single,2012-10-05
902268,1959,30000.0,1,1,54,72,6,27,2,2,22,2,2,2,3,6,0,0,0,0,0,1,0,PhD,Together,2014-05-20
902269,1982,24800.0,0,0,90,3,3,11,16,1,14,1,2,0,3,5,0,0,0,0,0,0,0,2n Cycle,Together,2013-09-11
902270,1963,51800.0,0,2,28,822,107,77,9,6,38,4,4,2,13,7,0,0,0,0,0,0,0,Graduation,Married,2013-12-05
902271,1960,81700.0,0,0,99,482,24,557,63,94,140,1,7,4,12,2,1,0,1,1,1,0,0,Graduation,Single,2014-04-22
902272,1987,89000.0,0,0,17,1474,145,981,45,198,7,1,3,6,8,1,0,0,0,0,0,1,0,Graduation,Single,2013-04-27
902273,1971,30800.0,1,1,36,11,1,7,4,4,11,1,1,0,2,10,0,0,0,0,0,0,0,Graduation,Single,2013-08-06
902274,1974,57600.0,1,0,44,110,11,80,16,3,70,1,3,2,3,2,0,0,0,0,0,0,0,Graduation,Married,2013-06-14
902275,1953,48500.0,1,1,99,29,1,14,1,0,7,2,1,0,4,4,0,0,0,0,0,0,0,Graduation,Single,2012-10-12
902276,1955,79100.0,0,2,65,1171,5,134,4,4,68,3,8,3,11,6,0,0,0,0,0,0,0,PhD,Together,2014-04-09
902277,1971,36800.0,1,1,67,8,3,5,4,5,4,2,1,0,4,3,0,0,0,0,0,0,0,Graduation,Together,2013-07-26
902278,1988,78100.0,0,0,28,386,29,312,99,125,179,1,7,8,7,4,1,0,0,0,0,1,0,2n Cycle,Divorced,2012-08-03
902279,1981,49200.0,0,1,78,299,17,259,21,14,16,2,2,3,6,2,0,0,0,0,0,0,0,PhD,Widow,2012-09-09
902280,1968,56800.0,0,0,20,93,1,65,2,15,23,2,3,0,7,8,0,0,0,0,0,0,0,2n Cycle,Married,2012-10-11
902281,1971,54100.0,0,1,63,210,6,27,10,2,5,2,4,1,7,7,0,0,0,0,0,0,0,PhD,Divorced,2013-11-02
902282,1963,79400.0,0,1,90,1396,13,913,259,90,180,5,20,18,13,7,0,0,0,0,0,0,0,Graduation,Single,2012-09-13
902283,1969,63800.0,0,0,57,679,197,394,47,18,50,2,10,3,13,3,0,0,0,0,0,0,0,Master,Single,2012-12-12
902284,1968,59100.0,0,1,60,48,6,130,37,20,3,1,5,2,5,9,0,0,1,0,0,0,0,Master,Together,2013-01-12
902285,1980,56500.0,0,0,54,366,149,635,12,89,28,2,8,5,7,3,0,0,0,0,0,0,0,Graduation,Single,2013-03-07
902286,1965,12200.0,1,1,24,17,0,32,1,2,26,3,2,1,2,14,0,0,0,0,0,0,0,Basic,Widow,2013-05-20
902287,1978,37000.0,1,0,97,91,1,40,24,4,7,3,6,1,4,5,0,0,0,0,0,0,0,Master,Married,2014-06-15
902288,1963,36200.0,0,0,55,14,0,8,3,3,9,1,1,0,3,5,0,0,0,0,0,0,0,Graduation,Divorced,2013-11-06
902289,1980,83100.0,0,1,95,549,172,674,259,81,30,2,5,12,6,3,0,0,0,0,0,0,0,PhD,Single,2013-07-08
902290,1959,90500.0,0,1,99,379,8,357,57,29,73,1,8,5,6,1,0,0,0,0,0,0,0,Graduation,Single,2013-02-03
902291,1951,67300.0,0,0,14,602,32,240,6,1,53,2,3,4,10,4,0,0,0,0,0,0,0,PhD,Married,2013-12-19
902292,1987,80900.0,0,0,26,315,61,265,18,12,14,0,5,5,7,2,1,1,0,0,0,1,0,PhD,Divorced,2014-06-01
902293,1981,63300.0,0,1,7,1122,60,247,138,40,153,3,4,4,8,7,1,0,0,0,1,1,0,PhD,Divorced,2014-03-29
902294,1959,82600.0,0,0,0,311,154,1681,26,13,28,1,2,9,11,2,0,0,0,0,0,0,0,PhD,Together,2013-02-01
902295,1945,79100.0,0,2,39,921,10,129,9,30,98,8,6,2,11,5,0,0,0,0,0,1,0,Graduation,Married,2012-09-20
902296,1953,33300.0,1,1,38,14,1,13,1,0,2,2,1,1,3,5,0,0,0,0,0,0,0,2n Cycle,Married,2013-08-31
902297,1941,64800.0,0,0,93,607,95,150,33,198,73,1,3,4,8,3,1,0,0,1,1,0,0,PhD,Together,2014-04-25
902298,1976,26700.0,0,0,64,3,1,7,2,4,3,1,1,0,3,4,0,0,0,0,0,0,0,PhD,Widow,2013-06-25
902299,1980,71200.0,0,1,99,454,26,513,8,49,153,3,4,6,10,4,0,0,0,0,0,0,0,Graduation,Together,2012-10-24
902300,1958,95800.0,0,0,39,956,96,981,141,47,9,0,5,5,5,2,1,0,0,1,0,0,0,Graduation,Divorced,2012-11-10
902301,1968,24000.0,1,0,52,8,1,20,10,3,12,1,3,0,3,9,0,0,0,0,0,0,0,PhD,Married,2013-10-31
902302,1970,70100.0,1,1,65,147,18,64,4,3,16,5,4,3,7,6,0,0,0,0,0,0,0,Graduation,Married,2013-05-05
902303,1944,59200.0,0,1,12,155,3,51,14,18,17,0,2,1,9,2,0,0,0,0,0,0,0,Graduation,Divorced,2013-06-05
902304,1976,26500.0,1,0,6,30,5,23,13,5,22,4,4,1,3,7,0,0,0,0,0,0,0,2n Cycle,Single,2012-09-02
902305,1972,67300.0,0,1,88,473,20,909,206,27,24,2,7,10,7,3,0,0,0,0,0,1,0,2n Cycle,Divorced,2013-01-19
902306,1967,11500.0,1,1,76,0,6,3,36,2,25,3,2,0,2,8,0,0,0,0,0,0,0,Graduation,Together,2014-06-14
902307,1996,14000.0,2,0,89,41,5,33,8,9,21,3,4,1,3,10,0,0,0,0,0,0,0,Graduation,Married,2014-04-06
902308,1972,62100.0,0,1,29,1396,27,236,170,19,48,3,11,6,13,7,0,0,0,0,0,0,0,2n Cycle,Married,2013-08-27
902309,1981,24900.0,1,0,99,9,2,15,15,2,15,2,3,1,3,8,0,0,0,0,0,1,0,2n Cycle,Married,2012-08-28
902310,1972,71700.0,0,1,49,455,22,322,134,198,207,2,5,8,6,3,1,0,1,1,0,1,0,Master,Married,2013-09-03
902311,1963,40900.0,0,1,47,109,21,386,94,100,76,3,3,10,3,2,0,0,0,0,0,0,0,Master,Married,2012-09-05
902312,1976,20300.0,0,0,37,3,7,8,20,16,44,2,1,0,2,8,0,0,1,0,0,0,0,PhD,Together,2013-09-06
902313,1942,73000.0,0,2,54,259,9,123,26,11,76,3,4,3,7,5,0,0,0,1,0,0,0,Graduation,Married,2013-04-08
902314,1975,40900.0,1,0,63,57,0,9,1,4,12,1,1,0,3,4,0,0,0,0,0,0,0,Master,Divorced,2014-01-25
902315,1947,84400.0,0,0,72,1039,167,674,253,198,9,0,6,9,4,1,0,1,0,1,0,1,0,PhD,Single,2013-09-19
902316,1949,63800.0,1,0,59,989,193,129,47,25,9,2,6,9,6,6,0,0,0,1,0,0,0,Graduation,Together,2012-09-07
902317,1976,27500.0,1,1,81,7,1,5,1,3,8,2,1,1,3,3,0,0,0,0,0,0,0,PhD,Married,2013-03-16
902318,1954,41600.0,1,1,56,20,1,8,1,1,1,2,1,0,3,8,0,0,0,0,0,0,0,PhD,Single,2013-11-08
902319,1988,20000.0,2,0,66,13,0,9,0,0,5,3,2,1,2,7,0,0,0,0,0,0,0,2n Cycle,Single,2013-08-20
902320,1952,71200.0,0,1,99,385,32,426,62,33,50,3,1,10,7,1,0,0,0,0,0,0,0,Graduation,Single,2012-11-20
902321,1978,39600.0,1,0,52,184,0,42,0,1,11,2,4,0,3,8,0,0,0,0,0,1,0,Graduation,Single,2013-10-15
902322,1962,46100.0,0,0,81,169,11,90,8,15,75,1,2,4,13,3,0,0,0,0,0,0,0,PhD,Married,2013-02-17
902323,1960,47100.0,0,1,0,491,2,43,14,15,167,2,5,6,11,3,0,0,0,0,0,0,0,Graduation,Single,2014-02-15
902324,1987,30000.0,1,0,23,64,0,11,3,0,1,2,3,0,4,5,0,0,0,0,0,0,0,PhD,Together,2013-10-04
902325,1980,57800.0,0,1,31,165,23,185,11,18,27,3,4,4,6,3,0,0,0,0,0,0,0,Master,Together,2012-12-17
902326,1980,86700.0,0,0,83,349,81,1251,64,54,60,1,3,6,7,1,0,0,0,0,0,0,0,Graduation,Divorced,2014-05-26
902327,1952,62800.0,1,1,26,470,2,62,2,2,100,2,8,1,7,4,0,0,0,0,0,0,0,Graduation,Married,2012-08-28
902328,1965,57100.0,0,0,34,102,6,64,7,13,15,2,4,2,3,3,0,0,0,0,0,0,0,Graduation,Married,2012-12-28
902329,1969,66400.0,0,1,75,304,32,101,0,4,57,1,4,3,9,4,0,0,0,0,0,0,0,PhD,Married,2014-04-20
902330,1977,18200.0,1,1,70,4,0,4,1,0,2,2,1,0,3,7,0,0,1,0,0,0,0,Graduation,Married,2013-12-22
902331,1973,79100.0,1,1,52,287,5,28,15,7,24,5,4,2,4,7,0,0,0,0,0,0,0,Master,Together,2013-03-05
902332,1965,60900.0,0,1,86,300,11,78,16,17,42,4,2,3,7,3,0,0,0,0,0,0,0,Graduation,Together,2013-06-18
902333,1944,78400.0,0,1,16,672,49,68,23,66,11,0,5,1,13,3,0,0,0,0,0,0,0,Master,Married,2012-08-01
902334,1981,24200.0,1,0,99,14,2,15,7,5,12,4,3,1,4,7,0,0,1,0,0,0,0,PhD,Single,2014-02-15
902335,1975,90800.0,0,1,54,724,60,113,19,7,64,1,6,4,11,3,0,0,0,0,0,0,0,Graduation,Married,2012-12-09
902336,1972,24700.0,1,0,29,15,6,10,6,1,8,2,1,0,4,7,0,0,0,0,0,1,0,Graduation,Together,2013-02-27
902337,1962,27000.0,1,0,9,5,8,6,16,2,8,1,1,1,2,7,0,0,0,0,0,0,0,Basic,Married,2013-03-26
902338,1977,27600.0,1,0,5,1,6,7,15,10,8,1,1,0,3,6,0,0,0,0,0,0,0,Master,Together,2012-08-21
902339,1976,88400.0,0,0,52,172,6,143,4,171,3,0,4,4,6,3,0,0,0,0,0,0,0,2n Cycle,Divorced,2013-02-05
902340,1972,37000.0,0,1,52,217,6,110,15,39,139,1,9,1,6,5,0,0,0,0,0,1,0,Basic,Single,2013-01-18
902341,1959,47000.0,0,1,42,491,4,280,26,35,67,6,13,3,10,5,0,0,0,0,0,0,0,2n Cycle,Together,2014-04-29
902342,1943,55900.0,0,1,0,983,19,243,48,26,34,5,4,6,12,4,0,0,0,0,0,0,0,Master,Single,2014-06-17
902343,1957,69500.0,0,2,0,1003,197,247,132,263,237,4,11,5,11,4,0,0,0,0,0,0,0,PhD,Single,2012-12-29
902344,1963,35200.0,1,1,21,123,15,42,7,9,88,3,5,1,4,6,0,0,0,0,0,0,0,Graduation,Single,2013-11-22
902345,1990,24100.0,1,0,28,5,2,15,2,4,7,2,1,0,2,9,0,0,0,0,0,0,0,Master,Together,2013-09-14
902346,1969,74400.0,0,0,35,475,25,264,17,3,34,1,4,6,5,3,0,0,0,0,0,0,0,PhD,Married,2013-05-05
902347,1977,37600.0,1,1,22,299,0,67,1,5,33,5,6,1,5,10,0,0,1,0,0,0,0,PhD,Married,2014-06-16
902348,1959,54800.0,0,2,37,199,6,279,31,30,14,3,7,4,6,5,0,0,0,0,0,0,0,2n Cycle,Divorced,2013-05-12
902349,1980,26200.0,0,0,70,30,5,37,13,17,6,0,1,0,3,7,0,0,0,0,0,0,0,Graduation,Married,2012-12-27
902350,1969,41500.0,1,1,45,31,3,17,5,3,10,2,2,0,3,9,0,0,0,0,0,0,0,Basic,Married,2012-12-21
902351,1957,79400.0,1,1,99,487,9,83,44,61,13,2,6,3,7,5,0,0,0,0,0,0,0,Graduation,Together,2013-11-03
902352,1965,28200.0,1,0,91,9,2,9,1,1,9,0,1,0,3,4,0,0,0,0,0,0,0,Graduation,Together,2013-10-22
902353,1967,35600.0,0,1,72,20,1,6,2,1,6,2,1,0,3,6,0,0,0,0,0,1,0,Basic,Together,2014-05-12
902354,1948,35300.0,0,1,0,125,19,168,12,5,22,4,5,3,7,4,0,0,0,0,0,0,0,PhD,Single,2013-07-25
902355,1986,58100.0,1,1,59,1021,0,264,4,14,35,10,12,4,8,8,0,0,0,0,0,0,0,Graduation,Widow,2013-03-06
902356,1962,74900.0,0,0,0,167,38,490,64,34,198,2,3,5,5,2,0,0,0,0,1,1,0,Graduation,Together,2013-08-16
902357,1971,57800.0,0,0,42,166,52,245,57,7,49,3,2,7,10,2,0,0,0,0,0,0,0,Master,Single,2012-10-16
902358,1951,102500.0,0,0,47,240,193,665,253,198,212,0,6,9,8,1,1,0,0,0,0,1,0,Graduation,Married,2012-12-22
902359,1953,73700.0,0,0,72,311,45,162,19,1,145,1,5,7,4,2,0,0,1,0,0,1,0,Graduation,Single,2012-11-02
902360,1976,62300.0,0,1,65,298,197,682,67,15,152,3,2,9,8,4,0,0,0,0,0,0,0,Graduation,Together,2014-02-07
902361,1969,80600.0,0,0,54,1493,17,337,35,13,58,1,3,5,6,1,0,1,0,0,1,0,0,Graduation,Married,2014-06-18
902362,1966,75800.0,0,0,29,219,8,137,70,25,131,1,5,2,8,2,0,0,0,0,0,0,0,Graduation,Together,2012-12-16
902363,1975,69500.0,1,0,55,185,11,155,35,9,15,8,3,2,6,7,0,0,0,0,0,0,0,PhD,Together,2013-03-16
902364,1962,52700.0,0,1,34,493,41,498,63,5,35,3,4,8,10,3,0,0,0,0,0,0,0,Graduation,Married,2012-11-15
902365,1974,18300.0,1,0,45,48,1,24,2,2,3,1,1,0,3,8,0,0,0,0,0,0,0,Basic,Married,2012-12-21
902366,1963,71200.0,0,1,20,836,5,63,0,1,7,2,6,2,9,7,0,0,0,0,0,0,0,Master,Single,2013-10-24
902367,1966,19100.0,1,0,64,1,3,3,1,1,25,1,0,0,2,6,0,0,0,0,0,0,0,Graduation,Married,2013-08-15
902368,1959,29600.0,1,1,45,12,0,7,7,2,9,2,2,0,2,9,0,0,0,0,0,0,0,Graduation,Married,2013-02-17
902369,1965,52000.0,1,0,82,159,1,58,2,4,31,2,5,1,7,7,0,0,0,1,0,0,0,2n Cycle,Married,2013-10-23
902370,1970,65600.0,0,1,69,256,13,106,50,20,29,2,4,5,9,2,0,0,0,0,0,0,0,Graduation,Married,2013-02-21
902371,1974,25000.0,0,0,13,7,1,5,2,4,7,2,1,0,2,9,0,0,0,0,0,0,0,PhD,Single,2013-06-02
902372,1954,63600.0,1,0,54,100,2,14,12,2,9,1,1,1,4,6,0,0,0,0,0,0,0,Graduation,Married,2013-10-23
902373,1968,65500.0,0,1,99,955,73,264,35,20,140,2,6,3,13,4,0,0,0,0,0,0,0,Graduation,Married,2012-09-15
902374,1948,67400.0,0,0,98,1493,193,182,246,99,48,1,3,7,11,5,0,0,0,0,0,0,0,PhD,Married,2013-02-05
902375,1988,20200.0,1,0,27,3,13,14,4,5,19,1,2,0,3,11,0,0,0,0,0,0,0,Master,Married,2013-11-02
902376,1974,89700.0,0,0,45,1132,179,239,4,57,100,0,6,4,7,3,1,0,0,0,1,1,0,Graduation,Divorced,2012-11-27
902377,1965,42500.0,1,0,51,12,5,19,4,1,14,2,2,0,2,10,0,0,0,0,0,0,0,Graduation,Divorced,2013-11-27
902378,1957,64400.0,0,0,42,368,19,37,259,117,23,2,4,5,8,5,0,0,0,0,0,0,0,PhD,Married,2012-09-11
902379,1952,33100.0,1,0,11,41,1,9,1,0,4,1,1,0,3,7,0,0,0,0,0,0,0,Master,Married,2013-10-10
902380,1979,22400.0,1,0,19,8,13,8,9,10,3,2,2,0,3,8,0,0,1,0,0,1,0,PhD,Divorced,2013-09-18
902381,1972,67300.0,0,1,99,714,12,216,1,2,101,2,5,6,13,7,1,0,0,0,0,1,0,Graduation,Single,2013-05-30
902382,1976,78100.0,0,0,0,605,23,534,109,23,41,1,8,7,8,2,1,0,0,0,1,1,0,2n Cycle,Single,2014-04-26
902383,1984,29200.0,2,0,63,19,1,14,1,0,8,1,1,0,3,8,0,0,1,0,0,0,0,Graduation,Together,2013-10-01
902384,1954,66200.0,0,0,37,310,197,384,143,91,38,2,3,7,11,2,0,0,0,0,0,1,0,Graduation,Single,2012-10-25
902385,1976,64600.0,1,2,29,1107,36,111,13,143,230,6,13,6,8,7,0,0,0,0,0,1,0,Graduation,Married,2013-06-18
902386,1965,79100.0,0,2,58,1023,2,78,3,4,187,7,9,4,8,7,0,0,0,0,0,0,0,Master,Together,2013-09-30
902387,1975,24300.0,1,0,29,1,17,6,35,8,12,2,2,0,3,5,0,0,0,0,0,0,0,2n Cycle,Married,2014-02-16
902388,1953,64400.0,0,1,72,385,27,78,39,18,43,2,5,4,8,7,0,0,0,0,0,0,0,Graduation,Together,2014-01-30
902389,1977,64600.0,1,1,43,34,1,7,0,0,0,2,1,0,4,5,0,0,0,0,0,0,0,Graduation,Divorced,2014-01-19
902390,1964,72700.0,0,1,46,183,4,214,31,31,16,3,4,2,3,2,0,0,0,0,0,0,0,Graduation,Single,2014-05-21
902391,1971,98600.0,0,0,42,58,42,150,32,37,95,1,3,2,3,1,0,0,0,0,0,0,0,Master,Together,2012-10-27
902392,1979,21600.0,0,0,20,251,3,122,6,2,69,5,6,1,4,14,0,0,1,0,0,0,0,PhD,Married,2013-11-15
902393,1972,34900.0,0,1,49,65,25,128,8,74,15,4,2,4,7,2,0,0,0,0,0,0,0,Graduation,Married,2013-07-16
902394,1956,74700.0,0,1,70,344,197,119,5,64,41,1,4,3,5,4,0,0,0,0,0,0,0,Graduation,Together,2014-03-25
902395,1956,76200.0,0,0,4,1117,18,186,28,158,36,1,7,6,5,3,1,0,1,0,1,0,0,Graduation,Married,2013-11-07
902396,1957,63800.0,0,1,81,814,13,729,34,6,41,2,5,10,6,2,0,0,0,0,0,0,0,Graduation,Single,2013-11-17
902397,1949,58700.0,0,1,16,465,0,12,0,0,40,1,3,2,4,5,0,0,0,0,0,0,0,Master,Single,2013-07-23
902398,1979,28400.0,1,1,51,13,1,9,7,4,5,1,2,0,2,6,0,0,0,0,0,0,0,Basic,Married,2014-03-14
902399,1986,61000.0,0,1,42,890,11,157,148,18,98,1,7,4,6,8,0,0,0,0,0,0,0,PhD,Single,2013-02-12
902400,1973,59300.0,0,0,37,278,44,237,4,17,59,3,2,3,8,5,0,0,0,1,0,1,0,Master,Together,2013-10-17
902401,1970,43100.0,1,1,59,25,0,28,12,11,9,1,1,1,3,6,0,0,0,0,0,0,0,Master,Together,2013-10-19
902402,1988,37600.0,0,0,15,60,2,68,259,44,107,6,3,1,5,5,0,0,0,0,0,0,0,Master,Married,2014-06-13
902403,1975,44100.0,1,1,45,268,5,98,5,2,81,3,5,2,4,6,1,0,0,0,0,0,0,PhD,Single,2013-07-09
902404,1954,69200.0,0,1,93,851,19,152,3,6,245,1,7,4,7,6,0,1,0,0,0,0,0,Master,Single,2013-11-07
902405,1953,52200.0,0,0,68,129,171,131,37,22,114,0,3,4,6,1,0,0,0,0,0,0,0,PhD,Single,2014-03-28
902406,1957,84600.0,0,1,27,912,122,261,37,45,15,3,3,4,11,4,0,0,0,0,0,0,0,Master,Married,2013-03-16
902407,1969,53500.0,0,1,62,113,29,239,25,26,94,3,2,3,7,2,0,0,0,0,0,0,0,PhD,Married,2013-08-18
902408,1959,27800.0,2,1,52,6,0,2,0,0,5,1,0,0,1,8,0,0,0,0,0,0,0,PhD,Married,2013-07-22
902409,1973,75700.0,0,0,58,1396,121,476,149,84,110,1,17,15,12,6,0,0,0,0,0,0,0,PhD,Single,2013-06-28
902410,1970,76600.0,0,1,38,489,4,609,43,41,8,2,4,5,4,4,0,0,0,0,0,0,0,Master,Married,2012-10-01
902411,1968,84100.0,0,0,77,526,25,98,65,119,166,1,6,2,4,3,0,0,0,0,0,0,0,Graduation,Single,2013-07-12
902412,1975,24300.0,1,1,8,15,4,9,10,1,10,3,1,1,3,6,0,0,0,0,0,0,0,Graduation,Married,2012-11-23
902413,1971,45300.0,1,1,11,31,0,7,3,3,1,1,1,1,3,5,0,0,0,0,0,0,0,Graduation,Married,2013-05-03
902414,1959,50100.0,0,1,70,448,0,39,0,0,14,3,5,1,5,6,0,0,0,0,0,0,0,Master,Divorced,2013-12-10
902415,1949,78500.0,0,1,93,1145,2,158,2,19,76,2,11,4,13,9,1,0,0,0,0,0,0,Graduation,Together,2013-01-29
902416,1986,59800.0,1,2,25,1171,0,31,0,0,107,4,13,4,5,7,0,0,0,0,0,0,0,PhD,Single,2012-12-17
902417,1952,81200.0,0,1,36,419,20,333,101,30,32,3,5,4,12,3,0,0,0,0,0,0,0,Graduation,Married,2012-08-29
902418,1978,42600.0,1,0,62,11,47,22,4,24,12,3,3,0,4,5,0,0,0,0,0,0,0,Master,Together,2012-08-25
902419,1964,36300.0,2,0,72,25,4,30,2,8,22,3,2,0,4,12,0,0,0,0,0,0,0,Graduation,Together,2013-09-15
902420,1973,43400.0,0,1,68,113,11,117,23,32,11,3,5,2,5,7,0,0,0,0,0,1,0,Graduation,Divorced,2012-12-10
902421,1968,26200.0,1,0,16,15,28,17,11,4,7,2,2,0,4,8,0,0,0,0,0,1,0,Graduation,Single,2012-09-18
902422,1961,79100.0,0,1,29,347,0,28,9,0,5,1,6,1,6,4,0,0,0,1,0,0,0,Graduation,Widow,2013-06-21
902423,1965,46000.0,0,1,80,663,34,426,47,104,69,4,4,10,13,2,0,0,0,0,0,0,0,2n Cycle,Together,2013-09-18
902424,1966,49300.0,1,1,60,63,7,159,11,1,85,3,4,2,4,6,0,0,0,0,0,0,0,Graduation,Married,2013-05-17
902425,1981,24700.0,1,0,0,35,6,51,2,10,68,2,3,1,2,8,0,0,0,0,0,0,0,Graduation,Married,2013-09-30
902426,1978,96900.0,0,1,11,621,197,282,43,180,18,1,9,3,5,4,0,0,0,0,0,0,0,Graduation,Divorced,2014-05-13
902427,1971,51700.0,1,0,66,133,1,52,1,0,9,3,5,1,5,9,0,0,0,0,0,0,0,Master,Married,2013-01-08
902428,1965,53200.0,0,1,75,95,18,113,8,42,4,2,4,3,6,4,0,0,0,0,0,0,0,Master,Together,2013-07-20
902429,1964,90200.0,1,0,42,264,34,83,127,263,19,2,5,1,5,2,0,0,0,0,0,0,0,Graduation,Together,2012-12-24
902430,1977,35700.0,1,1,34,9,1,2,1,1,1,2,1,0,2,6,0,0,1,0,0,0,0,Master,Single,2013-06-11
902431,1978,21600.0,1,0,42,13,3,7,0,0,1,2,1,0,2,11,0,0,0,0,0,0,0,PhD,Together,2012-10-15
902432,1980,39600.0,0,1,35,83,2,38,12,1,92,2,2,1,4,7,0,0,0,0,0,0,0,PhD,Single,2014-02-03
902433,1980,72000.0,0,0,12,779,54,890,12,71,39,2,6,8,12,3,0,0,0,1,1,1,0,Graduation,Married,2013-10-14
902434,1969,79100.0,0,1,58,848,15,141,18,63,21,5,9,1,12,7,0,0,0,0,0,0,0,Graduation,Divorced,2014-06-10
902435,1992,23200.0,0,0,0,11,15,17,3,9,3,2,3,0,4,5,0,0,0,0,0,0,0,2n Cycle,Together,2012-11-22
902436,1973,40300.0,1,1,20,45,1,32,0,0,4,2,1,0,2,9,0,0,0,0,0,0,0,Basic,Together,2013-06-30
902437,1974,100300.0,0,0,34,216,5,835,41,8,68,0,1,4,4,1,0,0,0,0,0,0,0,Graduation,Widow,2013-02-19
902438,1972,41500.0,1,1,19,186,15,66,32,33,84,4,7,3,4,7,0,0,0,0,0,0,0,Master,Married,2012-09-27
902439,1954,39000.0,1,1,37,63,0,21,0,1,12,2,1,0,5,4,0,0,1,1,0,0,0,PhD,Together,2012-08-04
902440,1961,65400.0,0,0,88,626,13,160,18,36,46,1,6,3,8,4,0,0,0,0,0,0,0,Graduation,Together,2014-03-16
902441,1983,63000.0,0,0,35,328,19,117,12,5,43,2,7,2,8,5,0,0,0,0,0,0,1,Master,Married,2014-03-13
902442,1964,33600.0,0,1,19,12,2,5,3,3,11,2,1,0,3,6,0,0,0,0,0,0,0,Master,Married,2012-11-14
902443,1962,66100.0,1,1,34,314,15,136,18,124,44,3,4,2,7,4,0,0,0,0,0,0,0,PhD,Single,2013-11-30
902444,1956,35900.0,0,1,21,2,0,4,2,0,1,1,0,0,3,4,0,0,0,0,0,0,0,Basic,Married,2014-03-22
902445,1973,51800.0,0,1,0,1171,7,189,8,10,42,2,13,1,10,8,0,0,0,0,0,0,0,Graduation,Divorced,2013-10-05
902446,1966,9100.0,0,0,51,2,6,7,14,5,25,1,1,0,2,8,0,0,0,0,0,0,0,2n Cycle,Together,2013-08-15
902447,1985,14200.0,1,0,70,3,1,4,8,0,12,1,1,0,2,9,0,0,0,0,0,0,0,PhD,Single,2013-07-09
902448,1952,57900.0,0,1,28,822,32,160,28,87,13,2,4,5,9,5,0,0,0,0,0,0,0,Graduation,Divorced,2013-12-16
902449,1975,18500.0,0,1,52,21,2,11,11,3,12,1,1,0,3,7,0,0,0,0,0,0,0,Graduation,Single,2013-06-24
902450,1958,97400.0,0,0,44,328,6,430,67,20,27,1,3,4,6,2,0,0,0,0,0,0,0,Master,Divorced,2014-04-05
902451,1971,60300.0,1,0,24,162,3,26,0,0,0,2,2,1,3,6,0,0,0,0,0,0,0,Graduation,Divorced,2012-12-12
902452,1954,72700.0,0,0,31,1114,21,385,9,90,41,2,4,10,8,2,0,0,0,0,0,0,0,Graduation,Single,2014-06-21
902453,1964,65100.0,1,1,65,665,100,96,14,263,265,5,12,2,13,8,0,0,0,0,0,0,0,PhD,Single,2013-05-20
902454,1943,62000.0,0,2,8,404,25,245,14,26,49,4,5,9,12,2,0,0,0,0,0,0,0,PhD,Married,2013-10-05
902455,1958,90000.0,0,0,31,473,120,1324,259,169,362,0,7,5,13,2,0,0,0,0,0,0,0,Graduation,Married,2013-06-11
902456,1967,66000.0,1,1,0,353,29,114,7,32,25,3,5,3,9,5,0,0,0,0,0,0,0,Graduation,Married,2013-01-24
902457,1973,35300.0,1,0,57,11,1,13,0,0,1,1,1,0,3,11,0,0,0,0,0,0,0,Graduation,Single,2012-12-21
902458,1969,26700.0,0,1,99,12,3,4,8,3,7,2,2,1,2,7,0,0,0,0,0,0,0,2n Cycle,Together,2013-01-17
902459,1962,100300.0,0,0,43,886,193,726,253,66,45,1,6,8,13,2,1,0,1,0,1,1,0,Graduation,Married,2014-03-29
902460,1985,76000.0,0,0,41,484,55,575,259,21,87,1,4,8,8,2,0,0,0,0,0,0,0,PhD,Married,2014-02-21
902461,1965,70900.0,0,0,31,472,36,373,43,25,100,1,3,2,13,1,0,0,0,0,1,0,0,Graduation,Together,2013-08-20
902462,1980,103900.0,0,0,42,1096,193,981,230,170,75,1,4,4,8,1,0,0,0,1,0,1,0,PhD,Together,2013-09-11
902463,1946,37300.0,1,1,91,37,0,12,0,2,1,1,2,0,2,10,0,0,0,0,0,0,0,Graduation,Married,2013-06-28
902464,1976,42300.0,1,0,25,77,2,31,11,3,19,3,5,0,3,7,0,0,0,0,0,0,0,Graduation,Together,2013-04-16
902465,1979,84400.0,1,1,78,374,27,41,51,75,10,1,12,1,12,4,0,0,0,0,0,0,0,Graduation,Together,2013-10-18
902466,1969,93600.0,0,1,61,917,87,141,69,198,82,1,8,4,9,3,0,0,0,0,0,1,0,PhD,Married,2012-11-23
902467,1959,46400.0,1,1,49,17,0,5,0,0,8,2,1,0,3,4,0,0,0,0,0,0,0,PhD,Single,2013-01-04
902468,1992,35700.0,0,1,65,50,5,101,26,4,18,1,6,1,4,6,0,0,0,0,0,0,0,PhD,Married,2013-02-14
902469,1959,78500.0,0,0,72,333,10,124,14,59,96,1,6,5,9,2,0,0,0,1,1,0,0,Graduation,Married,2012-09-19
902470,1962,80300.0,0,0,79,264,34,543,36,42,19,0,11,10,13,4,1,0,0,0,1,1,0,Master,Single,2013-02-28
902471,1983,25200.0,0,0,27,440,4,514,134,6,44,1,4,6,7,2,0,0,0,0,0,0,0,Graduation,Widow,2013-12-17
902472,1943,47700.0,0,1,31,78,11,69,19,1,86,2,4,1,3,5,0,0,0,0,0,0,0,PhD,Married,2014-04-11
902473,1984,39500.0,0,0,98,11,11,25,5,12,13,2,2,1,4,4,0,0,0,0,0,0,0,2n Cycle,Divorced,2013-08-17
902474,1960,36100.0,0,1,0,235,92,55,22,15,12,3,7,2,10,4,0,0,0,1,0,0,0,Graduation,Together,2013-09-08
902475,1947,69200.0,0,0,6,458,81,711,190,164,210,1,5,5,13,3,0,0,0,1,0,0,0,Master,Married,2012-08-26
902476,1975,28000.0,1,0,34,6,7,19,6,11,9,2,2,2,2,8,0,0,0,0,0,0,0,Graduation,Divorced,2013-07-29
902477,1967,42300.0,1,1,0,32,1,5,0,0,4,1,2,0,3,4,0,0,1,0,0,0,0,Master,Single,2014-05-08
902478,1974,48500.0,2,0,69,282,138,547,129,128,181,7,8,2,10,6,0,0,0,0,0,0,0,2n Cycle,Single,2012-09-22
902479,1966,48500.0,0,1,1,600,1,43,1,0,211,4,6,3,4,9,0,0,0,0,0,0,0,Master,Together,2014-05-25
902480,1987,29200.0,1,0,58,7,3,6,12,0,12,1,1,1,1,8,0,0,0,0,0,0,0,Basic,Single,2013-06-22
902481,1970,37000.0,1,1,89,13,1,13,1,0,9,1,2,0,2,10,0,0,0,0,0,0,0,Master,Together,2013-02-23
902482,1970,48800.0,1,0,61,13,1,7,0,3,7,2,3,0,3,6,0,0,0,0,0,1,0,Graduation,Married,2014-05-04
902483,1966,54700.0,1,1,31,14,5,11,6,6,11,1,1,0,4,5,0,0,0,0,0,0,0,Basic,Together,2012-12-27
902484,1954,63100.0,0,0,72,440,138,39,58,4,65,1,5,1,8,2,0,0,0,0,0,0,0,PhD,Single,2014-01-11
902485,1958,27600.0,1,1,0,30,2,12,1,4,9,1,2,0,2,5,1,0,1,0,0,0,0,PhD,Married,2013-11-21
902486,1982,26600.0,1,0,74,52,10,45,2,0,9,3,2,1,4,9,0,0,1,0,0,0,0,PhD,Single,2012-11-08
902487,1981,45100.0,0,1,64,260,3,69,0,0,23,2,11,2,7,8,0,0,0,0,0,0,0,Graduation,Single,2013-06-01
902488,1973,20300.0,1,0,74,10,3,10,0,6,9,2,2,1,3,5,0,0,0,0,0,0,0,Graduation,Married,2013-12-20
902489,1958,77100.0,0,0,29,1078,28,399,20,7,149,1,4,4,11,2,0,0,0,0,0,0,0,Graduation,Married,2012-10-11
902490,1973,41100.0,1,1,66,7,1,17,10,4,23,2,2,0,4,7,0,0,0,0,0,0,0,PhD,Married,2013-05-11
902491,1958,57600.0,0,0,94,482,175,111,105,34,106,1,9,3,6,3,0,0,0,0,0,0,0,PhD,Married,2013-11-11
902492,1984,58200.0,0,0,0,468,37,233,26,104,87,1,6,4,8,2,0,0,0,0,0,0,0,Graduation,Married,2013-10-13
902493,1955,71900.0,0,1,0,221,9,559,37,7,8,2,3,7,8,3,0,0,0,0,0,0,0,Master,Married,2012-11-02
902494,1976,34100.0,0,0,52,9,3,12,13,18,12,1,2,0,3,4,0,0,0,0,0,0,0,Basic,Married,2014-06-04
902495,1958,63300.0,0,1,1,88,15,409,70,35,34,2,8,7,5,2,0,0,0,0,0,1,0,Master,Divorced,2013-01-18
902496,1973,17900.0,0,0,33,6,5,7,0,15,8,1,1,0,3,7,0,0,0,0,0,0,0,Basic,Married,2013-10-13
902497,1966,73300.0,0,2,65,295,1,15,4,1,46,3,3,1,5,4,0,0,0,0,0,0,0,Graduation,Together,2013-06-14
902498,1985,56500.0,1,1,82,200,10,249,49,40,38,1,4,5,5,5,0,0,0,0,0,0,0,Graduation,Married,2013-10-25
902499,1964,45800.0,1,1,28,232,6,62,35,12,152,6,4,3,5,7,0,0,0,0,0,0,0,Graduation,Together,2013-10-30
902500,1978,29100.0,1,1,0,1,28,13,12,6,7,4,3,0,5,4,0,0,0,0,0,1,0,PhD,Together,2013-01-30
902501,1985,56200.0,0,1,49,183,0,46,4,52,133,2,7,3,3,3,0,0,0,0,0,0,0,Graduation,Together,2013-11-09
902502,1961,36900.0,1,1,22,9,5,3,1,0,12,2,1,1,2,6,0,0,0,0,0,0,0,2n Cycle,Together,2014-03-04
902503,1970,11400.0,1,0,54,2,7,5,7,19,13,1,2,1,2,7,0,0,0,0,0,0,0,PhD,Together,2012-09-16
902504,1966,22500.0,0,1,77,10,0,7,0,0,2,1,0,0,3,8,0,0,0,0,0,1,0,Graduation,Married,2013-07-10
902505,1975,33300.0,1,0,23,18,8,7,6,4,2,2,1,0,3,12,0,0,1,0,0,0,0,Master,Divorced,2013-02-18
902506,1953,43800.0,1,1,95,276,14,51,0,0,8,6,6,1,5,8,0,0,0,0,0,0,0,2n Cycle,Married,2013-11-20
902507,1968,60400.0,2,1,31,49,0,17,0,0,1,2,1,0,3,6,0,0,0,0,0,0,0,Graduation,Single,2012-08-11
902508,1986,105500.0,0,0,84,1069,4,461,130,61,37,0,10,7,8,3,0,0,0,0,1,1,0,Graduation,Married,2013-06-09
902509,1966,65300.0,0,0,19,766,17,342,72,171,135,1,14,4,13,7,0,0,0,0,0,0,0,Graduation,Married,2013-01-25
902510,1978,25200.0,1,0,88,4,6,7,10,16,9,1,2,1,2,5,0,0,0,0,0,0,0,2n Cycle,Together,2014-03-15
902511,1959,63900.0,0,0,63,861,68,145,24,9,108,1,7,3,11,4,0,0,0,0,0,0,0,Graduation,Married,2013-07-30
902512,1958,32200.0,1,1,71,52,0,75,11,2,11,3,3,1,3,6,0,0,0,0,0,0,0,PhD,Divorced,2012-09-13
902513,1962,50500.0,0,0,86,1396,93,838,104,57,71,5,5,10,9,3,0,0,0,0,0,0,0,Graduation,Married,2012-08-31
902514,1982,64600.0,0,0,25,112,0,31,2,1,0,2,2,0,3,4,0,0,0,0,0,1,0,PhD,Single,2014-05-15
902515,1982,24400.0,0,0,29,8,2,11,1,0,3,0,0,0,2,7,0,0,0,0,0,1,0,PhD,Married,2013-08-22
902516,1969,101100.0,0,0,38,1493,85,406,168,115,23,1,8,7,13,3,0,0,0,0,1,0,0,Graduation,Single,2013-10-28
902517,1959,82700.0,0,0,40,1396,181,348,93,54,16,0,2,3,13,1,0,0,0,0,0,0,0,Graduation,Together,2013-12-27
902518,1973,85500.0,0,1,41,469,10,299,32,1,8,1,8,3,6,3,0,0,0,0,0,0,0,Graduation,Widow,2013-05-15
902519,1973,58300.0,1,1,25,6,0,5,0,2,2,1,1,0,2,6,0,0,0,0,0,0,0,Graduation,Married,2012-10-05
902520,1963,65200.0,0,0,66,583,6,244,46,98,48,2,7,7,5,6,0,0,0,0,0,1,0,PhD,Married,2012-10-27
902521,1953,85700.0,0,0,31,507,70,697,253,30,190,0,5,7,8,1,1,0,0,1,0,1,0,Master,Widow,2012-09-20
902522,1977,42500.0,0,1,10,75,64,53,11,14,79,2,4,1,5,8,0,0,1,0,0,1,0,Graduation,Together,2013-12-06
902523,1986,64600.0,1,0,48,13,0,17,9,1,24,1,2,0,3,5,0,0,0,0,0,0,0,PhD,Married,2012-08-20
902524,1966,69100.0,0,0,38,613,27,375,201,198,22,2,6,6,11,4,0,1,0,0,1,0,0,Master,Together,2014-03-30
902525,1967,48400.0,1,1,37,23,3,36,143,7,10,3,1,0,6,5,0,0,0,0,0,1,0,Graduation,Together,2012-09-29
902526,1967,38300.0,0,0,5,122,2,63,2,2,20,3,5,2,4,6,0,0,0,0,0,0,0,PhD,Single,2013-12-16
902527,1982,19300.0,1,0,38,4,1,4,0,5,10,1,1,1,2,6,0,0,0,0,0,0,0,Graduation,Together,2013-10-21
902528,1959,52800.0,1,2,85,82,0,7,0,0,1,1,1,0,2,7,0,0,0,0,0,0,0,Graduation,Single,2014-03-05
902529,1964,54400.0,0,1,62,666,9,86,7,11,30,5,4,4,5,7,1,0,0,1,1,0,0,Graduation,Married,2014-03-06
902530,1961,71600.0,0,0,86,506,67,373,213,54,40,0,9,10,11,1,0,0,0,0,1,1,0,Master,Married,2013-02-02
902531,1980,105500.0,0,0,5,475,58,587,253,53,243,0,5,5,8,1,0,1,0,0,1,0,0,Graduation,Married,2013-08-13
902532,1955,25700.0,0,1,3,10,0,3,0,1,3,2,0,0,2,4,0,0,1,0,0,1,0,PhD,Married,2013-03-26
902533,1959,35700.0,1,2,0,13,2,4,0,0,7,2,1,1,3,3,0,0,0,0,0,0,0,PhD,Single,2012-10-30
902534,1976,54400.0,1,1,16,446,11,164,7,2,14,8,7,2,8,8,0,0,0,0,0,0,0,Graduation,Married,2012-11-30
902535,1974,31700.0,1,1,44,16,3,10,2,1,9,3,2,0,3,7,0,0,0,0,0,0,0,PhD,Together,2014-01-03
902536,1970,61400.0,0,1,41,694,146,187,10,46,44,2,4,6,6,5,0,0,0,0,0,0,0,Graduation,Together,2013-11-10
902537,1980,63700.0,0,1,74,637,47,150,88,88,100,3,3,5,8,4,0,0,0,0,0,0,0,Graduation,Together,2014-01-20
902538,1950,61700.0,0,1,93,1396,89,440,33,14,23,4,13,6,13,8,0,0,0,0,0,0,0,Master,Divorced,2013-03-27
902539,1974,70400.0,0,1,69,884,9,228,5,10,41,1,6,7,13,2,1,0,0,0,0,1,0,Graduation,Married,2014-05-16
902540,1971,52800.0,0,1,72,104,21,110,139,43,32,1,6,1,6,4,0,0,0,0,0,0,0,Graduation,Married,2013-10-03
902541,1968,31900.0,1,0,31,60,199,254,43,56,44,3,9,1,5,5,0,0,0,0,0,0,0,PhD,Together,2014-05-30
902542,1986,57500.0,0,0,5,581,0,31,10,0,24,3,6,1,7,6,0,0,0,0,0,0,0,Master,Together,2013-01-17
902543,1984,16600.0,0,0,9,1,24,28,8,14,21,0,1,0,2,11,0,0,0,0,0,0,1,Master,Together,2014-01-24
902544,1974,23700.0,0,0,80,19,4,21,4,3,5,2,3,0,3,6,0,0,0,0,0,0,0,Graduation,Married,2014-03-08
902545,1981,83300.0,0,1,96,286,8,54,3,8,5,1,3,1,6,2,0,0,0,0,0,0,0,PhD,Single,2012-09-16
902546,1974,30700.0,1,0,56,82,2,22,2,3,9,3,3,1,5,8,0,0,0,0,0,0,0,Graduation,Single,2013-08-19
902547,1969,22700.0,1,1,77,34,0,12,2,10,21,5,2,1,3,8,0,0,0,0,0,1,0,Master,Married,2013-04-08
902548,1978,30100.0,2,0,18,6,6,16,2,2,39,1,1,0,2,12,0,0,0,0,0,0,0,Graduation,Single,2014-01-30
902549,1974,48000.0,1,1,0,25,0,10,1,1,2,2,1,0,4,4,0,0,0,0,0,0,0,PhD,Married,2014-03-07
902550,1955,74800.0,0,1,13,123,4,77,52,19,35,1,3,3,4,3,0,0,0,0,0,0,0,Master,Divorced,2013-05-28
902551,1970,18800.0,0,0,44,4,1,4,3,2,5,1,0,0,3,5,0,0,0,0,0,0,0,Graduation,Married,2012-10-06
902552,1964,28700.0,0,1,53,9,1,5,1,1,9,1,1,0,3,5,0,0,0,0,0,0,0,Graduation,Married,2013-10-27
902553,1971,36500.0,0,1,38,49,13,95,27,24,144,1,1,4,6,1,0,0,0,0,0,0,0,Master,Married,2012-12-02
902554,1988,16100.0,0,1,99,15,2,10,0,1,2,2,2,0,3,7,0,0,0,0,0,0,0,Graduation,Married,2013-09-01
902555,1980,59200.0,2,0,44,103,4,97,2,10,4,6,3,1,7,7,0,0,0,1,0,0,0,Graduation,Married,2013-05-25
902556,1973,39500.0,1,1,22,104,15,65,2,5,8,4,4,0,3,10,0,0,0,0,0,0,0,PhD,Single,2014-02-07
902557,1979,79500.0,0,1,42,1493,13,232,157,198,245,1,3,5,12,3,0,0,0,0,0,0,0,Master,Single,2012-12-22
902558,1975,32800.0,1,0,74,16,1,20,8,2,1,3,3,0,3,6,0,0,0,0,0,0,0,Graduation,Single,2012-12-08
902559,1981,42800.0,0,0,62,182,32,101,69,114,56,3,5,2,10,10,0,0,0,0,0,1,0,Graduation,Together,2013-10-09
902560,1971,65700.0,0,1,97,363,26,231,259,138,18,3,4,3,9,2,0,0,0,0,0,0,0,PhD,Married,2012-11-28
902561,1957,72800.0,0,0,43,325,3,329,1,1,10,2,7,3,9,4,1,0,1,0,1,0,0,Graduation,Married,2014-03-01
902562,1964,30200.0,1,1,36,5,4,6,8,2,8,3,3,0,4,6,0,0,0,0,0,0,0,Master,Together,2012-12-01
902563,1958,47600.0,0,0,56,144,44,339,3,38,28,3,2,4,8,2,0,0,0,0,0,0,0,Graduation,Together,2013-08-19
902564,1962,66000.0,0,1,49,679,129,448,11,22,118,2,4,2,7,4,0,0,0,0,1,1,0,PhD,Together,2012-08-07
902565,1968,61600.0,0,1,25,1035,20,323,14,112,97,3,6,10,5,2,0,0,0,0,0,1,0,Graduation,Married,2013-03-23
902566,1975,24700.0,0,1,89,7,1,15,0,1,7,1,1,0,2,6,0,0,0,0,0,0,0,Graduation,Single,2012-10-21
902567,1956,58800.0,1,1,56,49,3,16,6,1,4,1,1,0,4,3,0,0,0,0,0,0,0,Graduation,Married,2014-04-02
902568,1967,26500.0,1,0,45,23,2,25,43,2,11,2,3,1,3,6,0,0,0,0,0,0,0,Graduation,Single,2013-05-25
902569,1976,18000.0,0,0,60,20,8,29,14,4,16,3,3,1,3,6,0,0,0,0,0,0,0,Graduation,Married,2014-06-09
902570,1957,68200.0,0,1,27,410,11,208,25,10,16,3,3,5,6,4,0,0,0,0,0,0,0,Master,Married,2013-11-19
902571,1979,54500.0,0,1,55,411,2,37,1,1,21,3,7,2,5,7,0,0,0,0,0,0,0,PhD,Single,2012-12-28
902572,1965,39700.0,1,1,42,34,0,9,2,0,17,3,1,0,2,8,0,0,0,0,0,0,0,PhD,Together,2013-03-01
902573,1964,59500.0,0,1,43,229,14,18,9,12,4,2,5,3,7,5,0,0,0,0,0,0,0,Master,Together,2013-03-15
902574,1968,23900.0,1,1,62,10,3,15,8,2,8,3,2,0,3,7,0,0,0,0,0,0,0,PhD,Together,2013-10-01
902575,1968,37100.0,2,0,65,11,4,11,4,0,11,1,1,0,3,4,0,0,0,0,0,0,0,PhD,Together,2013-10-11
902576,1976,55100.0,1,0,57,159,38,296,37,46,38,4,2,9,9,3,0,0,0,0,0,0,0,Graduation,Single,2012-09-22
902577,1967,48200.0,1,0,73,150,2,29,1,0,118,4,5,1,4,8,0,0,0,0,0,0,0,PhD,Divorced,2014-05-18
902578,1962,79100.0,1,2,23,478,0,123,15,3,27,10,6,3,5,8,0,0,0,0,0,1,0,Master,Married,2014-06-22
902579,1985,58700.0,0,0,66,221,14,164,14,71,38,2,3,5,4,2,0,0,0,0,0,0,0,Master,Divorced,2013-12-08
902580,1969,36100.0,1,1,84,25,3,12,0,0,5,2,2,0,4,6,0,0,0,0,0,0,0,Basic,Together,2014-03-30
902581,1982,71700.0,0,1,34,699,1,91,63,14,146,1,9,4,9,4,1,0,0,0,0,1,0,PhD,Married,2014-05-13
902582,1968,73500.0,0,0,18,322,92,679,22,28,105,1,3,3,7,2,1,0,0,0,0,0,0,2n Cycle,Married,2013-12-21
902583,1958,46200.0,0,1,12,88,21,31,42,21,22,1,4,0,7,7,0,0,0,0,0,0,0,Graduation,Divorced,2013-03-19
902584,1968,65500.0,0,0,9,173,7,306,101,22,17,1,9,6,6,4,0,0,0,0,0,0,0,Graduation,Single,2013-01-11
902585,1958,42100.0,0,1,29,55,0,36,1,0,44,2,3,0,4,5,0,0,0,0,0,0,1,Graduation,Married,2013-07-11
902586,1989,21500.0,1,0,54,3,2,13,0,8,7,2,1,0,4,7,0,0,0,0,0,0,0,Graduation,Divorced,2013-08-05
902587,1956,68600.0,0,0,80,53,29,128,37,15,40,1,3,3,5,1,0,0,0,0,0,0,0,Master,Married,2013-10-22
902588,1982,35500.0,0,0,72,25,3,46,9,1,13,2,3,1,3,8,0,0,0,0,0,0,0,Master,Married,2012-11-26
902589,1958,65600.0,0,0,86,354,37,210,195,85,43,1,6,10,9,4,1,0,0,0,1,0,0,Graduation,Divorced,2012-09-02
902590,1985,58900.0,1,0,44,1178,50,253,148,55,17,2,6,11,7,3,0,0,0,0,0,0,0,Master,Married,2013-02-03
902591,1966,44400.0,0,0,45,212,13,222,63,67,77,5,3,5,12,4,0,0,0,0,0,0,0,Graduation,Single,2013-03-10
902592,1987,26700.0,1,0,54,2,13,16,6,7,18,2,1,0,3,7,0,0,0,0,0,0,0,Graduation,Together,2013-12-14
902593,1960,79600.0,0,0,52,608,16,257,61,22,37,1,3,6,6,1,1,0,0,0,1,1,0,Graduation,Together,2012-08-30
902594,1969,96600.0,1,0,77,423,21,892,31,45,9,0,5,4,5,1,0,0,0,0,0,0,0,Master,Together,2012-08-16
902595,1959,26500.0,1,1,39,19,0,5,0,1,4,3,1,1,3,6,0,0,0,0,0,0,1,PhD,Married,2014-02-11
902596,1977,54500.0,0,1,0,895,23,109,67,8,24,4,17,4,8,5,0,0,0,0,0,0,1,PhD,Widow,2013-10-07
902597,1971,68900.0,0,1,89,163,11,86,2,3,217,2,3,4,4,5,0,0,0,0,0,0,0,Graduation,Together,2013-12-22
902598,1957,76100.0,0,1,45,1164,36,306,35,24,224,2,9,4,9,6,0,0,0,0,0,0,0,PhD,Married,2012-12-01
902599,1957,44900.0,1,1,27,185,4,57,4,0,23,4,4,1,4,7,1,0,0,0,0,0,0,PhD,Single,2013-05-29
902600,1975,37900.0,0,1,63,279,36,262,22,25,122,2,4,8,7,3,0,0,0,0,0,0,0,Graduation,Together,2014-03-10
902601,1975,28500.0,1,0,26,23,12,8,5,2,12,3,3,0,3,8,0,0,0,0,0,0,0,Graduation,Married,2013-07-13
902602,1958,75800.0,0,0,56,353,19,127,77,30,90,1,5,6,6,1,1,0,0,1,1,1,0,Graduation,Married,2012-10-07
902603,1972,75700.0,0,1,20,572,25,116,0,23,10,2,3,8,8,2,0,0,1,1,1,0,0,PhD,Married,2013-06-07
902604,1955,64000.0,0,1,17,759,46,204,152,43,8,3,8,5,13,7,0,0,0,0,0,0,0,Graduation,Divorced,2012-11-21
902605,1992,28700.0,1,0,36,3,2,6,7,10,7,1,1,0,3,5,0,0,0,0,0,0,0,Master,Married,2013-06-16
902606,1988,24300.0,0,0,98,13,1,12,1,5,11,2,2,0,3,7,0,0,0,0,0,0,0,Graduation,Single,2014-02-06
902607,1987,27400.0,1,0,8,18,4,30,9,5,7,1,3,1,3,8,0,0,0,0,0,1,0,Graduation,Married,2014-02-10
902608,1958,68600.0,1,0,31,604,38,403,65,76,40,2,7,5,6,4,0,0,0,0,0,0,0,Graduation,Divorced,2013-06-08
902609,1962,76500.0,0,0,54,1252,29,750,253,100,27,1,4,6,12,3,1,0,0,0,0,0,0,Graduation,Single,2012-12-27
902610,1972,69300.0,1,1,71,194,0,57,1,2,0,4,5,0,7,9,0,0,0,0,0,0,0,PhD,Married,2013-04-05
902611,1955,41100.0,1,0,44,32,15,27,1,5,11,2,2,0,4,7,0,0,0,0,0,0,0,2n Cycle,Married,2013-05-28
902612,1970,81100.0,0,0,39,205,94,884,259,20,119,2,4,5,7,3,0,0,0,0,0,0,0,Graduation,Together,2014-03-27
902613,1962,54100.0,0,1,99,293,64,427,12,49,217,6,10,7,8,9,0,0,0,0,0,0,0,2n Cycle,Married,2013-12-31
902614,1969,32700.0,1,1,55,91,0,79,8,14,8,6,5,0,7,7,0,0,1,0,0,0,0,2n Cycle,Widow,2014-02-10
902615,1984,32000.0,2,0,79,11,0,10,0,4,1,2,2,0,2,7,0,0,0,0,0,0,0,2n Cycle,Divorced,2013-01-27
902616,1953,49200.0,0,1,49,308,1,37,5,3,65,2,4,5,5,6,0,0,0,0,0,0,0,Graduation,Married,2013-12-19
902617,1958,37600.0,1,1,43,8,7,25,6,6,3,2,1,1,3,4,0,0,0,0,0,0,0,Graduation,Married,2014-06-25
902618,1973,37700.0,1,0,71,23,1,29,10,9,9,1,2,0,3,6,0,0,0,0,0,1,0,Basic,Together,2013-07-26
902619,1975,71300.0,0,1,59,666,30,202,52,157,29,2,6,7,7,5,0,0,0,0,0,0,0,PhD,Divorced,2013-04-18
902620,1964,71400.0,1,2,15,133,32,76,14,10,35,4,5,1,4,7,0,0,0,0,0,0,0,Graduation,Married,2014-03-14
902621,1962,79900.0,0,1,43,1277,14,183,22,59,139,2,12,8,8,6,0,0,0,0,0,0,0,2n Cycle,Together,2012-11-29
902622,1951,41000.0,1,1,7,53,2,77,5,4,16,3,3,0,3,6,0,0,0,0,0,0,0,Graduation,Divorced,2013-09-04
902623,1966,72800.0,0,0,16,568,38,521,73,19,8,2,5,11,6,7,0,0,0,1,1,1,0,Graduation,Together,2014-03-27
902624,1971,31700.0,1,0,66,15,9,12,5,9,50,3,2,1,3,7,0,0,0,0,0,0,0,Graduation,Married,2013-04-13
902625,1972,92100.0,0,0,58,513,193,981,253,24,71,1,5,6,5,1,1,0,0,0,0,1,0,Graduation,Married,2013-04-25
902626,1968,46000.0,1,1,67,122,4,26,2,48,17,6,3,2,5,6,0,0,0,0,0,0,0,Graduation,Single,2013-03-12
902627,1963,12400.0,1,0,65,3,4,4,3,3,14,2,1,0,3,8,0,0,0,0,0,0,0,Graduation,Together,2013-03-25
902628,1968,64600.0,1,1,32,34,0,25,1,1,3,2,1,1,3,4,0,0,0,0,0,0,0,PhD,Single,2013-09-20
902629,1952,74700.0,1,1,0,361,5,75,14,5,32,6,6,3,7,7,0,0,0,0,0,1,0,PhD,Widow,2014-05-25
902630,1989,24100.0,1,0,29,24,25,63,21,36,25,3,3,1,3,8,0,0,0,0,0,0,0,Graduation,Married,2013-09-12
902631,1968,44700.0,0,1,26,48,1,34,2,2,3,1,1,1,3,6,0,0,0,0,0,0,0,Graduation,Married,2014-03-11
902632,1977,50000.0,1,1,80,26,1,11,2,0,0,1,1,0,3,6,0,0,0,0,0,0,0,Graduation,Together,2013-03-29
902633,1958,30600.0,0,1,48,108,12,22,4,5,104,1,3,1,4,5,0,0,0,0,0,0,0,Graduation,Married,2012-10-05
902634,1966,55500.0,0,1,27,372,4,103,5,20,118,2,6,6,6,8,1,1,0,0,0,0,0,Graduation,Together,2013-11-24
902635,1993,80200.0,0,2,35,744,5,233,62,61,54,7,9,8,13,8,0,0,0,0,0,0,0,PhD,Married,2013-01-22
902636,1963,17700.0,1,1,63,10,1,5,2,1,3,2,2,0,4,5,0,0,1,0,0,0,0,Graduation,Married,2012-10-07
902637,1980,42000.0,1,0,66,1,2,2,5,6,2,1,0,1,2,4,0,0,0,0,0,0,0,Graduation,Married,2013-04-14
902638,1961,81800.0,0,1,80,317,31,142,63,3,40,1,4,2,6,2,0,0,0,0,0,0,0,Graduation,Married,2013-08-13
902639,1962,57500.0,0,0,1,320,6,158,15,57,46,4,3,2,10,4,0,0,0,0,0,0,0,Master,Married,2013-01-07
902640,1967,57700.0,0,0,43,9,1,21,1,3,3,1,1,0,5,4,0,0,0,0,0,0,0,Master,Married,2014-01-22
902641,1950,54100.0,1,1,44,263,7,67,10,8,25,3,8,2,6,6,0,0,0,0,0,0,0,PhD,Single,2013-12-01
902642,1962,68700.0,0,0,74,710,6,181,82,15,85,1,4,6,9,6,1,0,1,0,0,1,0,Master,Married,2012-11-21
902643,1956,43600.0,0,0,53,803,42,238,259,113,106,2,8,3,11,3,0,0,0,0,0,0,0,PhD,Married,2013-02-15
902644,1968,49100.0,0,0,99,285,23,483,190,3,18,2,5,3,5,5,0,0,0,0,0,0,0,PhD,Together,2013-01-14
902645,1961,85800.0,0,0,1,420,197,565,259,177,90,1,13,2,12,3,0,0,0,0,0,0,0,Graduation,Together,2014-06-18
902646,1995,74200.0,0,0,22,963,22,350,259,111,30,2,9,11,13,4,0,0,0,0,0,0,0,Graduation,Together,2013-08-26
902647,1967,65400.0,0,1,21,638,20,385,132,6,40,2,5,7,7,6,0,0,0,0,1,0,0,PhD,Single,2013-10-07
902648,1991,22200.0,1,0,26,12,2,8,3,3,15,2,2,0,2,7,0,0,0,0,0,0,0,Graduation,Divorced,2013-02-01
902649,1969,82300.0,0,0,64,493,17,292,32,8,13,1,4,3,12,1,0,0,0,0,0,0,0,2n Cycle,Married,2013-05-18
902650,1956,38000.0,2,0,14,6,1,5,3,0,10,3,2,0,2,8,0,0,0,0,0,0,0,2n Cycle,Together,2013-04-03
902651,1979,31900.0,1,0,65,18,3,13,13,4,52,2,2,2,3,5,0,0,0,0,0,0,0,PhD,Single,2014-01-06
902652,1970,49800.0,0,1,19,119,27,487,11,50,72,3,3,8,6,2,0,0,0,0,0,0,0,Graduation,Single,2012-11-04
902653,1958,62700.0,0,0,30,464,66,492,82,15,133,2,6,7,13,4,1,0,0,1,1,1,0,Master,Together,2014-04-05
902654,1990,31700.0,1,0,99,68,0,44,4,1,5,2,3,0,3,7,0,0,0,0,0,0,0,Basic,Together,2013-03-06
902655,1980,80500.0,1,0,1,1277,13,79,13,27,27,1,3,1,11,1,0,0,0,0,0,0,0,PhD,Married,2012-11-26
902656,1963,53300.0,1,0,57,173,13,114,13,66,14,3,5,2,7,7,0,0,0,0,0,0,0,2n Cycle,Married,2012-08-18
902657,1955,65700.0,0,0,72,379,45,513,9,101,216,1,4,9,4,4,0,0,0,0,0,0,0,2n Cycle,Together,2013-03-09
902658,1973,70800.0,0,0,78,243,7,53,8,15,14,1,10,2,6,6,0,0,0,0,0,0,0,Graduation,Single,2014-05-16
902659,1958,41300.0,1,1,49,351,0,18,0,1,9,5,4,1,5,7,0,0,0,0,0,0,0,Master,Together,2014-02-09
902660,1973,30600.0,1,1,41,61,38,83,15,2,82,4,6,1,2,8,0,0,0,0,0,0,0,Graduation,Single,2014-02-20
902661,1983,96900.0,0,1,55,742,59,234,48,64,117,2,3,2,9,3,0,0,0,0,0,0,0,Graduation,Single,2012-08-07
902662,1955,56200.0,0,1,22,214,1,84,28,3,7,5,5,4,9,9,0,0,0,0,0,0,0,PhD,Married,2014-06-08
902663,1965,71300.0,0,0,51,567,14,64,153,16,40,2,7,2,9,4,0,0,0,0,0,0,0,Master,Single,2012-09-07
902664,1959,38600.0,0,1,33,241,6,91,7,8,33,1,5,3,3,7,0,0,1,0,0,0,0,PhD,Married,2013-02-21
902665,1974,47400.0,1,0,42,165,4,54,9,17,49,2,5,3,3,7,1,0,0,0,0,0,0,Graduation,Together,2013-09-05
902666,1969,90800.0,0,0,99,980,86,592,105,136,228,1,4,7,9,5,0,0,0,0,1,1,0,Master,Divorced,2014-01-20
902667,1995,87400.0,0,0,84,421,193,541,183,198,102,0,6,11,9,3,0,0,0,1,0,1,0,PhD,Single,2014-02-03
902668,1989,60800.0,0,0,27,846,25,122,25,9,29,3,6,3,8,5,0,1,1,0,0,0,0,PhD,Single,2012-11-16
902669,1958,44700.0,0,0,9,370,29,85,60,3,8,1,4,4,11,4,0,0,0,0,0,0,0,Graduation,Married,2014-02-24
902670,1984,62700.0,0,1,1,726,12,284,65,47,76,3,4,3,6,5,0,0,0,0,0,0,0,Graduation,Married,2014-03-09
902671,1970,22600.0,1,1,78,8,1,10,4,1,5,2,1,0,2,8,0,0,0,0,0,0,0,Master,Together,2013-01-26
902672,1943,47700.0,0,1,55,204,45,220,16,25,202,3,7,8,9,6,0,0,0,0,0,0,0,Graduation,Single,2013-06-14
902673,1955,36800.0,0,1,65,563,3,51,7,3,96,3,8,4,6,11,0,0,0,0,0,0,0,Graduation,Married,2013-02-09
902674,1958,51100.0,1,1,22,14,1,3,1,0,0,1,1,0,2,6,0,0,0,0,0,0,0,Master,Single,2014-04-22
902675,1954,43300.0,0,1,0,168,117,70,234,6,69,12,7,2,4,8,0,0,0,0,0,0,0,Graduation,Married,2014-02-12
902676,1961,73400.0,0,1,49,380,0,26,0,1,23,1,5,1,5,4,0,0,0,0,0,0,0,Master,Married,2014-06-12
902677,1972,39800.0,1,0,52,3,2,6,1,1,21,1,2,0,3,7,0,0,0,0,0,0,0,PhD,Married,2013-04-14
902678,1970,61000.0,1,1,75,63,0,24,0,0,1,1,1,0,3,5,0,0,0,0,0,0,0,Graduation,Single,2014-03-11
902679,1956,52900.0,0,1,76,103,12,49,25,18,56,2,6,1,6,5,0,0,0,0,0,0,0,Graduation,Married,2013-04-13
902680,1959,85400.0,0,1,35,448,60,430,32,15,16,1,3,8,12,1,0,0,0,0,0,0,0,Master,Married,2013-03-30
902681,1971,19700.0,0,0,51,7,20,9,7,4,20,2,1,1,2,8,0,0,0,0,0,0,0,PhD,Divorced,2013-08-31
902682,1971,46000.0,1,0,99,50,6,37,11,8,6,3,2,0,4,10,0,0,0,0,0,0,0,Graduation,Together,2014-01-25
902683,1964,72700.0,0,0,59,849,10,176,35,9,50,1,2,8,7,3,1,0,1,1,1,0,0,Graduation,Together,2012-11-09
902684,1968,77500.0,0,1,88,122,27,70,18,13,5,2,7,1,4,2,0,0,0,0,0,0,0,Master,Widow,2013-10-31
902685,1968,67400.0,0,1,64,277,197,121,137,263,73,2,10,5,11,2,0,0,0,0,0,0,0,2n Cycle,Together,2014-06-04
902686,1987,89300.0,0,0,17,1321,0,242,0,0,14,1,4,3,7,4,0,0,0,1,1,1,0,2n Cycle,Single,2013-10-18
902687,1976,28500.0,1,0,26,3,3,12,6,1,8,0,1,0,2,5,0,0,0,0,0,1,0,Basic,Single,2013-11-06
902688,1992,36800.0,0,0,99,94,3,43,14,39,115,1,6,2,4,5,0,0,0,0,0,1,0,PhD,Together,2014-03-21
902689,1985,47300.0,2,1,21,207,2,113,30,24,120,11,5,2,8,6,0,0,1,0,0,0,0,Master,Married,2014-05-02
902690,1960,56500.0,0,0,47,100,14,51,20,21,26,3,3,2,7,7,0,0,1,0,0,0,0,Graduation,Together,2012-08-19
902691,1972,64000.0,0,1,42,1171,57,214,15,4,32,5,12,2,11,7,0,0,0,0,0,0,0,PhD,Divorced,2014-05-30
902692,1974,32200.0,1,0,26,15,0,14,0,1,2,2,2,0,4,8,0,0,0,0,0,0,0,Basic,Divorced,2014-01-24
902693,1962,36100.0,0,0,99,99,8,51,9,17,26,2,5,2,5,7,0,0,0,0,0,0,0,PhD,Together,2014-06-15
902694,1957,40400.0,1,1,9,70,0,18,0,1,4,3,2,0,3,7,0,0,0,0,0,1,0,Master,Single,2013-07-14
902695,1991,37100.0,0,1,38,300,83,268,113,202,152,6,5,9,11,6,0,0,0,0,0,0,0,Graduation,Married,2013-03-27
902696,1976,28600.0,0,0,13,9,11,4,19,6,30,1,1,0,3,6,0,0,0,0,0,0,0,Graduation,Married,2013-12-20
902697,1956,65500.0,0,0,15,439,18,205,186,29,303,1,4,3,9,2,0,0,0,0,0,0,0,Graduation,Together,2014-04-06
902698,1977,58500.0,0,0,29,223,117,407,112,122,70,2,6,3,7,4,0,0,0,0,0,0,0,Graduation,Together,2014-04-24
902699,1967,56800.0,0,1,55,217,4,326,2,3,10,4,3,2,4,2,0,0,0,0,0,0,0,Master,Married,2012-12-14
902700,1972,47000.0,1,2,40,567,0,28,0,3,81,7,6,2,4,5,0,0,0,0,0,0,0,Basic,Single,2012-11-25
902701,1968,34000.0,1,1,77,25,5,45,10,2,3,2,2,0,3,7,0,0,0,0,0,0,0,Graduation,Single,2013-10-12
902702,1966,50000.0,1,1,99,52,44,222,19,23,72,3,4,3,3,4,0,0,0,0,0,0,0,Master,Single,2012-11-30
902703,1978,30200.0,1,0,1,6,4,9,2,1,5,1,0,0,3,7,0,0,1,0,0,0,0,PhD,Single,2012-09-04
902704,1973,38200.0,0,1,60,20,2,6,1,0,7,1,1,0,3,6,0,0,0,0,0,0,0,Graduation,Married,2013-01-23
902705,1976,19400.0,0,0,73,13,3,15,9,7,14,3,2,0,2,11,0,0,0,0,0,0,0,Graduation,Married,2014-05-30
902706,1950,37400.0,0,1,0,97,2,32,3,3,117,4,5,2,4,8,0,0,0,0,0,0,0,Master,Married,2012-11-29
902707,1953,39100.0,0,1,14,175,11,67,7,3,28,3,2,1,5,3,0,0,0,0,0,0,0,Graduation,Married,2013-12-03
902708,1967,25500.0,1,1,83,8,0,6,1,0,27,3,2,1,3,6,0,0,0,0,0,0,0,Master,Married,2014-02-21
902709,1990,30700.0,1,0,51,68,3,50,9,0,8,3,4,1,2,9,0,0,0,0,0,0,0,Master,Single,2013-06-21
902710,1971,48800.0,1,0,18,192,2,27,36,35,22,3,5,3,6,6,0,0,0,0,0,1,0,Graduation,Single,2012-10-29
902711,1964,51800.0,0,1,99,243,21,171,98,263,103,3,4,3,12,4,0,0,0,0,0,0,0,Graduation,Married,2013-06-02
902712,1947,71800.0,0,0,28,277,15,331,3,7,7,1,6,6,6,3,1,0,1,0,0,0,0,Master,Married,2012-08-28
902713,1955,25000.0,1,1,54,2,2,3,20,3,9,1,1,0,2,8,0,0,0,0,0,0,0,PhD,Single,2013-12-26
902714,1962,17400.0,0,0,79,14,38,29,32,32,11,2,2,1,3,10,0,0,0,0,0,1,0,2n Cycle,Single,2014-02-05
902715,1960,25400.0,1,0,45,2,2,3,2,3,3,2,1,0,2,5,0,0,1,0,0,0,0,PhD,Single,2013-04-10
902716,1959,78200.0,0,1,16,326,52,384,58,52,209,1,7,7,6,1,1,0,0,0,1,1,0,Master,Together,2013-02-02
902717,1969,23800.0,1,1,68,16,1,8,4,3,20,1,1,0,3,7,0,0,0,0,0,0,0,PhD,Single,2012-09-20
902718,1972,25000.0,2,0,31,27,2,10,9,3,8,3,4,1,3,5,0,0,0,0,0,0,0,PhD,Together,2014-03-24
902719,1968,102400.0,0,0,10,362,197,472,36,55,159,1,7,5,8,1,0,0,0,0,0,0,0,PhD,Married,2012-11-06
902720,1965,84800.0,0,1,86,209,7,304,94,9,8,3,5,5,13,1,0,0,0,0,0,0,0,2n Cycle,Divorced,2014-01-09
902721,1990,18700.0,0,0,62,1,6,1,6,4,11,1,1,1,2,5,0,0,0,0,0,0,0,Graduation,Together,2012-10-18
902722,1983,76900.0,0,0,48,119,2,310,83,5,31,1,4,6,1,3,0,0,0,0,0,0,0,Master,Together,2013-11-17
902723,1971,47000.0,1,0,46,24,3,8,13,18,12,2,2,0,4,7,0,0,0,0,0,0,0,Basic,Married,2013-05-24
902724,1975,15900.0,2,1,53,10,1,15,2,3,2,4,4,0,2,12,0,0,0,0,0,0,0,Master,Together,2014-03-01
902725,1973,36100.0,1,0,17,148,4,82,6,3,11,2,6,1,4,8,0,0,0,1,0,1,0,Master,Divorced,2014-05-30
902726,1990,23300.0,1,0,27,3,5,13,3,5,4,2,3,0,4,8,0,0,0,0,0,1,0,Basic,Married,2013-01-18
902727,1979,32600.0,1,0,19,64,3,157,4,1,13,2,7,1,3,10,0,0,0,0,0,0,0,Graduation,Divorced,2013-02-19
902728,1966,31700.0,1,0,24,14,4,22,13,7,9,4,3,1,3,6,0,0,0,0,0,0,0,PhD,Single,2013-11-28
902729,1967,53000.0,0,1,88,139,7,56,1,6,27,4,3,2,4,7,0,0,0,0,0,0,0,Graduation,Divorced,2014-03-25
902730,1971,69200.0,0,0,52,226,15,94,7,32,65,2,4,3,6,2,0,0,0,0,0,0,0,Graduation,Together,2013-05-29
902731,1970,36100.0,0,0,72,177,7,68,6,2,55,2,7,2,3,9,0,0,0,0,0,1,0,Graduation,Married,2013-10-19
902732,1952,64600.0,0,0,61,36,5,15,1,2,12,2,4,0,4,5,0,0,0,0,0,0,0,Graduation,Widow,2012-08-14
902733,1984,57700.0,0,0,61,461,11,295,97,178,44,1,10,1,13,5,0,0,0,0,0,0,0,Graduation,Together,2013-08-29
902734,1953,77000.0,0,1,52,257,197,276,137,63,21,1,5,2,7,4,0,0,0,0,0,0,0,Graduation,Together,2014-03-02
902735,1968,52100.0,0,1,62,127,7,93,16,2,104,3,6,3,5,5,0,0,0,0,0,0,0,Graduation,Widow,2012-10-09
902736,1970,71400.0,0,1,33,1396,61,98,26,2,15,5,6,4,13,8,0,0,0,0,0,0,0,Master,Divorced,2013-11-19
902737,1975,26000.0,1,1,75,23,1,9,1,6,11,2,1,2,3,4,0,0,0,0,0,0,0,Graduation,Married,2013-03-08
902738,1972,34300.0,1,0,74,61,28,74,23,1,89,3,4,1,5,7,0,0,0,0,0,1,0,2n Cycle,Married,2014-05-27
902739,1965,35800.0,2,0,62,38,33,89,28,18,41,3,5,1,2,5,0,0,0,0,0,0,0,Master,Single,2014-04-18
902740,1977,82900.0,0,0,93,544,23,503,31,36,21,1,10,7,11,5,0,0,0,1,0,1,0,Master,Widow,2013-01-15
902741,1956,76300.0,0,1,91,1493,14,213,69,5,5,2,9,7,5,9,0,0,1,1,1,0,0,PhD,Single,2013-07-15
902742,1971,78700.0,0,1,96,294,53,503,51,192,104,2,5,4,5,2,0,0,0,0,0,0,0,Graduation,Divorced,2013-03-30
902743,1966,47100.0,0,2,48,46,0,10,2,0,3,2,2,0,3,6,0,0,0,0,0,0,0,Basic,Single,2013-12-19
902744,1966,60700.0,0,1,29,458,61,54,11,8,152,4,7,2,13,7,0,0,0,0,0,0,0,Graduation,Divorced,2012-09-08
902745,1961,51800.0,1,1,37,49,5,23,0,1,9,4,4,1,4,8,0,0,1,0,0,0,0,Master,Married,2013-06-23
902746,1969,36400.0,0,1,66,45,59,148,234,157,6,4,3,1,7,6,0,0,0,0,0,0,0,Graduation,Widow,2014-03-05
902747,1968,99800.0,0,0,61,316,15,1599,43,39,48,1,2,11,6,1,0,0,0,0,0,0,0,Graduation,Widow,2013-03-03
902748,1965,54600.0,1,1,99,193,15,126,11,30,93,2,6,3,5,8,0,0,0,0,0,0,0,PhD,Married,2013-07-31
902749,1985,39300.0,1,0,89,38,4,17,1,6,11,1,2,1,2,7,0,0,0,0,0,0,0,Graduation,Married,2013-09-17
902750,1954,81700.0,0,0,66,1396,33,499,44,4,47,1,4,8,10,3,0,0,0,0,0,0,0,Graduation,Married,2012-09-22
902751,1980,55800.0,0,0,76,943,36,272,259,99,362,1,10,8,13,3,0,0,0,0,0,0,0,Graduation,Single,2012-09-07
902752,1977,56600.0,0,1,30,990,0,39,0,29,7,3,7,3,10,4,0,0,0,0,0,0,0,Graduation,Single,2014-04-22
902753,1959,81700.0,0,0,98,1188,38,981,11,19,8,1,6,7,7,2,0,0,0,0,0,1,0,PhD,Married,2013-02-20
902754,1987,58900.0,0,1,16,588,19,308,12,1,7,4,5,5,13,6,0,0,0,0,0,0,0,PhD,Married,2013-11-30
902755,1961,58100.0,1,1,35,137,11,84,11,72,63,1,6,2,4,5,0,0,0,0,0,0,0,Graduation,Unknown,2013-12-03
902756,1970,31400.0,0,0,54,15,1,12,3,2,3,2,4,0,4,6,0,0,0,0,0,0,0,Graduation,Together,2012-10-22
902757,1956,62900.0,0,1,26,752,61,292,62,156,151,4,12,5,11,4,0,0,0,0,0,0,0,Graduation,Together,2012-09-20
902758,1976,10900.0,1,0,54,5,1,17,3,4,3,2,3,0,2,6,0,0,0,0,0,0,0,2n Cycle,Together,2012-11-28
902759,1967,40000.0,1,1,65,17,2,11,10,1,12,2,3,0,2,15,0,0,0,0,0,0,0,PhD,Together,2013-10-13
902760,1975,87200.0,0,0,0,655,6,76,27,12,18,0,2,3,7,1,0,0,0,0,0,0,0,PhD,Together,2013-10-08
902761,1952,64600.0,1,1,74,21,0,4,0,0,1,1,1,0,2,6,0,0,0,0,0,0,0,2n Cycle,Single,2013-01-31
902762,1984,43000.0,0,0,41,148,4,134,14,3,46,3,4,1,8,7,0,0,0,0,0,0,0,PhD,Married,2013-06-17
902763,1956,57900.0,0,2,90,489,36,173,16,6,39,6,6,2,9,8,0,0,1,0,0,0,0,Graduation,Married,2014-02-04
902764,1965,105500.0,0,0,11,694,193,219,253,198,33,0,7,5,5,1,1,0,1,0,0,1,0,PhD,Together,2012-12-12
902765,1964,51100.0,1,0,99,176,197,220,5,11,43,4,4,5,4,3,0,0,0,0,0,0,0,2n Cycle,Divorced,2013-04-07
902766,1966,44200.0,0,1,55,126,1,15,1,6,5,3,4,0,5,7,0,0,0,0,0,0,0,Graduation,Married,2013-04-18
902767,1958,76700.0,0,0,41,476,27,185,11,8,50,2,3,4,8,3,0,0,0,0,0,0,0,PhD,Married,2013-09-17
902768,1969,46400.0,0,1,55,386,18,199,2,3,48,3,5,4,8,6,0,0,0,0,0,1,0,Master,Together,2012-09-24
902769,1989,54500.0,0,0,33,71,7,45,1,12,11,0,1,2,5,1,0,0,0,0,0,0,0,Graduation,Married,2013-12-03
902770,1975,30700.0,1,0,7,101,9,152,4,2,23,2,6,0,4,7,0,0,0,0,0,0,0,Master,Married,2013-04-27
902771,1969,47500.0,1,1,32,349,10,113,2,0,63,5,7,1,6,10,0,0,0,0,0,0,0,PhD,Together,2014-06-28
902772,1957,91000.0,0,0,38,325,193,345,41,61,106,1,3,4,7,1,0,0,0,0,1,0,0,Graduation,Married,2013-12-22
902773,1987,85600.0,0,0,81,174,8,351,66,48,64,1,2,4,6,1,0,0,0,0,0,0,0,Graduation,Together,2014-05-26
902774,1973,76700.0,0,1,60,160,5,64,7,12,14,0,5,4,4,1,0,0,0,0,0,0,0,Master,Married,2013-02-23
902775,1959,30700.0,0,0,20,153,12,67,4,4,25,2,5,1,4,8,0,0,0,0,0,0,0,PhD,Married,2012-08-01
902776,1981,19300.0,1,0,27,36,5,30,9,3,14,4,4,0,4,9,0,0,0,0,0,0,0,Graduation,Together,2013-06-04
902777,1952,67200.0,0,1,37,129,2,39,59,12,68,4,8,1,7,5,0,0,1,0,0,0,0,PhD,Married,2013-03-15
902778,1996,40300.0,1,0,69,33,0,16,2,0,0,1,2,0,2,9,0,0,0,0,0,0,0,Graduation,Together,2014-06-26
902779,1948,60700.0,0,1,20,315,65,269,56,97,30,2,3,4,13,3,0,0,0,0,0,0,0,Master,Single,2014-03-25
902780,1995,39300.0,0,1,37,91,0,69,9,21,73,1,5,3,4,6,0,0,0,0,0,0,0,Graduation,Single,2013-12-22
902781,1958,71600.0,1,0,91,636,9,196,30,7,40,5,6,3,8,8,0,0,0,0,0,0,0,Graduation,Divorced,2013-06-18
902782,1974,65800.0,0,0,69,386,150,360,253,36,71,3,3,5,8,4,1,0,0,1,1,1,0,Master,Together,2012-11-16
902783,1971,51700.0,1,0,45,182,6,25,1,1,7,4,3,1,6,11,0,0,0,0,0,1,0,Graduation,Together,2012-09-08
902784,1959,67700.0,0,0,37,215,67,104,17,42,166,2,4,5,9,3,0,0,0,0,0,0,0,2n Cycle,Married,2013-10-13
902785,1964,39200.0,2,1,51,20,1,18,1,3,9,3,2,0,3,4,0,0,0,0,0,0,0,2n Cycle,Together,2012-09-08
902786,1962,21200.0,1,1,30,26,1,23,1,2,4,3,2,0,2,12,0,0,0,0,0,0,0,2n Cycle,Single,2012-09-07
902787,1954,54000.0,1,1,30,17,0,3,0,0,5,1,1,0,2,7,0,0,0,0,0,0,0,2n Cycle,Married,2012-09-06
902788,1969,28900.0,0,1,0,6,0,1,0,0,2,1,1,0,2,4,0,0,0,0,0,0,0,Graduation,Together,2012-08-09
902789,1972,47900.0,1,0,71,20,0,6,0,0,4,0,1,0,2,7,0,0,0,0,0,0,0,2n Cycle,Divorced,2013-11-14
902790,1983,28400.0,1,0,62,10,17,46,6,9,20,2,3,0,4,7,0,0,0,0,0,0,0,Basic,Married,2012-08-08
902791,1954,33700.0,1,0,72,10,1,12,5,3,15,1,2,0,2,12,0,0,0,0,0,0,0,Graduation,Together,2014-01-02
902792,1970,93100.0,1,0,40,689,50,565,68,8,56,1,6,7,12,3,0,0,0,0,0,0,0,Graduation,Single,2014-02-14
902793,1962,54000.0,0,1,26,364,61,131,7,48,52,6,5,3,7,7,1,0,1,1,0,1,0,Graduation,Married,2013-10-26
902794,1995,62100.0,0,1,58,577,0,202,15,2,17,5,4,4,11,9,1,0,0,1,1,1,0,Master,Married,2013-05-19
902795,1974,27200.0,1,1,37,18,1,6,8,1,8,2,1,0,3,7,0,0,0,0,0,0,0,Master,Married,2012-10-06
902796,1994,73000.0,0,0,18,486,30,434,30,11,14,1,5,3,8,5,0,0,1,0,0,1,0,Graduation,Single,2013-01-27
902797,1973,65500.0,0,1,40,471,5,256,18,17,16,2,7,11,8,6,1,0,0,0,0,0,0,Master,Single,2012-08-04
902798,1954,37200.0,1,1,99,350,17,522,40,16,75,6,11,3,5,6,0,0,0,0,0,0,0,Graduation,Widow,2014-04-30
902799,1951,75700.0,0,2,58,1171,0,76,2,4,133,4,8,2,13,8,0,0,0,0,0,1,0,Graduation,Together,2013-01-04
902800,1969,24200.0,1,0,58,4,12,34,23,8,25,3,2,1,3,7,0,0,0,0,0,0,0,Graduation,Married,2013-09-04
902801,1963,25800.0,2,1,37,14,7,20,14,2,22,4,3,1,3,8,0,0,0,0,0,0,0,Graduation,Divorced,2013-05-26
902802,1972,73400.0,0,0,65,233,193,981,35,17,42,1,5,3,9,2,1,0,0,0,0,1,0,Graduation,Married,2013-09-28
902803,1981,56400.0,0,0,99,42,2,14,2,0,33,1,1,1,4,4,0,0,0,0,0,0,0,Graduation,Single,2013-12-24
902804,1953,64600.0,1,1,64,80,2,30,1,0,6,2,2,0,4,6,0,0,0,0,0,0,0,PhD,Married,2014-04-26
902805,1974,39800.0,1,0,28,91,2,30,12,21,17,2,2,2,3,7,0,0,0,1,0,1,0,2n Cycle,Together,2012-11-11
902806,1943,66800.0,0,0,77,169,113,147,47,11,23,2,4,3,6,3,0,0,0,0,0,0,0,Graduation,Together,2013-01-26
902807,1969,32800.0,2,1,77,26,1,11,2,0,3,3,2,0,2,10,0,0,0,0,0,0,0,Graduation,Together,2014-01-08
902808,1975,47600.0,0,1,0,543,49,57,15,19,149,4,8,3,9,7,0,0,0,0,0,0,0,Graduation,Single,2013-09-05
902809,1960,69900.0,0,0,60,510,195,1199,34,5,109,1,5,5,6,2,0,0,0,0,0,0,0,PhD,Married,2013-10-10
902810,1986,21100.0,1,1,67,11,4,19,4,7,10,2,2,0,3,7,0,0,0,0,0,0,0,PhD,Married,2013-10-19
902811,1969,89700.0,0,1,44,212,74,128,32,69,14,1,5,2,11,2,0,0,0,0,0,0,0,Graduation,Together,2013-05-18
902812,1975,40300.0,0,0,55,18,1,53,7,59,41,4,2,1,4,7,0,0,0,0,0,0,0,Graduation,Single,2013-03-06
902813,1958,64700.0,0,0,55,144,33,226,60,103,46,2,4,6,10,1,0,0,0,0,0,0,0,PhD,Single,2013-04-24
902814,1968,27200.0,0,1,1,8,11,19,9,13,28,1,2,0,3,5,0,0,0,0,0,0,0,Master,Married,2013-04-06
902815,1971,90800.0,0,0,64,439,21,892,48,64,60,1,3,7,10,1,0,1,0,0,1,1,0,Master,Together,2014-02-27
902816,1978,23100.0,1,0,99,28,1,43,4,3,5,3,4,0,6,6,0,0,0,0,0,0,0,2n Cycle,Single,2013-08-24
902817,1972,21100.0,1,1,84,5,15,44,5,7,4,3,4,0,4,8,0,0,0,0,0,0,0,2n Cycle,Together,2012-09-28
902818,1989,73600.0,0,0,55,580,18,179,28,58,9,1,3,8,9,4,0,0,1,0,1,1,0,Graduation,Married,2013-04-16
902819,1971,39800.0,1,0,91,8,3,9,5,4,2,2,1,0,4,5,0,0,0,0,0,0,0,Graduation,Married,2014-02-09
902820,1970,75500.0,0,1,57,352,15,261,31,4,22,3,4,2,13,2,0,0,0,0,0,0,0,PhD,Together,2013-06-26
902821,1970,55200.0,0,1,48,167,45,189,44,54,25,2,4,3,8,2,0,0,0,0,0,0,0,PhD,Together,2013-03-30
902822,1978,78000.0,0,1,12,559,15,147,77,74,13,1,4,6,11,4,0,0,0,0,0,0,0,2n Cycle,Together,2014-05-01
902823,1972,45700.0,0,1,37,523,13,73,0,0,27,6,8,1,8,9,0,0,0,0,0,1,0,Graduation,Married,2014-06-21
902824,1971,42100.0,1,0,69,148,36,87,31,11,10,5,6,1,8,7,0,0,0,0,0,0,0,PhD,Widow,2012-09-24
902825,1979,72100.0,0,1,20,755,36,333,20,56,45,3,4,8,13,6,0,0,0,0,0,0,0,Master,Married,2013-11-17
902826,1977,37600.0,1,1,44,33,5,17,0,6,19,3,2,1,4,7,0,0,0,0,0,0,0,Graduation,Single,2013-02-25
902827,1953,70300.0,0,1,76,311,26,286,18,5,4,2,5,11,5,3,0,0,0,0,1,1,0,Graduation,Single,2013-04-23
902828,1957,38000.0,0,0,33,63,3,54,0,7,41,2,5,0,4,6,0,0,0,0,0,0,0,Master,Single,2014-01-18
902829,1966,57500.0,1,1,24,193,131,164,26,32,20,3,9,2,8,6,0,0,0,0,0,0,0,Graduation,Married,2012-12-31
902830,1989,62600.0,1,0,80,268,7,212,5,11,37,2,6,2,6,7,0,0,0,0,0,0,0,PhD,Together,2013-12-11
902831,1964,66400.0,0,1,63,638,71,354,10,77,70,3,4,3,8,4,1,0,0,0,1,1,0,Graduation,Single,2014-05-04
902832,1975,76500.0,0,1,76,1396,63,833,159,49,291,2,11,6,11,8,0,0,0,0,0,0,0,Graduation,Single,2012-11-06
902833,1967,16900.0,1,0,99,3,2,6,8,3,5,1,2,0,2,10,0,0,0,0,0,0,0,Basic,Divorced,2012-11-23
902834,1984,28200.0,1,0,79,9,7,42,2,7,13,2,2,1,4,4,0,0,0,0,0,0,0,Graduation,Single,2014-05-11
902835,1975,39800.0,0,0,53,7,6,20,6,4,9,1,1,0,4,7,0,0,0,0,0,0,1,PhD,Married,2013-10-17
902836,1961,65200.0,0,1,45,279,44,258,10,14,40,3,4,4,8,3,0,0,0,0,0,0,0,Graduation,Married,2013-09-15
902837,1954,46500.0,1,1,86,193,4,52,7,3,91,4,5,2,5,10,0,0,0,0,0,0,0,PhD,Together,2012-12-18
902838,1948,52500.0,1,1,34,636,1,64,2,2,15,6,8,1,7,6,0,0,0,0,0,1,0,PhD,Married,2012-09-27
902839,1971,34200.0,1,1,26,72,10,22,26,1,15,2,3,1,4,7,0,0,0,0,0,1,0,Graduation,Married,2012-12-24
902840,1964,40800.0,1,0,65,85,38,75,33,13,47,5,4,3,6,7,0,0,0,0,0,0,0,Master,Single,2014-05-31
902841,1974,69300.0,0,0,50,362,73,470,42,20,245,1,7,9,5,4,1,0,0,0,0,1,0,Graduation,Married,2013-07-30
902842,1952,68400.0,0,1,27,997,59,277,24,0,7,2,9,4,6,8,1,0,0,0,1,1,0,Graduation,Married,2013-10-16
902843,1964,29600.0,1,1,59,12,1,6,1,0,1,1,1,0,2,5,0,0,0,0,0,1,0,Graduation,Married,2012-12-11
902844,1964,41700.0,1,0,99,66,0,5,0,0,3,1,1,0,2,5,0,0,0,0,0,0,0,2n Cycle,Together,2013-11-06
902845,1978,30600.0,2,0,86,13,9,16,5,2,10,2,2,0,3,8,0,0,0,0,0,0,0,PhD,Married,2014-06-11
902846,1965,18000.0,2,0,70,1,5,8,8,1,11,2,2,0,2,9,0,0,0,0,0,0,0,Graduation,Married,2014-01-04
902847,1950,63100.0,0,2,81,65,2,52,0,3,10,4,2,6,3,1,0,0,0,0,0,0,0,Master,Married,2012-11-04
902848,1968,61900.0,1,1,20,496,1,66,12,4,46,4,7,2,6,6,0,0,0,0,0,0,0,Graduation,Together,2013-04-21
902849,1965,32300.0,0,0,75,106,8,136,37,25,55,4,10,2,5,8,0,0,0,0,0,0,0,Graduation,Single,2012-10-14
902850,1979,26500.0,1,0,0,190,1,28,0,1,10,1,7,1,4,10,0,0,0,0,0,0,0,PhD,Married,2012-09-10
902851,1966,74800.0,0,0,56,838,6,749,102,196,16,2,11,8,7,2,0,0,0,1,0,1,0,Master,Married,2013-01-22
902852,1970,52500.0,1,0,79,322,2,94,2,3,26,3,5,1,7,9,0,0,0,0,0,0,0,Master,Single,2014-04-23
902853,1969,27600.0,1,0,56,4,1,13,1,4,5,3,2,1,3,6,0,0,0,0,0,0,0,Basic,Married,2014-01-15
902854,1967,68500.0,0,1,87,773,197,1242,128,263,362,3,5,6,13,4,0,0,0,0,0,0,0,Graduation,Married,2013-10-04
902855,1976,77300.0,1,0,72,135,183,96,259,263,20,1,4,3,8,2,0,0,0,0,0,0,0,Graduation,Together,2013-02-28
902856,1960,41800.0,0,0,0,282,3,18,2,2,90,2,6,3,4,6,0,0,0,0,0,0,0,Graduation,Together,2013-11-01
902857,1962,72000.0,0,0,99,229,67,191,147,29,27,0,4,6,8,1,0,0,0,0,0,0,0,PhD,Together,2013-07-12
902858,1981,22400.0,1,0,83,15,0,10,1,2,15,1,1,0,2,13,0,0,0,0,0,0,0,PhD,Together,2014-01-30
902859,1969,67300.0,0,1,23,546,41,71,2,4,31,6,6,2,7,6,0,0,0,0,0,0,0,Graduation,Married,2013-10-11
902860,1966,34100.0,1,1,50,42,1,24,2,4,17,3,2,1,3,5,0,0,0,0,0,0,0,2n Cycle,Married,2013-01-12
902861,1959,47700.0,0,2,36,74,4,38,2,8,10,6,3,1,4,8,0,0,0,0,0,0,0,Graduation,Together,2012-09-23
902862,1977,77300.0,0,0,40,1493,4,230,25,0,78,1,2,6,9,3,0,0,0,0,1,1,0,2n Cycle,Together,2013-01-13
902863,1973,42600.0,1,0,62,118,51,117,19,19,136,8,6,2,6,14,0,0,0,0,0,0,0,PhD,Together,2013-08-05
902864,1964,66300.0,0,2,61,101,8,66,2,9,84,5,5,2,6,5,0,0,0,0,0,1,0,PhD,Married,2014-05-04
902865,1969,48500.0,0,1,53,377,114,306,257,62,25,4,4,3,10,2,0,0,0,0,0,0,0,Graduation,Married,2014-05-04
902866,1988,71800.0,0,0,37,845,5,182,20,108,29,2,4,5,7,4,0,0,0,0,1,0,0,Graduation,Single,2012-09-26
902867,1960,44500.0,1,1,25,175,3,41,13,1,27,3,9,1,4,7,0,0,0,0,0,1,0,2n Cycle,Married,2014-03-12
902868,1977,18900.0,1,0,25,2,13,14,7,36,14,2,1,1,3,10,0,0,0,0,0,0,0,Graduation,Together,2013-04-19
902869,1975,75000.0,0,1,26,694,29,130,253,39,87,2,8,5,9,9,0,0,1,0,0,1,0,PhD,Married,2013-08-17
902870,1949,44800.0,1,1,11,149,0,12,1,0,24,2,3,1,4,5,0,0,0,0,0,0,0,Master,Together,2012-08-26
902871,1980,26600.0,1,1,68,21,6,5,1,1,9,2,1,1,1,9,0,0,0,0,0,0,0,Master,Divorced,2012-08-23
902872,1955,38800.0,0,1,85,47,0,15,4,0,4,3,3,1,4,4,0,0,0,0,0,0,0,PhD,Together,2014-02-12
902873,1957,47300.0,0,1,99,123,0,24,0,0,23,2,7,1,3,11,0,0,0,0,0,1,0,2n Cycle,Married,2014-06-24
902874,1977,105500.0,0,0,46,931,193,497,253,125,210,0,7,9,8,1,0,0,0,0,0,1,0,Graduation,Single,2013-04-15
902875,1964,13500.0,0,0,59,8,6,10,1,5,11,2,2,0,3,9,0,0,0,0,0,0,0,Graduation,Married,2014-06-26
902876,1978,41600.0,0,1,87,139,98,178,126,11,132,2,6,3,4,9,0,0,0,0,0,0,0,Master,Together,2012-11-07
902877,1972,74300.0,0,1,54,1493,10,341,3,61,6,1,7,9,11,2,0,0,0,0,0,0,0,PhD,Widow,2013-04-01
902878,1963,30100.0,2,0,16,91,3,106,4,5,36,8,4,1,3,9,0,0,0,0,0,0,0,Graduation,Married,2013-10-24
902879,1964,35700.0,0,0,0,83,3,70,5,6,71,2,5,1,4,6,0,0,0,0,0,0,0,Graduation,Divorced,2014-04-22
902880,1969,28700.0,1,1,59,16,0,6,0,0,0,1,1,0,2,6,0,0,0,0,0,0,0,Graduation,Married,2013-10-20
902881,1968,27100.0,1,0,70,8,6,17,10,1,9,1,2,0,2,9,0,0,0,0,0,0,0,Master,Divorced,2013-03-29
902882,1953,62600.0,1,1,10,1053,0,107,0,9,18,5,9,2,10,9,0,0,0,1,0,0,0,2n Cycle,Married,2013-01-22
902883,1946,27000.0,1,2,92,33,2,5,7,0,14,2,2,0,3,5,0,0,0,0,0,0,0,Graduation,Married,2012-08-15
902884,1956,55700.0,0,1,89,609,1,88,12,5,270,4,7,2,6,8,0,0,0,0,0,0,0,Master,Married,2013-04-06
902885,1957,45200.0,1,1,26,293,12,99,5,17,14,4,5,0,6,9,0,0,0,0,0,0,0,Master,Divorced,2013-01-16
902886,1974,30100.0,1,1,76,1,3,5,5,1,2,1,1,0,2,10,0,0,0,0,0,0,0,PhD,Married,2014-04-12
902887,1968,28700.0,1,0,64,3,0,4,0,2,14,2,1,0,3,5,0,0,0,0,0,0,0,PhD,Together,2013-11-17
902888,1962,24300.0,1,0,15,8,12,10,1,1,16,3,2,1,2,8,0,0,0,0,0,0,0,Master,Divorced,2014-06-12
902889,1968,86200.0,0,0,69,566,49,219,37,119,83,1,11,4,7,3,0,0,0,0,0,0,0,Graduation,Married,2012-11-01
902890,1977,84900.0,0,0,49,251,193,682,253,87,245,1,3,11,7,1,0,0,0,0,0,1,0,PhD,Together,2013-08-12
902891,1961,33900.0,1,1,63,7,7,7,17,6,16,2,2,0,3,7,0,0,0,0,0,0,0,Graduation,Married,2012-10-24
902892,1964,79100.0,0,1,67,578,5,46,12,3,12,7,5,1,6,7,0,0,0,0,0,0,0,Master,Married,2012-09-18
902893,1954,41800.0,0,0,58,641,8,225,16,53,32,2,4,4,12,5,0,0,0,0,0,0,0,Graduation,Single,2012-11-18
902894,1986,31900.0,1,0,0,52,1,12,1,0,2,1,2,0,2,11,0,0,0,0,0,0,0,Basic,Single,2013-05-20
902895,1966,76800.0,0,1,0,156,5,31,8,0,57,3,2,1,5,2,0,0,0,0,0,0,0,Graduation,Married,2013-06-20
902896,1972,43800.0,1,0,2,130,28,69,15,6,7,6,5,2,5,5,0,0,0,1,0,0,0,PhD,Widow,2013-09-15
902897,1970,29700.0,0,1,62,63,0,24,3,1,13,1,4,1,5,5,0,0,0,0,0,0,0,Graduation,Together,2014-04-12
902898,1974,16800.0,1,1,76,11,4,14,1,8,8,2,1,0,2,9,0,0,0,0,0,0,0,Master,Married,2013-02-08
902899,1963,81900.0,0,1,34,1206,19,135,40,37,111,2,9,2,9,3,0,0,0,0,0,0,0,PhD,Married,2012-12-27
902900,1978,74800.0,1,0,33,449,72,373,188,104,14,1,6,4,5,3,0,0,0,0,0,0,0,PhD,Married,2013-01-20
902901,1972,64900.0,0,0,87,193,112,155,7,55,128,0,3,6,4,2,0,0,0,0,0,0,0,Graduation,Together,2012-12-05
902902,1946,55700.0,0,0,76,685,2,226,16,1,34,2,2,3,13,2,0,0,0,0,0,0,0,Graduation,Single,2013-08-24
902903,1946,52000.0,0,0,72,711,114,181,4,24,76,3,4,5,9,3,0,1,0,0,1,1,0,PhD,Married,2013-06-01
902904,1983,107300.0,0,0,48,606,19,459,85,18,149,0,6,3,6,2,0,0,0,0,0,0,0,Graduation,Married,2013-11-30
902905,1972,21000.0,1,0,76,14,0,8,1,0,2,2,1,0,2,7,0,0,0,0,0,0,0,PhD,Married,2013-11-13
902906,1964,86900.0,0,0,75,946,8,171,38,35,48,1,7,3,9,4,0,0,0,0,0,0,0,2n Cycle,Single,2013-01-06
902907,1974,62300.0,0,1,66,733,8,282,54,57,36,2,5,6,7,4,0,0,0,0,0,0,0,Master,Married,2012-09-25
902908,1947,69700.0,0,0,53,597,36,345,63,39,165,1,8,11,10,4,0,0,0,0,0,0,0,Graduation,Widow,2013-05-29
902909,1990,43500.0,1,0,54,8,3,10,1,1,7,2,3,0,4,7,0,0,0,0,0,0,0,Graduation,Together,2012-09-23
902910,1980,44100.0,1,1,83,375,5,52,32,4,51,5,6,3,5,7,0,0,0,0,0,0,0,PhD,Together,2013-07-25
902911,1987,71200.0,1,0,23,137,13,145,44,30,8,0,2,2,8,2,0,0,0,0,0,0,0,Graduation,Widow,2013-05-11
902912,1946,45800.0,1,2,99,46,0,7,1,0,2,2,1,0,3,5,0,0,0,0,0,0,0,Master,Together,2013-11-25
902913,1962,93500.0,0,0,83,239,39,442,25,54,12,1,3,5,8,1,0,0,0,0,0,0,0,Graduation,Together,2013-04-12
902914,1984,46300.0,0,0,34,255,4,52,22,29,19,4,9,3,6,8,0,0,0,0,0,0,0,Graduation,Single,2012-08-06
902915,1963,89200.0,0,1,42,591,2,69,5,3,70,3,9,3,11,6,0,0,0,0,0,0,0,Graduation,Divorced,2014-01-23
902916,1946,64600.0,0,1,17,83,0,10,0,0,0,1,1,0,4,5,0,0,0,0,0,0,0,Graduation,Married,2014-04-01
902917,1988,30000.0,1,1,59,15,0,10,15,2,24,1,1,0,3,6,0,0,0,0,0,1,0,Graduation,Married,2014-03-12
902918,1961,56700.0,0,1,74,261,43,184,38,37,335,2,6,7,13,4,0,0,0,0,0,0,0,Graduation,Together,2013-10-21
902919,1969,50400.0,0,1,99,143,1,15,4,0,10,3,3,3,4,6,0,0,0,0,0,0,0,PhD,Single,2013-05-04
902920,1963,21100.0,1,1,71,22,1,11,1,0,10,2,2,0,3,5,0,0,0,0,0,0,0,Graduation,Single,2013-07-30
902921,1980,31400.0,1,0,85,16,26,28,6,5,23,1,1,0,3,8,0,0,0,0,0,0,0,PhD,Married,2013-10-10
902922,1985,70400.0,0,1,29,958,196,314,259,121,362,3,9,8,13,3,0,0,0,0,0,0,0,Graduation,Together,2012-08-20
902923,1972,27700.0,1,0,65,17,2,14,2,2,5,1,2,0,2,10,0,0,0,0,0,0,0,Graduation,Married,2013-04-09
902924,1985,73000.0,0,1,58,914,32,291,231,8,24,1,7,3,3,7,1,0,1,0,1,0,0,Graduation,Single,2013-02-23
902925,1965,86900.0,0,0,22,901,3,981,253,198,4,0,4,6,13,2,0,0,0,0,1,1,0,PhD,Together,2013-01-03
902926,1975,52400.0,1,1,39,28,1,16,2,3,14,2,2,0,4,6,0,0,0,0,0,0,0,Graduation,Divorced,2014-02-16
902927,1981,81600.0,0,0,58,580,9,981,253,62,12,1,6,8,7,2,0,0,0,0,1,0,0,Graduation,Divorced,2012-09-08
902928,1977,38800.0,1,1,64,3,1,4,1,0,1,1,0,0,2,7,0,0,0,0,0,0,0,Master,Together,2012-09-08
902929,1961,57100.0,0,1,0,44,6,35,8,13,4,2,2,0,6,3,0,0,0,0,0,0,0,Graduation,Together,2014-01-24
902930,1961,71500.0,0,0,52,92,4,180,5,13,185,0,3,1,6,1,0,0,0,0,0,0,0,Master,Married,2013-07-22
902931,1955,18300.0,1,0,47,7,0,5,0,2,6,1,1,0,2,8,0,0,0,0,0,0,0,PhD,Married,2012-08-06
902932,1958,14700.0,0,1,36,4,0,4,7,1,10,2,2,0,3,6,0,0,0,0,0,0,0,Master,Single,2013-04-07
902933,1960,71100.0,1,1,78,386,0,42,15,1,41,4,5,2,5,10,0,0,0,0,0,0,0,Graduation,Single,2014-02-08
902934,1941,82700.0,0,1,21,695,14,809,73,29,7,2,9,9,12,3,1,0,0,0,0,0,0,Master,Married,2013-03-04
902935,1964,32900.0,1,0,24,3,1,4,4,2,2,1,1,0,3,6,0,0,0,0,0,0,0,Graduation,Together,2014-06-26
902936,1970,66200.0,0,1,8,157,17,161,9,17,103,4,6,3,5,5,1,0,0,0,0,1,0,Graduation,Together,2013-11-03
902937,1996,11100.0,1,1,40,1,0,2,3,4,3,3,1,0,2,9,0,0,0,0,0,0,0,Graduation,Single,2014-04-04
902938,1963,42500.0,1,1,52,46,5,16,0,0,10,2,1,0,3,4,0,0,0,0,0,0,0,Graduation,Single,2014-06-08
902939,1969,41900.0,0,1,41,68,44,64,27,6,140,2,4,1,5,10,0,0,0,0,0,0,0,PhD,Divorced,2013-04-15
902940,1991,58100.0,0,0,94,81,197,929,32,263,48,2,4,15,9,1,0,0,0,0,0,0,0,Graduation,Together,2013-09-12
902941,1980,58300.0,0,1,43,416,17,204,4,17,16,2,4,9,12,2,1,0,1,0,1,0,0,PhD,Married,2013-12-22
902942,1964,54800.0,0,1,51,417,14,37,7,24,14,4,6,3,8,6,0,0,1,0,0,1,0,Graduation,Married,2014-01-24
902943,1967,33000.0,1,0,54,5,0,3,0,1,3,1,1,0,2,7,0,0,0,0,0,1,0,Graduation,Married,2014-06-21
902944,1962,52700.0,0,0,68,492,33,114,52,135,32,2,9,3,7,7,0,0,0,0,0,0,0,PhD,Married,2012-12-02
902945,1976,39700.0,1,1,54,59,0,18,1,0,22,4,3,1,3,7,0,0,0,0,0,0,0,Graduation,Together,2013-04-17
902946,1954,53400.0,0,1,55,783,4,254,7,28,70,2,2,4,5,3,0,0,0,0,0,0,0,PhD,Single,2012-10-15
902947,1960,24500.0,2,0,70,12,0,13,1,2,3,2,1,0,3,6,0,0,0,0,0,0,0,Master,Married,2012-11-11
902948,1958,55300.0,1,1,40,115,4,16,2,5,7,2,2,0,3,4,0,0,1,0,0,0,0,Graduation,Single,2013-04-06
902949,1963,67900.0,0,0,40,157,9,81,37,1,12,2,7,2,7,5,0,0,0,0,0,0,0,Graduation,Single,2013-11-14
902950,1971,73700.0,0,0,49,446,54,285,70,198,73,1,3,3,6,4,0,0,0,1,1,1,0,Master,Single,2013-01-19
902951,1964,72900.0,0,0,28,513,84,804,253,123,245,1,7,5,10,3,0,0,0,0,1,1,0,PhD,Married,2014-05-23
902952,1972,101300.0,0,0,57,481,42,425,39,58,88,1,5,7,6,2,0,0,0,0,0,0,0,Graduation,Married,2014-06-12
902953,1952,67700.0,0,1,50,199,7,291,18,69,16,2,4,7,9,1,0,0,0,0,0,0,0,PhD,Single,2012-09-26
902954,1976,33800.0,2,0,64,7,1,7,2,2,7,1,2,0,3,6,0,0,0,0,0,0,0,Graduation,Together,2013-11-01
902955,1953,30300.0,0,1,25,33,0,4,0,0,1,3,1,0,3,6,0,0,0,0,0,0,0,Graduation,Single,2014-03-22
902956,1976,85800.0,0,0,64,641,60,171,24,23,223,0,4,5,13,2,1,0,0,1,0,0,0,PhD,Married,2014-02-08
902957,1979,60100.0,0,0,24,252,41,221,2,31,14,2,6,5,6,3,0,0,0,0,0,0,0,PhD,Married,2013-04-19
902958,1971,71800.0,1,0,53,130,5,77,14,30,15,3,5,1,9,6,0,0,0,1,0,0,0,Graduation,Divorced,2012-11-28
902959,1971,68800.0,0,0,80,277,49,127,48,13,8,1,9,0,7,6,0,0,0,0,0,0,0,Graduation,Married,2013-05-27
902960,1964,68100.0,0,0,43,617,97,327,32,15,2,1,3,4,13,3,0,0,0,0,0,0,0,Graduation,Together,2014-02-16
902961,1971,71400.0,1,1,44,842,9,267,24,13,325,2,12,3,7,8,0,0,0,0,0,0,0,Graduation,Together,2014-03-25
902962,1965,27600.0,1,0,58,13,11,11,3,3,2,2,2,0,3,8,0,0,0,0,0,0,0,PhD,Single,2012-10-01
902963,1959,62600.0,0,1,54,268,6,113,38,38,108,1,5,3,6,4,0,0,0,0,0,0,0,2n Cycle,Single,2014-02-11
902964,1982,13200.0,1,0,34,10,5,9,2,5,13,2,2,0,3,8,0,0,0,0,0,0,0,PhD,Single,2013-12-15
902965,1965,58600.0,1,0,58,34,1,37,14,17,7,2,3,0,4,6,0,0,0,0,0,0,0,PhD,Divorced,2012-10-08
902966,1978,64300.0,0,0,34,731,45,279,151,7,99,3,6,5,6,4,0,0,0,0,0,0,0,PhD,Together,2012-09-14
902967,1953,66400.0,0,0,80,309,197,892,50,24,112,2,6,6,12,4,0,0,0,0,0,0,0,Graduation,Married,2013-12-06
902968,1991,12800.0,1,0,6,0,23,13,41,5,6,1,1,0,2,7,0,0,0,0,0,0,0,Graduation,Divorced,2013-09-20
902969,1945,50400.0,0,2,72,544,2,25,1,0,87,4,7,3,5,6,0,0,0,1,0,0,0,Graduation,Together,2013-05-08
902970,1977,41800.0,1,0,48,295,28,72,57,52,11,4,5,3,7,7,0,0,0,0,0,0,0,Master,Widow,2012-08-28
902971,1971,95500.0,0,0,67,568,32,485,88,4,45,1,5,6,9,3,0,0,0,1,1,1,0,PhD,Married,2013-02-15
902972,1960,47800.0,0,1,42,177,1,32,6,0,19,1,3,2,5,5,0,0,1,0,0,0,0,Graduation,Divorced,2012-08-04
902973,1964,37700.0,0,1,96,136,10,19,4,0,59,5,4,3,4,7,0,0,0,0,0,0,0,Graduation,Divorced,2012-12-01
902974,1955,38400.0,1,1,41,17,0,5,2,1,1,1,2,0,4,5,0,0,0,0,0,1,0,Master,Widow,2013-08-18
902975,1946,42300.0,0,2,44,54,0,20,2,8,9,4,2,1,4,3,0,0,0,0,0,0,0,Graduation,Married,2012-11-04
902976,1975,69400.0,0,0,0,968,25,981,253,16,50,1,4,5,5,1,1,0,0,0,0,0,0,Master,Single,2014-04-30
902977,1967,88800.0,0,0,46,556,11,272,3,9,118,2,5,3,5,2,0,0,1,0,0,0,0,Graduation,Together,2013-03-09
902978,1985,54000.0,1,0,48,262,3,113,21,35,24,4,7,3,6,9,0,0,0,0,0,0,0,Graduation,Single,2014-01-02
902979,1960,96400.0,0,1,99,1493,193,596,84,36,16,1,5,2,9,2,0,0,1,0,0,1,0,PhD,Widow,2012-09-17
902980,1983,22100.0,1,0,12,19,3,23,17,8,41,2,3,1,2,12,0,0,0,0,0,0,0,Graduation,Married,2013-06-14
902981,1980,71600.0,0,1,37,258,25,423,41,227,49,1,6,5,9,5,0,0,0,0,0,0,0,Graduation,Single,2013-08-01
902982,1968,51600.0,1,0,99,57,4,26,3,2,5,3,2,1,4,5,0,0,0,1,0,0,0,Basic,Married,2013-01-25
902983,1980,24900.0,0,0,0,10,7,15,5,7,52,2,3,0,3,6,0,0,0,0,0,0,0,PhD,Widow,2013-05-14
902984,1966,62600.0,0,1,58,388,197,173,41,263,21,2,12,7,11,6,0,0,0,0,0,0,0,Master,Together,2013-02-06
902985,1983,13500.0,1,0,73,5,3,4,7,8,19,1,1,0,3,7,0,0,0,0,0,0,0,Graduation,Married,2013-02-08
902986,1967,39300.0,0,1,84,364,36,220,36,6,250,2,11,1,7,8,0,0,0,0,0,0,0,Graduation,Married,2012-09-11
902987,1963,37000.0,0,0,77,56,23,27,8,12,11,2,3,0,6,4,0,0,0,0,0,1,0,Graduation,Married,2013-12-22
902988,1952,52200.0,1,1,99,212,0,37,4,1,14,6,3,2,5,9,0,0,0,0,0,1,0,2n Cycle,Single,2012-09-07
902989,1962,78400.0,0,2,33,547,2,42,1,3,321,5,5,4,6,8,0,0,1,0,0,0,1,Graduation,Together,2013-09-19
902990,1945,78300.0,0,2,13,1396,7,148,28,5,23,6,11,5,8,8,0,0,0,0,0,0,0,Graduation,Single,2014-01-27
902991,1975,54500.0,0,1,92,221,5,160,57,7,120,4,5,3,7,5,0,0,0,0,0,0,0,PhD,Single,2013-01-13
902992,1955,86100.0,0,0,29,738,45,636,253,198,41,0,3,8,8,2,0,0,0,0,1,0,0,PhD,Single,2013-10-18
902993,1975,32800.0,1,0,59,11,1,4,1,3,2,1,1,0,3,8,0,0,0,0,0,0,0,Graduation,Married,2013-08-04
902994,1967,28100.0,0,1,54,48,151,195,86,38,26,2,7,1,6,8,0,0,0,0,0,0,0,Graduation,Married,2014-05-12
902995,1984,71100.0,0,0,88,252,44,399,259,45,103,1,8,4,10,2,0,0,0,0,0,0,0,Master,Single,2013-12-20
902996,1976,44600.0,1,0,89,71,2,17,0,1,7,1,2,0,2,8,0,0,0,0,0,0,0,2n Cycle,Married,2013-12-29
902997,1994,26900.0,1,0,36,1,12,8,35,7,21,1,2,0,4,6,0,0,1,0,0,0,0,Graduation,Divorced,2013-10-03
902998,1952,47100.0,1,1,49,146,17,249,59,5,28,6,7,4,7,7,0,0,0,0,0,0,0,Master,Married,2013-06-23
902999,1983,83400.0,0,0,56,598,193,981,253,198,7,0,4,11,5,1,1,0,0,0,1,1,0,Graduation,Together,2013-05-05
903000,1959,29100.0,1,1,78,8,21,16,7,21,9,2,2,0,3,8,0,0,0,0,0,0,0,2n Cycle,Married,2013-07-29
903001,1968,73000.0,1,1,4,599,9,49,1,7,14,6,7,1,8,6,0,0,1,0,0,0,0,2n Cycle,Together,2012-08-21
903002,1964,64600.0,1,0,35,59,3,19,1,1,0,2,3,0,6,5,0,0,0,0,0,0,0,Graduation,Together,2013-04-20
903003,1965,54900.0,1,2,0,652,0,19,0,0,11,4,5,2,4,7,0,0,0,0,0,0,0,PhD,Married,2013-07-06
903004,1974,43700.0,1,1,59,272,60,101,29,11,159,5,8,2,6,6,0,0,0,1,0,0,0,PhD,Married,2013-09-29
903005,1962,68600.0,0,1,28,325,14,60,19,37,41,1,9,4,4,3,0,0,0,0,0,0,0,Graduation,Single,2013-01-31
903006,1955,90000.0,0,0,70,1396,50,242,82,161,332,1,7,8,13,5,0,0,0,0,0,0,0,Master,Together,2012-08-09
903007,1957,64300.0,0,0,11,1493,3,163,18,130,39,2,8,6,7,4,0,0,0,0,0,0,0,Graduation,Married,2014-06-23
903008,1977,63000.0,1,1,22,137,9,31,2,5,7,7,5,2,5,7,0,0,0,0,0,0,0,Master,Together,2013-08-19
903009,1948,64000.0,1,1,47,366,2,81,11,157,22,6,5,2,8,6,1,0,0,1,0,0,0,PhD,Together,2013-08-12
903010,1963,70000.0,0,0,38,1360,16,221,59,27,136,1,7,5,13,5,1,0,0,0,0,0,0,PhD,Together,2014-03-20
903011,1995,80600.0,0,0,89,342,35,399,57,25,245,1,4,5,11,1,1,0,0,0,1,1,0,Graduation,Together,2013-11-21
903012,1948,62900.0,0,0,4,237,5,140,48,86,165,1,3,8,11,4,1,0,1,1,1,1,0,PhD,Married,2014-06-13
903013,1988,75100.0,0,0,68,1396,48,160,42,97,10,1,9,3,13,4,0,0,0,0,0,0,0,2n Cycle,Together,2012-12-05
903014,1967,31800.0,1,0,36,32,3,15,3,8,7,2,2,1,4,6,0,0,0,0,0,0,0,Master,Married,2012-11-03
903015,1963,27000.0,1,1,28,4,0,9,6,4,2,2,1,1,3,6,0,0,0,0,0,0,0,2n Cycle,Married,2013-05-29
903016,1956,98900.0,0,1,99,367,8,172,152,64,67,2,6,7,7,3,0,0,0,0,0,0,0,Master,Together,2013-07-10
903017,1956,27900.0,1,0,99,18,6,19,2,27,9,1,1,0,4,6,0,0,0,0,0,0,0,2n Cycle,Married,2013-03-20
903018,1974,39500.0,1,0,65,2,0,4,0,0,1,0,1,0,2,8,0,0,1,0,0,0,0,Basic,Together,2013-03-14
903019,1963,27500.0,1,0,47,14,2,9,1,0,1,1,2,0,3,5,0,0,0,0,0,0,0,2n Cycle,Together,2014-05-05
903020,1989,74800.0,0,0,36,555,90,896,26,5,127,0,3,5,8,3,1,0,0,0,1,0,0,Graduation,Together,2012-10-21
903021,1956,43300.0,0,1,50,39,4,14,2,11,9,2,2,1,3,4,0,0,0,0,0,0,0,Graduation,Married,2013-12-19
903022,1979,32500.0,1,0,38,16,2,15,4,4,5,1,1,0,6,4,0,0,0,0,0,0,0,Basic,Married,2012-08-19
903023,1985,23500.0,1,0,74,4,14,30,34,5,17,1,1,1,2,8,0,0,0,0,0,0,0,Graduation,Single,2013-03-01
903024,1981,29400.0,1,0,0,15,1,4,1,0,1,2,1,0,2,7,0,0,0,0,0,0,0,Graduation,Together,2013-01-04
903025,1971,54100.0,1,1,76,13,3,8,0,0,1,2,1,0,4,3,0,0,0,0,0,0,0,Graduation,Together,2014-04-03
903026,1964,36900.0,1,0,11,34,1,19,1,0,9,1,2,0,2,8,0,0,0,0,0,0,0,PhD,Married,2012-09-07
903027,1972,69900.0,1,1,76,282,14,107,6,13,54,3,6,2,5,6,0,0,0,0,0,1,0,Master,Single,2013-07-11
903028,1974,79100.0,1,1,57,457,6,116,3,8,7,4,5,2,11,6,0,0,0,0,0,0,0,PhD,Married,2013-10-13
903029,1992,53500.0,1,1,24,13,0,4,0,1,6,2,1,0,5,4,0,0,0,0,0,0,0,Graduation,Together,2013-09-20
903030,1943,108000.0,0,0,46,597,16,78,42,5,28,3,4,2,11,3,0,0,0,0,0,0,0,Master,Married,2014-04-01
903031,1959,29700.0,1,0,35,7,0,7,2,2,10,1,1,0,2,6,0,0,1,0,0,0,0,Graduation,Married,2014-04-05
903032,1972,63500.0,1,1,75,406,58,45,50,50,13,1,6,0,11,3,0,0,0,0,0,0,0,PhD,Single,2014-02-01
903033,1984,61100.0,0,0,32,572,15,176,27,3,18,2,6,3,8,5,0,0,0,0,0,1,0,PhD,Married,2013-12-24
903034,1949,48800.0,0,1,32,532,10,50,34,2,22,7,7,2,11,5,0,0,0,0,0,0,0,Master,Divorced,2013-05-30
903035,1961,40100.0,0,0,88,188,15,40,41,4,35,4,8,2,7,6,0,0,0,0,0,0,0,Graduation,Together,2013-04-21
903036,1952,42400.0,1,1,94,38,2,38,4,4,17,3,4,1,4,8,0,0,0,0,0,0,0,Graduation,Single,2013-11-07
903037,1984,99700.0,0,0,35,596,41,1142,26,7,48,2,2,6,13,6,0,0,0,0,0,0,0,Graduation,Married,2014-02-18
903038,1974,62300.0,0,0,45,114,20,186,53,12,6,0,2,3,7,2,0,0,0,0,0,0,0,Master,Together,2014-02-02
903039,1971,61400.0,0,1,35,655,100,215,7,35,63,6,8,2,9,7,0,0,0,0,0,0,0,PhD,Married,2013-04-18
903040,1971,42300.0,1,1,55,150,6,60,31,2,30,4,5,1,4,6,0,0,0,0,0,1,0,Graduation,Together,2013-10-19
903041,1989,37300.0,1,0,58,74,1,29,2,0,44,2,5,1,4,8,0,0,0,0,0,0,0,Master,Divorced,2013-01-29
903042,1967,34800.0,1,0,56,17,2,22,3,1,4,2,2,0,4,6,0,0,0,0,0,0,0,Graduation,Single,2013-12-08
903043,1976,40000.0,1,0,72,278,0,42,2,1,61,4,9,1,4,7,0,0,0,1,0,1,0,Master,Married,2014-02-27
903044,1969,53400.0,2,0,67,184,6,115,3,2,31,6,5,1,4,11,0,0,0,0,0,1,0,Graduation,Single,2012-08-22
903045,1962,68600.0,0,1,53,97,10,181,7,20,19,2,2,4,5,0,0,0,0,0,0,0,0,PhD,Together,2012-10-20
903046,1967,35700.0,1,0,27,11,3,7,2,2,7,2,3,0,3,8,0,0,0,0,0,0,0,2n Cycle,Single,2013-06-02
903047,1969,22500.0,1,1,46,12,2,3,0,0,1,2,1,0,2,6,0,0,1,0,0,1,0,PhD,Together,2012-12-15
903048,1972,29100.0,1,0,35,2,6,3,2,2,3,1,1,1,3,4,0,0,0,0,0,1,0,Graduation,Together,2012-09-24
903049,1976,90500.0,0,0,42,545,31,663,17,30,60,1,5,4,13,3,1,0,0,0,0,0,0,2n Cycle,Together,2013-01-12
903050,1976,23500.0,0,0,26,28,7,16,8,3,11,1,0,1,3,5,0,0,0,0,0,0,0,2n Cycle,Married,2014-01-08
903051,1956,53400.0,1,1,55,206,3,64,13,6,34,5,4,2,7,4,0,0,0,0,0,0,0,PhD,Married,2013-10-04
903052,1969,26900.0,1,1,42,3,1,4,14,0,6,1,1,0,2,7,0,0,0,0,0,0,0,Graduation,Divorced,2012-12-06
903053,1983,26400.0,1,0,0,24,11,10,2,2,10,3,2,0,3,7,0,0,0,0,0,0,0,PhD,Divorced,2014-05-31
903054,1970,36000.0,1,1,96,233,4,43,3,2,65,5,6,4,4,6,0,0,0,0,0,0,0,Graduation,Married,2013-11-09
903055,1971,55800.0,0,2,38,667,119,161,17,11,362,7,8,3,8,7,0,0,0,0,0,0,0,2n Cycle,Married,2014-02-20
903056,1973,93400.0,0,0,60,529,50,871,50,39,29,0,5,6,9,1,1,0,1,0,1,1,0,Graduation,Single,2013-06-09
903057,1945,70600.0,0,2,88,709,6,49,3,1,77,6,7,3,6,8,0,0,1,0,0,1,0,PhD,Together,2013-05-11
903058,1960,79100.0,1,1,41,216,4,70,3,6,13,10,4,2,7,8,0,0,0,0,0,0,0,Graduation,Married,2014-06-08
903059,1965,29600.0,1,1,97,57,2,37,4,8,2,1,2,0,4,8,0,0,0,0,0,0,0,Graduation,Married,2014-04-27
903060,1975,22500.0,0,0,52,15,7,13,17,5,21,2,2,1,3,4,0,0,0,0,0,0,0,Graduation,Together,2013-11-01
903061,1964,26500.0,0,1,0,82,3,54,2,11,23,2,4,2,2,10,0,0,0,0,0,0,1,Graduation,Single,2014-06-01
903062,1975,30800.0,1,1,31,22,7,43,9,1,3,3,2,0,4,8,0,0,0,0,0,0,0,Graduation,Married,2013-05-05
903063,1980,35800.0,1,1,75,6,1,5,0,1,4,2,1,0,3,8,0,0,0,0,0,1,0,Graduation,Married,2012-09-10
903064,1971,27100.0,1,1,94,23,3,18,11,16,24,3,2,1,2,7,0,0,1,0,0,0,0,Graduation,Together,2012-11-16
903065,1976,110500.0,0,0,11,377,1,238,7,6,7,1,4,2,5,2,0,0,0,0,0,0,0,Graduation,Single,2013-02-20
903066,1976,47600.0,0,1,54,306,5,63,8,0,79,2,8,2,4,7,0,0,0,0,0,0,0,Master,Married,2013-12-16
903067,1970,46500.0,0,1,47,46,5,39,1,12,11,3,3,0,4,9,0,0,1,0,0,0,0,Graduation,Divorced,2013-05-18
903068,1982,24200.0,1,1,41,29,0,4,0,0,3,2,1,1,3,3,0,0,0,0,0,0,0,Graduation,Single,2012-09-20
903069,1971,63600.0,0,1,52,945,33,456,253,116,43,2,7,4,10,4,0,0,0,0,0,0,0,PhD,Single,2013-04-24
903070,1969,48700.0,1,1,66,189,1,55,6,2,9,6,4,1,4,7,0,0,0,0,0,0,0,Master,Married,2014-05-12
903071,1974,56500.0,0,1,18,106,3,68,37,22,159,3,4,3,6,3,0,0,0,0,0,0,0,PhD,Married,2013-09-30
903072,1961,51500.0,0,1,61,173,85,119,3,8,8,7,5,1,11,7,0,0,0,0,0,1,0,PhD,Single,2013-12-23
903073,1947,33400.0,1,2,40,168,0,18,2,3,5,2,2,1,2,6,0,0,0,0,0,0,0,Graduation,Married,2014-04-02
903074,1967,55600.0,0,1,98,876,16,60,3,1,46,3,2,2,9,4,0,0,0,0,0,0,0,PhD,Widow,2013-03-21
903075,1957,25900.0,2,1,99,59,6,84,4,1,16,4,4,1,2,12,0,0,0,0,0,0,0,Graduation,Married,2013-10-21
903076,1965,80400.0,0,0,59,114,19,605,85,58,54,2,2,6,13,1,0,0,0,0,0,0,0,PhD,Together,2013-01-13
903077,1973,19000.0,1,0,85,1,6,15,8,1,3,1,1,0,2,9,0,0,0,0,0,1,0,PhD,Together,2013-03-07
903078,1984,25600.0,1,0,57,8,0,6,1,0,9,2,2,0,2,10,0,0,0,0,0,1,0,2n Cycle,Together,2013-01-14
903079,1966,97000.0,0,1,39,1124,8,110,0,3,10,0,10,5,10,6,0,0,0,1,0,1,0,Graduation,Together,2013-04-16
903080,1980,71000.0,1,0,76,1058,99,322,208,3,43,3,5,4,13,2,0,0,0,0,0,0,0,2n Cycle,Single,2013-08-29
903081,1975,44900.0,2,0,79,131,2,55,3,0,35,10,6,1,3,11,0,0,0,0,0,1,0,Master,Together,2013-10-03
903082,1957,54200.0,1,0,94,250,2,75,0,7,8,7,5,1,9,7,0,0,0,0,0,0,0,Graduation,Single,2013-09-07
903083,1950,73700.0,0,1,52,753,65,330,38,59,111,2,3,4,13,3,0,0,0,0,0,0,0,PhD,Together,2013-10-09
903084,1959,50200.0,1,2,54,162,2,25,0,0,15,2,2,1,4,5,0,0,0,0,0,0,0,2n Cycle,Widow,2012-11-14
903085,1970,22900.0,1,1,6,9,8,34,6,6,23,4,3,1,5,7,0,0,0,0,0,0,0,Master,Married,2013-05-21
903086,1962,63400.0,0,1,40,1194,80,347,25,30,127,2,4,4,6,5,0,0,0,1,1,0,0,Master,Single,2013-02-21
903087,1971,79500.0,0,1,32,1167,29,631,57,151,189,2,3,6,13,4,0,0,1,0,0,1,0,PhD,Together,2012-11-28
903088,1980,47000.0,1,0,20,189,5,134,11,3,10,8,8,1,7,13,0,0,0,0,0,0,0,Graduation,Single,2014-04-26
903089,1969,41400.0,1,1,71,58,1,26,1,1,11,2,3,0,3,10,0,0,0,0,0,0,0,Graduation,Single,2013-12-03
903090,1950,49900.0,0,0,36,185,1,60,11,2,8,0,4,3,6,2,0,0,0,0,0,0,0,Graduation,Married,2013-11-23
903091,1952,52800.0,0,0,50,142,15,112,10,49,66,1,4,9,4,2,0,0,0,0,0,0,0,Graduation,Divorced,2013-05-27
903092,1978,74100.0,0,0,68,312,4,981,247,164,133,0,9,11,7,4,1,0,0,1,0,1,0,Graduation,Married,2012-09-28
903093,1968,35000.0,0,1,76,20,4,18,12,16,46,2,1,1,3,6,0,0,0,0,0,0,0,Graduation,Together,2013-08-17
903094,1966,64900.0,0,1,47,116,11,423,136,22,27,2,2,6,8,1,0,0,0,0,0,0,0,Graduation,Married,2013-04-27
903095,1982,56100.0,0,1,52,635,61,192,60,15,16,1,4,1,12,3,0,0,0,0,0,0,0,Graduation,Single,2014-03-27
903096,1980,68600.0,1,1,35,165,2,141,186,6,21,1,4,2,8,2,0,0,0,0,0,0,0,Graduation,Married,2014-06-21
903097,1953,63800.0,0,1,34,191,194,151,93,8,22,1,5,2,8,3,0,0,0,0,0,0,0,Graduation,Together,2014-04-09
903098,1974,30300.0,1,0,71,5,7,14,15,8,24,2,1,1,3,5,0,0,0,0,0,0,0,Graduation,Together,2012-09-12
903099,1980,73000.0,0,0,35,1056,36,239,259,263,91,1,6,5,13,3,0,0,0,0,0,0,0,PhD,Together,2013-04-02
903100,1954,53500.0,0,1,56,441,1,174,62,89,18,3,14,1,10,4,0,0,0,0,0,0,0,Graduation,Single,2013-03-06
903101,1984,23100.0,0,0,62,8,4,17,13,4,8,1,1,1,3,8,0,0,0,0,0,0,0,2n Cycle,Married,2013-02-12
903102,1966,69800.0,0,0,26,1396,127,514,259,82,39,1,8,5,13,2,0,0,0,0,0,0,0,Master,Single,2013-12-26
903103,1980,79100.0,1,1,17,566,6,230,2,4,12,8,4,1,11,7,0,0,1,0,0,0,0,Graduation,Together,2013-09-07
903104,1975,36500.0,1,1,21,23,57,54,101,27,13,2,5,1,3,7,0,0,0,0,0,0,0,Graduation,Married,2013-02-18
903105,1940,45100.0,0,1,9,180,6,57,3,12,9,6,4,1,7,4,0,0,0,0,0,1,0,Graduation,Together,2014-03-31
903106,1959,62600.0,0,1,54,622,6,177,111,10,27,1,5,3,10,8,0,0,0,0,0,0,0,Graduation,Together,2013-08-29
903107,1958,48300.0,0,1,83,673,27,340,38,51,37,1,8,4,11,4,0,0,0,0,0,1,0,PhD,Together,2013-03-17
903108,1945,79200.0,0,0,16,1290,22,404,253,45,31,0,5,6,13,1,1,0,1,0,1,1,0,Master,Together,2013-02-13
903109,1948,48900.0,0,2,82,279,0,38,0,0,50,2,5,4,5,7,1,0,0,0,0,0,0,Master,Together,2013-07-27
903110,1972,101100.0,0,0,51,329,3,562,20,2,41,0,1,3,6,0,0,0,0,0,0,0,0,Graduation,Widow,2013-05-05
903111,1967,64900.0,1,1,75,303,14,93,6,2,34,5,6,4,6,10,0,0,0,0,0,0,0,Graduation,Together,2013-11-14
903112,1969,61800.0,0,0,45,50,1,61,66,11,12,3,4,1,6,2,0,0,0,0,0,0,0,Graduation,Married,2012-09-29
903113,1974,66300.0,0,0,60,1261,32,94,22,10,119,1,6,6,7,7,1,0,1,0,0,1,0,Master,Single,2013-03-12
903114,1980,29400.0,0,1,54,63,20,41,1,10,61,1,3,0,3,10,0,0,0,1,0,0,0,Master,Single,2014-02-25
903115,1949,77700.0,0,1,18,593,5,601,22,4,77,2,1,15,7,0,0,0,0,0,0,0,0,Graduation,Married,2013-11-12
903116,1966,50600.0,1,1,56,146,2,78,120,9,32,9,4,3,5,9,0,0,0,0,0,0,0,Graduation,Married,2013-04-02
903117,1966,26100.0,1,0,63,6,5,7,3,0,4,1,2,0,2,5,0,0,0,0,0,0,0,Graduation,Together,2014-05-14
903118,1960,37900.0,1,1,46,35,2,16,7,2,23,4,2,1,4,5,0,0,0,0,0,0,0,Master,Together,2014-02-26
903119,1961,25300.0,1,1,61,14,5,3,10,1,5,2,1,0,3,6,0,0,0,0,0,0,0,Graduation,Divorced,2013-04-29
903120,1973,75600.0,0,0,13,259,3,117,166,24,21,2,3,5,7,2,0,0,0,0,0,0,0,Graduation,Married,2014-02-10
903121,1985,105500.0,0,0,0,1161,169,467,253,113,84,0,5,9,9,3,0,0,1,0,1,0,0,Graduation,Married,2013-03-25
903122,1956,109200.0,0,0,76,184,21,556,50,20,52,1,4,6,12,2,0,0,0,0,0,0,0,Master,Married,2013-12-26
903123,1960,23500.0,1,1,37,30,2,27,8,6,11,5,3,1,3,6,0,0,0,0,0,0,0,Graduation,Single,2013-11-29
903124,1985,16400.0,1,0,74,14,6,42,2,6,17,2,2,1,3,7,0,0,0,0,0,1,0,2n Cycle,Divorced,2013-08-21
903125,1951,56500.0,1,1,17,57,0,10,1,0,3,2,1,0,4,7,0,0,0,0,0,0,0,Basic,Single,2013-11-20
903126,1975,35600.0,1,1,35,10,1,18,1,3,2,2,1,0,4,5,0,0,0,0,0,1,0,Graduation,Single,2013-02-11
903127,1988,70800.0,0,0,0,1057,13,318,103,92,41,2,7,5,6,6,1,1,0,0,0,1,0,Graduation,Together,2013-06-16
903128,1979,105500.0,0,0,57,1147,60,788,25,13,83,0,3,5,9,2,0,0,0,1,0,1,0,Graduation,Married,2014-02-04
903129,1965,14800.0,1,1,48,12,0,7,7,0,12,2,2,0,2,8,0,0,0,0,0,0,0,2n Cycle,Married,2014-05-13
903130,1972,34500.0,1,1,59,156,7,82,82,8,20,6,5,2,4,6,0,0,0,0,0,0,0,2n Cycle,Single,2012-12-06
903131,1961,62200.0,0,1,50,209,28,88,4,16,6,2,3,3,5,6,0,0,0,0,0,0,0,Graduation,Single,2012-12-13
903132,1963,56200.0,1,1,21,147,21,72,12,19,24,2,4,1,3,9,0,0,0,0,0,1,0,PhD,Single,2012-07-30
903133,1982,33400.0,1,0,50,10,1,10,3,4,2,1,1,0,5,7,0,0,0,0,0,0,0,Graduation,Married,2013-06-10
903134,1944,60400.0,0,1,51,973,33,550,23,20,55,4,5,4,13,3,0,0,0,0,0,0,0,Graduation,Together,2012-08-04
903135,1969,63800.0,1,1,82,367,1,30,7,4,34,5,3,2,6,5,0,0,0,0,0,1,0,PhD,Divorced,2012-10-08
903136,1980,23200.0,1,0,67,122,0,29,1,4,41,3,6,1,4,9,0,0,0,0,0,0,0,Graduation,Married,2013-09-06
903137,1976,32600.0,1,0,27,12,4,10,3,4,2,2,1,0,2,8,0,0,0,0,0,0,0,Graduation,Divorced,2013-10-23
903138,1958,51300.0,0,1,58,499,17,39,3,6,43,1,6,1,9,4,0,0,0,0,0,0,0,Graduation,Single,2014-02-04
903139,1969,69100.0,0,1,87,336,52,675,259,79,108,4,7,8,10,3,0,0,0,0,0,0,0,Graduation,Married,2012-11-21
903140,1969,77300.0,0,0,76,429,17,183,7,11,37,1,5,5,5,3,0,0,0,0,0,0,0,Graduation,Together,2014-03-15
903141,1972,37600.0,1,1,34,52,9,17,8,5,20,3,3,1,3,4,0,0,0,0,0,0,0,PhD,Together,2013-04-01
903142,1975,59600.0,0,1,99,360,23,135,71,3,12,3,5,3,7,3,0,0,0,0,0,0,0,Master,Married,2013-11-04
903143,1974,66900.0,0,0,19,847,8,395,26,106,48,2,8,7,5,5,0,0,0,0,0,0,0,Master,Married,2013-04-09
903144,1972,57100.0,0,1,25,20,0,2,0,1,3,1,1,1,2,4,0,0,0,0,0,0,0,Graduation,Married,2013-01-07
903145,1962,38300.0,1,1,99,349,0,152,19,3,11,4,9,5,6,8,0,0,0,0,0,0,0,Graduation,Single,2013-11-11
903146,1959,39600.0,0,1,0,49,4,15,3,1,13,2,2,0,2,8,0,0,0,0,0,0,0,Graduation,Single,2013-03-08
903147,1948,66500.0,0,1,43,391,57,367,48,117,84,1,3,5,10,1,0,0,0,0,0,1,0,Master,Married,2013-11-16
903148,1964,42300.0,0,0,27,365,8,67,21,17,182,3,9,5,6,7,0,0,1,0,0,0,0,Graduation,Married,2014-06-16
903149,1963,69500.0,0,1,32,545,70,173,49,4,114,2,3,5,5,3,0,0,0,0,0,0,0,PhD,Married,2013-07-20
903150,1949,56000.0,0,1,13,434,156,117,104,166,101,4,5,4,13,3,0,0,0,0,0,0,0,Graduation,Together,2013-05-16
903151,1975,38400.0,0,1,89,171,87,79,4,5,15,6,6,1,6,6,0,0,0,0,0,0,0,PhD,Widow,2013-05-13
903152,1959,52900.0,0,1,33,227,25,95,6,2,91,3,3,5,7,2,0,0,0,0,0,0,0,Master,Married,2014-03-05
903153,1969,54000.0,0,1,75,633,24,225,157,0,17,3,3,3,13,5,1,0,0,0,0,1,0,Graduation,Together,2012-10-20
903154,1948,87600.0,0,0,58,332,16,510,232,20,47,1,3,6,5,2,0,0,0,1,0,1,0,PhD,Together,2012-11-03
903155,1964,58400.0,0,1,36,343,1,96,0,2,3,1,10,1,4,5,0,0,0,0,0,0,0,Graduation,Married,2013-09-26
903156,1959,75300.0,0,0,46,755,80,166,64,42,37,1,5,7,8,1,0,0,1,0,1,0,0,PhD,Married,2014-02-11
903157,1975,82400.0,0,0,32,749,37,555,127,21,202,1,3,6,7,2,0,0,0,0,0,1,0,Graduation,Together,2014-06-09
903158,1967,52700.0,0,1,60,174,8,22,1,0,19,1,2,1,4,7,0,0,0,0,0,0,0,Master,Married,2014-04-19
903159,1974,23200.0,2,1,45,19,1,9,3,1,9,2,2,0,2,8,0,0,0,0,0,0,0,Graduation,Together,2013-01-18
903160,1990,86300.0,0,0,0,512,107,263,119,146,91,0,3,11,6,2,1,0,1,0,0,1,0,Graduation,Divorced,2013-01-25
903161,1969,87400.0,0,1,0,571,46,339,75,21,23,2,7,5,6,5,0,0,0,0,1,1,0,PhD,Married,2013-09-24
903162,1964,61600.0,0,0,43,381,62,800,19,34,13,0,4,10,6,2,1,0,0,0,1,0,0,Master,Together,2013-07-22
903163,1978,95600.0,0,0,5,363,21,619,32,41,56,1,4,7,10,1,0,1,1,1,1,1,0,Graduation,Divorced,2013-01-25
903164,1978,30400.0,0,1,6,81,0,11,4,0,321,2,4,4,2,5,0,0,0,0,0,0,0,Master,Married,2012-12-15
903165,1959,56800.0,0,1,54,830,9,57,15,35,358,2,9,4,10,3,0,0,0,0,0,0,0,Graduation,Married,2014-06-18
903166,1986,30200.0,1,0,42,15,3,13,4,1,2,1,1,0,3,8,0,0,0,0,0,0,0,Graduation,Together,2013-01-26
903167,1961,20800.0,0,0,75,35,1,20,0,2,14,1,2,1,2,7,0,0,0,0,0,0,0,Graduation,Divorced,2014-01-02
903168,1989,64100.0,0,1,38,1292,4,283,14,198,42,2,5,4,12,5,0,0,0,1,0,1,0,PhD,Divorced,2013-10-24
903169,1974,74300.0,0,0,57,263,5,123,30,3,30,2,4,7,7,2,0,0,0,0,0,0,0,Graduation,Married,2014-04-27
903170,1982,52600.0,0,0,84,162,197,1725,163,25,28,2,1,11,6,1,0,0,0,0,0,0,0,Graduation,Single,2014-01-23
903171,1969,22800.0,1,1,63,35,6,33,4,6,8,6,3,0,5,5,0,0,0,0,0,0,0,PhD,Single,2013-05-15
903172,1960,59700.0,1,1,61,117,2,45,7,7,135,2,4,3,4,5,0,0,0,0,0,0,0,Graduation,Married,2013-02-06
903173,1968,44200.0,0,1,68,13,3,4,3,1,1,1,1,0,2,8,0,0,0,0,0,0,0,Graduation,Single,2012-11-18
903174,1979,76900.0,0,0,23,468,66,393,253,110,102,1,3,7,8,2,1,0,0,0,1,0,0,2n Cycle,Married,2012-09-27
903175,1968,21400.0,1,0,66,30,0,17,36,6,18,2,3,1,3,7,0,0,0,0,0,0,0,Master,Together,2014-01-16
903176,1968,29000.0,1,1,25,8,1,6,1,10,5,3,3,0,3,6,0,0,0,0,0,0,0,PhD,Together,2014-05-21
903177,1971,64500.0,0,0,44,543,45,244,110,50,73,11,10,4,13,7,0,0,0,0,0,0,0,PhD,Married,2012-08-26
903178,1967,43800.0,0,1,0,116,6,36,4,0,29,2,4,2,5,6,0,0,0,0,0,0,0,Graduation,Married,2013-01-24
903179,1981,64700.0,0,0,6,430,31,174,39,7,16,1,5,5,10,3,1,0,0,1,0,1,0,Graduation,Married,2012-09-22
903180,1963,62800.0,0,1,87,405,16,150,8,4,11,1,6,6,5,4,0,0,0,0,0,0,0,PhD,Married,2012-11-08
903181,1970,49000.0,1,1,58,78,2,10,0,3,4,2,2,0,5,5,0,0,0,0,0,0,0,PhD,Single,2013-12-07
903182,1977,25800.0,1,1,22,5,6,11,14,1,33,2,1,1,3,5,0,0,0,0,0,0,0,Basic,Married,2013-07-30
903183,1962,14300.0,1,1,43,2,4,4,1,3,2,2,1,1,2,6,0,0,0,0,0,0,0,Graduation,Married,2013-01-11
903184,1964,26100.0,1,1,70,10,1,7,1,2,5,0,1,0,2,6,0,0,0,0,0,0,0,Graduation,Together,2013-01-15
903185,1975,71100.0,0,1,9,208,9,123,3,5,4,1,5,3,3,4,0,0,0,0,0,0,0,Graduation,Together,2012-12-10
903186,1952,30000.0,1,1,38,12,0,11,5,1,7,1,1,0,3,7,0,0,0,0,0,0,0,Graduation,Single,2013-12-31
903187,1979,75100.0,0,1,0,741,156,1462,71,75,130,2,5,8,8,4,0,0,0,0,0,0,0,Graduation,Married,2012-09-06
903188,1959,36400.0,1,1,52,78,0,23,3,1,4,2,2,0,3,5,0,0,0,0,0,0,0,Graduation,Married,2012-11-28
903189,1963,20900.0,1,0,56,24,1,12,5,7,7,1,1,1,4,7,0,0,0,0,0,0,0,Graduation,Together,2013-01-19
903190,1970,53000.0,1,0,52,119,29,95,44,12,89,3,3,3,9,2,0,0,0,0,0,0,0,Master,Married,2013-11-20
903191,1967,60700.0,0,1,74,579,4,76,8,3,38,3,10,2,5,9,0,0,0,0,0,0,0,Master,Divorced,2012-12-16
903192,1984,25300.0,1,0,6,2,7,7,1,2,2,0,1,0,3,6,0,0,0,0,0,0,0,Basic,Single,2014-03-11
903193,1956,79300.0,0,2,77,759,29,27,55,1,38,4,7,1,13,7,0,0,0,0,0,0,0,PhD,Together,2013-10-13
903194,1964,32400.0,1,1,39,3,2,2,0,3,8,1,1,0,3,4,0,0,0,0,0,0,0,Graduation,Married,2013-05-11
903195,1963,77700.0,0,1,60,989,35,222,41,241,17,2,11,9,13,5,0,0,0,0,0,0,0,Graduation,Married,2012-08-04
903196,1960,56600.0,0,1,75,227,37,469,74,69,37,1,6,3,5,4,0,0,0,0,0,0,0,PhD,Married,2013-08-29
903197,1970,28500.0,2,0,0,18,1,19,0,0,3,2,3,0,2,10,0,0,0,0,0,0,0,PhD,Widow,2013-01-29
903198,1976,66500.0,0,0,26,598,11,133,1,1,35,3,8,6,8,9,0,0,1,0,0,1,0,Graduation,Married,2013-09-30
903199,1982,20300.0,1,0,53,15,33,49,16,9,9,3,2,0,4,4,0,0,0,0,0,0,0,2n Cycle,Together,2014-05-07
903200,1971,58600.0,0,0,73,448,108,1026,240,248,272,2,6,7,13,3,0,0,0,0,0,0,0,Graduation,Single,2012-09-24
903201,1956,54600.0,0,0,74,249,32,31,15,16,27,1,7,1,6,3,0,0,0,0,0,0,0,PhD,Together,2013-10-05
903202,1949,72600.0,0,1,99,309,3,43,5,2,7,1,4,1,3,5,0,0,0,0,0,0,0,PhD,Married,2014-03-30
903203,1957,78000.0,0,0,46,511,75,377,15,32,77,3,4,5,8,3,0,0,0,0,0,0,0,PhD,Together,2013-05-21
903204,1978,30400.0,1,1,78,13,0,13,16,6,12,3,3,1,3,7,0,0,0,0,0,0,0,Graduation,Together,2013-03-22
903205,1973,58200.0,0,0,61,381,32,97,6,30,45,2,4,4,13,3,0,0,1,1,1,0,0,Master,Together,2014-01-26
903206,1967,36000.0,1,1,91,37,2,9,1,0,10,1,1,0,2,8,0,0,0,0,0,0,0,Master,Single,2012-08-24
903207,1977,98500.0,0,1,36,696,45,346,9,11,31,2,4,1,9,4,0,0,0,0,0,0,0,Graduation,Together,2013-03-30
903208,1986,34600.0,1,0,38,70,6,94,15,2,65,1,6,1,4,8,0,0,0,0,0,0,0,Graduation,Single,2012-09-01
903209,1965,29600.0,1,1,78,66,1,10,0,0,26,2,3,0,3,6,0,0,0,0,0,0,0,Graduation,Divorced,2013-11-22
903210,1980,41400.0,1,0,0,47,0,6,3,1,35,2,2,1,2,7,0,0,0,0,0,0,0,Graduation,Single,2014-05-24
903211,1982,32000.0,1,0,53,10,1,5,0,0,2,0,1,0,2,8,0,0,0,0,0,0,0,Graduation,Single,2012-12-14
903212,1995,92900.0,1,1,37,373,45,297,45,13,10,4,5,7,13,2,0,0,0,0,0,0,0,Graduation,Together,2013-07-04
903213,1965,27800.0,0,0,64,73,9,25,8,9,26,2,5,1,5,9,0,0,0,0,0,1,0,Master,Married,2013-08-31
903214,1966,60700.0,0,0,44,298,100,350,75,204,90,2,3,2,8,3,0,0,0,0,0,0,0,2n Cycle,Married,2013-03-19
903215,1962,50600.0,1,1,55,216,0,20,0,0,3,3,7,1,5,7,0,0,0,0,0,0,0,PhD,Married,2012-11-01
903216,1953,70700.0,0,1,70,590,172,288,73,58,51,3,3,11,9,1,1,0,0,1,0,0,0,Master,Married,2013-08-25
903217,1960,58000.0,0,1,56,622,6,88,1,7,29,4,4,4,6,6,0,0,1,0,0,0,0,Master,Married,2014-06-04
903218,1962,50000.0,1,0,81,253,15,438,46,38,11,2,8,2,8,7,0,0,0,0,0,0,0,PhD,Divorced,2013-12-17
903219,1968,83800.0,0,1,54,320,197,219,259,263,322,1,6,6,11,2,0,0,0,0,0,0,0,Master,Widow,2012-12-11
903220,1971,34700.0,1,1,76,98,9,51,5,5,12,5,4,1,5,4,0,0,0,0,0,0,0,Graduation,Married,2013-05-31
903221,1964,70200.0,0,1,58,319,34,172,3,13,96,2,5,2,7,2,1,0,1,0,0,1,0,PhD,Divorced,2014-05-08
903222,1971,70700.0,0,0,76,1380,8,332,158,17,34,1,6,5,6,3,0,0,0,0,0,1,0,Graduation,Widow,2014-05-03
903223,1951,85800.0,0,0,41,750,55,235,32,117,69,2,5,4,13,2,0,0,0,0,0,0,0,PhD,Single,2014-06-20
903224,1992,56200.0,0,0,80,639,117,1024,124,22,30,3,7,7,9,7,0,0,0,0,0,0,0,Graduation,Together,2013-06-07
903225,1954,77700.0,0,1,99,984,26,53,25,107,54,4,7,2,9,4,0,0,0,0,0,0,0,Graduation,Together,2013-10-02
903226,1970,42100.0,1,0,68,79,11,63,9,4,13,2,3,0,5,8,0,0,0,0,0,0,0,Graduation,Together,2013-11-09
903227,1963,57400.0,1,1,8,12,0,3,0,0,2,1,1,0,3,5,0,0,0,0,0,0,0,PhD,Married,2014-02-19
903228,1962,49700.0,0,1,28,247,4,68,14,1,22,3,6,1,6,6,0,0,0,0,0,0,0,PhD,Married,2013-07-23
903229,1971,41100.0,1,0,33,208,0,64,0,8,14,4,5,2,5,6,0,0,0,0,0,0,0,Graduation,Single,2014-04-11
903230,1964,35900.0,1,1,64,22,1,12,2,0,5,4,2,0,5,5,0,0,0,0,0,0,0,Master,Married,2013-07-14
903231,1970,45100.0,0,1,34,564,7,150,1,3,15,2,10,1,6,8,0,0,0,0,0,0,0,Graduation,Divorced,2014-06-18
903232,1949,77100.0,0,1,80,1437,30,92,17,16,24,2,9,6,5,6,0,0,0,1,0,0,0,Master,Married,2012-11-05
903233,1973,25600.0,1,1,58,7,1,3,5,1,2,1,1,0,3,3,0,0,0,0,0,0,0,2n Cycle,Divorced,2014-02-02
903234,1981,38900.0,0,0,33,33,9,23,18,7,23,2,2,1,4,6,0,0,0,0,0,0,0,2n Cycle,Together,2013-07-29
903235,1955,45200.0,0,0,38,130,0,10,5,12,27,2,6,1,3,8,0,0,1,0,0,0,0,2n Cycle,Together,2013-03-13
903236,1966,53200.0,1,0,42,30,1,35,2,2,12,1,1,0,4,5,0,0,0,0,0,0,0,PhD,Divorced,2013-07-21
903237,1978,20200.0,1,0,38,27,0,29,1,1,3,2,2,0,2,12,0,0,0,0,0,0,0,2n Cycle,Together,2014-03-14
903238,1977,16100.0,1,0,64,0,3,3,8,1,27,1,1,0,2,10,0,0,0,0,0,0,0,Master,Married,2013-06-20
903239,1970,43900.0,0,1,0,203,17,65,10,1,48,1,7,2,3,6,0,0,0,0,0,1,0,Graduation,Married,2014-02-17
903240,1988,65600.0,0,1,78,913,33,375,59,198,68,2,5,5,7,4,0,0,0,1,0,0,0,PhD,Together,2013-10-01
903241,1974,54800.0,1,1,42,601,0,60,0,1,12,9,5,2,7,6,0,0,1,0,0,0,0,Graduation,Divorced,2012-09-19
903242,1975,35900.0,1,0,99,1,5,13,11,7,13,1,1,0,2,6,0,0,0,0,0,0,0,Basic,Together,2014-06-11
903243,1961,56300.0,0,1,38,490,48,78,34,8,66,3,6,1,8,5,0,0,0,0,0,0,0,Graduation,Divorced,2014-02-12
903244,1963,68300.0,0,0,14,1485,21,863,43,11,88,2,5,10,13,7,0,1,0,1,0,1,0,Graduation,Married,2012-11-17
903245,1954,12100.0,2,1,73,4,0,4,7,1,3,4,2,0,3,8,0,0,0,0,0,0,0,PhD,Married,2014-03-25
903246,1972,31600.0,1,0,99,151,0,27,3,1,10,1,1,1,4,4,0,0,1,0,0,0,0,Graduation,Together,2012-09-29
903247,1988,50300.0,0,1,64,167,2,30,2,0,27,4,4,2,6,5,0,0,1,0,0,0,0,2n Cycle,Together,2014-02-23
903248,1949,51700.0,0,0,28,552,64,202,16,2,8,2,8,3,4,3,0,0,0,1,1,0,0,Master,Married,2013-01-18
903249,1968,60100.0,0,1,36,1215,126,316,57,66,230,7,8,4,13,7,0,0,0,0,0,0,0,Graduation,Married,2013-05-27
903250,1982,32200.0,1,0,26,3,3,3,2,1,7,0,0,1,2,5,0,0,0,0,0,0,0,Graduation,Single,2014-03-09
903251,1961,47300.0,0,1,41,270,5,107,58,17,71,3,10,2,7,6,0,0,0,0,0,0,0,Master,Single,2013-08-07
903252,1970,25000.0,1,1,10,5,1,10,1,4,8,1,2,0,2,10,0,0,0,0,0,0,0,Graduation,Divorced,2013-09-05
903253,1974,48400.0,0,1,36,727,5,99,27,3,57,3,8,4,6,7,0,0,0,0,0,0,0,Graduation,Married,2013-08-23
903254,1951,57700.0,0,1,73,311,16,121,17,5,10,1,5,6,3,3,0,0,0,0,0,0,0,Graduation,Single,2012-10-17
903255,1968,17500.0,1,0,69,5,2,7,16,2,4,1,1,1,2,8,0,0,0,0,0,0,0,Graduation,Together,2013-01-02
903256,1996,31500.0,2,0,99,26,0,11,13,3,5,5,3,0,4,5,0,0,0,0,0,0,0,Graduation,Together,2013-03-18
903257,1982,33400.0,2,1,5,30,3,23,18,6,12,4,4,1,3,8,0,0,0,0,0,0,0,Graduation,Together,2013-11-20
903258,1958,76200.0,0,0,0,553,81,981,253,59,245,1,4,7,7,2,0,1,0,0,1,1,0,Graduation,Divorced,2013-10-29
903259,1987,90600.0,0,0,42,843,193,981,253,198,132,1,8,4,5,2,1,0,0,0,0,0,0,Master,Married,2014-05-23
903260,1957,69300.0,0,1,0,249,19,167,13,16,19,3,4,3,9,2,0,0,0,0,0,0,0,Graduation,Married,2013-10-16
903261,1975,26600.0,1,0,29,19,8,23,2,6,6,3,3,0,4,9,0,0,0,0,0,0,0,Graduation,Together,2013-10-23
903262,1949,64400.0,0,1,74,361,1,27,0,0,22,3,6,1,10,7,0,0,0,0,0,0,0,Graduation,Single,2013-03-09
903263,1979,22300.0,1,1,35,11,4,10,3,0,11,2,2,0,3,6,0,0,1,0,0,0,0,Graduation,Married,2013-11-07
903264,1977,65600.0,1,0,37,937,13,454,109,13,30,2,3,3,10,2,0,0,0,0,0,0,0,PhD,Married,2013-01-09
903265,1951,44200.0,0,1,44,253,24,244,16,6,87,3,6,2,5,6,0,0,0,0,0,0,0,PhD,Together,2012-08-30
903266,1967,42100.0,1,0,49,109,1,7,0,1,6,1,2,0,3,7,0,0,0,0,0,0,0,PhD,Single,2013-04-15
903267,1978,101200.0,0,0,39,409,57,493,259,141,147,2,5,4,7,2,0,0,0,0,0,0,0,Graduation,Together,2013-10-29
903268,1996,17400.0,1,0,66,0,2,4,4,3,5,0,1,0,2,9,0,0,1,0,0,0,0,Graduation,Single,2012-10-28
903269,1984,124300.0,0,0,7,345,115,306,48,138,242,1,6,6,10,4,0,0,0,0,0,0,0,PhD,Together,2013-10-10
903270,1966,55500.0,0,1,30,461,10,66,22,4,11,2,7,1,6,8,0,0,0,0,0,0,0,PhD,Together,2013-07-12
903271,1968,57800.0,0,0,32,1481,16,165,4,108,33,3,3,8,9,3,1,0,0,1,1,1,0,Graduation,Together,2013-08-28
903272,1962,45400.0,0,1,61,316,9,129,1,8,7,7,12,2,7,7,0,0,0,0,0,0,0,2n Cycle,Single,2013-08-03
903273,1982,86600.0,0,1,18,330,32,106,67,53,54,1,5,5,10,3,0,0,0,0,0,0,0,Graduation,Together,2012-09-12
903274,1968,31600.0,0,1,17,13,19,19,6,9,25,2,2,0,5,6,0,0,0,0,0,0,0,Graduation,Together,2013-02-23
903275,1987,85100.0,0,0,55,1493,20,360,14,36,124,2,9,4,7,9,1,0,0,1,1,0,0,Master,Married,2012-11-05
903276,1971,62400.0,0,2,59,374,41,278,96,23,267,3,4,7,8,6,0,0,0,0,0,0,0,Master,Together,2013-05-16
903277,1986,21700.0,2,0,27,48,50,213,88,8,32,4,4,1,5,7,0,0,0,0,0,0,0,PhD,Married,2014-05-24
903278,1956,66200.0,0,0,99,506,8,312,63,69,88,1,2,10,9,2,0,0,0,1,0,0,0,PhD,Together,2013-11-12
903279,1986,109100.0,0,0,99,551,76,1725,259,263,34,1,11,7,9,3,0,0,0,0,0,0,0,Master,Single,2013-03-05
903280,1977,24800.0,1,1,65,4,5,23,7,36,40,3,2,1,3,7,0,0,0,0,0,0,0,Graduation,Married,2012-11-26
903281,1975,22600.0,1,0,41,3,3,7,8,2,5,2,1,0,3,5,0,0,0,0,0,0,0,Master,Divorced,2012-09-12
903282,1970,69700.0,0,0,0,283,5,114,29,19,30,2,7,5,7,2,0,0,0,0,0,0,0,Graduation,Single,2013-10-14
903283,1966,19600.0,1,0,18,36,2,25,15,5,13,3,4,1,5,5,0,0,0,0,0,0,0,Graduation,Married,2013-11-10
903284,1974,39600.0,1,1,99,99,6,26,14,1,21,2,6,0,4,7,0,0,0,0,0,0,0,PhD,Married,2013-09-13
903285,1969,60800.0,0,1,33,287,44,196,14,3,39,2,3,3,9,2,0,0,0,0,0,0,0,PhD,Divorced,2013-03-25
903286,1959,40400.0,1,1,36,71,6,79,47,7,51,6,6,2,6,5,0,0,0,0,0,0,0,Graduation,Single,2012-09-14
903287,1974,72700.0,0,0,50,189,197,933,68,140,30,3,5,5,11,3,0,0,0,0,0,0,0,Master,Single,2013-06-12
903288,1974,63300.0,0,0,41,497,13,169,10,1,58,3,3,3,9,9,0,1,0,0,1,0,0,Graduation,Single,2013-02-07
903289,1962,38000.0,1,0,50,2,11,5,5,5,6,1,0,1,3,4,0,0,0,0,0,0,0,Graduation,Married,2012-08-29
903290,1962,64600.0,0,1,21,184,1,25,0,1,6,1,2,0,4,6,0,0,0,0,0,0,0,Graduation,Married,2014-05-03
903291,1968,45400.0,0,1,57,316,5,139,22,11,93,5,6,2,7,7,0,0,0,0,0,0,0,PhD,Married,2014-01-02
903292,1966,61000.0,1,1,51,95,0,2,0,0,0,1,1,0,3,5,0,0,0,0,0,0,0,2n Cycle,Together,2013-06-02
903293,1971,64800.0,0,1,99,197,12,149,29,37,15,4,3,9,8,2,0,0,0,0,0,0,0,Graduation,Widow,2013-01-19
903294,1975,18200.0,1,0,15,9,3,13,6,2,15,2,2,0,2,10,0,0,0,0,0,0,0,Graduation,Married,2013-08-04
903295,1971,12700.0,0,0,23,0,1,1,1,2,5,1,1,1,1,8,0,0,0,0,0,0,0,Graduation,Married,2014-05-31
903296,1956,60900.0,0,1,46,646,0,95,0,33,58,1,10,1,5,4,0,0,0,0,0,0,0,Graduation,Married,2014-04-20
903297,1965,78200.0,0,1,50,300,30,271,16,24,29,3,9,10,10,8,1,0,0,0,0,0,0,Graduation,Together,2013-08-15
903298,1979,17700.0,1,0,57,3,0,10,1,2,0,1,1,0,2,8,0,0,0,0,0,0,0,Graduation,Married,2012-10-04
903299,1963,63800.0,0,1,68,244,14,285,32,42,96,4,5,7,5,3,0,0,0,0,0,0,0,Graduation,Married,2012-08-03
903300,1969,31300.0,2,0,82,8,1,6,5,2,4,2,2,0,3,8,0,0,0,0,0,0,0,Graduation,Single,2012-11-18
903301,1983,35000.0,1,1,48,17,14,25,19,5,36,3,2,1,4,6,0,0,0,0,0,1,0,2n Cycle,Married,2013-09-06
903302,1974,63700.0,0,0,42,60,3,72,7,2,48,1,4,2,3,2,0,0,0,0,0,0,0,Graduation,Married,2012-08-29
903303,1972,38900.0,1,1,0,66,1,8,3,7,16,3,1,1,3,6,0,0,0,0,0,0,0,Graduation,Single,2014-06-01
903304,1960,53800.0,0,0,54,851,33,1324,32,105,25,3,6,10,11,6,0,0,0,0,0,0,0,Master,Together,2013-04-07
903305,1971,18900.0,1,1,63,4,2,5,1,9,22,2,2,1,2,9,0,0,0,0,0,0,0,Graduation,Married,2012-08-17
903306,1940,79100.0,0,1,54,1171,0,123,13,3,41,4,8,4,13,6,0,0,0,0,0,0,0,PhD,Married,2013-06-25
903307,1983,50000.0,0,2,58,726,13,355,7,15,362,6,6,6,12,8,0,0,0,0,0,0,0,Master,Divorced,2014-04-16
903308,1973,42800.0,0,1,66,163,2,31,10,5,4,2,4,2,3,5,0,0,0,0,0,0,0,Graduation,Single,2013-07-14
903309,1962,58400.0,0,1,52,322,1,20,0,1,8,5,3,3,4,6,0,0,0,0,0,0,0,Master,Married,2014-05-05
903310,1974,20800.0,1,0,62,26,3,22,7,2,10,3,4,1,4,6,0,0,0,0,0,0,0,Basic,Together,2012-08-08
903311,1986,48000.0,0,0,34,8,2,5,1,1,8,1,2,0,3,5,0,0,0,0,0,0,0,Basic,Single,2014-06-13
903312,1974,81100.0,0,1,17,242,34,397,164,25,65,1,7,4,7,2,1,0,0,0,1,0,0,Graduation,Married,2013-05-10
903313,1973,33100.0,0,0,49,123,12,66,32,9,53,4,6,1,6,7,0,0,0,0,0,0,0,PhD,Single,2014-03-17
903314,1960,12200.0,1,0,80,10,6,11,1,11,8,5,3,1,3,10,0,0,0,0,0,0,0,Master,Married,2012-11-19
903315,1970,50600.0,0,1,77,264,30,85,43,29,48,1,9,3,5,6,0,0,0,1,0,0,0,Graduation,Married,2014-03-04
903316,1975,56200.0,0,1,29,293,17,34,2,1,8,2,10,2,4,9,0,0,0,0,0,1,0,PhD,Married,2013-02-16
903317,1964,38100.0,0,1,75,5,18,25,13,22,14,1,1,0,4,7,0,0,0,0,0,0,0,PhD,Together,2013-06-06
903318,1957,85900.0,0,0,42,392,56,199,199,75,40,0,6,4,7,4,0,0,0,0,0,0,0,Graduation,Married,2013-04-16
903319,1981,43100.0,2,0,75,145,2,52,6,2,94,2,6,2,3,7,0,0,0,0,0,0,0,PhD,Together,2014-05-05
903320,1960,24300.0,1,1,32,33,4,14,0,1,4,2,2,0,3,5,0,0,0,0,0,0,0,PhD,Single,2013-05-23
903321,1971,62400.0,0,0,64,328,55,183,70,31,61,1,4,2,13,2,0,0,0,0,0,0,0,Graduation,Married,2013-05-19
903322,1953,59500.0,0,1,67,226,34,93,14,24,42,2,7,2,8,3,0,0,0,0,0,0,0,Graduation,Single,2012-07-31
903323,1956,64100.0,0,1,42,231,24,35,61,11,86,1,9,1,7,2,0,0,0,0,0,0,1,PhD,Married,2014-04-01
903324,1969,14200.0,1,0,73,10,6,14,4,1,5,2,2,0,2,8,0,0,0,0,0,0,0,Master,Together,2013-10-16
903325,1996,38400.0,1,0,99,2,3,6,7,3,6,1,1,1,2,5,0,0,0,1,0,0,0,Graduation,Together,2013-05-08
903326,1968,33000.0,1,0,41,14,0,10,0,0,2,1,1,0,2,8,0,0,0,0,0,0,0,Graduation,Divorced,2012-10-02
903327,1994,26100.0,0,0,82,15,12,15,5,8,21,2,2,0,4,6,0,0,0,0,0,0,0,Graduation,Divorced,2013-12-07
903328,1978,22700.0,1,1,68,11,1,8,2,0,0,2,1,0,3,9,0,0,0,0,0,0,0,Graduation,Divorced,2013-10-14
903329,1967,62800.0,1,0,76,85,2,34,1,1,10,1,2,0,4,8,0,0,0,0,0,0,0,Master,Together,2013-06-18
903330,1984,26300.0,1,0,46,16,4,23,5,4,16,1,1,0,3,8,0,0,0,0,0,0,0,2n Cycle,Married,2013-11-25
903331,1971,50900.0,0,0,64,1171,34,193,18,148,28,2,6,5,12,5,1,0,0,0,1,0,0,Graduation,Together,2013-12-26
903332,1974,54800.0,0,1,70,364,29,191,165,137,53,4,6,4,9,6,0,0,0,0,0,0,0,Graduation,Married,2013-02-24
903333,1971,34100.0,1,1,28,29,1,8,0,1,3,1,2,0,3,7,0,0,0,0,0,0,0,Graduation,Divorced,2014-02-05
903334,1968,56000.0,0,1,60,15,7,7,1,1,5,1,1,1,2,5,0,0,0,0,0,0,0,Master,Married,2012-09-10
903335,1970,44700.0,2,0,16,24,0,5,0,1,8,3,1,0,4,5,0,0,0,0,0,0,0,Graduation,Married,2014-03-28
903336,1976,67600.0,0,0,0,192,193,981,124,15,22,2,4,3,6,3,0,0,0,0,0,0,0,Graduation,Married,2013-08-16
903337,1969,30800.0,1,1,49,21,2,16,2,0,9,2,2,0,3,5,0,0,0,0,0,0,0,Graduation,Married,2013-01-04
903338,1970,50700.0,0,0,73,90,197,159,71,43,84,2,3,3,3,3,0,0,0,0,0,0,0,Graduation,Together,2012-12-08
903339,1969,68500.0,0,0,31,491,16,264,21,26,21,1,3,3,13,2,0,0,0,0,0,0,0,Graduation,Single,2014-02-03
903340,1943,64900.0,0,1,54,775,13,137,0,0,19,4,6,3,10,7,0,0,0,0,0,1,0,Graduation,Unknown,2012-08-26
903341,1974,70200.0,0,1,52,910,153,197,49,41,40,1,6,4,7,2,1,0,0,0,0,1,0,PhD,Together,2013-10-28
903342,1958,79100.0,0,1,48,212,7,45,3,8,18,3,11,1,5,7,1,0,0,0,0,0,0,Master,Together,2013-07-09
903343,1967,85300.0,0,0,26,159,8,170,212,72,60,1,3,2,9,1,0,0,0,0,0,0,0,Graduation,Together,2012-09-01
903344,1979,37500.0,1,1,0,41,1,6,1,2,0,2,1,0,3,7,0,0,0,0,0,0,0,Graduation,Married,2014-02-06
903345,1967,74200.0,0,0,63,1157,24,348,18,14,10,2,9,11,3,5,1,0,0,0,1,1,0,Master,Married,2013-04-14
903346,1978,17900.0,2,0,15,4,1,14,5,2,20,2,2,0,2,9,0,0,0,0,0,0,1,Graduation,Single,2013-10-25
903347,1979,48200.0,1,0,34,176,3,108,0,4,44,7,6,2,5,12,0,0,0,0,0,0,0,Graduation,Together,2013-08-16
903348,1953,53900.0,0,0,97,245,51,298,84,5,20,1,8,4,7,7,0,0,0,0,0,1,0,2n Cycle,Divorced,2013-08-07
903349,1940,45000.0,0,1,76,291,1,101,16,14,32,5,8,2,6,9,0,0,0,0,0,0,0,2n Cycle,Single,2012-09-14
903350,1985,16500.0,0,0,80,4,3,17,2,9,9,2,1,0,3,6,0,0,0,0,0,0,0,Basic,Together,2014-02-11
903351,1974,37000.0,0,1,43,40,4,21,4,2,21,1,4,1,3,9,0,0,0,0,0,0,0,PhD,Together,2013-02-27
903352,1976,60100.0,0,0,99,142,13,255,259,26,4,0,2,4,7,0,0,0,0,0,0,0,0,PhD,Married,2014-02-05
903353,1959,25500.0,0,1,21,9,1,11,3,0,20,2,2,0,2,8,0,0,0,0,0,0,0,Graduation,Married,2013-08-25
903354,1972,28500.0,1,0,70,28,6,23,3,7,10,3,3,0,4,7,0,0,0,0,0,0,0,PhD,Married,2012-08-14
903355,1981,14100.0,1,0,13,14,2,37,4,2,7,3,3,0,3,10,0,0,0,0,0,0,0,PhD,Single,2013-05-21
903356,1968,47300.0,0,1,26,1493,2,128,7,2,52,4,6,2,13,9,1,0,0,0,0,1,0,PhD,Together,2013-05-25
903357,1986,17400.0,0,0,75,14,3,7,9,1,27,1,1,1,1,8,0,0,0,0,0,0,0,Basic,Single,2014-03-27
903358,1972,26000.0,1,1,47,8,2,5,0,0,2,2,1,1,2,5,0,0,0,0,0,0,0,Graduation,Together,2014-05-10
903359,1952,120000.0,0,1,57,238,6,124,13,21,100,1,4,7,4,2,0,0,0,0,0,0,0,PhD,Single,2014-03-10
903360,1984,31900.0,0,1,99,77,0,38,0,1,24,1,4,1,3,5,0,0,0,0,0,0,0,Graduation,Married,2014-03-28
903361,1958,77200.0,0,0,22,688,60,606,97,139,245,2,7,7,10,6,0,0,0,0,0,1,1,Graduation,Married,2012-12-24
903362,1956,61900.0,0,1,45,574,197,145,32,17,24,1,3,4,13,3,0,0,0,0,0,0,0,Graduation,Married,2013-07-14
903363,1981,48600.0,1,1,49,8,1,4,1,3,5,2,0,1,3,4,0,0,0,0,0,0,0,Graduation,Together,2014-03-19
903364,1971,44000.0,0,1,55,115,6,85,30,2,103,3,6,2,7,9,0,0,0,0,0,0,0,PhD,Widow,2013-04-28
903365,1990,18900.0,0,0,58,19,4,10,2,2,6,1,1,1,3,7,0,0,0,0,0,0,0,Graduation,Married,2014-04-17
903366,1990,92600.0,0,0,13,1493,10,612,6,9,2,1,4,7,9,5,1,0,0,0,0,1,0,Graduation,Together,2013-08-13
903367,1991,79200.0,0,0,41,1030,61,486,253,91,23,1,4,3,6,2,0,0,1,0,0,0,0,Graduation,Married,2013-01-22
903368,1992,35700.0,1,0,54,35,20,84,13,44,92,4,5,1,6,6,0,0,1,0,0,0,0,2n Cycle,Married,2012-10-17
903369,1978,81000.0,0,1,53,1261,193,981,210,61,104,1,4,9,6,3,0,0,0,0,0,0,0,Graduation,Divorced,2013-12-13
903370,1966,27000.0,0,1,40,121,17,29,8,14,19,1,6,0,5,4,0,0,0,0,0,0,0,PhD,Married,2014-01-30
903371,1956,54100.0,0,1,60,635,2,78,18,2,43,2,8,3,4,6,0,0,0,0,0,0,0,Graduation,Married,2013-12-17
903372,1970,34000.0,1,1,66,9,1,5,0,1,2,1,1,0,2,8,0,0,0,0,0,0,0,Graduation,Single,2013-05-15
903373,1980,66500.0,0,1,81,447,73,422,253,198,245,3,5,10,6,3,0,0,0,0,0,1,0,PhD,Single,2014-01-27
903374,1967,86600.0,0,0,57,952,55,711,250,22,128,2,6,10,6,3,0,0,0,0,0,0,0,Master,Divorced,2014-06-05
903375,1972,59300.0,0,0,76,242,7,649,43,13,7,1,4,7,4,5,0,0,0,0,0,0,0,2n Cycle,Married,2013-08-22
903376,1995,86400.0,0,1,71,468,23,279,104,161,97,4,4,7,7,3,0,0,0,0,0,0,0,PhD,Together,2014-05-03
903377,1955,40600.0,0,2,57,99,3,27,5,4,13,3,3,1,4,6,0,0,0,0,0,1,0,Graduation,Single,2012-08-25
903378,1959,86500.0,0,1,59,1145,35,457,53,25,107,1,5,8,7,8,0,0,0,1,1,0,0,Graduation,Together,2012-09-18
903379,1969,29200.0,1,0,41,21,6,13,2,1,7,4,3,0,5,5,0,0,0,0,0,0,0,Graduation,Together,2012-11-15
903380,1969,64600.0,1,0,34,20,7,19,0,1,11,1,2,0,3,7,0,0,0,0,0,0,0,Graduation,Divorced,2013-09-29
903381,1974,23900.0,0,0,52,7,10,16,11,1,8,1,3,0,2,9,0,0,0,0,0,0,0,PhD,Together,2013-06-09
903382,1979,23200.0,1,0,32,2,4,9,13,4,3,2,2,0,3,7,0,0,0,0,0,1,0,PhD,Together,2013-12-05
903383,1964,26200.0,1,1,85,20,1,11,0,1,1,2,2,0,3,8,0,0,0,0,0,0,0,Graduation,Married,2014-05-14
903384,1964,56200.0,0,1,0,1171,10,213,8,9,103,3,8,4,10,5,0,0,0,0,0,0,0,Graduation,Single,2014-02-16
903385,1964,44900.0,0,1,16,324,20,104,70,0,101,3,3,7,5,7,0,0,0,0,0,0,0,Master,Married,2012-09-08
903386,1995,86900.0,0,0,20,522,193,703,86,80,245,0,4,9,7,2,0,0,0,1,0,1,0,Graduation,Married,2012-12-25
903387,1961,57900.0,0,1,0,194,20,40,20,49,13,2,4,4,7,2,0,0,0,0,0,0,0,Master,Married,2012-11-17
903388,1975,38800.0,0,1,0,66,0,11,1,0,1,2,1,0,4,5,0,0,0,0,0,0,0,PhD,Married,2013-04-23
903389,1947,69000.0,0,2,84,453,90,115,5,16,8,3,6,4,8,6,0,0,0,0,0,0,0,Graduation,Single,2013-02-18
903390,1970,50900.0,1,1,0,35,0,4,0,0,0,1,1,0,3,6,0,0,0,0,0,0,0,Graduation,Together,2014-04-15
903391,1992,36400.0,1,0,51,45,12,46,15,8,20,3,4,1,4,7,0,0,0,0,0,0,0,Master,Married,2013-11-17
903392,1956,51200.0,0,0,45,137,11,65,21,12,21,1,1,2,7,1,0,0,0,0,0,0,0,Graduation,Together,2013-11-20
903393,1963,48300.0,1,1,68,34,2,14,1,0,3,2,1,0,3,5,0,0,0,0,0,1,0,Graduation,Married,2013-02-04
903394,1976,48900.0,1,0,42,164,3,59,1,6,11,4,5,3,4,10,0,0,0,0,0,0,0,PhD,Married,2013-05-22
903395,1976,51100.0,1,1,77,39,2,9,1,8,10,2,2,0,4,5,0,0,0,0,0,1,0,Master,Single,2013-09-15
903396,1965,92700.0,0,0,4,538,193,981,8,90,43,0,6,7,6,1,1,0,0,0,0,1,0,2n Cycle,Married,2013-08-06
903397,1966,76300.0,0,0,93,1396,28,736,131,20,105,2,5,8,9,3,0,0,0,0,0,0,0,Graduation,Single,2013-01-07
903398,1967,36100.0,1,1,25,106,0,47,1,4,16,6,6,1,4,10,0,0,0,0,0,1,0,Master,Together,2012-12-18
903399,1995,22200.0,1,0,68,13,1,9,0,1,9,1,1,0,3,7,0,0,0,0,0,0,0,PhD,Married,2012-10-06
903400,1986,81500.0,0,0,48,1104,58,653,222,96,29,0,7,7,5,3,0,0,1,0,1,1,0,Graduation,Together,2012-09-09
903401,1955,23700.0,0,1,72,34,0,15,0,1,23,2,2,1,3,6,0,0,0,0,0,0,0,Graduation,Married,2013-02-21
903402,1968,81600.0,0,0,64,157,0,125,57,18,48,1,4,4,3,3,0,0,0,0,0,0,0,PhD,Married,2014-01-31
903403,1980,83800.0,0,1,65,1157,3,100,13,44,33,2,4,2,3,5,0,0,1,0,0,1,0,Master,Together,2013-02-23
903404,1983,59100.0,1,1,58,318,62,467,66,200,141,6,3,6,10,3,0,0,0,0,0,0,0,Master,Together,2014-04-13
903405,1973,42500.0,1,1,0,95,16,208,54,9,57,8,8,1,7,10,0,0,0,0,0,0,0,Graduation,Married,2013-04-11
903406,1961,39700.0,1,1,68,148,8,75,12,2,45,5,5,1,5,8,0,0,0,0,0,0,0,Master,Together,2012-11-18
903407,1977,69900.0,0,0,66,996,70,853,27,70,57,1,4,5,7,2,0,1,0,1,0,0,0,Graduation,Divorced,2013-01-28
903408,1977,43500.0,1,1,22,37,0,4,0,0,3,2,2,0,2,5,0,0,0,0,0,0,0,PhD,Married,2012-08-01
903409,1962,66300.0,0,1,48,610,11,307,27,7,39,1,6,3,5,6,1,0,0,0,1,0,0,Graduation,Single,2012-11-03
903410,1975,15200.0,1,0,73,6,4,10,4,8,17,2,2,1,3,6,0,0,0,0,0,0,0,PhD,Together,2013-09-20
903411,1976,22300.0,1,0,58,5,1,8,0,1,7,2,1,0,3,4,0,0,0,0,0,0,0,PhD,Married,2013-07-01
903412,1967,73700.0,1,0,43,259,11,497,84,149,41,2,7,9,5,2,0,0,0,0,0,0,0,Graduation,Widow,2013-01-18
903413,1959,29200.0,1,1,41,2,0,1,1,0,8,1,1,0,2,6,0,0,0,0,0,0,0,Graduation,Together,2012-10-03
903414,1967,73200.0,0,1,67,686,22,235,11,2,262,2,5,6,4,4,0,0,0,0,0,0,0,Graduation,Married,2014-03-15
903415,1961,46200.0,1,1,72,8,1,15,3,4,5,4,1,1,4,3,0,0,0,0,0,0,0,Graduation,Together,2014-02-10
903416,1984,21400.0,0,0,49,7,3,1,16,4,9,2,2,0,3,4,0,0,0,0,0,0,0,Graduation,Together,2014-04-08
903417,1961,38500.0,0,1,62,73,8,48,18,26,16,2,3,1,5,9,0,0,1,0,0,0,0,Graduation,Together,2014-03-12
903418,1970,66300.0,0,1,98,1256,2,105,18,61,121,2,8,4,5,7,1,1,0,0,1,1,0,Graduation,Married,2014-01-25
903419,1979,26500.0,1,0,31,6,4,12,1,5,9,4,3,0,3,6,0,0,0,0,0,0,0,2n Cycle,Divorced,2013-08-09
903420,1967,42800.0,1,1,0,236,71,146,18,4,321,6,7,2,5,7,0,0,0,0,0,0,0,Master,Married,2013-03-25
903421,1988,77300.0,0,1,14,582,54,267,15,118,122,2,8,12,8,6,0,0,0,0,0,0,0,2n Cycle,Married,2013-07-08
903422,1977,78700.0,0,0,84,354,193,561,253,198,86,0,4,6,6,1,0,0,0,1,0,1,0,PhD,Married,2013-10-01
903423,1976,75900.0,1,1,42,489,51,219,22,44,29,3,5,5,13,6,0,0,0,0,0,0,0,PhD,Together,2012-10-31
903424,1983,76100.0,1,1,87,901,120,495,61,97,28,11,10,3,12,7,0,0,0,0,0,1,0,Graduation,Together,2012-10-05
903425,1982,19600.0,2,0,43,0,10,7,5,7,5,1,1,0,3,5,0,0,0,0,0,0,0,PhD,Married,2013-10-10
903426,1969,31600.0,0,1,81,44,5,12,1,5,6,2,2,2,3,3,0,0,0,0,0,1,0,Graduation,Single,2014-01-22
903427,1975,43900.0,1,0,83,14,7,21,1,6,4,2,0,0,4,5,0,0,0,0,0,0,0,PhD,Married,2013-09-14
903428,1974,45200.0,0,0,83,171,2,83,7,9,16,1,1,3,5,4,0,0,0,0,0,0,0,Graduation,Single,2013-11-15
903429,1949,79700.0,0,0,15,129,197,183,259,263,285,2,10,4,8,2,0,0,0,0,0,0,0,Graduation,Together,2012-08-09
903430,1964,69000.0,0,0,54,558,36,420,4,35,24,2,4,5,8,5,0,0,0,0,0,1,0,Master,Single,2014-04-22
903431,1943,45100.0,0,1,63,364,9,51,14,2,6,5,12,1,7,9,0,0,0,0,0,0,0,Graduation,Divorced,2014-02-08
903432,1943,52000.0,0,1,96,542,37,56,8,57,129,4,7,3,7,6,0,0,0,0,0,0,0,Graduation,Married,2013-06-29
903433,1961,37400.0,1,0,29,22,1,8,1,0,9,2,1,0,2,6,0,0,0,0,0,0,0,Graduation,Together,2013-06-17
903434,1983,21200.0,1,0,0,5,0,13,3,2,12,2,2,0,3,11,0,0,0,0,0,0,0,2n Cycle,Together,2013-09-30
903435,1959,17900.0,0,1,99,16,3,4,4,1,13,2,1,0,3,6,0,0,0,0,0,0,0,Graduation,Married,2013-06-16
903436,1958,31200.0,1,1,71,55,10,44,27,3,14,7,4,1,3,10,0,0,0,0,0,0,0,PhD,Divorced,2014-02-07
903437,1971,62000.0,1,1,81,96,0,24,0,0,2,2,2,0,5,7,0,0,0,0,0,0,0,Basic,Divorced,2013-05-08
903438,1952,53400.0,0,0,43,359,13,65,4,6,26,2,5,7,9,7,0,0,0,0,1,1,0,Graduation,Divorced,2014-06-20
903439,1950,51200.0,0,1,64,683,26,653,71,186,72,3,5,5,10,3,0,0,0,0,0,0,0,Master,Single,2013-09-12
903440,1967,48100.0,0,0,49,344,5,36,2,8,9,1,3,2,6,7,1,0,0,0,0,0,0,2n Cycle,Together,2013-02-08
903441,1972,28000.0,1,1,30,8,0,5,3,4,12,1,1,1,2,6,0,0,0,0,0,0,0,Graduation,Together,2014-01-13
903442,1971,65200.0,1,1,51,234,10,89,11,6,28,7,5,3,4,9,0,0,0,1,0,0,0,Graduation,Married,2013-07-20
903443,1965,51600.0,1,1,40,243,2,144,2,1,34,5,5,2,4,7,0,0,0,0,0,0,0,PhD,Married,2014-04-27
903444,1956,44700.0,0,1,19,330,0,41,2,0,139,2,5,1,5,4,0,0,1,0,0,0,0,PhD,Together,2012-12-17
903445,1977,78600.0,0,0,52,1015,117,258,195,19,108,0,9,5,13,7,0,0,0,0,0,0,0,2n Cycle,Together,2012-09-02
903446,1948,75500.0,0,0,33,757,16,409,32,107,245,1,2,3,8,3,0,0,0,1,0,0,0,Graduation,Together,2013-08-02
903447,1995,72200.0,0,0,17,906,6,153,55,198,19,1,3,5,13,3,1,0,0,0,0,0,0,Graduation,Married,2014-01-05
903448,1963,53900.0,0,1,99,644,37,183,20,45,78,2,10,4,7,8,0,0,0,0,0,0,0,PhD,Married,2013-04-08
903449,1955,46800.0,0,1,44,206,0,22,5,8,35,5,4,1,3,7,0,0,0,0,0,0,0,Graduation,Married,2013-03-08
903450,1957,70800.0,0,1,16,268,2,55,26,10,38,2,4,1,6,4,0,0,0,0,0,0,0,PhD,Married,2013-12-28
903451,1961,32600.0,1,0,48,20,2,10,2,2,2,2,3,1,2,6,0,0,0,0,0,0,0,Graduation,Single,2013-09-09
903452,1980,19400.0,0,0,73,14,0,15,4,3,8,1,2,1,3,4,0,0,0,0,0,0,0,PhD,Married,2013-10-11
903453,1973,29800.0,1,0,57,4,2,11,7,0,1,1,1,0,3,6,0,0,0,0,0,0,0,Master,Together,2013-07-03
903454,1973,42400.0,1,0,78,82,9,44,0,0,20,2,3,1,4,6,0,0,0,0,0,0,0,Master,Single,2014-03-18
903455,1965,62200.0,0,1,47,469,27,316,90,198,15,3,7,3,5,5,0,0,0,0,1,1,0,Graduation,Together,2012-09-14
903456,1976,25900.0,1,0,62,5,1,9,3,2,9,2,2,0,2,8,0,0,0,0,0,0,0,Graduation,Married,2012-10-05
903457,1976,14200.0,1,0,37,3,2,2,4,1,3,0,1,0,2,7,0,0,0,0,0,0,0,2n Cycle,Married,2013-06-28
903458,1976,93800.0,0,0,50,685,44,732,57,42,114,0,3,4,7,1,0,0,0,0,0,0,0,Graduation,Together,2014-06-06
903459,1962,60700.0,1,0,77,408,0,79,4,0,24,4,9,1,6,8,0,0,0,0,0,0,0,PhD,Married,2014-02-17
903460,1972,43500.0,1,0,90,12,0,5,0,0,4,1,0,0,4,4,0,0,1,0,0,0,0,Graduation,Married,2013-03-11
903461,1962,52500.0,1,0,73,41,0,7,0,0,2,1,1,0,4,4,0,0,0,0,0,0,0,2n Cycle,Together,2012-10-13
903462,1965,52400.0,0,1,5,359,2,38,6,1,119,3,6,2,5,5,0,0,0,0,0,0,0,Graduation,Divorced,2012-09-27
903463,1955,43300.0,0,1,11,163,15,29,6,1,27,1,2,3,4,3,0,0,0,0,0,0,0,Master,Married,2013-12-15
903464,1946,58400.0,0,1,28,272,9,51,8,12,13,11,7,2,11,10,0,0,0,0,0,0,0,2n Cycle,Married,2013-05-07
903465,1984,19000.0,1,0,45,14,2,25,8,4,3,1,2,0,3,8,0,0,0,0,0,0,0,Graduation,Married,2013-02-06
903466,1988,69000.0,0,1,70,574,35,385,53,71,93,1,2,4,10,1,0,0,0,0,0,0,0,Graduation,Married,2012-10-09
903467,1975,37000.0,1,1,71,41,1,17,0,2,4,4,3,1,4,5,0,0,0,0,0,0,0,Graduation,Widow,2014-03-05
903468,1971,71800.0,0,1,3,1245,33,467,259,40,65,4,8,9,10,6,0,0,0,0,0,0,0,Master,Single,2013-06-10
903469,1983,14500.0,1,0,28,11,3,41,1,5,28,2,2,0,2,10,0,0,0,0,0,0,0,Basic,Married,2014-03-18
903470,1961,78400.0,0,1,23,644,70,354,99,46,107,3,7,2,13,8,0,0,0,0,0,0,0,Master,Married,2013-09-15
903471,1959,59900.0,0,1,46,520,10,280,60,18,107,2,4,4,8,3,0,0,0,0,0,0,0,Graduation,Married,2014-06-01
903472,1959,42600.0,0,1,21,75,0,11,0,1,0,1,1,0,3,7,0,0,0,0,0,0,0,PhD,Married,2013-03-30
903473,1989,15200.0,1,0,68,5,0,4,1,0,7,1,1,0,2,8,0,0,0,0,0,0,0,PhD,Married,2014-05-18
903474,1978,23500.0,1,0,72,9,0,12,0,5,3,1,2,0,2,9,0,0,0,0,0,0,0,Master,Together,2014-05-29
903475,1973,30000.0,1,1,23,6,1,3,5,5,11,1,1,1,2,5,0,0,0,0,0,0,0,Graduation,Single,2014-02-23
903476,1961,36900.0,1,1,10,54,11,12,2,1,4,5,3,1,3,4,0,0,0,1,0,1,0,Graduation,Together,2013-09-16
903477,1962,69700.0,1,2,38,194,9,90,13,4,26,4,6,3,3,9,0,0,0,0,0,0,0,Graduation,Single,2013-04-13
903478,1963,41900.0,1,1,52,269,3,61,1,1,9,3,6,5,2,10,0,0,0,0,0,0,0,PhD,Married,2014-05-16
903479,1973,75500.0,0,0,66,259,90,399,253,163,245,1,4,11,6,2,1,0,1,0,0,1,0,Graduation,Single,2013-05-29
903480,1992,71800.0,0,1,84,489,24,202,259,49,160,0,7,2,9,3,0,0,0,0,0,0,0,Master,Single,2013-06-20
903481,1982,58600.0,1,0,93,42,0,10,0,0,0,1,2,0,4,6,0,0,0,0,0,0,0,Graduation,Married,2014-06-13
903482,1968,29100.0,1,0,61,42,2,40,9,11,7,2,4,0,5,6,0,0,0,0,0,0,0,Basic,Married,2014-03-19
903483,1960,43300.0,0,1,99,63,21,68,20,1,11,3,5,2,3,6,0,0,0,0,0,1,0,Graduation,Single,2012-12-02
903484,1966,47000.0,1,2,39,160,3,10,0,0,11,4,5,1,3,9,0,0,0,0,0,0,0,2n Cycle,Divorced,2013-11-02
903485,1974,79100.0,1,0,41,874,199,461,137,7,48,6,14,8,9,7,0,0,0,1,0,0,0,PhD,Together,2014-01-08
903486,1977,22500.0,0,0,47,43,2,14,1,4,20,1,1,1,3,7,0,0,1,0,0,0,0,Master,Married,2013-03-01
903487,1980,27000.0,1,0,67,0,4,11,4,8,8,1,2,0,2,9,0,0,0,0,0,0,0,Master,Married,2014-04-17
903488,1955,25500.0,1,1,39,10,1,18,0,2,2,1,1,0,2,9,0,0,0,0,0,0,0,PhD,Single,2014-02-16
903489,1985,33500.0,1,0,59,49,2,36,8,4,5,2,1,0,4,5,0,0,0,0,0,0,1,Graduation,Married,2012-10-16
903490,1956,50300.0,0,1,48,340,50,330,56,31,63,6,5,6,5,5,0,0,0,0,0,0,0,PhD,Married,2013-12-31
903491,1995,88300.0,0,0,73,101,34,183,30,28,19,0,5,5,9,3,0,0,0,0,0,0,0,Master,Together,2012-09-21
903492,1953,30800.0,0,1,24,39,2,19,1,5,9,3,2,0,5,4,0,0,0,0,0,0,0,Master,Married,2012-10-25
903493,1980,65500.0,0,0,15,192,6,110,154,39,46,0,4,6,5,1,0,0,0,0,0,0,0,Master,Married,2012-10-10
903494,1949,61900.0,0,1,42,403,13,115,30,35,88,3,6,2,8,7,0,0,0,0,0,1,0,Master,Married,2012-11-04
903495,1978,35500.0,1,0,54,17,1,6,4,2,6,1,2,0,3,8,0,0,0,0,0,0,0,Master,Divorced,2013-01-13
903496,1975,54700.0,0,1,70,172,4,85,8,22,13,1,4,1,13,2,0,0,0,0,0,0,0,Graduation,Divorced,2013-10-13
903497,1970,68200.0,0,1,22,686,42,95,73,27,39,2,8,5,9,5,0,0,0,0,0,0,0,PhD,Married,2012-11-29
903498,1979,42000.0,1,1,61,457,4,58,6,32,76,3,8,1,6,8,0,0,0,0,0,0,0,2n Cycle,Married,2013-01-01
903499,1958,28500.0,1,0,32,20,8,20,8,18,6,2,2,1,2,6,0,0,0,0,0,0,0,Master,Single,2014-01-02
903500,1970,69300.0,0,1,66,788,15,513,19,19,33,2,5,10,10,2,0,0,0,0,0,0,0,Master,Married,2013-09-24
903501,1946,60300.0,0,2,87,1015,1,43,3,3,18,6,9,3,8,5,0,0,0,0,0,1,0,2n Cycle,Divorced,2013-05-26
903502,1965,36800.0,1,0,54,2,3,5,3,1,3,1,1,0,2,4,0,0,0,0,0,1,0,Graduation,Single,2012-08-07
903503,1982,51800.0,1,0,85,296,23,174,10,15,41,5,10,2,7,9,0,0,0,0,0,0,0,Graduation,Married,2014-06-26
903504,1979,64600.0,0,1,0,22,3,4,1,1,2,0,1,0,3,3,0,0,0,0,0,0,0,Graduation,Single,2013-05-01
903505,1966,88600.0,0,1,76,137,11,111,8,5,42,2,4,1,8,3,0,0,0,0,0,0,0,PhD,Together,2012-10-22
903506,1990,72700.0,0,0,47,713,13,209,8,29,21,2,4,3,8,3,0,0,0,0,0,1,0,Graduation,Divorced,2014-06-08
903507,1958,64600.0,1,1,29,96,1,34,1,2,12,2,2,2,3,3,0,0,0,0,0,0,0,Basic,Single,2013-02-04
903508,1975,18600.0,0,0,74,25,2,6,1,0,5,3,2,0,2,7,0,0,1,0,0,0,0,Graduation,Single,2014-03-27
903509,1961,78300.0,0,0,68,683,193,725,48,50,89,1,4,5,8,1,1,0,0,0,0,1,0,PhD,Single,2014-02-23
903510,1965,55800.0,1,1,50,168,20,96,3,4,37,4,6,2,4,5,0,0,0,0,0,0,0,PhD,Together,2012-11-19
903511,1955,66700.0,1,1,32,183,9,46,23,141,47,2,6,2,4,6,0,0,0,0,0,0,0,PhD,Married,2013-06-11
903512,1965,58800.0,0,1,40,436,39,164,143,25,245,3,6,5,12,7,0,1,0,0,0,0,0,Graduation,Married,2012-09-30
903513,1971,57100.0,1,1,35,325,19,289,20,5,13,7,10,3,7,6,0,0,0,0,0,1,0,Master,Married,2014-04-14
903514,1966,61000.0,0,1,34,653,76,178,1,29,9,6,11,1,12,9,0,0,0,0,0,0,0,Graduation,Single,2013-03-18
903515,1947,91500.0,0,1,18,1396,197,521,83,77,161,2,16,5,13,4,0,0,0,0,0,0,0,Master,Married,2014-04-06
903516,1962,53800.0,0,1,0,297,11,177,67,25,100,8,6,2,9,9,0,0,0,0,0,0,0,Graduation,Divorced,2012-10-18
903517,1961,80000.0,0,0,16,533,197,407,259,263,196,0,5,5,13,3,0,0,0,0,0,0,0,PhD,Divorced,2013-03-16
903518,1973,55200.0,0,0,60,333,81,519,201,163,170,2,7,6,12,7,0,0,0,0,0,0,0,Graduation,Married,2014-01-18
903519,1957,73500.0,0,1,79,265,22,137,182,41,127,1,4,2,10,4,0,0,0,0,0,0,0,2n Cycle,Single,2014-03-08
903520,1957,55600.0,0,0,47,572,9,111,43,31,35,2,3,3,11,3,0,0,0,0,0,0,0,PhD,Married,2013-01-03
903521,1984,35000.0,1,1,31,9,1,5,0,6,7,1,1,1,2,5,0,0,0,0,0,0,0,Graduation,Together,2012-11-08
903522,1975,44400.0,1,0,19,33,1,20,3,8,1,3,3,0,4,6,0,0,0,0,0,0,0,Graduation,Married,2013-01-24
903523,1970,31900.0,1,0,9,11,1,12,2,1,3,1,2,0,2,7,0,0,0,0,0,0,0,Master,Single,2013-11-01
903524,1978,32400.0,0,1,0,234,197,237,38,263,103,7,4,4,13,5,0,0,0,0,0,0,0,PhD,Together,2012-08-21
903525,1965,41300.0,1,1,4,18,2,20,2,0,3,3,1,0,3,9,0,0,0,0,0,0,0,Master,Divorced,2014-06-13
903526,1968,36100.0,1,2,96,27,0,10,0,1,1,4,2,0,3,8,0,0,0,0,0,0,0,2n Cycle,Married,2014-03-23
903527,1991,60900.0,0,0,36,1396,40,299,22,6,126,2,10,15,10,4,0,0,0,0,0,0,0,PhD,Married,2014-04-06
903528,1946,47200.0,1,1,10,246,2,53,15,2,31,4,4,3,3,6,0,0,0,0,0,0,0,Master,Divorced,2012-10-23
903529,1962,62500.0,0,1,75,311,11,71,18,7,34,2,4,3,8,2,0,0,0,0,0,0,0,PhD,Together,2012-08-25
903530,1965,62700.0,0,1,43,480,17,59,7,9,27,1,4,2,11,3,0,0,0,0,0,0,0,Graduation,Married,2013-04-21
903531,1954,56400.0,0,1,33,30,0,6,1,7,7,0,0,1,3,4,0,0,0,0,0,0,0,Master,Married,2014-04-29
903532,1981,14100.0,0,0,6,2,13,8,2,1,9,1,2,0,2,6,0,0,0,0,0,0,0,Graduation,Married,2013-01-01
903533,1983,55200.0,2,1,50,165,8,22,1,0,20,6,3,2,4,7,0,0,0,0,0,1,0,Graduation,Married,2014-02-04
903534,1982,43800.0,1,0,10,220,26,90,18,26,22,1,6,2,5,5,0,0,0,0,0,0,0,Graduation,Married,2014-03-10
903535,1973,64600.0,1,1,50,4,0,3,1,0,0,0,0,0,2,5,0,0,0,0,0,0,0,2n Cycle,Together,2013-09-21
903536,1965,95700.0,0,1,28,386,63,331,253,18,38,1,8,6,10,2,1,0,0,0,1,1,0,Master,Married,2012-11-01
903537,1964,36400.0,0,0,99,29,2,8,1,2,24,2,2,1,2,7,0,0,0,0,0,1,0,PhD,Together,2014-06-29
903538,1977,53200.0,1,0,52,111,5,58,8,1,52,2,2,1,4,5,0,0,0,0,0,0,0,2n Cycle,Together,2013-09-13
903539,1987,50800.0,0,1,26,1289,21,198,55,19,23,2,7,3,13,7,0,0,0,0,0,0,0,2n Cycle,Single,2014-03-24
903540,1955,69600.0,0,1,33,519,10,186,28,139,108,1,5,7,5,1,0,1,0,0,0,1,0,Graduation,Together,2014-04-27
903541,1963,33800.0,1,1,38,24,3,11,0,0,2,1,1,0,2,7,0,0,0,0,0,0,0,Graduation,Together,2014-02-04
903542,1981,26100.0,2,0,53,28,0,7,2,1,3,2,1,1,3,5,0,0,0,0,0,0,0,Master,Divorced,2013-12-24
903543,1975,100700.0,0,0,99,621,193,942,253,163,168,0,6,7,8,1,1,0,0,0,0,0,0,Graduation,Married,2013-07-27
903544,1967,20500.0,0,0,0,12,2,8,2,5,23,1,1,0,2,11,0,0,0,0,0,0,0,PhD,Married,2012-09-03
903545,1975,19500.0,1,0,63,3,5,10,0,1,11,1,1,0,2,11,0,0,0,0,0,0,0,Graduation,Married,2013-02-11
903546,1978,61300.0,1,0,60,85,15,46,10,15,11,2,4,1,5,6,0,0,0,0,0,0,0,Master,Together,2013-01-20
903547,1956,68700.0,0,1,2,588,2,139,52,13,17,3,7,3,7,6,1,0,0,0,0,0,0,Graduation,Divorced,2012-08-15
903548,1984,42200.0,1,1,26,236,4,127,2,3,10,5,7,3,4,6,0,0,0,0,0,0,0,Graduation,Married,2013-11-22
903549,1979,31000.0,1,0,36,135,4,102,96,134,32,3,9,2,4,7,0,0,1,0,0,1,0,Master,Together,2012-08-27
903550,1944,53600.0,0,2,20,192,11,54,3,5,4,4,9,1,8,4,0,0,0,0,0,0,0,Graduation,Married,2013-06-05
903551,1969,27700.0,0,1,34,22,6,12,6,31,15,2,1,1,5,4,0,0,0,0,0,0,0,2n Cycle,Married,2014-06-27
903552,1974,30000.0,0,0,65,245,4,48,29,10,126,1,6,1,4,7,0,0,0,0,0,0,0,Graduation,Together,2013-02-04
903553,1962,47000.0,1,1,49,516,0,221,0,10,75,2,9,2,4,8,0,0,0,0,0,0,0,PhD,Together,2014-02-05
903554,1964,36200.0,1,1,57,13,1,4,2,0,21,1,1,0,3,4,0,0,1,0,0,0,0,Master,Together,2014-04-10
903555,1966,31700.0,1,0,58,57,0,20,1,0,6,1,5,0,3,4,0,0,0,0,0,1,0,Graduation,Married,2014-01-28
903556,1974,31400.0,0,1,81,72,3,45,14,2,19,1,5,0,3,6,0,0,0,1,0,0,0,Graduation,Married,2014-01-19
903557,1962,77200.0,0,1,38,164,26,251,26,31,40,2,2,8,6,2,0,0,0,0,0,0,0,Graduation,Married,2012-08-10
903558,1970,22100.0,0,0,59,4,2,6,2,1,5,2,3,0,3,7,0,0,0,0,0,0,0,2n Cycle,Single,2013-05-06
903559,1985,14100.0,0,0,18,0,21,7,43,16,52,1,1,1,3,7,0,0,0,0,0,0,0,Graduation,Married,2014-02-01
903560,1970,30200.0,2,0,35,26,5,50,12,9,55,1,2,1,3,7,0,0,0,0,0,0,0,PhD,Single,2014-05-04
903561,1993,57900.0,0,0,36,1159,3,179,1,1,95,2,8,4,10,8,1,0,0,0,1,0,0,Graduation,Together,2014-01-15
903562,1965,67500.0,0,1,0,1173,5,230,68,43,5,3,3,4,13,2,0,1,0,0,0,1,0,Graduation,Together,2014-06-16
903563,1957,52500.0,0,0,80,206,16,1034,40,47,21,3,3,4,5,2,0,0,0,0,0,0,0,Graduation,Divorced,2013-11-25
903564,1952,84100.0,0,0,51,854,115,481,17,8,138,1,11,7,5,3,0,0,0,1,1,0,0,Master,Together,2012-11-19
903565,1981,36400.0,0,0,52,75,10,42,0,0,126,0,5,1,3,6,0,0,1,0,0,0,0,Graduation,Married,2014-03-31
903566,1983,43200.0,2,0,26,106,19,54,26,4,20,6,3,1,4,7,0,0,0,0,0,0,0,Master,Married,2014-04-03
903567,1969,67000.0,0,1,36,270,3,70,27,2,55,2,6,1,9,6,0,0,0,0,0,0,0,Graduation,Single,2014-04-27
903568,1970,23000.0,0,0,45,2,1,5,6,1,0,1,0,0,3,8,0,0,0,0,0,0,0,Graduation,Married,2013-07-23
903569,1958,29700.0,1,2,54,16,0,3,0,0,2,2,1,0,2,7,0,0,0,0,0,0,0,2n Cycle,Together,2013-01-20
903570,1966,96100.0,0,0,34,256,20,125,43,6,36,0,4,4,4,1,0,0,0,0,0,1,0,Graduation,Single,2014-02-15
903571,1982,34600.0,1,0,26,6,1,8,1,6,6,1,2,0,2,7,0,0,0,0,0,0,0,PhD,Single,2013-01-18
903572,1959,77400.0,0,2,37,1073,6,149,6,2,11,6,10,3,13,7,0,0,0,0,0,1,0,Graduation,Together,2014-03-26
903573,1962,78200.0,0,1,54,609,32,223,40,198,245,4,6,5,5,3,1,0,0,0,0,0,0,Master,Married,2013-05-09
903574,1949,25300.0,1,1,81,42,0,6,0,0,1,2,1,1,3,7,0,1,0,0,0,0,1,Graduation,Together,2013-09-12
903575,1965,22900.0,1,0,60,7,1,6,2,1,3,1,1,0,3,4,0,0,0,0,0,0,0,Graduation,Single,2013-05-16
903576,1985,20400.0,1,0,65,10,2,18,5,6,24,4,4,0,3,8,0,0,0,0,0,0,0,Graduation,Single,2013-02-14
903577,1995,90000.0,0,0,74,973,92,932,74,16,36,1,3,7,5,1,0,0,0,1,0,1,0,Graduation,Together,2014-04-23
903578,1993,26500.0,1,0,53,6,8,15,3,10,13,3,4,1,3,9,0,0,0,0,0,0,0,2n Cycle,Together,2013-07-12
903579,1977,63800.0,1,1,72,289,0,26,0,0,18,3,4,1,6,7,0,0,0,0,0,0,0,PhD,Together,2013-01-19
903580,1946,56500.0,0,1,99,552,125,105,52,65,69,1,6,5,5,3,1,0,1,1,0,0,0,Graduation,Single,2014-01-20
903581,1974,53600.0,0,1,48,445,46,210,6,4,20,3,8,6,10,8,0,0,0,0,0,0,0,Graduation,Single,2014-01-17
903582,1971,46600.0,1,0,0,139,22,251,48,55,15,4,6,1,6,11,0,0,0,0,0,0,0,Graduation,Single,2012-09-26
903583,1958,75200.0,0,2,86,746,4,162,41,17,205,4,10,6,7,4,0,0,0,0,0,0,0,2n Cycle,Married,2013-11-05
903584,1966,39200.0,0,0,16,226,21,222,15,31,29,3,6,1,9,7,1,0,1,0,0,0,0,2n Cycle,Single,2012-11-27
903585,1964,32400.0,0,1,25,8,2,11,2,0,6,0,0,0,2,5,0,0,0,0,0,0,0,PhD,Married,2012-11-11
903586,1990,58500.0,0,0,50,1493,154,802,63,69,22,3,6,3,6,4,1,0,0,0,0,0,0,Master,Single,2014-02-15
903587,1968,43200.0,0,0,83,155,8,136,71,6,15,2,3,3,5,2,0,0,0,0,0,0,0,Graduation,Widow,2014-02-11
903588,1961,50300.0,0,1,32,436,1,29,5,1,24,2,3,3,3,6,0,0,0,0,0,1,0,Master,Single,2013-07-08
903589,1987,60300.0,2,0,0,264,2,84,0,4,160,6,8,3,6,9,0,0,0,0,0,0,0,Graduation,Married,2013-12-03
903590,1988,24800.0,1,0,66,8,2,17,5,3,9,1,1,0,4,4,0,0,0,0,0,0,0,PhD,Married,2013-10-20
903591,1992,20300.0,0,0,47,10,1,16,3,1,18,1,2,0,2,8,0,0,0,0,0,0,0,Graduation,Together,2013-04-18
903592,1975,24400.0,1,1,51,8,6,3,4,6,2,2,1,0,3,6,0,0,0,0,0,0,0,2n Cycle,Single,2012-10-16
903593,1971,50000.0,1,0,52,6,4,10,7,9,6,1,1,0,4,3,0,0,0,0,0,0,0,PhD,Single,2013-07-30
903594,1958,63200.0,0,1,21,630,0,59,1,1,21,10,5,2,10,11,0,0,0,0,0,0,0,2n Cycle,Single,2012-12-25
903595,1950,51700.0,0,0,40,231,7,249,253,21,32,3,8,7,9,9,1,0,0,0,0,1,0,Graduation,Divorced,2014-02-27
903596,1964,62700.0,0,0,1,490,68,266,87,198,148,1,6,7,4,5,0,0,0,0,1,0,0,Graduation,Divorced,2013-02-09
903597,1978,23900.0,1,0,94,4,8,11,11,0,9,2,2,1,3,6,0,0,1,0,0,0,0,Graduation,Married,2013-03-22
903598,1976,34300.0,0,1,50,150,18,75,86,57,81,2,3,2,6,5,0,0,0,0,0,0,0,Graduation,Together,2013-02-04
903599,1984,17000.0,0,0,52,14,12,34,8,13,8,1,3,0,3,9,0,0,0,0,0,1,0,Graduation,Single,2013-07-29
903600,1987,84000.0,0,0,43,1396,147,442,174,131,54,1,10,6,13,4,0,0,0,0,0,0,0,Graduation,Together,2012-12-21
903601,1956,64600.0,1,1,83,67,2,8,2,3,16,2,1,1,3,5,0,0,0,0,0,0,0,Graduation,Married,2014-03-26
903602,1977,84200.0,0,1,58,62,12,84,3,108,26,1,3,6,3,1,0,0,0,0,0,0,0,Graduation,Together,2012-12-26
903603,1971,73700.0,0,0,61,396,50,981,60,40,11,0,5,5,6,1,1,0,1,0,0,1,0,Master,Divorced,2013-03-11
903604,1972,81500.0,0,1,13,506,18,466,259,45,16,2,4,3,8,3,0,0,0,0,0,0,0,2n Cycle,Together,2013-08-22
903605,1964,87700.0,0,0,5,323,112,658,129,134,15,1,2,5,7,2,1,0,0,1,0,1,0,Graduation,Together,2014-03-27
903606,1971,28400.0,1,1,22,17,2,12,3,2,7,1,0,0,3,7,0,0,0,0,0,0,0,Basic,Together,2012-10-29
903607,1965,75500.0,0,0,51,124,9,312,15,38,41,1,5,4,2,4,0,0,0,0,0,0,0,Master,Single,2012-11-09
903608,1954,29400.0,1,1,66,22,1,11,3,0,3,4,2,0,4,6,0,0,0,0,0,0,0,Basic,Married,2013-04-26
903609,1963,68400.0,0,0,33,157,27,115,77,72,68,1,1,2,4,1,0,0,0,0,0,0,0,Master,Married,2014-06-10
903610,1959,61700.0,1,0,12,216,1,21,0,0,26,3,5,1,4,7,0,0,0,0,0,0,0,PhD,Together,2013-05-11
903611,1958,37200.0,1,1,27,26,1,20,19,19,22,2,3,0,5,7,0,0,1,0,0,0,0,Graduation,Divorced,2014-03-18
903612,1973,30500.0,1,1,61,49,2,6,0,2,6,4,2,0,3,8,0,0,0,0,0,0,0,Master,Single,2013-12-01
903613,1974,57100.0,1,0,33,198,34,168,32,2,19,5,11,1,5,10,0,0,0,0,0,0,0,Master,Single,2013-07-26
903614,1972,41700.0,1,0,77,90,0,8,2,3,2,1,1,1,3,4,0,0,0,0,0,0,0,Master,Single,2014-06-09
903615,1985,36100.0,1,0,46,9,2,80,2,10,10,2,1,0,4,5,0,0,0,0,0,0,0,Graduation,Married,2013-09-13
903616,1970,54500.0,0,1,40,101,6,44,3,36,53,3,3,4,3,4,0,0,0,0,0,0,0,Graduation,Married,2013-06-28
903617,1965,72500.0,0,0,71,720,36,403,58,8,153,1,6,10,7,2,0,0,0,0,0,0,0,PhD,Married,2013-06-01
903618,1992,51100.0,1,0,70,25,6,26,0,19,5,2,2,0,4,6,0,0,0,0,0,0,0,Master,Together,2013-09-20
903619,1971,43000.0,0,1,44,121,3,193,8,4,115,2,5,2,4,5,0,0,0,0,0,1,0,Master,Married,2013-08-02
903620,1983,46000.0,1,1,99,385,0,50,0,3,12,6,6,1,6,7,0,0,0,0,0,0,0,Graduation,Married,2013-11-10
903621,1958,73200.0,1,0,85,195,7,52,4,0,74,1,4,1,5,7,1,0,0,0,0,0,0,Master,Together,2014-05-17
903622,1973,50300.0,1,1,54,8,2,6,0,1,12,2,1,0,4,5,0,0,0,0,0,0,0,Graduation,Together,2013-10-19
903623,1976,61200.0,1,0,25,31,0,15,0,0,1,1,1,0,3,4,0,0,0,0,0,0,0,Master,Married,2012-09-30
903624,1986,54000.0,0,1,51,71,7,400,25,59,4,2,2,4,8,3,0,0,0,0,0,0,0,Graduation,Together,2014-02-19
903625,1948,53800.0,1,0,33,140,3,26,24,5,34,4,3,3,5,5,0,0,0,0,0,1,0,Graduation,Married,2013-09-27
903626,1962,58300.0,0,1,13,40,9,172,16,33,1,1,2,2,5,1,0,0,0,1,0,0,0,2n Cycle,Married,2013-09-16
903627,1959,79100.0,0,1,82,717,0,26,0,0,50,5,7,3,5,6,0,0,0,0,0,0,0,Master,Married,2013-07-30
903628,1958,73900.0,0,0,69,583,33,380,29,198,44,2,3,8,6,4,0,0,0,1,1,0,0,Master,Together,2013-09-07
903629,1976,28400.0,1,0,44,4,8,15,6,0,7,1,2,0,3,7,0,0,0,0,0,0,0,Master,Married,2014-06-16
903630,1986,76500.0,0,1,67,1096,26,311,253,56,157,4,8,6,9,3,0,0,0,1,0,0,0,2n Cycle,Single,2014-05-04
903631,1966,59300.0,1,0,20,156,26,87,41,4,75,5,4,2,5,7,1,0,0,0,0,0,0,Graduation,Widow,2012-11-23
903632,1975,70700.0,1,0,19,113,44,251,98,8,23,1,6,3,7,6,0,0,0,0,0,0,0,Graduation,Married,2012-10-04
903633,1984,48100.0,1,1,37,263,10,69,4,1,10,4,12,1,5,5,0,0,0,0,0,0,0,Graduation,Together,2013-11-07
903634,1976,22600.0,1,0,29,7,7,13,6,16,5,3,3,0,3,4,0,0,0,0,0,0,0,Graduation,Married,2013-03-09
903635,1983,19600.0,1,1,66,5,2,14,4,2,20,3,3,0,2,13,0,0,0,0,0,0,0,2n Cycle,Married,2013-04-17
903636,1977,65000.0,0,1,62,237,13,102,18,5,32,2,2,3,6,3,0,0,0,0,0,0,0,2n Cycle,Divorced,2013-11-09
903637,1996,29200.0,1,0,94,35,1,13,5,1,4,4,4,0,4,7,0,0,0,0,0,0,0,Master,Divorced,2014-06-25
903638,1961,45600.0,1,1,4,15,0,5,3,4,11,1,1,0,3,4,0,0,0,0,0,0,0,PhD,Together,2012-11-19
903639,1961,74200.0,0,0,0,398,37,578,177,119,221,0,5,5,4,3,1,0,0,0,0,0,0,Master,Married,2014-06-14
903640,1950,68000.0,1,0,55,351,8,73,22,14,33,6,5,2,6,7,0,0,0,1,0,0,0,Graduation,Single,2014-01-03
903641,1968,48500.0,0,1,18,124,3,41,11,10,51,3,10,1,5,5,0,0,0,0,0,0,0,PhD,Single,2013-03-11
903642,1977,24300.0,1,0,90,12,1,11,2,0,2,1,1,0,3,6,0,0,0,0,0,0,1,Graduation,Married,2014-06-02
903643,1970,20000.0,0,0,26,20,2,8,5,1,16,2,2,0,3,6,0,0,0,0,0,0,0,2n Cycle,Married,2014-04-20
903644,1966,59600.0,1,1,61,151,10,76,35,1,91,7,6,2,7,9,0,0,0,0,0,0,0,PhD,Divorced,2014-05-21
903645,1982,25800.0,1,0,0,1,1,8,1,4,3,1,0,0,2,11,0,0,0,0,0,0,0,2n Cycle,Together,2013-04-01
903646,1968,53700.0,0,1,31,188,11,97,9,7,64,1,4,6,12,2,0,0,0,0,0,0,0,Graduation,Married,2012-10-06
903647,1968,24400.0,1,1,97,20,2,14,10,1,8,2,1,0,4,3,0,0,0,0,0,0,0,2n Cycle,Married,2013-08-23
903648,1978,41300.0,2,0,49,9,0,8,0,2,2,2,1,0,3,6,0,0,0,0,0,0,0,Graduation,Married,2012-08-07
903649,1974,25900.0,1,1,0,5,2,5,5,1,1,1,2,0,3,4,0,0,0,0,0,0,0,Master,Together,2013-03-18
903650,1969,57500.0,0,1,29,285,25,100,26,72,38,2,7,3,10,4,0,0,0,0,0,0,0,Graduation,Married,2013-09-02
903651,1964,46000.0,0,1,0,70,5,46,12,2,44,3,5,1,5,5,0,0,0,0,0,0,0,Graduation,Single,2012-09-14
903652,1973,87900.0,0,0,64,581,193,981,99,119,99,1,7,9,8,1,0,0,0,1,1,0,0,Graduation,Together,2012-12-13
903653,1945,66600.0,0,1,49,809,6,183,12,31,46,4,5,3,13,2,0,0,0,0,0,0,0,Graduation,Together,2012-08-06
903654,1971,46200.0,0,0,57,440,21,1318,100,88,37,2,6,6,10,5,0,0,0,0,0,0,0,PhD,Divorced,2012-08-18
903655,1963,35700.0,0,1,77,8,1,3,7,4,6,1,1,0,3,5,0,0,0,0,0,0,0,Graduation,Widow,2013-05-22
903656,1953,24500.0,1,2,44,15,2,16,3,4,30,5,2,1,3,6,0,0,0,0,0,0,0,2n Cycle,Married,2012-12-04
903657,1952,76600.0,0,0,68,1396,19,379,7,6,17,1,4,6,8,5,0,0,0,0,0,0,0,Graduation,Married,2014-01-11
903658,1965,94200.0,0,0,38,71,10,261,130,186,8,0,3,1,5,2,0,0,0,0,0,0,0,Graduation,Married,2013-07-31
903659,1950,70900.0,0,1,19,435,193,817,253,48,36,2,7,6,9,5,0,0,0,0,0,0,0,PhD,Divorced,2013-09-23
903660,1977,57500.0,1,1,52,660,4,197,5,14,65,7,9,3,13,8,0,0,0,1,0,0,0,Graduation,Single,2012-10-31
903661,1978,32600.0,1,0,29,44,6,33,1,5,35,3,4,1,3,8,0,0,0,0,0,0,0,PhD,Married,2013-10-23
903662,1964,103000.0,0,1,9,779,20,732,45,1,25,3,5,5,13,2,0,0,0,0,0,0,0,Graduation,Single,2014-02-26
903663,1974,21400.0,1,0,66,62,7,31,1,7,10,3,3,1,3,7,0,0,0,0,0,0,0,PhD,Married,2013-02-26
903664,1986,49800.0,0,1,58,258,3,30,15,206,146,1,4,3,8,5,0,0,0,0,0,0,0,Graduation,Divorced,2013-03-10
903665,1960,23700.0,1,0,78,20,1,9,0,3,10,1,1,1,2,7,0,0,0,0,0,0,0,2n Cycle,Divorced,2014-02-08
903666,1971,83400.0,0,0,55,200,197,112,60,33,67,0,5,5,12,4,0,0,0,0,0,0,0,Graduation,Single,2014-06-04
903667,1982,43900.0,1,0,51,12,9,13,1,3,8,1,1,0,4,7,0,0,0,0,0,0,0,Graduation,Divorced,2013-03-28
903668,1954,64600.0,1,1,44,33,1,30,7,12,3,1,2,1,3,4,0,0,0,0,0,0,0,Graduation,Single,2014-05-18
903669,1973,100300.0,0,0,49,755,7,514,9,2,14,0,4,4,8,1,0,0,0,0,1,1,0,Graduation,Together,2012-10-21
903670,1989,24900.0,1,0,69,10,19,30,3,1,15,2,1,1,3,4,0,0,0,0,0,1,0,Graduation,Single,2014-04-24
903671,1994,29600.0,1,0,20,4,4,10,5,4,12,1,2,1,2,8,0,0,0,0,0,0,0,Master,Single,2012-12-04
903672,1970,49800.0,2,1,53,14,0,4,0,0,4,1,1,0,2,6,0,0,1,0,0,0,0,Graduation,Married,2013-03-23
903673,1980,87400.0,1,0,25,11,142,160,191,263,129,2,1,5,2,0,0,0,0,0,0,0,0,Master,Married,2012-08-30
903674,1984,35800.0,1,0,37,11,4,15,6,8,13,2,2,0,3,5,0,0,0,1,0,0,1,2n Cycle,Married,2012-08-13
903675,1976,69500.0,0,1,22,321,0,49,0,2,57,3,5,2,7,4,0,0,0,0,0,0,0,Graduation,Single,2012-09-09
903676,1956,48300.0,0,0,52,115,11,93,9,12,3,4,5,1,8,7,0,0,0,0,0,0,0,Graduation,Married,2012-11-10
903677,1964,56500.0,0,0,52,284,191,315,39,1,20,2,4,3,9,3,0,0,0,0,0,0,0,Graduation,Single,2012-11-26
903678,1954,64300.0,0,1,42,410,11,44,1,3,6,2,3,1,5,7,0,0,0,0,0,0,0,PhD,Together,2013-08-27
903679,1975,82500.0,0,0,61,1396,10,208,14,2,29,2,4,5,12,5,0,0,0,0,0,0,0,Master,Divorced,2014-04-27
903680,1978,50800.0,1,1,35,35,0,9,1,2,13,2,1,0,4,3,0,0,0,0,0,0,0,Graduation,Single,2012-08-24
903681,1959,39400.0,2,0,39,86,15,162,15,2,26,3,5,1,3,7,0,0,0,0,0,0,0,Master,Married,2014-04-19
903682,1992,22800.0,1,0,43,24,40,55,117,6,25,3,5,0,2,7,0,0,0,0,0,0,0,PhD,Together,2013-10-31
903683,1966,95300.0,0,1,46,634,168,541,193,6,58,1,8,8,9,3,0,0,0,0,0,0,0,Graduation,Widow,2013-05-18
903684,1963,69600.0,0,1,6,976,5,116,13,8,54,8,5,4,12,6,0,0,0,0,0,1,0,Graduation,Together,2013-10-31
903685,1980,44000.0,1,1,2,51,1,10,0,0,2,2,1,0,3,8,0,0,0,0,0,0,0,Master,Divorced,2014-03-16
903686,1961,87500.0,0,0,29,403,51,653,140,209,129,1,5,4,10,2,0,0,0,0,0,0,0,PhD,Widow,2013-05-22
903687,1953,46900.0,0,1,21,515,1,98,11,2,120,6,7,5,5,6,0,0,0,0,0,0,0,Master,Single,2013-01-17
903688,1967,53100.0,0,1,86,314,2,187,9,23,48,2,5,7,7,7,0,0,0,0,0,0,0,PhD,Single,2013-09-04
903689,1973,27000.0,1,0,62,5,1,7,6,0,5,1,1,0,2,8,0,0,0,0,0,0,0,Master,Together,2013-02-25
903690,1975,25800.0,1,0,73,2,2,23,9,14,6,3,2,0,4,9,0,0,0,0,0,0,0,Graduation,Together,2013-04-06
903691,1979,43000.0,2,0,50,47,7,45,0,0,10,2,2,0,2,10,0,0,0,0,0,0,0,Graduation,Together,2012-09-10
903692,1972,51100.0,1,1,95,184,1,15,0,4,9,2,1,1,4,6,0,0,1,0,0,0,0,PhD,Married,2014-05-24
903693,1967,61000.0,0,1,59,600,5,45,1,2,27,1,5,1,8,6,0,0,0,0,0,0,0,Graduation,Married,2014-01-13
903694,1967,60400.0,0,1,63,336,19,50,15,3,53,3,6,3,5,7,0,0,0,0,0,0,0,Graduation,Divorced,2012-11-11
903695,1982,12400.0,0,0,26,2,5,28,18,3,24,1,2,0,3,5,0,0,0,0,0,0,0,PhD,Together,2013-07-16
903696,1977,53700.0,0,0,86,804,23,60,0,29,26,3,7,5,9,9,0,0,1,0,1,0,0,PhD,Single,2013-01-27
903697,1959,81700.0,1,0,99,713,18,401,20,126,108,1,7,7,10,8,0,0,0,0,1,0,0,PhD,Married,2013-12-10
903698,1966,40500.0,1,1,40,4,3,4,8,4,6,1,1,0,3,7,0,0,0,0,0,0,0,Master,Single,2013-04-23
903699,1958,58500.0,1,1,54,36,0,20,1,0,1,2,1,0,3,9,0,0,0,0,0,0,0,Graduation,Married,2014-01-18
903700,1948,55700.0,0,1,0,187,9,54,50,34,37,4,5,2,6,6,0,0,0,0,0,0,0,2n Cycle,Married,2012-11-04
903701,1979,75900.0,0,0,55,87,25,166,29,89,209,2,3,3,4,1,0,0,0,0,0,0,0,Graduation,Together,2014-02-19
903702,1967,25200.0,0,0,71,35,2,10,6,0,2,1,1,0,3,6,0,0,0,0,0,0,0,Graduation,Single,2013-12-24
903703,1950,63400.0,0,1,91,581,150,187,10,27,11,1,5,3,7,2,0,0,0,0,0,0,0,Graduation,Divorced,2013-02-16
903704,1984,73200.0,0,0,32,834,28,287,209,25,169,2,8,5,7,5,1,0,1,0,0,1,0,Graduation,Single,2012-08-30
903705,1963,21100.0,0,0,55,2,0,4,2,0,4,0,1,0,2,5,0,0,0,0,0,0,0,2n Cycle,Together,2013-01-20
903706,1959,35100.0,1,0,20,152,4,102,10,0,72,4,8,1,6,6,0,0,0,0,0,1,0,Graduation,Single,2014-02-23
903707,1975,28100.0,1,1,78,64,5,16,1,2,9,1,1,0,3,10,0,0,0,0,0,0,0,Graduation,Single,2013-07-14
903708,1956,76400.0,0,0,60,662,193,981,253,98,46,1,5,6,5,2,0,0,0,0,0,0,0,Graduation,Widow,2013-05-12
903709,1944,70600.0,0,0,44,368,83,346,188,63,224,1,8,10,6,1,1,0,0,0,0,0,0,Graduation,Single,2012-09-23
903710,1962,83100.0,0,0,38,1396,33,1153,259,11,30,3,5,6,4,2,0,0,0,0,0,0,0,Master,Married,2014-02-16
903711,1972,79500.0,0,1,27,355,8,69,197,32,31,1,4,3,9,4,0,0,0,0,0,0,0,Graduation,Single,2014-06-26
903712,1960,29300.0,1,1,51,18,12,6,7,1,12,1,2,0,3,7,0,0,0,0,0,1,0,PhD,Married,2013-03-30
903713,1968,67000.0,0,1,29,748,12,418,56,72,54,4,7,3,8,5,0,0,0,0,0,0,0,2n Cycle,Single,2013-01-19
903714,1965,64300.0,0,0,82,1164,14,799,21,17,72,2,2,8,13,1,0,0,0,0,0,0,0,Master,Together,2014-04-16
903715,1971,85500.0,0,0,44,459,193,773,86,27,60,0,4,8,9,1,0,0,0,0,1,0,0,PhD,Divorced,2013-09-02
903716,1962,40000.0,0,2,68,16,1,7,1,0,2,2,1,0,2,7,0,0,0,0,0,0,0,2n Cycle,Married,2014-03-08
903717,1973,45700.0,0,1,53,765,7,60,3,0,41,3,8,5,7,6,0,0,0,0,0,1,1,Graduation,Single,2013-10-05
903718,1954,35100.0,2,1,43,162,0,58,0,1,58,9,9,3,5,8,0,0,0,0,0,0,0,Graduation,Single,2013-03-30
903719,1971,49200.0,1,1,52,770,19,115,132,83,112,3,3,4,13,4,0,0,0,1,0,0,0,2n Cycle,Together,2013-07-16
903720,1977,42300.0,1,0,0,92,10,53,36,73,32,3,3,1,5,5,0,0,0,1,0,0,0,Master,Divorced,2013-10-15
903721,1964,26300.0,0,0,40,1,10,5,3,3,8,1,0,0,3,5,0,0,0,0,0,0,0,Master,Divorced,2013-02-17
903722,1973,44600.0,1,0,87,73,134,196,234,45,29,5,6,0,6,7,0,0,0,0,0,1,0,Graduation,Married,2013-02-22
903723,1982,40000.0,1,0,39,4,0,4,0,0,0,0,0,0,3,6,0,0,0,0,0,0,0,2n Cycle,Together,2014-01-06
903724,1962,23100.0,1,1,57,17,1,6,0,0,2,2,1,0,3,8,0,0,0,0,0,0,0,Graduation,Married,2013-04-26
903725,1962,43300.0,1,1,45,22,0,18,12,3,4,1,1,0,3,3,0,0,0,0,0,0,0,2n Cycle,Together,2012-10-30
903726,1958,70000.0,0,1,78,794,31,141,16,180,245,1,5,4,13,2,0,0,1,1,0,1,0,Graduation,Married,2014-01-01
903727,1943,71300.0,0,1,76,488,135,254,213,2,99,1,3,7,10,2,0,0,0,0,0,0,0,Graduation,Married,2013-10-04
903728,1977,19100.0,1,1,22,21,0,11,2,0,3,2,2,0,1,12,0,0,0,0,0,0,0,Graduation,Single,2014-02-26
903729,1967,50200.0,0,1,51,377,13,163,9,126,124,4,5,2,7,5,0,0,0,0,0,0,0,Graduation,Married,2013-11-29
903730,1961,87300.0,0,0,37,134,9,97,155,14,23,0,2,4,3,1,0,0,0,0,0,0,0,Graduation,Together,2013-06-24
903731,1960,40200.0,0,0,69,89,13,39,28,7,32,1,4,1,4,5,0,0,0,0,0,0,0,Graduation,Unknown,2012-10-12
903732,1964,36900.0,1,1,74,37,0,25,12,1,6,4,3,0,4,7,0,0,0,0,0,0,0,Graduation,Together,2012-09-03
903733,1973,104400.0,0,1,41,202,24,204,9,263,82,1,3,6,6,1,0,0,0,0,0,0,0,Graduation,Married,2014-06-10
903734,1945,83900.0,0,0,66,720,193,609,253,198,33,1,9,8,6,2,1,0,0,1,1,1,0,Graduation,Single,2013-02-16
903735,1977,22100.0,0,0,99,3,0,11,1,5,5,1,1,0,2,6,0,0,0,0,0,0,0,Master,Single,2014-06-05
903736,1947,68300.0,0,1,48,1281,19,166,28,67,19,2,7,6,8,4,0,0,0,0,0,0,0,PhD,Together,2012-11-26
903737,1985,15600.0,2,0,46,9,9,32,2,3,4,4,2,0,3,7,0,0,0,0,0,0,0,Graduation,Together,2013-05-21
903738,1986,48500.0,0,1,55,445,10,76,77,19,7,2,5,3,9,5,0,0,0,0,0,0,0,PhD,Together,2013-02-25
903739,1979,31600.0,1,0,34,29,6,23,10,1,28,2,2,0,3,9,0,0,0,0,0,0,0,PhD,Married,2013-09-05
903740,1971,52100.0,2,0,55,22,0,4,0,0,3,1,1,0,3,5,0,0,0,0,0,0,0,Basic,Single,2013-08-01
903741,1954,38300.0,0,1,0,93,1,80,12,0,88,2,9,0,5,6,0,0,0,0,0,0,0,Graduation,Married,2013-11-06
903742,1979,62400.0,0,1,43,365,52,562,41,263,53,1,3,7,7,1,0,0,0,0,0,0,0,2n Cycle,Together,2012-09-26
903743,1943,60000.0,0,1,55,293,27,79,66,12,110,1,9,4,6,8,0,0,0,0,0,0,0,PhD,Married,2014-03-03
903744,1979,40700.0,1,0,0,11,0,5,0,1,5,2,1,1,3,6,0,0,1,0,0,0,0,Graduation,Married,2012-08-23
903745,1981,58900.0,1,0,89,314,0,140,3,2,14,3,6,2,7,6,0,0,0,0,0,0,0,Graduation,Married,2013-11-17
903746,1954,82300.0,0,2,0,147,28,108,103,32,9,1,4,4,10,3,0,0,0,0,0,0,0,Graduation,Single,2014-02-02
903747,1973,36500.0,0,1,74,36,3,3,4,1,5,2,1,1,2,8,0,0,0,0,0,0,0,Graduation,Married,2013-04-04
903748,1970,75400.0,0,1,99,172,6,151,37,19,98,1,8,4,7,3,0,0,0,0,1,1,0,Graduation,Single,2013-08-19
903749,1984,38700.0,1,1,61,8,2,17,1,0,15,1,1,1,3,4,0,0,0,0,0,0,0,Graduation,Divorced,2014-01-19
903750,1958,59900.0,0,1,59,279,16,60,15,16,100,5,3,2,3,5,0,0,0,0,0,0,0,Graduation,Widow,2013-07-09
903751,1961,67000.0,0,1,96,548,51,350,68,37,75,2,5,8,10,4,0,0,0,0,0,0,0,PhD,Together,2012-12-04
903752,1975,39000.0,1,1,49,109,5,31,5,3,19,7,5,0,5,8,0,0,0,0,0,0,0,PhD,Married,2012-10-11
903753,1992,35200.0,2,0,0,64,5,66,21,0,13,5,3,1,4,11,0,0,0,0,0,0,0,PhD,Together,2014-04-17
903754,1958,76900.0,0,1,64,768,7,160,8,6,164,2,4,4,9,6,0,0,0,0,1,1,0,2n Cycle,Married,2013-08-02
903755,1958,76200.0,0,0,83,898,64,305,9,5,50,1,4,6,9,3,0,0,1,0,0,1,0,PhD,Married,2013-03-07
903756,1984,33000.0,1,1,57,10,7,20,6,2,10,1,2,0,2,6,0,0,0,0,0,0,0,Graduation,Married,2012-10-04
903757,1975,39700.0,0,0,61,161,29,67,20,3,18,1,6,2,7,5,0,0,1,0,0,1,0,Graduation,Married,2013-03-03
903758,1946,47800.0,1,2,44,17,0,18,2,0,1,2,2,0,3,5,0,0,0,0,0,0,0,Master,Divorced,2014-01-28
903759,1968,26600.0,0,0,45,8,1,13,5,6,13,3,2,1,3,5,0,0,0,0,0,0,0,Graduation,Married,2014-01-04
903760,1953,66200.0,1,2,58,329,0,76,6,0,70,7,6,3,6,7,0,0,0,0,0,0,0,PhD,Together,2012-10-26
903761,1949,60700.0,0,1,31,327,44,147,29,25,21,2,5,2,13,5,0,0,0,0,0,0,0,Graduation,Divorced,2014-05-29
903762,1959,50900.0,0,1,16,235,60,216,14,128,15,2,4,10,5,2,0,0,0,0,0,0,0,PhD,Together,2013-10-11
903763,1981,41200.0,0,0,55,117,5,62,19,32,36,2,3,2,5,6,0,0,0,0,0,0,0,PhD,Married,2013-11-03
903764,1959,27300.0,1,1,98,4,9,9,9,2,4,2,1,0,4,3,0,0,0,0,0,0,0,PhD,Single,2013-07-15
903765,1966,62000.0,0,1,4,352,14,139,29,121,126,0,7,2,12,5,0,0,0,0,0,0,0,Graduation,Together,2014-03-10
903766,1964,64600.0,1,0,43,19,6,23,2,0,5,1,2,0,3,5,0,0,0,0,0,0,0,2n Cycle,Married,2013-07-25
903767,1964,59600.0,0,1,64,720,8,272,49,9,18,2,5,3,13,2,0,0,0,1,0,0,0,Graduation,Single,2013-06-30
903768,1957,70900.0,0,1,32,1052,33,179,24,19,31,4,7,5,8,7,0,0,0,0,0,0,0,Graduation,Divorced,2013-03-19
903769,1974,37700.0,1,1,17,126,35,106,11,13,9,2,3,1,4,8,0,0,0,0,0,0,0,Graduation,Single,2013-07-20
903770,1957,44000.0,0,2,62,965,22,230,8,3,63,4,13,3,7,7,0,0,0,0,0,0,0,Graduation,Widow,2013-07-09
903771,1979,87900.0,0,1,32,231,21,87,32,85,2,1,10,0,8,3,0,0,0,0,0,0,0,Graduation,Together,2013-05-31
903772,1968,25400.0,1,0,10,13,3,15,0,4,14,2,1,0,2,7,0,0,0,0,0,0,1,PhD,Married,2012-10-23
903773,1981,16500.0,1,0,56,15,0,8,6,0,7,2,2,0,4,8,0,0,0,0,0,0,0,PhD,Married,2013-09-04
903774,1989,24800.0,1,0,64,11,4,20,15,2,46,2,1,1,2,6,0,0,0,0,0,0,0,Graduation,Single,2013-10-30
903775,1970,81100.0,0,0,78,328,59,719,219,62,256,2,7,5,3,2,0,0,0,0,0,0,0,Graduation,Together,2012-11-11
903776,1960,36100.0,1,1,57,430,0,75,0,1,24,5,5,2,7,10,0,0,0,1,0,1,0,PhD,Divorced,2013-05-26
903777,1951,76600.0,0,1,0,1039,138,221,39,78,53,1,5,5,13,3,0,0,0,0,0,0,0,Graduation,Together,2013-07-15
903778,1960,50600.0,0,1,28,887,65,142,67,104,9,5,10,5,9,8,0,0,0,0,0,1,0,Master,Together,2013-06-11
903779,1947,52300.0,0,1,26,115,0,14,0,0,49,3,4,1,4,7,0,0,0,0,0,0,0,Master,Married,2012-11-09
903780,1965,33400.0,1,0,56,8,2,15,4,2,7,1,2,0,4,7,0,0,0,0,0,0,0,PhD,Together,2013-08-10
903781,1968,33400.0,0,0,57,120,22,197,26,79,28,4,10,1,11,7,0,0,0,0,0,1,0,Graduation,Single,2013-06-25
903782,1991,91700.0,0,0,15,755,59,734,253,198,26,0,5,8,8,2,0,0,0,1,1,1,0,Graduation,Together,2012-12-10
903783,1981,32200.0,0,0,13,36,8,21,0,6,2,2,1,1,4,6,0,0,0,0,0,0,0,Graduation,Single,2014-05-12
903784,1981,89300.0,0,0,46,1215,64,539,253,75,61,1,5,7,7,2,0,0,0,0,0,0,0,Graduation,Single,2013-08-25
903785,1961,71500.0,0,0,29,588,5,920,103,54,47,2,6,13,13,3,0,0,0,0,0,0,0,PhD,Married,2013-03-13
903786,1970,17100.0,1,0,73,4,5,23,13,3,10,2,2,0,3,8,0,0,1,0,0,0,0,PhD,Together,2012-11-30
903787,1954,38300.0,0,1,11,414,8,23,0,0,8,1,6,2,5,5,0,0,0,1,0,0,0,Graduation,Widow,2013-08-24
903788,1972,48400.0,0,1,97,413,52,125,36,4,150,2,7,2,9,7,0,0,0,0,0,0,0,2n Cycle,Divorced,2013-04-10
903789,1967,44300.0,0,0,10,33,2,13,3,5,52,2,1,1,2,7,0,0,0,0,0,0,0,PhD,Married,2012-09-02
903790,1961,81600.0,0,0,38,495,73,403,5,14,61,0,7,7,5,2,0,0,0,1,0,0,0,PhD,Married,2014-05-29
903791,1975,34800.0,2,0,29,32,3,40,1,0,4,2,2,0,3,6,0,0,0,0,0,0,0,Graduation,Together,2013-10-10
903792,1994,22900.0,0,0,0,8,2,11,3,2,1,1,1,0,4,5,0,0,0,0,0,0,0,Basic,Together,2014-06-11
903793,1970,45400.0,0,0,9,314,2,63,11,2,16,3,6,1,7,8,0,0,0,0,0,0,0,Graduation,Married,2013-04-06
903794,1965,51700.0,0,1,98,71,11,17,40,128,17,1,5,1,5,4,0,0,0,1,0,0,0,Graduation,Married,2012-10-07
903795,1976,25200.0,2,0,32,5,1,3,1,5,2,2,1,0,2,6,0,0,0,0,0,0,0,2n Cycle,Divorced,2013-09-19
903796,1959,62200.0,0,0,51,683,60,283,25,11,29,3,5,6,5,2,1,0,0,0,0,1,0,Graduation,Married,2013-07-11
903797,1965,42000.0,1,1,30,288,0,19,0,1,7,4,5,2,3,6,0,0,0,0,0,0,0,Graduation,Together,2012-12-06
903798,1977,16800.0,1,0,99,5,7,5,3,3,4,1,2,0,2,5,0,0,0,0,0,0,0,Graduation,Married,2013-12-20
903799,1980,23600.0,1,1,72,2,6,7,8,4,29,2,1,2,3,3,0,0,0,0,0,0,0,PhD,Together,2012-10-02
903800,1979,24300.0,1,0,70,11,1,6,2,1,2,2,2,0,2,9,0,0,0,0,0,0,0,Graduation,Single,2014-02-11
903801,1962,79400.0,0,1,27,1321,12,487,86,7,133,2,8,4,6,4,1,0,0,0,0,0,0,Graduation,Single,2014-05-07
903802,1979,55900.0,1,1,44,859,4,116,2,6,35,9,9,4,13,7,0,0,0,1,0,0,0,PhD,Single,2013-11-17
903803,1971,41800.0,2,1,53,53,0,12,1,0,11,2,1,0,3,7,0,0,0,0,0,0,0,Graduation,Together,2013-11-09
903804,1980,26000.0,1,0,25,9,1,13,2,0,3,1,1,0,3,5,0,0,0,0,0,0,0,Graduation,Married,2013-07-19
903805,1960,74700.0,0,1,61,380,7,44,23,119,37,3,8,2,9,4,0,0,0,0,0,0,0,Graduation,Together,2013-09-02
903806,1964,48000.0,1,1,22,16,0,8,1,0,4,1,1,0,2,6,0,0,0,0,0,0,0,PhD,Together,2013-10-15
903807,1982,65000.0,0,1,71,948,31,238,38,20,61,1,9,4,5,8,0,0,0,1,0,0,0,Graduation,Married,2014-06-03
903808,1978,36900.0,1,0,28,23,0,20,0,0,2,3,2,1,3,6,0,0,0,0,0,0,0,Graduation,Together,2014-01-22
903809,1976,45500.0,1,0,34,10,1,9,0,1,1,1,2,0,2,8,0,0,0,0,0,0,0,Graduation,Married,2012-09-29
903810,1955,82200.0,0,0,66,1102,135,534,38,77,154,2,8,8,12,3,0,0,0,0,0,0,0,PhD,Divorced,2013-10-02
903811,1940,36300.0,0,1,2,91,1,16,2,2,12,3,3,2,3,6,1,0,0,1,0,0,0,2n Cycle,Together,2014-03-04
903812,1948,67900.0,0,1,26,377,6,24,1,8,9,1,3,2,6,7,0,1,0,1,0,0,0,PhD,Married,2012-12-03
903813,1961,69000.0,0,0,56,411,39,493,253,85,10,2,8,4,8,6,0,0,0,0,1,1,0,Graduation,Widow,2013-02-26
903814,1988,50300.0,1,0,53,14,12,61,4,4,22,1,2,0,5,4,0,0,0,0,0,0,0,PhD,Together,2014-06-02
903815,1974,48800.0,2,0,0,157,22,84,8,7,30,3,4,0,4,6,0,0,0,0,0,0,0,Graduation,Single,2012-08-13
903816,1960,65000.0,0,0,58,236,6,134,57,63,5,3,9,1,6,8,0,0,1,0,0,0,0,Graduation,Married,2014-03-21
903817,1951,32300.0,1,1,45,96,3,47,18,4,90,7,3,2,5,9,0,0,0,1,0,0,0,PhD,Married,2013-07-31
903818,1958,30700.0,1,1,37,14,1,4,1,0,3,2,1,1,1,6,0,0,0,0,0,1,0,Graduation,Married,2012-11-13
903819,1984,18300.0,1,0,17,13,9,13,15,15,39,2,3,0,4,7,0,0,0,0,0,0,1,2n Cycle,Together,2014-02-12
903820,1973,19000.0,1,1,86,17,3,9,2,3,2,3,2,2,2,6,0,0,0,0,0,0,0,PhD,Married,2013-05-06
903821,1967,29300.0,1,1,8,8,10,6,18,1,8,2,1,0,2,6,0,0,0,0,0,0,0,Master,Together,2013-05-19
903822,1967,79500.0,0,1,0,585,6,96,5,94,101,1,5,4,5,2,1,0,1,0,0,0,0,Graduation,Together,2013-08-11
903823,1974,32000.0,1,0,9,29,0,12,5,2,1,2,2,1,3,5,0,0,0,0,0,0,0,Graduation,Married,2013-06-13
903824,1995,48000.0,0,0,87,152,2,98,59,7,3,0,2,3,7,0,0,0,0,0,0,0,0,PhD,Together,2014-06-09
903825,1972,61300.0,0,1,75,1083,30,490,18,9,56,3,8,4,13,3,0,0,0,0,0,0,0,PhD,Single,2013-06-13
903826,1957,20800.0,0,1,49,10,3,8,29,0,16,2,1,0,3,8,0,0,0,0,0,0,0,Graduation,Together,2014-03-25
903827,1941,73300.0,0,0,56,682,10,125,22,5,2,2,5,7,7,3,0,0,0,0,1,1,0,PhD,Married,2014-04-30
903828,1952,53300.0,1,2,33,614,9,14,20,6,68,4,10,3,6,8,0,0,0,0,0,0,0,Graduation,Married,2014-06-02
903829,1959,44900.0,0,1,9,75,14,66,20,48,48,1,4,2,11,5,0,0,0,0,0,0,0,Graduation,Single,2013-09-16
903830,1986,81900.0,0,0,69,399,4,430,85,198,123,1,2,8,7,2,1,0,0,1,0,0,0,Graduation,Married,2014-01-26
903831,1955,77600.0,0,0,25,112,14,148,33,66,3,1,1,6,3,0,0,0,0,0,0,0,0,Master,Single,2014-06-07
903832,1996,24000.0,1,0,0,1,18,19,29,33,46,2,2,1,3,5,0,0,0,0,0,0,0,PhD,Together,2014-05-14
903833,1960,23600.0,1,1,32,32,0,3,0,0,9,3,3,0,2,6,0,0,0,0,0,0,0,Graduation,Married,2013-01-27
903834,1962,95500.0,1,0,73,826,15,386,51,211,33,2,5,6,8,2,0,0,0,0,0,0,0,Master,Single,2013-09-17
903835,1965,48100.0,0,1,58,286,53,462,9,114,137,3,6,8,7,5,0,0,0,0,0,0,0,Graduation,Married,2013-03-08
903836,1965,100400.0,0,1,67,687,8,446,64,18,14,1,7,1,11,3,0,0,0,0,0,0,0,Graduation,Single,2014-03-03
903837,1959,68800.0,0,0,55,52,62,329,4,7,5,2,1,6,3,1,0,0,0,0,0,0,0,Graduation,Married,2013-09-23
903838,1946,61400.0,0,0,36,328,45,119,69,53,77,1,4,7,13,2,0,0,0,0,0,0,0,PhD,Married,2013-01-09
903839,1963,58000.0,0,1,19,680,197,413,42,27,279,2,4,14,6,5,0,0,0,0,0,0,0,Master,Together,2014-04-21
903840,1962,42000.0,1,1,0,52,2,15,7,1,9,3,2,0,5,7,0,0,0,0,0,0,0,Graduation,Together,2013-04-03
903841,1957,31300.0,0,1,79,167,1,16,2,2,39,2,5,3,1,9,0,0,0,0,0,0,0,PhD,Single,2014-05-04
903842,1968,53000.0,0,0,33,38,3,8,8,6,34,1,1,1,4,3,0,0,0,0,0,0,0,PhD,Married,2013-04-28
903843,1967,20900.0,1,0,64,6,1,14,3,2,5,2,3,1,2,9,0,0,0,0,0,0,0,Graduation,Married,2012-11-28
903844,1950,66500.0,0,1,54,953,56,395,35,86,9,2,7,3,8,5,0,0,0,0,0,0,0,PhD,Married,2012-08-04
903845,1966,34500.0,0,1,26,20,1,10,3,2,11,2,2,0,4,7,0,0,0,0,0,0,0,PhD,Single,2013-02-25
903846,1962,67200.0,0,0,31,339,112,234,252,54,105,1,6,10,6,8,0,0,0,1,0,0,0,PhD,Married,2013-10-22
903847,1942,56300.0,0,1,59,297,1,35,3,0,14,7,4,1,6,7,0,0,0,1,0,0,0,Graduation,Married,2013-11-22
903848,1967,43500.0,0,0,44,136,0,16,2,1,3,0,1,0,3,11,0,0,0,0,0,0,0,Graduation,Single,2013-08-17
903849,1970,16100.0,1,1,31,6,13,19,7,10,7,2,3,0,4,9,0,0,0,0,0,1,0,Graduation,Married,2013-10-15
903850,1977,73100.0,0,1,84,1431,3,105,8,25,37,2,8,5,10,5,0,0,0,1,1,0,0,PhD,Married,2013-12-23
903851,1987,24200.0,1,0,95,4,9,15,9,1,19,3,3,0,4,6,0,0,0,0,0,0,0,PhD,Married,2013-04-27
903852,1986,29400.0,1,0,54,94,2,63,5,6,12,4,8,1,3,7,0,0,0,0,0,1,0,Graduation,Married,2013-05-13
903853,1976,102700.0,0,0,2,614,54,311,259,263,344,2,9,5,7,4,0,0,0,0,0,0,0,Graduation,Single,2013-10-29
903854,1967,60600.0,0,2,99,255,8,43,23,32,166,4,2,3,6,6,0,0,0,0,0,0,0,Graduation,Divorced,2013-10-05
903855,1956,42100.0,0,1,0,142,4,32,10,1,28,2,5,0,4,9,0,0,0,0,0,0,0,Master,Married,2014-03-30
903856,1960,87100.0,0,0,55,910,36,645,253,13,61,1,7,8,13,2,0,0,0,0,0,0,0,Graduation,Married,2013-01-08
903857,1976,69200.0,0,0,29,647,41,217,221,263,30,1,5,6,13,3,0,0,0,0,0,0,0,Graduation,Together,2013-08-02
903858,1966,84600.0,1,0,66,113,102,276,191,27,94,2,5,3,5,3,0,0,0,0,0,0,0,Graduation,Married,2013-09-01
903859,1955,57000.0,1,2,40,750,2,40,3,1,23,5,11,2,7,4,0,0,0,0,0,0,0,Graduation,Married,2014-05-20
903860,1967,44000.0,1,1,77,40,1,16,3,2,17,2,2,1,3,7,0,0,0,0,0,0,0,Master,Together,2012-09-10
903861,1973,53300.0,1,1,42,217,15,155,6,1,25,5,5,2,6,5,0,0,0,0,0,0,0,Master,Together,2013-10-28
903862,1974,22100.0,0,1,18,37,7,18,2,0,2,3,1,1,3,7,0,0,0,0,0,0,0,PhD,Married,2013-05-02
903863,1963,21100.0,1,1,12,10,0,8,0,1,0,2,1,0,3,7,0,0,0,0,0,0,0,Master,Single,2012-08-11
903864,1965,48800.0,0,0,15,107,6,278,100,132,91,2,4,2,9,4,0,0,0,0,0,0,0,PhD,Divorced,2012-08-25
903865,1977,36400.0,1,0,5,13,0,15,0,1,0,1,1,0,3,7,0,0,0,0,0,0,0,Graduation,Single,2014-03-15
903866,1969,46900.0,0,2,28,497,3,60,3,2,106,10,6,2,10,10,0,0,0,1,0,0,0,Graduation,Married,2014-01-29
903867,1949,81300.0,0,1,99,995,35,364,28,58,19,2,10,6,7,4,0,0,1,1,0,0,0,Graduation,Single,2013-08-31
903868,1971,30300.0,1,0,45,17,15,67,4,20,6,2,2,0,3,7,0,0,0,0,0,0,0,2n Cycle,Single,2012-11-16
903869,1979,82200.0,0,0,52,1396,197,484,48,50,192,1,10,5,11,3,0,0,0,0,0,0,0,Graduation,Together,2014-03-08
903870,1954,35100.0,0,0,82,94,3,22,1,2,3,1,2,0,5,6,0,0,0,0,0,0,0,Graduation,Together,2014-03-07
903871,1964,28300.0,2,1,92,21,4,29,4,9,18,4,2,1,4,7,0,0,0,0,0,0,0,2n Cycle,Married,2013-08-06
903872,1969,66900.0,0,1,48,426,197,815,259,128,58,2,7,7,13,3,0,0,0,0,0,0,0,Graduation,Married,2013-07-25
903873,1961,73500.0,0,0,25,821,2,230,6,41,22,3,6,4,13,5,0,0,0,0,1,0,0,Graduation,Married,2014-03-13
903874,1975,30100.0,1,1,55,8,3,30,2,4,6,3,2,0,3,10,0,0,0,0,0,0,0,Graduation,Together,2013-08-06
903875,1970,73400.0,0,0,26,344,11,515,9,48,9,3,4,9,13,2,0,0,0,0,0,0,0,PhD,Divorced,2014-01-30
903876,1959,80800.0,0,1,16,210,49,537,43,30,59,1,4,7,6,1,0,0,0,0,0,0,0,Graduation,Married,2013-08-04
903877,1960,47400.0,0,2,44,840,13,97,45,4,92,2,4,6,9,7,0,0,0,0,0,0,0,Master,Together,2013-10-13
903878,1971,54200.0,0,0,99,144,20,53,5,17,33,6,6,2,6,8,0,0,0,0,0,0,0,Graduation,Single,2012-09-29
903879,1952,61200.0,0,0,56,495,18,525,72,34,138,3,4,4,9,2,0,0,0,0,0,0,0,Master,Married,2012-12-17
903880,1978,66700.0,0,2,69,1171,1,77,2,1,35,9,10,5,9,7,0,0,0,0,0,0,0,Master,Married,2014-04-09
903881,1974,60900.0,0,0,19,217,125,149,39,163,23,0,4,2,3,2,0,0,0,0,0,0,0,PhD,Together,2013-05-03
903882,1985,103400.0,0,0,55,1180,23,981,52,89,11,1,8,10,13,4,1,0,0,0,0,1,0,Graduation,Married,2012-12-26
903883,1988,61900.0,1,1,68,288,1,73,12,16,20,3,4,1,8,5,0,0,1,0,0,1,0,Master,Divorced,2013-10-09
903884,1949,49000.0,1,1,35,15,6,10,2,2,4,2,2,0,4,4,0,0,0,0,0,0,0,2n Cycle,Divorced,2012-09-09
903885,1951,69600.0,0,1,65,459,3,190,21,2,35,2,6,2,7,8,0,0,0,0,0,0,0,Graduation,Married,2013-03-14
903886,1959,39000.0,0,1,73,480,2,62,0,5,9,3,5,3,7,10,0,0,0,0,0,0,1,PhD,Married,2013-02-25
903887,1973,12200.0,0,0,50,3,1,8,15,5,3,4,2,1,3,5,0,0,0,0,0,0,0,Master,Married,2013-11-23
903888,1959,52400.0,0,0,56,217,19,260,26,183,56,1,7,5,6,2,0,0,0,0,0,0,0,Graduation,Married,2013-10-28
903889,1968,63200.0,0,1,62,202,26,244,81,85,362,3,5,7,4,3,0,0,0,0,0,0,0,Graduation,Single,2013-01-09
903890,1946,44300.0,0,1,29,29,0,3,0,0,6,2,1,0,3,5,0,0,0,0,0,0,0,Graduation,Divorced,2013-10-06
903891,1963,67900.0,0,0,0,130,30,571,31,39,24,2,2,3,4,2,0,0,0,0,0,0,0,Master,Together,2013-03-09
903892,1974,36400.0,0,0,46,116,10,130,29,6,6,1,5,1,8,7,0,0,0,0,0,0,0,Graduation,Divorced,2012-09-19
903893,1956,56700.0,0,1,7,476,145,224,51,91,102,5,7,3,6,9,0,0,0,1,0,1,0,Graduation,Married,2013-01-20
903894,1978,83900.0,0,1,88,827,46,79,28,73,187,1,5,6,11,2,1,0,0,0,0,1,0,Graduation,Divorced,2013-05-05
903895,1962,20000.0,1,1,21,6,12,7,7,36,6,4,2,0,4,7,0,0,1,0,0,0,0,Graduation,Together,2012-09-19
903896,1963,40800.0,0,1,72,296,2,111,15,2,95,5,11,2,7,9,0,1,0,1,0,0,0,Master,Married,2014-04-06
903897,1990,60800.0,1,0,21,231,11,68,4,5,59,7,6,2,5,8,0,0,0,0,0,1,0,PhD,Divorced,2013-03-06
903898,1980,22400.0,1,0,17,13,2,8,0,1,4,1,1,0,3,10,0,0,0,0,0,0,0,PhD,Married,2014-04-03
903899,1958,87700.0,0,1,45,1271,11,150,4,2,24,1,4,2,7,3,0,0,0,0,0,0,0,Graduation,Married,2013-08-16
903900,1962,18500.0,1,0,51,20,0,17,5,4,5,7,4,0,4,10,0,0,0,0,0,0,0,Master,Married,2013-05-03
903901,1953,50600.0,1,1,82,1171,1,119,3,3,48,10,9,2,8,8,0,0,0,0,0,0,0,Graduation,Divorced,2014-06-04
903902,1965,34700.0,0,1,81,190,1,117,9,0,204,2,9,2,5,9,0,0,0,0,0,0,0,2n Cycle,Married,2012-10-01
903903,1987,43600.0,2,0,18,142,30,80,4,6,4,11,5,1,8,9,0,0,0,0,0,0,0,Master,Together,2013-03-23
903904,1986,17400.0,1,0,56,4,2,12,6,1,7,1,2,0,4,5,0,0,0,0,0,0,0,Master,Together,2012-12-20
903905,1956,15900.0,1,1,66,1,0,2,0,1,2,1,1,0,2,8,0,0,0,0,0,0,0,Graduation,Married,2013-08-27
903906,1967,26200.0,0,1,40,22,2,13,0,4,3,4,2,0,3,4,0,0,0,0,0,0,0,Basic,Single,2013-09-06
903907,1943,83400.0,0,0,25,1240,44,127,14,58,43,1,8,6,12,6,0,0,0,0,0,0,0,PhD,Married,2013-12-12
903908,1968,72700.0,0,1,24,540,171,648,170,198,82,1,11,7,9,4,0,0,0,1,1,1,0,Graduation,Single,2013-06-26
903909,1965,53200.0,0,1,86,471,2,215,73,263,31,6,9,14,11,8,0,0,0,0,0,0,0,Graduation,Married,2013-12-30
903910,1968,84000.0,0,0,10,242,5,134,27,11,2,0,3,5,6,1,0,0,0,0,0,0,0,Graduation,Together,2013-02-03
903911,1968,48000.0,1,1,5,10,1,11,1,0,2,3,3,0,3,7,0,0,0,0,0,0,0,Graduation,Divorced,2014-01-26
903912,1965,83200.0,0,0,73,973,23,852,193,35,16,2,4,7,10,3,0,0,0,0,0,0,0,Master,Married,2014-03-15
903913,1957,80500.0,0,1,24,318,17,99,94,101,34,1,6,4,10,3,0,0,0,0,0,0,0,Graduation,Married,2013-02-28
903914,1960,34100.0,1,1,12,10,3,7,13,3,52,2,2,0,2,9,0,0,0,0,0,0,0,2n Cycle,Together,2013-05-28
903915,1975,62800.0,0,1,66,225,24,640,16,55,27,2,3,8,4,2,0,0,0,0,0,0,0,Graduation,Together,2013-01-01
903916,1980,71900.0,0,0,2,1098,2,372,39,31,69,1,4,6,5,4,1,0,0,0,1,1,0,PhD,Divorced,2012-10-20
903917,1996,22600.0,1,0,24,7,1,6,9,4,17,2,2,1,3,5,0,0,1,0,0,1,0,Graduation,Married,2012-09-28
903918,1967,64600.0,1,1,14,23,2,16,1,1,2,1,1,0,3,5,0,0,0,0,0,0,0,Graduation,Married,2012-11-30
903919,1972,42400.0,1,0,76,127,2,34,11,10,7,8,2,1,5,7,0,0,0,0,0,0,0,Graduation,Married,2014-06-16
903920,1974,95500.0,0,0,28,407,17,987,259,31,57,0,2,4,8,1,0,0,0,0,0,0,0,PhD,Together,2013-01-28
903921,1955,49300.0,1,1,88,39,4,28,1,2,4,1,1,0,2,5,0,0,0,0,0,0,0,Graduation,Together,2012-11-13
903922,1973,17800.0,1,0,36,6,2,6,3,2,5,2,2,1,2,9,0,0,0,0,0,0,0,PhD,Together,2013-02-19
903923,1968,31200.0,1,1,88,73,4,22,2,2,8,2,2,0,2,6,0,0,0,0,0,0,0,PhD,Married,2013-07-22
903924,1974,34700.0,1,0,74,10,1,12,0,0,3,1,1,1,2,5,0,0,0,0,0,0,0,PhD,Together,2013-05-27
903925,1979,43200.0,0,1,99,200,43,62,40,88,16,3,5,3,13,4,0,0,0,0,0,0,0,Graduation,Together,2013-08-27
903926,1995,51200.0,1,0,38,188,89,107,66,171,213,3,5,3,13,3,0,0,0,0,0,0,0,Graduation,Married,2012-11-11
903927,1980,83600.0,0,1,61,624,42,353,42,103,91,1,6,5,8,5,0,0,1,1,1,1,0,PhD,Married,2014-04-30
903928,1965,44500.0,1,1,75,39,1,9,0,6,3,1,1,0,4,3,0,0,0,0,0,0,0,Graduation,Married,2013-12-20
903929,1979,22800.0,1,1,63,21,3,31,4,1,4,2,1,0,3,7,0,0,0,0,0,0,0,Master,Married,2013-01-14
903930,1977,41300.0,1,0,29,77,99,215,55,41,19,2,6,1,8,9,0,0,0,0,0,0,0,Graduation,Single,2013-06-11
903931,1975,59100.0,0,0,0,576,84,92,12,198,157,1,11,10,6,9,0,0,0,0,1,1,0,PhD,Single,2013-09-24
903932,1967,29100.0,2,1,99,9,1,10,0,1,3,2,1,0,2,6,0,0,0,0,0,0,0,PhD,Married,2012-12-19
903933,1969,88500.0,0,0,31,343,28,392,31,263,15,1,2,8,11,1,0,0,0,0,0,0,0,Graduation,Married,2013-03-16
903934,1971,71100.0,0,1,57,265,24,239,259,83,42,1,4,2,13,2,0,0,0,0,0,0,0,Graduation,Married,2014-02-11
903935,1994,23500.0,1,0,26,7,6,18,7,6,1,2,2,0,5,7,0,0,0,0,0,0,0,Graduation,Married,2014-06-08
903936,1980,64600.0,0,0,68,114,2,38,2,4,4,3,3,1,5,4,0,0,0,0,0,0,0,Graduation,Single,2012-09-07
903937,1969,66000.0,1,1,58,1021,11,225,0,11,26,6,11,3,12,5,0,0,0,0,0,0,0,Master,Single,2013-06-23
903938,1973,47400.0,1,1,65,238,19,47,7,8,33,4,5,2,5,6,0,0,0,0,0,0,0,PhD,Divorced,2013-05-19
903939,1981,72800.0,0,0,29,1493,20,585,14,26,46,1,6,3,6,2,1,0,1,0,1,1,0,Master,Married,2014-01-10
903940,1961,38600.0,1,0,65,29,8,15,16,0,10,1,2,0,2,5,0,0,0,0,0,0,0,Graduation,Single,2013-09-17
903941,1986,38200.0,1,0,73,252,4,60,7,4,10,0,4,3,7,5,0,0,0,0,0,0,0,Master,Together,2013-07-06
903942,1981,96300.0,0,0,26,1416,193,463,104,81,28,1,5,7,13,2,0,0,0,0,0,0,0,Graduation,Married,2012-10-17
903943,1992,89000.0,0,0,71,261,197,1725,188,227,112,1,13,8,6,3,0,0,0,0,0,0,0,Graduation,Divorced,2012-11-14
903944,1953,64300.0,0,0,81,255,5,227,217,132,67,1,4,5,10,3,0,0,0,0,0,0,0,Graduation,Divorced,2013-01-31
903945,1986,62600.0,1,0,72,37,3,20,5,1,5,1,0,1,5,3,0,0,0,0,0,0,0,PhD,Married,2014-04-25
903946,1973,44200.0,1,0,11,16,0,13,2,3,0,2,1,0,3,4,0,0,0,0,0,0,0,Master,Together,2013-11-29
903947,1970,15200.0,0,0,50,6,11,23,4,7,16,1,3,0,3,5,0,0,0,0,0,0,0,Graduation,Together,2013-07-05
903948,1957,44100.0,0,2,90,1396,45,168,29,263,69,4,16,4,13,8,0,0,0,0,0,0,0,Graduation,Together,2013-04-15
903949,1978,42200.0,0,0,67,115,45,136,16,21,21,1,5,1,11,3,0,0,0,0,0,0,0,Graduation,Married,2012-08-09
903950,1960,33300.0,0,1,49,13,2,13,5,6,2,2,1,0,4,5,0,0,1,0,0,0,0,Graduation,Single,2013-03-28
903951,1982,71900.0,0,1,39,363,51,304,1,43,25,2,8,5,6,2,1,1,0,1,0,0,0,Master,Together,2014-05-04
903952,1952,58900.0,0,0,27,1493,126,379,87,106,210,3,5,7,9,5,0,0,1,1,1,0,0,Master,Divorced,2013-05-29
903953,1973,26200.0,1,0,57,1,1,6,4,0,4,1,0,1,2,3,0,0,0,0,0,0,0,PhD,Together,2012-10-30
903954,1968,51700.0,0,1,33,709,10,89,7,24,46,3,8,3,8,5,0,0,0,0,0,1,0,Graduation,Married,2013-03-14
903955,1962,39200.0,1,0,85,4,1,5,0,0,1,0,0,0,3,5,0,0,0,0,0,0,0,PhD,Married,2013-03-02
903956,1968,82700.0,0,1,66,252,44,209,253,70,129,1,5,10,6,1,1,0,0,0,0,1,0,Master,Together,2012-12-31
903957,1959,42700.0,0,0,43,507,1,74,0,6,4,1,10,1,7,10,0,0,0,0,0,0,0,2n Cycle,Single,2012-07-31
903958,1960,56300.0,1,1,49,266,1,42,3,3,17,11,4,2,5,6,0,0,0,0,0,0,0,Graduation,Divorced,2013-02-21
903959,1945,87300.0,0,1,28,384,8,156,105,7,31,5,7,4,9,3,0,0,0,0,0,0,0,Master,Together,2014-02-03
903960,1969,50900.0,1,1,0,45,0,11,0,0,1,3,1,0,2,4,0,0,0,0,0,0,0,Graduation,Married,2013-09-18
903961,1984,45000.0,2,0,41,54,8,119,25,38,47,4,4,1,3,9,0,0,1,0,0,1,0,PhD,Single,2014-05-04
903962,1988,33200.0,1,0,0,40,3,31,26,5,29,2,4,0,3,7,0,0,0,1,0,0,0,Master,Married,2014-05-27
903963,1973,40500.0,1,0,79,149,56,84,34,5,237,4,9,2,3,10,0,0,0,0,0,0,0,Master,Divorced,2013-03-26
903964,1990,73600.0,0,0,55,590,25,649,12,12,22,1,5,5,9,2,0,0,0,0,1,0,0,Graduation,Divorced,2014-06-03
903965,1977,72600.0,0,0,99,797,95,134,13,16,34,1,6,6,6,4,0,0,0,1,1,1,0,PhD,Single,2012-10-08
903966,1970,33500.0,0,1,99,200,5,190,11,4,40,2,8,3,7,8,0,0,0,0,0,0,0,Master,Together,2014-06-24
903967,1977,28300.0,1,0,55,63,10,26,3,5,12,3,4,1,3,5,0,0,0,0,0,0,0,Master,Together,2013-08-09
903968,1974,49600.0,0,0,17,213,3,93,7,9,43,2,10,2,8,8,0,0,0,0,0,0,0,Graduation,Divorced,2014-03-13
903969,1960,26900.0,2,1,58,2,2,2,1,0,2,1,0,0,2,7,0,0,0,0,0,0,0,Graduation,Married,2013-07-11
903970,1984,50400.0,1,1,19,103,2,60,3,4,25,8,6,1,8,9,0,0,0,0,0,0,0,Graduation,Married,2013-04-19
903971,1957,38400.0,1,1,79,28,1,6,0,0,6,1,1,0,2,7,0,0,0,0,0,0,0,PhD,Divorced,2013-07-03
903972,1970,20400.0,1,1,72,71,1,33,2,2,27,3,2,1,2,9,0,0,0,0,0,0,0,PhD,Single,2012-11-27
903973,1963,52800.0,0,1,23,161,20,101,7,31,71,3,5,3,5,8,0,0,0,0,0,0,0,PhD,Married,2013-04-23
903974,1969,44400.0,1,0,51,119,13,24,2,0,19,3,7,2,2,7,0,0,1,0,0,0,0,Graduation,Single,2012-09-12
903975,1966,73000.0,0,1,97,322,12,297,52,73,17,1,8,3,8,7,0,0,0,0,0,0,0,Master,Together,2012-11-20
903976,1961,64600.0,0,1,88,1159,51,319,57,9,46,3,5,10,13,5,0,0,0,0,0,0,0,PhD,Together,2014-05-29
903977,1977,87700.0,0,0,99,567,57,876,101,56,70,2,6,11,10,2,0,0,0,0,0,0,0,PhD,Together,2012-08-15
903978,1952,74300.0,0,0,86,388,46,549,4,63,53,1,5,4,10,3,1,0,0,1,0,1,0,Master,Together,2012-11-07
903979,1973,89800.0,0,0,47,322,52,524,63,40,31,1,3,6,6,1,0,0,0,0,0,0,0,PhD,Together,2013-04-16
903980,1967,48400.0,0,1,3,172,11,95,4,4,46,5,5,2,6,5,0,0,0,0,0,0,0,Master,Single,2013-08-05
903981,1954,38800.0,1,0,73,101,1,45,2,4,172,1,8,1,3,7,0,0,0,0,0,0,0,Graduation,Single,2014-06-08
903982,1958,74300.0,0,0,54,394,170,115,40,117,105,0,5,3,5,2,0,0,0,0,0,0,0,Master,Married,2013-10-19
903983,1996,10700.0,1,0,48,1,3,4,2,2,2,3,2,0,2,6,0,0,0,0,0,0,0,Graduation,Married,2013-01-17
903984,1988,25200.0,1,0,59,9,5,22,22,10,11,3,3,0,2,8,0,0,0,0,0,0,0,Graduation,Divorced,2013-11-20
903985,1950,52100.0,0,1,13,296,3,30,8,14,6,3,4,3,6,2,0,0,0,0,0,0,0,Master,Single,2013-05-24
903986,1967,34500.0,0,0,99,28,15,67,3,4,32,2,3,1,3,8,0,0,1,0,0,0,1,Graduation,Married,2013-12-22
903987,1968,67600.0,0,0,65,484,70,981,25,5,7,1,3,3,5,1,0,0,0,0,1,1,0,Graduation,Married,2012-08-03
903988,1967,64900.0,0,0,67,332,66,133,135,11,47,1,4,8,6,2,0,0,0,0,0,0,0,Master,Married,2013-10-28
903989,1967,94100.0,0,0,27,572,110,904,5,131,109,1,5,7,9,3,1,0,0,0,0,1,0,Graduation,Together,2013-12-29
903990,1979,34400.0,1,0,14,4,1,7,0,1,0,0,0,0,2,7,0,0,0,0,0,0,0,Graduation,Together,2013-04-14
903991,1973,47800.0,0,0,67,52,24,228,38,30,119,2,8,2,3,6,0,0,0,1,0,0,0,Master,Divorced,2014-02-18
903992,1982,17400.0,1,0,99,12,7,26,4,9,34,3,1,2,3,5,0,0,0,0,0,0,0,Graduation,Married,2013-02-19
903993,1972,49500.0,1,1,87,65,1,36,23,2,56,7,5,2,4,6,0,0,0,0,0,0,0,Graduation,Married,2013-12-23
903994,1979,78300.0,0,1,0,591,56,103,29,76,155,2,6,4,10,5,0,0,0,0,0,0,0,Graduation,Single,2013-05-11
903995,1967,74700.0,0,1,75,1215,103,371,42,263,77,3,8,3,9,8,0,0,0,0,0,0,0,2n Cycle,Single,2013-05-19
903996,1979,40800.0,1,1,31,150,14,112,4,41,114,7,4,1,8,6,0,0,0,0,0,1,0,Graduation,Single,2013-03-30
903997,1947,80600.0,0,1,37,789,1,104,34,42,2,3,6,4,11,3,0,0,0,0,0,0,0,Master,Divorced,2012-10-24
903998,1959,81200.0,0,0,46,1082,54,675,64,22,6,2,8,4,7,4,0,0,0,1,0,1,0,Master,Married,2013-01-17
903999,1949,27400.0,0,1,68,14,8,15,14,6,10,2,3,0,3,4,0,0,0,0,0,0,0,PhD,Married,2014-02-14
904000,1967,21300.0,1,0,99,1,1,1,1,1,1,1,2,0,3,8,0,0,0,0,0,0,0,PhD,Divorced,2013-05-29
904001,1963,49500.0,0,1,63,447,166,217,22,64,12,3,3,2,10,4,0,0,0,0,0,0,0,Graduation,Married,2014-03-27
904002,1961,73900.0,0,1,60,699,193,710,20,20,126,4,6,8,8,6,0,0,0,0,1,1,0,Graduation,Single,2012-10-12
904003,1956,65500.0,0,0,47,1338,31,173,38,14,54,2,4,7,9,4,0,0,1,1,0,0,0,Graduation,Married,2012-10-06
904004,1962,46900.0,1,1,77,27,1,9,0,0,4,2,1,1,3,4,0,0,0,0,0,0,0,Basic,Single,2012-09-04
904005,1984,17300.0,1,0,71,9,12,6,5,1,5,3,2,0,3,7,0,0,0,0,0,0,0,PhD,Married,2013-08-09
904006,1944,84900.0,0,1,72,582,7,132,7,17,36,1,4,8,11,4,0,0,0,0,0,0,0,PhD,Single,2013-04-09
904007,1965,56300.0,1,1,65,81,2,31,12,10,9,3,1,1,4,4,0,0,0,0,0,0,0,Basic,Single,2013-06-01
904008,1980,41600.0,1,1,0,204,27,73,14,10,8,2,4,2,6,8,0,0,0,0,0,0,0,Graduation,Together,2012-12-19
904009,1968,43200.0,2,1,54,31,0,6,0,1,0,1,1,0,3,4,0,0,0,0,0,0,0,PhD,Together,2013-07-11
904010,1960,60200.0,0,1,57,1171,9,54,0,0,28,4,7,4,4,7,0,0,0,0,0,0,0,Master,Married,2013-05-30
904011,1968,78800.0,1,1,30,627,25,206,13,57,11,8,6,3,11,7,0,0,0,0,0,0,0,PhD,Married,2013-01-12
904012,1965,86100.0,0,0,30,613,193,212,88,102,122,0,6,6,9,2,0,0,0,0,0,1,0,Graduation,Married,2014-01-09
904013,1970,19000.0,1,0,55,11,3,12,2,4,23,1,1,1,2,8,0,0,0,0,0,1,0,Graduation,Single,2014-03-21
904014,1944,72200.0,0,1,99,799,33,217,160,19,28,2,4,6,6,5,1,1,0,1,0,1,0,Graduation,Single,2013-01-04
904015,1971,94100.0,0,0,65,478,42,981,126,55,29,1,5,8,6,2,1,0,0,0,1,0,0,Graduation,Divorced,2014-06-15
904016,1955,55100.0,0,1,68,226,15,195,10,60,44,1,4,4,12,3,0,0,0,0,0,0,0,Graduation,Married,2013-04-18
904017,1974,45000.0,0,0,73,605,4,158,2,38,248,4,8,6,7,6,0,0,0,1,0,0,0,2n Cycle,Single,2013-08-24
904018,1980,46500.0,1,0,30,57,1,19,2,1,28,4,3,1,5,7,0,0,0,0,0,0,0,PhD,Married,2013-12-20
904019,1962,39600.0,1,1,0,8,2,4,0,1,5,2,1,1,3,5,0,0,0,0,0,0,0,PhD,Together,2013-09-28
904020,1948,52400.0,0,1,53,43,25,29,93,12,26,3,3,1,4,6,0,0,0,0,0,0,0,Graduation,Married,2013-11-12
904021,1972,77300.0,0,1,30,73,31,283,259,81,238,2,5,5,6,3,0,0,0,0,0,0,0,2n Cycle,Single,2013-10-20
904022,1969,29300.0,1,0,75,13,1,5,4,2,1,1,1,0,4,5,0,0,0,0,0,0,0,PhD,Together,2013-02-24
904023,1965,50800.0,1,0,63,352,68,134,35,2,19,3,8,2,8,6,0,0,0,0,0,0,0,PhD,Divorced,2012-10-19
904024,1975,28200.0,1,0,22,5,4,16,11,13,26,2,1,0,4,5,0,0,0,0,0,0,0,Master,Married,2013-10-09
904025,1964,29000.0,1,1,70,24,0,16,2,2,4,2,2,0,3,5,0,0,0,0,0,0,0,Graduation,Divorced,2013-05-03
904026,1967,23100.0,0,1,60,24,6,35,10,4,52,3,2,2,4,4,0,0,0,0,0,0,0,PhD,Together,2014-01-09
904027,1986,25700.0,2,0,55,5,3,23,14,8,11,3,4,0,3,11,0,0,0,0,0,0,0,Graduation,Widow,2014-05-29
904028,1952,40300.0,1,1,0,367,0,25,0,2,35,6,6,1,4,8,0,0,0,0,0,0,0,Graduation,Divorced,2012-10-31
904029,1965,51100.0,0,1,40,349,48,547,46,15,180,6,8,4,8,6,0,0,0,0,0,0,0,Graduation,Married,2013-05-22
904030,1993,77100.0,0,0,65,357,122,826,87,66,76,1,5,4,8,1,1,1,0,0,0,0,0,Graduation,Single,2013-09-12
904031,1979,39200.0,0,0,49,88,1,47,2,5,29,2,4,0,3,8,0,0,0,0,0,0,0,Graduation,Married,2013-08-04
904032,1957,64600.0,1,1,42,29,6,7,3,4,0,1,0,0,6,3,0,0,0,0,0,0,0,PhD,Single,2013-06-28
904033,1974,43000.0,1,1,55,161,9,76,1,0,10,5,4,1,5,8,0,0,1,1,0,0,0,Graduation,Divorced,2014-05-25
904034,1956,18100.0,1,1,64,18,2,14,4,8,27,3,4,0,2,9,0,0,0,0,0,1,0,PhD,Divorced,2012-08-16
904035,1946,100100.0,0,0,0,784,31,981,253,72,101,1,5,11,4,2,0,0,0,0,1,1,0,Graduation,Married,2012-12-02
904036,1961,53300.0,1,1,51,138,0,26,2,2,9,3,4,1,7,5,0,0,0,0,0,0,0,Graduation,Married,2014-05-07
904037,1993,77500.0,0,0,0,686,117,440,25,185,188,1,10,3,8,3,1,0,0,1,1,0,0,Graduation,Together,2013-05-29
904038,1979,35800.0,0,1,47,11,0,16,4,2,21,1,2,0,3,8,0,0,0,0,0,0,0,Master,Married,2012-11-09
904039,1975,66900.0,0,1,51,703,5,131,19,15,5,3,6,5,6,4,0,0,0,1,0,0,0,PhD,Together,2014-03-16
904040,1961,80100.0,0,1,99,1282,64,116,25,1,6,1,4,2,7,2,0,0,0,0,0,0,0,Master,Together,2013-11-05
904041,1979,21700.0,0,0,58,4,2,7,4,3,14,1,1,0,3,5,0,0,0,0,0,0,0,2n Cycle,Widow,2012-12-30
904042,1962,31700.0,1,1,48,57,40,62,31,7,11,4,4,2,3,5,0,0,0,0,0,0,0,Graduation,Single,2013-11-19
904043,1983,53700.0,1,1,17,360,14,88,3,3,21,4,7,2,9,7,0,0,0,0,0,0,0,PhD,Married,2013-12-26
904044,1957,98000.0,0,0,27,273,37,157,104,49,143,1,4,7,10,2,0,0,0,0,0,0,0,PhD,Single,2013-08-18
904045,1963,62300.0,1,1,25,1055,0,419,7,10,47,12,12,3,12,5,0,0,0,0,0,1,0,Master,Single,2013-09-16
904046,1973,36300.0,1,0,77,12,2,13,2,0,1,1,1,0,2,10,0,0,0,0,0,0,0,PhD,Married,2013-12-24
904047,1976,45500.0,0,1,95,186,36,315,170,13,43,3,4,2,5,7,0,0,0,0,0,0,0,Master,Single,2012-10-03
904048,1979,67500.0,0,0,82,476,193,135,204,3,67,2,11,2,7,9,1,0,0,0,1,1,0,Graduation,Married,2013-05-04
904049,1957,62400.0,0,1,38,445,28,240,99,18,36,3,4,3,5,5,0,0,0,0,0,0,0,Graduation,Divorced,2013-03-30
904050,1956,69600.0,0,0,0,148,78,53,24,20,41,2,3,3,10,2,0,0,0,0,0,0,0,2n Cycle,Married,2014-03-02
904051,1958,30800.0,1,0,8,33,0,11,18,0,5,2,1,1,3,5,0,0,0,0,0,0,0,Master,Together,2012-08-16
904052,1980,46600.0,1,0,60,376,4,40,2,0,27,5,9,1,6,7,0,0,0,0,0,0,0,PhD,Single,2013-06-09
904053,1986,28400.0,1,0,99,15,20,25,21,10,19,1,2,0,4,5,0,0,0,0,0,0,0,Basic,Married,2012-12-01
904054,1961,101700.0,0,0,54,552,125,730,220,65,56,0,7,8,4,1,1,0,0,1,0,0,0,PhD,Married,2014-05-01
904055,1973,40200.0,1,0,99,72,1,74,43,12,15,3,4,1,5,7,0,0,0,1,0,0,0,Master,Married,2014-05-10
904056,1952,72200.0,0,1,67,339,9,33,0,10,16,2,4,3,8,3,0,0,0,0,0,0,0,PhD,Married,2014-03-01
904057,1981,38700.0,1,1,46,27,2,15,1,4,5,2,3,0,4,6,0,0,0,0,0,0,0,Basic,Married,2013-03-31
904058,1972,40500.0,0,1,39,369,41,159,11,16,199,14,9,3,7,6,0,0,0,0,0,0,0,Master,Divorced,2013-10-26
904059,1955,66100.0,0,1,25,584,197,320,166,169,123,1,6,5,7,3,0,0,0,0,0,0,0,Graduation,Together,2013-04-12
904060,1962,105500.0,0,0,60,281,187,981,253,163,245,0,3,5,8,1,1,0,0,1,0,1,0,2n Cycle,Married,2012-08-28
904061,1960,86200.0,0,0,68,1493,7,238,7,48,34,0,7,8,9,6,1,0,0,1,1,0,0,Master,Single,2014-01-07
904062,1966,56400.0,0,1,71,407,41,557,214,38,101,2,2,5,8,1,0,0,0,0,0,0,0,Master,Single,2013-03-03
904063,1965,85300.0,0,0,79,1396,37,463,259,263,88,1,9,9,13,4,0,0,0,0,0,0,0,Graduation,Married,2014-06-09
904064,1950,53200.0,0,1,37,302,103,271,234,17,20,4,8,2,9,8,0,0,0,0,0,0,0,PhD,Single,2013-12-31
904065,1955,64900.0,0,0,80,104,3,198,221,29,79,2,6,4,6,3,0,0,0,0,0,0,0,PhD,Divorced,2012-09-03
904066,1978,80100.0,0,1,17,598,19,447,174,16,14,2,8,5,13,4,0,0,0,0,0,0,0,PhD,Widow,2014-01-08
904067,1960,49600.0,0,0,33,416,27,143,5,14,127,1,8,5,6,3,0,0,0,0,0,0,0,PhD,Married,2013-11-15
904068,1974,50700.0,1,1,20,70,0,12,1,4,2,1,2,1,3,4,0,0,0,0,0,0,0,Graduation,Single,2014-05-30
904069,1980,44900.0,1,1,41,10,0,3,0,0,0,1,0,0,3,6,0,0,0,0,0,0,0,Graduation,Married,2012-12-28
904070,1976,63500.0,0,1,61,735,2,215,22,5,94,4,3,5,5,7,0,0,0,1,0,0,0,PhD,Together,2013-10-24
904071,1952,27800.0,1,1,20,19,0,4,0,0,2,0,0,0,2,9,0,0,0,0,0,0,0,PhD,Married,2013-09-21
904072,1963,61600.0,0,0,99,175,13,173,244,66,133,1,2,3,13,1,0,0,0,0,0,0,0,Graduation,Married,2014-02-10
904073,1976,42200.0,2,0,19,7,2,6,1,1,2,2,2,0,2,5,0,0,0,0,0,1,0,Basic,Together,2014-03-13
904074,1948,41500.0,0,1,43,950,4,54,1,0,67,9,5,2,6,6,0,0,0,0,0,0,0,2n Cycle,Married,2013-02-07
904075,1973,21600.0,1,1,77,4,7,5,0,5,9,2,1,1,2,4,0,0,1,0,0,0,0,Graduation,Together,2013-06-11
904076,1965,37400.0,0,1,81,206,25,112,11,2,20,2,4,1,5,7,0,0,0,0,0,1,0,Graduation,Together,2013-12-01
904077,1978,31200.0,0,1,66,7,2,10,0,1,6,1,1,0,2,6,0,0,0,0,0,0,0,Graduation,Together,2012-09-03
904078,1980,33900.0,1,1,33,24,0,9,0,1,4,1,1,1,3,3,0,0,0,0,0,0,0,PhD,Married,2012-08-30
904079,1960,62600.0,1,0,67,3,1,3,0,3,1,1,1,0,3,5,0,0,0,0,0,0,0,PhD,Together,2014-06-25
904080,1985,35600.0,1,0,39,30,2,29,3,1,1,3,2,0,3,5,0,0,0,0,0,0,0,Graduation,Married,2013-09-21
904081,1959,21400.0,1,1,59,23,3,7,3,1,36,1,1,0,2,7,0,0,0,0,0,0,0,PhD,Widow,2014-05-29
904082,1979,76700.0,0,0,73,626,8,197,259,14,36,2,2,4,11,2,0,0,0,0,0,0,0,Graduation,Together,2012-10-20
904083,1971,13100.0,1,0,48,1,0,5,3,5,2,1,1,0,2,8,0,0,0,0,0,0,0,PhD,Married,2014-01-15
904084,1967,55900.0,0,0,21,222,48,81,6,22,23,0,1,1,6,1,0,0,0,0,0,0,0,PhD,Together,2013-10-02
904085,1988,37800.0,0,0,2,117,10,443,8,53,42,4,7,2,8,8,0,0,0,0,0,0,0,PhD,Single,2012-12-13
904086,1976,33900.0,1,0,59,49,2,19,7,7,58,2,5,1,3,6,0,0,0,0,0,0,0,2n Cycle,Married,2013-05-22
904087,1970,54500.0,1,1,53,325,20,190,11,6,45,6,6,2,12,6,0,0,0,0,0,1,0,Master,Married,2013-01-19
904088,1977,15200.0,1,0,43,1,6,13,8,4,15,1,2,0,3,9,0,0,0,0,0,0,0,Graduation,Divorced,2013-04-06
904089,1950,53200.0,0,1,50,745,197,371,259,77,57,3,8,5,13,6,0,0,0,0,0,0,0,PhD,Together,2013-04-15
904090,1987,23600.0,1,0,43,7,35,91,123,154,94,6,3,0,3,8,0,0,0,0,0,0,0,Graduation,Married,2014-06-21
904091,1984,45500.0,1,1,74,169,0,92,5,2,13,6,5,1,5,8,0,0,1,0,0,1,0,Graduation,Together,2013-04-24
904092,1971,36500.0,1,1,14,97,3,10,2,0,8,2,2,1,2,6,0,0,0,0,0,0,0,PhD,Single,2012-11-07
904093,1972,73400.0,0,1,21,930,5,114,0,7,10,2,8,2,11,9,1,0,1,0,0,0,0,2n Cycle,Married,2012-12-26
904094,1941,61900.0,0,1,35,619,19,73,49,26,28,2,10,8,8,5,1,0,0,0,1,0,0,Graduation,Married,2013-10-27
904095,1950,47900.0,1,1,17,397,46,118,46,23,36,7,5,2,5,5,0,0,0,0,0,0,0,Graduation,Single,2014-03-24
904096,1973,40600.0,2,0,34,17,0,13,2,3,5,1,1,1,2,5,0,0,0,0,0,1,0,Graduation,Married,2013-10-19
904097,1995,28600.0,1,0,13,2,1,1,0,3,8,1,0,0,2,9,0,0,0,0,0,0,0,Basic,Single,2013-10-27
904098,1977,48100.0,1,0,94,23,0,8,1,1,2,1,2,0,3,6,0,0,0,0,0,0,0,Graduation,Divorced,2014-06-27
904099,1981,38800.0,1,0,26,188,12,104,10,15,130,4,8,2,5,7,0,0,0,1,0,0,0,2n Cycle,Married,2013-03-05
904100,1952,53000.0,0,2,50,469,10,151,19,1,18,3,8,2,13,8,0,0,0,0,0,0,0,2n Cycle,Divorced,2013-03-01
904101,1966,60600.0,0,1,29,591,6,78,3,1,51,5,4,5,6,3,0,0,0,1,0,0,0,Master,Married,2013-03-27
904102,1989,68200.0,0,1,41,901,95,316,20,46,92,2,6,8,11,7,1,0,0,0,0,0,0,Graduation,Together,2012-08-26
904103,1995,64500.0,1,0,50,1366,25,112,21,10,16,2,5,3,6,3,1,0,0,1,0,0,0,Graduation,Divorced,2013-05-29
904104,1969,36200.0,0,2,93,215,4,60,18,58,125,3,4,3,6,8,0,0,0,0,0,0,0,Graduation,Divorced,2013-11-25
904105,1973,23800.0,1,1,28,61,0,9,1,2,5,3,2,1,3,6,0,0,0,0,0,0,0,Master,Married,2014-05-07
904106,1962,72500.0,0,1,16,545,31,366,75,15,14,2,7,4,9,3,0,0,0,0,0,0,0,Graduation,Single,2014-01-27
904107,1968,68000.0,0,1,0,744,7,365,118,37,33,1,10,4,6,6,0,0,0,1,1,0,0,PhD,Married,2013-01-29
904108,1977,67400.0,0,0,66,1006,122,341,31,114,40,2,11,3,13,1,1,0,1,0,0,1,0,PhD,Single,2014-02-01
904109,1972,45600.0,0,1,76,35,0,17,10,2,2,3,1,0,5,7,0,0,0,0,0,0,0,Graduation,Together,2013-03-29
904110,1950,22600.0,1,1,86,11,4,26,11,3,7,3,3,0,4,6,0,0,0,0,0,0,0,Graduation,Together,2013-02-05
904111,1974,66500.0,0,2,86,459,0,101,58,27,93,2,7,8,11,2,0,0,0,0,0,0,0,2n Cycle,Married,2014-06-14
904112,1963,59200.0,1,1,99,24,2,14,3,6,11,3,2,1,4,4,0,0,0,0,0,0,0,2n Cycle,Single,2014-04-10
904113,1983,28800.0,1,2,36,84,0,7,1,0,5,3,0,2,3,5,0,0,0,0,0,0,0,2n Cycle,Together,2013-05-24
904114,1977,42600.0,0,1,90,16,4,7,3,2,10,2,1,1,4,4,0,0,0,0,0,0,0,Master,Divorced,2014-04-23
904115,1979,34700.0,1,1,34,9,4,8,3,2,16,2,1,0,4,5,0,0,0,0,0,1,0,PhD,Married,2013-11-13
904116,1950,57800.0,0,1,39,328,38,248,72,19,22,2,3,10,12,3,0,0,0,0,0,0,0,Graduation,Together,2013-07-01
904117,1955,33100.0,0,1,0,524,5,98,28,4,22,7,7,4,7,6,0,0,0,0,0,0,0,Master,Together,2012-10-08
904118,1982,42900.0,0,1,36,38,0,6,0,2,5,1,1,0,4,5,0,0,0,0,0,0,0,PhD,Together,2013-03-28
904119,1966,71000.0,0,1,63,1076,15,550,56,5,81,2,4,3,6,3,0,0,0,0,1,0,0,PhD,Married,2014-01-06
904120,1964,56700.0,0,1,63,375,13,309,27,17,89,4,6,3,5,9,1,0,0,0,1,1,0,Graduation,Married,2014-06-07
904121,1969,23600.0,2,1,55,7,2,5,5,2,8,3,1,0,4,6,0,0,0,0,0,0,0,Master,Together,2013-09-03
904122,1973,19200.0,1,0,86,5,2,9,8,1,17,1,2,0,3,6,0,0,0,0,0,0,0,PhD,Married,2013-11-04
904123,1967,29200.0,1,1,21,172,0,24,2,0,97,2,5,1,3,7,0,0,0,0,0,0,0,PhD,Divorced,2012-10-23
904124,1949,70000.0,0,0,13,139,197,123,83,59,33,2,3,3,9,2,0,0,0,0,0,0,0,PhD,Divorced,2013-06-16
904125,1970,43500.0,1,1,59,114,0,49,4,1,56,5,5,1,7,6,0,0,0,0,0,0,0,2n Cycle,Single,2013-07-18
904126,1987,42200.0,2,1,99,109,25,33,3,3,2,4,5,1,5,6,0,0,0,0,0,1,0,Graduation,Divorced,2013-01-14
904127,1990,78100.0,1,1,73,668,60,353,47,75,12,12,11,4,11,9,0,0,0,0,0,0,0,Graduation,Married,2014-01-14
904128,1967,49600.0,1,1,0,222,0,16,0,0,15,6,3,2,3,8,0,0,0,0,0,0,0,Master,Together,2013-12-17
904129,1982,41800.0,0,1,37,137,56,91,11,12,18,2,4,1,13,3,0,0,0,0,0,0,0,Graduation,Single,2013-04-27
904130,1971,37100.0,1,1,31,33,2,7,2,3,5,2,1,1,4,4,0,0,0,0,0,0,0,Basic,Divorced,2014-06-14
904131,1974,34100.0,0,0,61,6,5,31,30,12,4,1,2,0,4,7,0,0,1,0,0,0,0,Basic,Married,2014-02-08
904132,1977,59600.0,0,0,60,376,197,1006,81,74,31,3,2,5,12,2,0,0,0,0,0,0,0,Master,Married,2012-10-19
904133,1968,65200.0,0,1,21,212,6,303,33,9,14,5,3,6,6,5,0,0,0,0,0,0,0,PhD,Together,2013-03-04
904134,1964,59500.0,0,0,46,168,192,208,42,68,92,1,2,2,6,1,0,0,0,0,0,0,0,Graduation,Single,2013-01-26
904135,1966,37700.0,1,0,28,122,13,62,1,0,68,3,6,1,3,8,0,0,1,0,0,0,0,Graduation,Divorced,2013-06-15
904136,1966,97900.0,0,0,26,590,107,617,68,28,46,0,7,7,5,1,0,0,1,0,0,1,0,Graduation,Together,2014-02-12
904137,1950,73600.0,0,1,43,284,193,771,253,47,92,2,6,11,9,2,1,1,1,0,1,0,0,PhD,Married,2013-07-27
904138,1966,59600.0,0,1,61,476,8,58,1,0,10,2,6,3,4,9,0,0,0,0,0,0,0,Graduation,Married,2014-05-16
904139,1962,59100.0,0,0,8,1181,6,605,1,5,1,2,9,4,10,6,0,0,1,0,0,1,0,Master,Married,2014-04-20
904140,1969,10500.0,0,0,25,29,7,17,2,2,26,3,3,1,3,6,0,0,0,0,0,0,0,Graduation,Married,2013-11-08
904141,1966,86800.0,0,0,45,685,17,270,3,7,11,0,3,5,8,2,0,0,0,1,0,1,0,Graduation,Single,2014-06-23
904142,1969,22300.0,1,0,89,4,0,10,3,3,2,2,2,0,2,9,0,0,1,0,0,1,0,Graduation,Married,2013-11-10
904143,1980,56000.0,1,0,21,150,11,311,127,3,217,3,2,3,7,2,0,0,0,0,0,0,0,PhD,Married,2013-06-05
904144,1950,74100.0,0,1,90,1367,6,310,64,17,16,2,6,3,8,4,1,0,0,0,1,0,0,Graduation,Widow,2013-06-22
904145,1967,45600.0,0,1,36,517,19,292,95,40,23,4,7,6,13,7,0,0,0,0,0,0,0,PhD,Married,2013-05-27
904146,1947,60600.0,0,2,11,360,0,100,2,3,19,1,5,3,6,5,0,0,1,0,0,0,0,Graduation,Married,2012-12-20
904147,1988,24000.0,1,0,68,31,9,7,16,3,11,2,2,1,3,8,0,0,0,0,0,0,0,Graduation,Married,2013-09-15
904148,1964,51800.0,0,2,36,165,2,11,0,0,17,3,8,1,3,5,0,0,0,0,0,0,0,PhD,Single,2014-01-27
904149,1976,49500.0,0,1,35,506,9,178,0,6,24,3,6,2,4,8,1,0,0,0,1,0,0,PhD,Together,2012-10-19
904150,1963,76200.0,0,1,82,1022,44,463,46,57,39,1,5,8,9,2,0,0,0,0,0,0,0,Graduation,Together,2013-10-15
904151,1955,72200.0,0,0,67,708,130,1045,259,109,164,1,5,5,7,1,0,0,0,0,0,0,0,Graduation,Single,2013-07-20
904152,1970,86400.0,0,0,48,303,9,857,50,55,42,1,2,17,6,2,0,0,0,0,0,0,0,PhD,Married,2014-06-22
904153,1969,52200.0,0,0,11,121,42,249,105,61,33,3,1,6,4,1,0,0,0,0,0,0,0,Graduation,Together,2014-02-21
904154,1965,81700.0,0,0,84,272,24,110,79,15,34,1,4,3,13,1,0,0,0,0,0,0,0,Master,Single,2013-11-24
904155,1964,26600.0,1,0,20,29,5,27,1,2,31,4,3,0,3,10,0,0,0,0,0,0,0,2n Cycle,Married,2013-10-03
904156,1981,56300.0,0,1,99,118,6,61,9,2,12,3,3,4,4,4,0,0,0,0,0,0,0,Graduation,Married,2013-10-20
904157,1968,40400.0,0,0,66,10,1,4,0,1,2,1,1,0,4,7,0,0,0,0,0,1,0,PhD,Divorced,2013-10-15
904158,1970,88400.0,0,1,83,1029,3,844,62,75,33,1,8,6,12,4,0,0,0,0,0,0,0,Graduation,Married,2013-06-29
904159,1963,37100.0,0,0,90,119,1,71,35,5,21,4,6,2,6,6,0,0,0,0,0,0,0,2n Cycle,Together,2012-09-09
904160,1987,24800.0,0,0,92,1,1,3,1,6,4,0,1,0,3,7,0,0,0,0,0,1,0,Graduation,Divorced,2013-12-11
904161,1960,25000.0,1,1,94,9,4,4,6,3,2,3,1,1,3,3,0,0,0,0,0,0,0,Graduation,Married,2013-10-05
904162,1974,73900.0,0,0,42,1343,34,275,21,16,52,0,5,5,8,2,0,0,0,0,0,1,0,Graduation,Single,2013-03-12
904163,1982,37300.0,1,0,89,3,5,38,11,6,11,1,1,0,2,7,0,0,0,0,0,0,0,PhD,Married,2013-04-04
904164,1970,60300.0,0,1,19,593,103,155,139,12,362,3,5,11,5,3,0,0,0,0,0,0,0,PhD,Together,2012-08-29
904165,1944,41900.0,1,1,39,123,11,44,5,28,60,4,4,1,5,6,0,0,0,0,0,0,0,2n Cycle,Together,2013-10-07
904166,1961,23500.0,0,0,52,28,5,18,7,4,36,2,3,1,3,7,0,0,0,0,0,0,0,Graduation,Married,2012-10-24
904167,1956,55000.0,0,0,0,1493,28,490,9,9,28,3,8,3,6,5,0,0,0,0,0,1,0,Graduation,Single,2013-04-15
904168,1976,55900.0,0,0,99,109,27,86,18,96,32,2,4,3,4,3,0,0,0,0,0,0,0,Graduation,Married,2013-08-12
904169,1968,58800.0,1,0,81,246,10,248,14,3,112,2,9,3,8,5,0,0,0,0,0,0,0,Graduation,Married,2012-10-31
904170,1962,45000.0,0,1,99,194,10,113,71,12,186,6,7,3,6,8,0,0,0,1,0,0,0,Graduation,Married,2013-07-20
904171,1978,54800.0,0,0,41,351,130,491,44,7,29,3,5,3,13,2,0,0,0,0,0,0,0,Master,Married,2014-03-20
904172,1993,18300.0,1,0,77,9,10,9,1,1,10,1,1,0,2,11,0,0,0,0,0,0,0,Graduation,Divorced,2012-09-30
904173,1960,72000.0,1,1,42,333,11,149,10,56,30,9,4,1,12,5,0,0,0,0,0,0,0,Graduation,Single,2012-11-10
904174,1972,29700.0,2,0,78,16,5,11,2,3,12,1,2,0,2,8,0,0,0,0,0,0,0,PhD,Single,2012-09-14
904175,1955,50700.0,0,1,58,486,28,185,41,7,62,2,5,4,13,3,0,0,0,0,0,0,0,Graduation,Married,2013-12-29
904176,1993,29500.0,1,0,33,4,1,5,7,0,8,2,1,0,3,5,0,0,0,0,0,0,0,Graduation,Divorced,2013-09-02
904177,1970,79800.0,0,0,77,686,11,981,4,14,22,2,3,3,6,1,1,1,0,1,1,1,0,PhD,Divorced,2013-05-06
904178,1976,49600.0,1,0,0,77,29,48,47,4,40,3,2,1,5,7,0,0,0,0,0,0,0,Master,Together,2013-09-05
904179,1971,72100.0,0,0,34,668,109,574,253,198,143,1,3,8,5,4,0,1,0,0,0,0,0,Graduation,Married,2013-10-19
904180,1967,33000.0,1,0,53,6,0,3,1,3,1,0,1,0,2,8,0,0,1,0,0,0,0,Graduation,Married,2012-08-21
904181,1975,15800.0,1,0,15,2,1,2,2,4,11,1,1,0,3,5,0,0,0,0,0,0,0,2n Cycle,Together,2012-12-10
904182,1981,35700.0,1,0,38,127,1,18,1,0,2,4,2,0,4,7,0,0,0,0,0,0,0,Graduation,Married,2012-11-03
904183,1965,67100.0,1,1,8,1083,9,110,39,1,62,6,10,3,13,6,0,0,0,0,1,1,0,Master,Divorced,2013-08-02
904184,1979,62300.0,0,0,82,113,8,78,26,27,51,3,3,5,4,1,0,0,0,0,0,0,0,Master,Married,2013-02-26
904185,1976,92500.0,0,0,14,364,178,981,68,198,48,0,5,7,5,1,1,0,0,0,1,1,0,2n Cycle,Divorced,2013-11-06
904186,1964,67000.0,0,1,26,540,197,309,259,263,103,1,10,6,12,4,0,0,0,0,0,0,0,PhD,Single,2012-12-16
904187,1973,35300.0,0,1,77,84,3,28,0,37,13,1,3,2,5,5,0,0,0,0,0,0,0,Graduation,Single,2013-02-08
904188,1961,49700.0,0,1,66,75,0,13,0,1,2,1,1,1,3,4,0,0,0,0,0,0,0,Graduation,Married,2013-07-18
904189,1972,29600.0,1,0,31,42,14,118,26,3,84,3,5,1,4,5,0,0,1,0,0,1,0,Graduation,Married,2014-02-26
904190,1955,69300.0,1,1,27,426,10,115,14,11,50,6,6,4,8,6,0,0,0,0,0,0,0,Graduation,Single,2013-08-31
904191,1965,46400.0,1,1,50,171,3,87,12,20,12,2,7,1,5,6,0,0,0,0,0,0,0,Master,Married,2013-01-26
904192,1956,41700.0,1,1,99,13,3,7,1,1,4,0,1,0,2,6,0,0,0,0,0,0,0,Graduation,Married,2013-10-17
904193,1948,78300.0,0,1,0,815,9,329,6,3,119,1,7,5,9,4,1,0,1,0,0,1,0,Graduation,Widow,2013-07-01
904194,1958,52800.0,1,1,25,44,1,13,0,1,4,2,1,0,4,7,0,0,0,0,0,0,0,Graduation,Single,2013-05-13
904195,1964,95000.0,0,0,85,947,191,981,253,198,27,0,6,11,13,3,0,0,0,0,0,0,0,Graduation,Married,2013-06-17
904196,1980,68800.0,0,0,32,94,197,825,259,14,46,0,1,7,5,0,0,0,0,0,0,0,0,Master,Married,2013-03-01
904197,1947,47800.0,0,1,68,49,2,59,17,5,19,3,3,1,4,7,0,0,0,0,0,0,0,Graduation,Divorced,2014-02-25
904198,1969,79100.0,0,1,82,345,24,62,48,1,45,3,10,2,9,5,0,0,0,0,0,0,0,Graduation,Married,2012-08-11
904199,1973,87400.0,0,0,92,1024,7,222,153,5,6,0,8,8,9,3,1,0,0,1,1,1,0,PhD,Single,2013-11-22
904200,1993,27300.0,1,0,60,12,2,8,1,1,4,2,2,1,3,7,0,0,0,0,0,0,0,PhD,Together,2013-01-11
904201,1967,46400.0,0,1,32,628,8,83,14,1,100,2,9,3,4,10,0,0,0,0,0,0,0,Graduation,Married,2012-11-14
904202,1995,72800.0,1,0,73,94,22,58,89,23,22,1,2,1,8,1,0,0,0,0,0,0,0,PhD,Divorced,2013-08-04
904203,1977,74300.0,0,0,0,509,18,400,18,25,42,0,3,6,5,1,0,0,1,0,1,1,0,Graduation,Married,2013-10-03
904204,1971,85100.0,0,0,37,742,16,677,253,68,42,1,3,8,13,1,0,0,0,0,1,1,0,Graduation,Married,2013-02-02
904205,1977,31300.0,1,0,28,22,3,25,5,5,3,2,2,0,3,6,0,0,0,0,0,1,0,2n Cycle,Together,2012-09-14
904206,1963,99400.0,0,2,49,725,67,151,31,41,36,2,5,4,12,3,0,0,0,0,0,0,0,Graduation,Single,2014-06-12
904207,1952,58100.0,1,1,46,57,2,11,1,3,1,2,1,1,3,6,0,0,0,0,0,0,0,Graduation,Married,2013-06-13
904208,1959,66300.0,0,1,91,754,20,173,28,56,47,2,4,4,4,3,0,0,1,1,0,0,0,Graduation,Together,2012-11-14
904209,1956,67800.0,0,0,85,1396,197,1289,259,64,124,0,12,15,12,3,0,0,0,0,0,0,0,Graduation,Single,2014-02-18
904210,1991,26700.0,1,0,54,0,15,9,14,9,8,2,1,0,3,6,0,0,1,0,0,0,0,Master,Divorced,2014-02-17
904211,1961,58000.0,1,1,13,17,5,10,6,1,5,2,1,0,3,7,0,0,1,0,0,0,0,Graduation,Married,2014-01-29
904212,1986,13900.0,1,0,31,5,3,4,0,6,28,2,2,1,1,11,0,0,0,0,0,0,0,Graduation,Together,2014-04-18
904213,1969,81600.0,0,0,13,380,58,320,253,39,18,1,6,6,6,4,1,0,1,0,0,1,0,Graduation,Together,2013-06-27
904214,1977,68700.0,0,0,99,1396,55,413,46,263,246,3,11,2,13,4,0,0,0,0,0,0,0,Graduation,Married,2012-10-19
904215,1966,41400.0,1,1,91,9,0,5,0,2,0,2,1,0,3,6,0,0,0,0,0,0,0,2n Cycle,Single,2013-07-28
904216,1967,54400.0,0,1,39,35,3,27,7,3,6,2,2,0,3,7,0,0,0,0,0,0,0,PhD,Married,2012-11-29
904217,1966,56900.0,0,0,59,301,70,715,33,26,5,3,4,7,7,2,0,0,0,0,0,0,0,Graduation,Single,2013-01-14
904218,1981,64600.0,1,1,99,27,3,52,5,3,9,3,1,1,3,7,0,0,0,0,0,0,0,Graduation,Together,2013-08-31
904219,1981,43000.0,1,1,27,156,28,186,22,5,28,5,7,1,8,8,0,0,0,0,0,0,0,Master,Married,2012-12-03
904220,1965,55400.0,0,0,84,327,41,150,59,32,7,0,5,1,8,2,0,0,0,0,0,0,0,PhD,Married,2013-03-10
904221,1958,21700.0,0,1,21,60,1,5,0,2,28,2,1,1,3,5,0,0,0,0,0,0,0,PhD,Single,2014-06-25
904222,1963,59300.0,1,1,40,355,1,37,5,0,14,4,8,2,5,6,0,0,0,0,0,0,0,2n Cycle,Single,2014-05-20
904223,1963,48400.0,1,1,51,28,0,5,2,0,3,2,1,0,3,7,0,0,0,0,0,0,0,PhD,Single,2013-08-08
904224,1978,37500.0,0,0,86,75,181,69,70,36,74,2,4,0,4,8,0,0,0,0,0,1,0,Graduation,Together,2012-11-10
904225,1977,24800.0,1,1,99,12,0,15,9,1,31,2,1,0,4,6,0,0,0,0,0,0,0,Master,Divorced,2013-05-06
904226,1964,61100.0,0,0,62,1123,197,287,259,51,362,3,9,5,12,6,0,0,0,0,0,0,0,2n Cycle,Single,2014-06-17
904227,1965,42300.0,0,1,91,193,8,16,3,4,36,1,4,2,5,5,0,0,0,0,0,0,0,PhD,Married,2013-11-05
904228,1972,38300.0,2,0,21,181,39,125,74,96,69,13,5,2,6,9,0,0,0,0,0,0,0,Master,Together,2012-09-18
904229,1957,45500.0,0,0,29,531,3,246,27,17,69,3,6,4,8,6,0,0,0,0,0,0,0,Master,Married,2013-07-21
904230,1959,64600.0,1,1,29,30,1,6,1,0,3,1,1,0,3,5,0,0,0,0,0,0,0,2n Cycle,Married,2012-11-14
904231,1952,65400.0,0,0,75,166,2,314,31,27,34,0,2,5,7,1,0,0,0,0,0,0,0,Graduation,Widow,2012-11-27
904232,1958,25800.0,1,1,0,13,0,9,1,2,2,3,3,0,2,8,0,0,0,0,0,0,0,Graduation,Divorced,2014-04-04
904233,1975,28000.0,1,1,55,15,10,20,4,15,6,3,1,1,3,5,0,0,0,0,0,0,0,PhD,Divorced,2012-11-11
904234,1965,24200.0,1,1,22,32,1,8,2,0,2,2,1,1,3,5,0,0,0,0,0,0,0,Graduation,Divorced,2014-04-20
904235,1966,63900.0,0,0,68,330,16,133,10,5,72,2,6,7,5,3,0,0,0,0,0,1,0,Graduation,Married,2013-03-04
904236,1977,80500.0,0,0,60,866,45,605,89,14,13,1,5,4,10,4,0,0,0,1,1,1,0,Graduation,Single,2012-08-16
904237,1981,26300.0,1,0,15,102,26,144,26,5,81,2,6,3,4,6,0,0,0,0,0,0,0,Graduation,Widow,2013-02-23
904238,1968,79100.0,0,1,62,115,2,10,17,2,5,1,4,1,3,7,0,0,0,0,0,0,0,Graduation,Married,2012-10-09
904239,1967,65800.0,0,0,6,406,11,528,120,3,12,1,5,7,6,5,1,0,0,0,1,1,0,Graduation,Married,2012-09-28
904240,1983,39400.0,0,1,43,321,2,53,8,0,89,2,7,1,5,8,0,0,0,0,0,1,0,PhD,Divorced,2013-03-15
904241,1985,47900.0,1,1,26,156,2,62,4,2,118,2,5,1,5,6,0,0,0,1,0,1,0,Master,Married,2013-07-22
904242,1955,26700.0,1,1,36,14,2,15,0,2,4,4,3,0,4,4,0,0,0,0,0,0,0,2n Cycle,Married,2012-11-14
904243,1976,14400.0,0,0,17,2,5,13,10,10,36,1,2,0,3,10,0,0,0,0,0,0,0,PhD,Married,2013-05-13
904244,1949,137500.0,0,1,63,919,10,180,3,20,75,0,5,4,13,3,0,0,0,0,0,0,0,Master,Married,2012-12-15
904245,1960,29800.0,1,1,18,7,0,5,4,1,8,1,2,0,2,6,0,0,0,0,0,1,0,Basic,Together,2013-08-24
904246,1991,13200.0,1,0,29,0,3,5,5,3,5,1,2,0,2,9,0,0,1,0,0,0,0,2n Cycle,Married,2013-05-02
904247,1986,12600.0,0,0,33,5,1,21,6,3,38,2,2,0,3,7,0,0,0,0,0,1,0,PhD,Married,2012-10-31
904248,1972,56500.0,0,0,68,124,171,101,56,10,99,3,2,4,3,2,0,0,0,0,0,0,0,Graduation,Divorced,2014-05-07
904249,1965,41700.0,0,1,50,216,2,33,7,3,32,4,6,2,4,9,0,0,0,0,0,0,0,2n Cycle,Single,2014-06-20
904250,1968,37200.0,0,0,70,24,0,13,0,0,1,1,1,0,3,4,0,0,0,0,0,0,0,Master,Together,2014-01-03
904251,1969,87000.0,0,0,64,1493,21,274,7,17,58,1,11,5,9,5,1,0,0,0,0,0,0,Graduation,Single,2013-04-15
904252,1971,66100.0,0,0,5,344,10,318,57,5,58,1,3,4,6,2,0,0,1,0,0,1,0,PhD,Widow,2013-10-12
904253,1955,32100.0,1,1,82,122,1,100,50,9,107,2,7,1,3,6,0,0,0,0,0,0,0,Graduation,Single,2012-11-12
904254,1983,52600.0,1,1,0,186,13,48,6,12,66,6,8,2,6,7,0,0,0,0,0,0,0,Graduation,Widow,2013-12-06
904255,1940,68100.0,1,1,69,183,2,10,0,0,11,4,3,1,4,10,0,0,0,0,0,0,0,Graduation,Married,2013-10-06
904256,1967,37100.0,1,1,76,108,16,60,33,27,15,5,2,2,4,10,0,0,0,0,0,0,0,PhD,Single,2013-09-27
904257,1976,52800.0,0,1,19,184,119,308,259,13,208,2,8,5,6,3,0,0,0,0,0,0,0,Graduation,Single,2014-03-23
904258,1976,33500.0,0,0,7,33,1,15,2,2,12,1,1,1,3,6,0,0,0,0,0,0,0,PhD,Married,2013-05-31
904259,1969,70600.0,0,1,65,787,17,258,253,10,110,2,3,8,7,1,1,0,0,0,0,0,0,2n Cycle,Married,2013-03-28
904260,1945,69300.0,0,2,46,669,1,60,1,3,6,2,12,2,6,7,0,0,0,0,0,0,0,Master,Together,2012-12-21
904261,1969,73200.0,0,0,9,523,193,630,32,7,240,1,5,8,3,2,1,0,0,0,0,1,0,Master,Together,2012-12-08
904262,1967,57000.0,1,1,40,288,167,175,76,263,41,4,6,10,5,2,0,0,0,0,0,0,0,Master,Married,2013-06-18
904263,1957,51400.0,0,1,71,307,11,137,160,46,29,1,9,7,7,2,0,0,0,0,0,0,0,PhD,Together,2014-01-05
904264,1968,31300.0,1,0,95,6,3,7,9,2,2,2,1,0,3,4,0,0,0,0,0,0,0,Basic,Married,2014-04-16
904265,1977,87400.0,0,0,52,87,46,135,9,53,17,1,3,1,10,2,0,0,0,0,0,0,0,Graduation,Together,2012-10-29
904266,1991,54500.0,1,0,18,18,4,18,2,3,5,1,2,0,4,6,0,0,0,0,0,0,0,Master,Divorced,2013-02-09
904267,1962,32500.0,1,0,89,18,1,11,5,2,6,1,0,0,2,4,0,0,0,0,0,0,0,Graduation,Married,2013-10-10
904268,1975,77100.0,0,0,58,825,5,285,24,43,29,1,5,4,5,4,0,0,0,1,0,1,0,Master,Married,2013-11-26
904269,1972,34800.0,1,1,31,10,0,1,0,0,0,1,2,0,3,4,0,0,0,0,0,0,0,2n Cycle,Married,2014-02-07
904270,1973,42500.0,1,0,0,17,7,16,3,6,30,1,2,1,2,7,0,0,0,0,0,0,0,Graduation,Divorced,2014-01-30
904271,1969,77100.0,0,0,83,213,38,111,34,18,14,0,2,3,5,2,0,0,0,0,0,0,0,2n Cycle,Married,2012-10-25
904272,1965,27500.0,1,1,84,5,1,2,3,1,5,2,1,0,2,7,0,0,0,0,0,1,0,Basic,Together,2012-10-09
904273,1971,49400.0,1,0,55,118,23,111,23,2,83,7,8,5,3,11,0,0,0,0,0,0,0,Graduation,Married,2014-01-21
904274,1971,39500.0,1,1,51,105,38,163,55,26,45,7,4,1,5,8,0,0,0,0,0,1,0,PhD,Widow,2014-04-25
904275,1977,35200.0,1,1,20,33,3,16,1,10,11,4,2,0,4,8,0,0,0,0,0,0,0,Graduation,Single,2013-04-17
904276,1982,80200.0,0,0,3,753,7,78,13,7,117,1,6,3,5,6,0,0,0,0,0,0,0,PhD,Divorced,2013-11-14
904277,1956,70100.0,1,1,94,356,0,23,0,0,12,5,5,1,10,6,0,0,0,0,0,0,0,PhD,Together,2013-05-07
904278,1977,16600.0,0,0,99,5,1,19,10,22,41,2,2,0,2,9,0,0,0,0,0,0,0,Graduation,Married,2013-03-30
904279,1963,24000.0,1,1,46,73,6,43,1,4,52,4,3,2,4,8,0,0,0,0,0,0,0,Master,Single,2012-09-04
904280,1947,47500.0,1,1,40,78,0,8,0,0,1,2,2,0,2,7,0,0,0,0,0,0,0,Basic,Married,2013-07-07
904281,1965,68600.0,1,1,12,203,54,102,26,29,10,5,7,2,12,5,0,0,0,0,0,0,0,Graduation,Married,2014-01-07
904282,1957,56600.0,0,2,81,1123,79,463,43,77,38,4,7,11,13,5,0,0,0,0,0,0,0,Graduation,Single,2012-12-22
904283,1961,32800.0,1,0,56,37,5,48,4,13,15,2,1,1,4,7,0,0,0,0,0,0,0,PhD,Divorced,2013-02-02
904284,1971,34100.0,1,1,51,19,0,19,39,3,1,3,2,1,4,5,0,0,0,0,0,0,0,Graduation,Married,2014-03-07
904285,1972,56800.0,1,1,33,155,2,49,5,2,9,4,2,2,3,6,0,0,0,0,0,1,0,Graduation,Married,2013-11-07
904286,1958,56200.0,0,0,99,369,30,106,7,5,11,2,8,2,6,8,0,0,0,0,0,0,0,Master,Together,2013-07-28
904287,1969,62600.0,1,1,20,19,1,10,7,4,3,2,1,0,2,5,0,0,1,0,0,0,0,Graduation,Single,2013-04-29
904288,1972,49200.0,0,1,45,110,29,76,50,12,213,2,6,2,7,5,0,0,0,1,0,0,0,PhD,Single,2014-04-15
904289,1982,58400.0,1,0,35,615,11,294,68,9,36,1,5,6,11,4,0,0,0,0,0,0,0,Graduation,Single,2013-10-16
904290,1964,44200.0,2,1,57,21,3,19,1,4,12,3,2,0,5,5,0,0,0,0,0,0,0,Graduation,Married,2014-05-22
904291,1950,61600.0,0,1,57,671,5,127,3,13,28,2,5,2,6,2,0,0,0,0,0,0,0,Graduation,Married,2012-10-20
904292,1957,39100.0,2,1,7,49,0,11,1,1,2,1,1,0,3,5,0,0,1,0,0,0,0,Graduation,Married,2013-07-12
904293,1959,69700.0,0,1,68,1396,37,694,79,52,101,3,8,6,13,8,0,0,0,0,0,0,1,2n Cycle,Divorced,2013-09-13
904294,1993,27900.0,1,0,5,2,1,3,3,12,1,2,1,0,4,5,0,0,0,0,0,0,0,Graduation,Married,2013-11-21
904295,1961,38400.0,0,1,45,306,15,104,13,19,40,3,9,1,7,6,0,0,0,0,0,0,0,Master,Married,2014-01-02
904296,1941,105500.0,0,0,99,716,39,152,106,49,157,1,5,10,12,1,0,0,0,0,1,0,0,PhD,Married,2013-05-10
904297,1962,39900.0,1,0,24,101,9,29,11,2,17,2,4,0,3,6,0,0,0,1,0,0,0,PhD,Together,2013-06-11
904298,1950,32600.0,1,1,53,20,0,4,0,0,24,3,2,0,3,8,0,0,0,0,0,1,0,Graduation,Married,2012-09-03
904299,1955,32900.0,0,1,85,124,0,12,7,4,55,2,3,1,2,5,0,0,0,0,0,0,0,Graduation,Together,2014-03-20
904300,1966,79100.0,0,0,77,1153,2,376,10,3,34,1,2,7,7,3,0,0,0,0,0,1,0,PhD,Together,2013-03-13
904301,1979,20200.0,0,0,12,11,8,10,20,8,12,2,2,0,3,7,0,0,0,0,0,0,0,Graduation,Married,2012-09-21
904302,1965,58100.0,0,0,74,215,10,37,14,48,4,1,3,3,8,1,0,0,0,0,0,0,0,Graduation,Together,2012-08-26
904303,1987,16500.0,1,0,61,2,10,8,25,6,7,2,2,0,2,7,0,0,0,0,0,0,0,2n Cycle,Divorced,2013-07-06
904304,1969,67200.0,0,0,99,517,84,535,96,13,25,1,2,5,6,1,0,0,0,0,0,0,0,PhD,Divorced,2013-01-22
904305,1967,62200.0,0,1,21,141,0,20,2,0,0,1,1,0,3,5,0,0,0,0,0,0,0,Graduation,Together,2013-02-24
904306,1975,48500.0,0,0,39,475,38,318,27,69,90,4,14,3,6,7,0,0,0,0,0,0,0,Graduation,Married,2013-06-17
904307,1950,50800.0,1,1,59,405,7,91,13,21,100,8,8,3,7,9,0,0,0,0,0,0,0,Graduation,Single,2013-05-05
904308,1963,36200.0,0,1,74,97,1,43,0,10,314,3,10,1,4,8,0,0,0,1,0,0,0,Graduation,Together,2013-09-26
904309,1964,72900.0,0,1,29,763,19,240,10,33,61,2,7,4,5,7,1,0,0,0,0,1,0,PhD,Married,2013-02-13
904310,1958,69000.0,0,1,18,208,13,71,259,10,6,1,3,2,9,2,0,0,0,0,0,0,0,Graduation,Together,2013-07-09
904311,1968,78000.0,0,0,42,785,47,255,173,37,16,1,4,11,10,3,1,0,0,0,0,1,0,2n Cycle,Together,2013-06-24
904312,1978,67700.0,1,2,48,234,4,41,5,31,9,5,3,2,7,3,0,0,0,0,0,0,0,2n Cycle,Divorced,2013-01-13
904313,1964,37400.0,1,1,12,157,5,38,1,2,9,6,4,2,3,7,0,0,0,0,0,1,0,Graduation,Together,2013-05-29
904314,1981,37100.0,1,0,34,12,2,4,2,2,7,1,1,0,2,5,0,0,0,1,0,0,0,Master,Together,2014-06-27
904315,1965,101600.0,1,0,22,737,124,580,14,4,7,1,5,3,5,2,0,0,0,0,0,0,0,Graduation,Together,2013-10-08
904316,1963,51300.0,1,1,53,38,1,29,1,1,8,1,1,0,4,4,0,0,0,0,0,1,0,Master,Single,2013-05-10
904317,1949,60300.0,0,1,70,651,197,620,98,120,362,3,6,8,7,4,0,0,0,0,0,0,0,Graduation,Single,2012-10-01
904318,1970,62500.0,0,1,23,524,4,116,10,7,57,10,6,4,7,6,0,0,0,0,0,0,0,PhD,Married,2012-10-02
904319,1970,33700.0,1,0,59,4,6,7,7,2,2,1,1,0,3,5,0,0,0,0,0,0,0,Basic,Together,2012-09-02
904320,1968,74100.0,0,0,70,531,25,1126,249,103,362,0,2,5,5,1,0,0,0,0,0,0,0,Graduation,Together,2014-06-21
904321,1966,74700.0,0,0,84,1087,22,363,167,198,7,1,3,4,6,2,0,0,0,0,1,0,0,Graduation,Divorced,2014-05-21
904322,1966,84100.0,0,0,46,391,84,681,36,57,187,2,6,8,7,6,1,1,1,1,0,1,0,Master,Together,2013-02-27
904323,1993,126700.0,0,0,98,579,197,1441,259,116,131,2,4,11,8,1,0,0,0,0,0,0,0,Graduation,Married,2014-02-10
904324,1992,88900.0,0,0,53,1064,55,564,13,60,13,1,6,6,9,2,0,0,0,1,0,0,0,PhD,Widow,2014-05-09
904325,1966,52500.0,1,0,20,73,3,33,9,1,10,3,3,1,4,6,0,0,0,0,0,0,0,Graduation,Single,2013-09-20
904326,1969,82900.0,0,0,23,732,45,580,21,12,101,0,8,4,9,2,1,0,0,0,0,0,0,Graduation,Together,2013-07-28
904327,1974,16800.0,1,0,29,3,3,2,1,6,4,1,1,0,2,6,0,0,0,0,0,0,0,PhD,Divorced,2013-08-30
904328,1961,58900.0,0,1,99,833,43,195,5,1,22,3,9,11,11,5,0,0,0,0,0,0,0,Graduation,Together,2012-12-13
904329,1970,16300.0,0,0,66,9,6,21,4,7,2,3,2,0,4,7,0,0,0,0,0,0,0,Graduation,Married,2013-02-17
904330,1966,34300.0,2,0,75,44,0,12,0,2,0,1,1,0,2,5,0,0,0,0,0,0,0,PhD,Single,2012-12-21
904331,1980,96700.0,0,0,0,131,197,383,141,57,53,2,1,6,7,0,0,0,0,0,0,0,0,Graduation,Together,2013-03-22
904332,1988,73300.0,0,0,67,579,20,129,259,16,51,0,6,4,11,2,0,0,0,0,0,0,0,Graduation,Together,2013-10-08
904333,1957,55600.0,0,1,99,744,199,178,59,20,18,4,7,3,7,8,0,0,0,0,0,0,0,Graduation,Single,2013-12-12
904334,1943,74700.0,0,1,89,301,29,147,21,54,45,1,4,5,11,3,0,0,0,0,0,0,0,Master,Single,2013-09-13
904335,1965,30800.0,1,1,63,16,2,8,0,8,15,2,2,0,4,6,0,0,0,0,0,0,0,PhD,Married,2014-03-04
904336,1976,56500.0,1,0,95,242,52,447,118,66,15,3,7,3,11,7,0,0,0,0,0,0,0,Master,Married,2013-04-07
904337,1961,79100.0,1,2,3,759,6,18,1,0,22,5,5,2,4,10,0,0,0,0,0,0,0,Graduation,Together,2013-10-31
904338,1978,38700.0,0,0,31,5,4,7,7,3,8,1,1,0,3,5,0,0,0,0,0,0,0,Graduation,Married,2013-05-22
904339,1969,39200.0,0,1,34,5,1,2,5,2,17,1,1,0,3,4,0,0,0,0,0,0,0,2n Cycle,Single,2012-12-23
904340,1959,96100.0,1,0,86,879,197,280,61,14,50,2,5,9,13,5,0,0,0,0,0,0,0,Master,Divorced,2013-04-21
904341,1961,42900.0,0,1,2,207,4,52,1,5,85,2,6,1,4,4,0,0,0,0,0,0,0,Graduation,Single,2012-11-13
904342,1962,32900.0,0,1,54,216,0,16,0,2,13,1,5,2,4,5,0,0,0,0,0,0,0,PhD,Married,2012-12-28
904343,1956,70800.0,0,1,99,622,8,75,12,9,17,3,5,1,10,6,0,0,0,0,0,0,0,2n Cycle,Single,2013-03-29
904344,1955,28300.0,1,1,27,13,0,4,0,0,7,2,1,0,4,4,0,0,0,0,0,0,0,Graduation,Married,2012-12-05
904345,1985,31900.0,1,0,27,5,1,5,1,0,1,1,1,0,2,5,0,0,0,0,0,0,0,PhD,Married,2012-09-20
904346,1961,41700.0,1,1,48,5,9,11,0,3,7,1,1,0,4,5,0,0,0,0,0,0,0,PhD,Together,2014-02-11
904347,1965,23600.0,0,0,47,2,7,17,14,2,13,2,2,0,3,8,0,0,0,0,0,0,0,PhD,Single,2013-02-19
904348,1963,49400.0,0,1,17,396,2,89,0,6,82,3,9,4,4,6,0,0,0,0,0,0,0,Graduation,Single,2012-09-24
904349,1976,51300.0,1,1,57,255,12,69,6,6,8,3,6,1,7,8,0,0,0,0,0,0,0,Master,Married,2013-09-11
904350,1974,39200.0,1,1,66,48,23,132,66,43,105,2,4,3,3,4,0,0,0,0,0,1,0,Graduation,Married,2013-12-19
904351,1968,59100.0,0,1,15,284,4,275,69,12,56,6,8,4,9,6,0,0,0,0,0,0,0,PhD,Together,2013-11-07
904352,1971,33600.0,1,1,27,60,0,6,0,0,0,2,2,0,2,8,0,0,0,0,0,0,0,Graduation,Divorced,2014-03-01
904353,1979,20800.0,1,0,75,1,1,6,8,3,8,1,1,0,2,8,0,0,0,0,0,0,0,PhD,Married,2013-06-12
904354,1984,68000.0,0,0,53,411,3,72,81,10,20,2,11,4,8,5,0,0,0,0,0,0,0,Graduation,Together,2013-04-07
904355,1961,33700.0,1,0,26,28,3,37,21,14,13,3,4,0,2,7,0,0,0,0,0,0,0,Graduation,Single,2013-01-19
904356,1966,69200.0,0,1,80,157,29,444,20,130,221,3,3,9,5,2,0,0,0,0,0,0,0,Graduation,Married,2013-05-22
904357,1968,50400.0,0,1,29,234,79,52,13,5,11,2,3,1,13,4,0,0,0,0,0,0,0,PhD,Married,2012-11-25
904358,1970,45500.0,2,0,86,22,0,8,0,0,2,2,1,0,3,9,0,0,0,0,0,1,0,PhD,Divorced,2014-02-17
904359,1949,74000.0,0,0,0,997,10,387,2,2,15,1,4,3,8,2,1,0,0,1,1,0,0,2n Cycle,Married,2012-10-25
904360,1961,37100.0,0,1,25,70,5,36,3,3,37,2,1,1,4,6,0,0,0,0,0,0,0,2n Cycle,Divorced,2013-03-10
904361,1972,74100.0,0,0,25,399,46,222,47,49,75,1,5,10,10,3,0,0,0,0,0,1,0,2n Cycle,Married,2013-04-14
904362,1982,29000.0,1,0,31,24,20,22,28,6,13,0,2,1,2,5,0,0,0,0,0,1,0,Graduation,Married,2013-01-06
904363,1970,30300.0,1,1,63,38,0,12,4,1,18,3,2,1,4,5,0,0,0,0,0,0,0,Basic,Married,2014-02-10
904364,1982,12200.0,0,1,99,13,2,9,19,1,26,2,0,1,3,8,0,0,1,0,0,0,0,Graduation,Single,2012-08-03
904365,1981,36500.0,0,0,71,19,0,13,4,3,13,3,3,1,3,5,0,0,0,0,0,0,0,Graduation,Married,2013-06-08
904366,1972,24500.0,1,0,74,5,5,15,12,9,12,1,1,1,2,7,0,0,0,0,0,0,0,Master,Single,2012-09-07
904367,1965,61300.0,1,1,40,48,3,17,2,0,3,2,2,0,4,4,0,0,1,0,0,0,0,Graduation,Married,2012-09-04
904368,1971,47000.0,1,1,38,367,4,62,0,3,12,6,5,2,4,10,0,0,0,0,0,0,0,Master,Together,2014-04-17
904369,1940,51700.0,0,1,35,372,4,67,5,1,8,6,6,2,10,6,0,0,0,0,0,0,1,PhD,Single,2012-11-12
904370,1963,23700.0,1,0,61,8,4,22,43,16,7,3,2,1,3,6,0,0,0,0,0,0,0,Graduation,Married,2012-09-13
904371,1976,15500.0,1,0,99,1,0,5,6,3,0,1,1,0,3,6,0,0,0,0,0,0,0,Master,Divorced,2013-06-22
904372,1960,58100.0,0,0,53,176,23,74,45,27,17,0,3,2,4,2,0,0,0,0,0,0,0,Master,Married,2014-03-24
904373,1955,75800.0,0,0,8,831,58,430,81,95,90,1,6,5,8,3,1,0,0,0,0,1,0,Graduation,Married,2013-03-28
904374,1971,47300.0,1,1,25,193,7,51,2,8,19,8,4,1,5,9,0,0,0,0,0,0,0,PhD,Single,2013-04-08
904375,1979,84200.0,0,0,69,1342,12,398,95,16,117,1,8,5,13,2,0,0,0,0,1,1,0,Master,Together,2013-10-20
904376,1946,34900.0,1,0,87,14,1,23,15,2,16,3,2,0,4,6,0,0,0,0,0,0,0,PhD,Married,2013-08-22
904377,1985,44000.0,1,0,58,2,4,13,4,1,3,1,2,0,3,6,0,0,0,0,0,0,0,Master,Together,2012-12-30
904378,1982,22400.0,1,0,60,13,4,38,22,11,22,3,4,1,2,11,0,0,0,0,0,0,0,Master,Single,2014-03-02
904379,1945,60100.0,0,0,95,151,126,1173,24,180,183,0,5,7,4,2,0,0,0,0,0,0,0,Graduation,Married,2014-06-24
904380,1967,40200.0,1,1,59,115,4,50,9,9,14,3,7,1,3,7,0,0,0,0,0,0,0,Graduation,Married,2012-11-17
904381,1973,36600.0,0,1,35,4,5,5,4,7,10,1,1,0,4,3,0,0,0,0,0,0,0,Basic,Single,2014-06-03
904382,1946,94100.0,0,1,21,25,8,49,38,21,32,2,4,2,3,1,0,0,0,0,0,0,0,Graduation,Divorced,2013-09-07
904383,1960,47200.0,1,2,99,15,0,2,0,0,0,1,0,1,2,4,0,0,1,0,0,1,0,Graduation,Married,2014-06-28
904384,1971,46700.0,0,0,71,408,10,77,145,145,141,3,8,6,9,2,0,0,0,0,0,0,0,PhD,Together,2013-05-08
904385,1962,35800.0,1,1,64,5,1,4,1,1,2,2,1,0,3,5,0,0,0,0,0,0,0,Master,Married,2013-05-02
904386,1982,58400.0,1,0,91,348,1,101,3,9,12,3,8,3,8,5,0,0,0,0,0,0,0,Graduation,Married,2013-05-22
904387,1982,14100.0,1,0,76,0,5,5,9,14,11,2,1,0,3,6,0,0,0,0,0,0,0,Basic,Married,2013-09-07
904388,1974,81400.0,0,0,37,581,193,530,76,198,66,1,3,9,9,2,0,0,1,1,0,0,0,Graduation,Married,2012-11-20
904389,1968,35600.0,0,1,34,64,48,59,27,56,12,2,7,0,7,6,0,0,0,0,0,0,0,PhD,Together,2013-03-11
904390,1956,56500.0,0,1,56,588,53,467,6,71,65,2,5,5,7,8,0,0,0,0,0,1,0,PhD,Together,2013-06-24
904391,1978,71500.0,0,1,80,368,29,109,52,44,43,2,6,5,12,4,0,0,0,0,0,0,0,PhD,Single,2013-01-19
904392,1966,82600.0,0,0,33,705,34,342,44,114,149,1,6,6,13,5,1,0,0,0,1,0,0,PhD,Single,2013-03-09
904393,1951,41900.0,1,0,67,18,0,22,0,1,0,1,2,0,3,5,0,0,0,0,0,0,0,Graduation,Married,2012-09-12
904394,1974,35800.0,1,1,69,12,19,17,5,7,6,2,3,0,2,8,0,0,0,0,0,0,0,Master,Divorced,2013-05-12
904395,1965,59500.0,0,0,71,240,12,460,12,33,66,3,4,8,5,2,0,0,0,0,0,0,0,Graduation,Together,2012-08-08
904396,1964,22000.0,1,1,63,4,4,2,0,0,6,1,0,0,2,8,0,0,0,0,0,0,0,PhD,Together,2013-06-17
904397,1974,20200.0,1,0,47,9,2,8,3,2,6,2,2,0,2,6,0,0,0,0,0,0,0,Basic,Married,2014-01-26
904398,1951,54600.0,0,2,30,409,4,15,1,16,9,2,7,1,10,4,0,0,0,0,0,0,0,Master,Single,2013-10-13
904399,1954,87800.0,0,1,53,165,5,150,5,29,12,3,4,4,6,2,0,0,0,0,0,0,0,Graduation,Married,2013-12-16
904400,1956,48800.0,1,0,69,138,2,53,3,1,17,3,7,1,4,9,0,0,0,0,0,1,0,Master,Married,2013-01-22
904401,1975,24600.0,0,0,46,11,4,16,5,8,36,1,1,0,3,5,0,0,0,0,0,0,0,Graduation,Married,2014-04-30
904402,1971,23700.0,0,1,47,59,16,37,12,8,41,3,2,1,3,10,0,0,0,0,0,0,0,2n Cycle,Married,2013-09-01
904403,1976,68200.0,0,1,74,384,68,199,78,26,308,1,7,6,7,2,0,0,0,0,0,0,0,Graduation,Single,2013-12-10
904404,1990,65400.0,0,1,82,206,39,1609,88,121,27,2,3,5,8,2,0,0,0,0,0,0,0,Graduation,Married,2013-07-23
904405,1971,87200.0,0,0,76,1059,11,551,71,198,32,1,6,7,11,2,0,0,0,1,0,0,0,2n Cycle,Married,2014-02-02
904406,1974,24700.0,1,1,84,10,2,6,5,0,4,1,1,0,3,6,0,0,0,0,0,0,0,2n Cycle,Married,2012-09-27
904407,1954,60700.0,1,2,53,97,5,52,5,9,160,4,3,2,5,5,0,0,0,0,0,0,0,Graduation,Married,2014-01-22
904408,1975,32500.0,1,0,86,17,2,11,1,2,8,1,1,1,3,5,0,0,0,0,0,0,0,Graduation,Together,2013-05-02
904409,1971,57600.0,0,0,0,219,10,53,62,6,11,1,4,5,5,3,0,0,0,0,0,0,0,PhD,Married,2012-12-02
904410,1966,26600.0,1,1,99,8,17,32,19,21,14,3,4,0,3,8,0,0,0,0,0,0,0,Graduation,Together,2013-08-03
904411,1957,53900.0,1,1,52,116,7,114,19,5,8,4,5,2,7,6,0,0,0,0,0,1,0,Master,Together,2012-12-23
904412,1977,38100.0,1,1,57,189,5,70,15,9,321,2,7,3,4,6,0,0,0,0,0,0,0,Graduation,Single,2013-04-05
904413,1963,47800.0,0,1,16,471,22,145,112,40,92,5,10,4,7,4,0,0,1,0,0,0,0,PhD,Married,2012-10-08
904414,1976,59900.0,0,1,31,232,49,306,42,40,71,2,7,3,9,6,0,0,0,0,0,0,0,PhD,Together,2013-11-11
904415,1982,39100.0,1,0,60,156,5,54,4,9,24,2,2,1,5,7,0,0,1,0,0,1,0,Graduation,Single,2013-05-18
904416,1969,82600.0,0,0,31,671,10,557,200,208,43,1,6,6,8,4,0,0,0,0,0,0,0,Master,Together,2012-08-18
904417,1974,119600.0,0,0,94,572,31,1725,259,97,27,1,7,10,5,2,0,0,0,0,0,0,0,Graduation,Together,2012-11-27
904418,1979,36000.0,0,0,40,3,3,10,5,3,12,1,2,0,4,7,0,0,0,0,0,0,0,Graduation,Single,2013-05-19
904419,1995,19200.0,1,0,66,6,38,10,23,2,25,2,2,1,2,6,0,0,0,0,0,0,0,Graduation,Married,2013-01-12
904420,1973,70600.0,0,1,39,738,0,244,7,13,41,1,4,4,6,2,0,1,0,0,1,0,0,Graduation,Divorced,2013-08-02
904421,1959,42900.0,0,1,47,51,0,22,2,9,27,3,3,1,3,6,0,0,0,0,0,0,0,Master,Single,2012-10-01
904422,1957,56700.0,0,1,55,377,0,35,4,2,34,1,7,2,8,5,0,0,0,0,0,0,0,Graduation,Married,2014-03-31
904423,1974,67800.0,0,0,31,702,43,505,86,16,218,4,2,4,7,6,0,0,0,0,0,0,0,Master,Single,2013-05-25
904424,1958,49900.0,1,1,62,387,9,189,170,10,53,3,8,4,9,4,0,0,0,0,0,0,0,Graduation,Married,2013-12-24
904425,1964,40100.0,1,0,5,17,11,15,0,3,3,2,1,1,4,6,0,0,0,0,0,0,0,Basic,Single,2013-04-10
904426,1955,55400.0,0,1,59,588,12,162,40,8,6,2,3,7,9,3,0,0,0,0,0,0,0,Graduation,Married,2013-07-24
904427,1980,39500.0,2,1,77,14,1,7,0,1,4,1,0,1,2,7,0,0,0,0,0,0,0,Graduation,Married,2013-07-04
904428,1965,20600.0,1,1,48,24,5,7,7,0,14,3,2,1,2,7,0,0,0,0,0,0,0,Basic,Married,2014-05-27
904429,1952,62400.0,0,1,37,773,197,265,35,22,28,1,4,3,13,3,0,0,0,0,0,0,0,Graduation,Widow,2013-07-03
904430,1983,28500.0,1,0,19,67,19,178,69,56,131,3,5,2,7,12,0,0,0,0,0,0,0,Graduation,Single,2013-11-10
904431,1957,64900.0,0,0,62,121,120,351,61,50,34,1,4,6,7,1,0,0,0,0,0,0,0,Graduation,Married,2014-02-16
904432,1960,40800.0,0,0,46,17,0,13,4,5,5,1,1,0,4,5,0,0,0,0,0,0,0,Graduation,Single,2013-11-15
904433,1973,42000.0,1,1,31,356,0,23,2,0,26,6,4,1,5,9,0,0,0,0,0,0,0,Master,Together,2013-09-30
904434,1960,68500.0,0,0,27,833,7,267,6,7,10,1,4,3,11,4,1,0,1,0,1,1,0,PhD,Divorced,2012-09-30
904435,1976,38900.0,1,1,78,364,0,45,2,7,45,4,4,3,6,9,0,0,0,1,0,0,0,Graduation,Single,2014-02-27
904436,1967,72100.0,0,1,52,208,1,67,3,6,36,0,2,0,6,1,0,0,0,0,0,0,0,Graduation,Married,2013-12-31
904437,1964,46600.0,0,1,27,220,8,60,5,5,321,3,5,3,5,5,0,0,0,0,0,1,0,Graduation,Married,2014-04-29
904438,1972,14000.0,0,0,9,4,6,4,25,6,15,3,2,0,3,5,0,0,0,0,0,0,0,Graduation,Married,2013-03-23
904439,1965,97100.0,0,0,23,522,10,416,1,7,77,0,5,3,6,2,1,0,1,0,1,1,0,2n Cycle,Married,2014-04-11
904440,1959,58400.0,0,1,56,542,11,58,6,2,35,1,5,2,7,7,0,0,0,0,0,0,0,Graduation,Divorced,2013-11-26
904441,1976,43600.0,1,0,80,21,0,8,0,1,7,1,1,0,3,7,0,0,0,0,0,0,0,Master,Divorced,2013-02-20
904442,1970,88600.0,0,1,36,605,68,256,22,132,131,2,5,5,12,5,0,0,0,0,0,0,0,PhD,Together,2013-10-03
904443,1966,76400.0,0,1,67,1052,11,312,24,19,86,3,5,11,8,3,0,0,0,0,0,0,0,Graduation,Married,2013-06-16
904444,1974,63100.0,0,0,26,404,19,105,91,13,61,2,7,3,6,7,0,0,0,0,0,0,0,PhD,Married,2012-11-20
904445,1958,24600.0,1,1,54,34,7,34,25,9,24,5,4,0,4,5,0,0,0,0,0,0,0,2n Cycle,Married,2012-09-19
904446,1982,26200.0,2,1,59,6,0,2,0,0,2,1,0,1,3,4,0,0,0,0,0,0,0,PhD,Married,2012-10-02
904447,1957,40100.0,0,1,56,180,2,17,0,1,30,1,4,1,3,4,0,0,0,0,0,0,0,Graduation,Single,2013-06-12
904448,1966,35500.0,1,1,34,545,27,286,5,4,75,8,11,1,6,6,0,0,1,0,0,0,0,2n Cycle,Married,2013-10-14
904449,1975,67400.0,0,0,34,223,67,262,17,54,91,1,3,4,7,2,0,0,0,0,0,0,0,PhD,Together,2014-02-27
904450,1961,59400.0,2,0,73,86,0,25,0,3,0,2,2,0,5,5,0,0,0,0,0,0,0,PhD,Married,2012-12-18
904451,1983,70900.0,0,1,75,389,1,62,4,3,71,1,7,5,4,4,0,0,0,1,1,0,0,Graduation,Together,2013-07-23
904452,1951,93900.0,0,0,44,1246,25,592,141,8,57,0,5,9,13,2,0,0,0,0,0,0,0,PhD,Married,2013-12-22
904453,1941,79100.0,0,1,43,1171,35,227,46,20,56,1,11,3,13,7,0,0,0,0,0,1,0,Graduation,Married,2012-08-22
904454,1979,34700.0,2,1,64,12,0,7,2,0,0,2,1,0,2,8,0,0,0,0,0,0,0,2n Cycle,Divorced,2014-01-31
904455,1971,71900.0,0,1,21,656,14,640,25,7,10,3,4,4,7,3,0,0,0,1,0,0,0,Graduation,Married,2013-04-13
904456,1967,33800.0,1,1,67,4,5,5,0,2,6,1,1,0,2,6,0,0,0,0,0,0,0,PhD,Married,2012-09-20
904457,1960,73500.0,0,0,53,486,93,309,5,5,97,1,8,11,5,5,0,0,0,0,0,0,0,Graduation,Married,2013-06-28
904458,1951,58700.0,0,0,4,141,3,25,1,2,5,1,3,2,5,7,0,0,0,0,0,0,0,Graduation,Married,2012-12-13
904459,1959,71400.0,0,1,52,379,18,195,73,27,42,3,4,6,8,8,0,1,0,0,1,1,0,PhD,Single,2014-05-22
904460,1978,32800.0,1,0,91,2,4,6,0,1,3,2,1,0,3,6,0,0,0,0,0,0,0,Graduation,Together,2013-01-03
904461,1980,73400.0,0,0,97,365,4,471,216,72,28,2,3,3,7,2,0,0,0,0,1,1,0,Graduation,Together,2012-09-02
904462,1985,41200.0,2,0,61,7,1,21,2,3,4,2,3,0,3,6,0,0,0,0,0,0,0,Master,Single,2013-02-15
904463,1972,50000.0,1,0,36,54,11,73,16,40,8,4,4,0,7,8,0,0,0,0,0,0,0,PhD,Together,2013-12-31
904464,1951,41500.0,0,1,68,80,28,25,4,6,16,2,5,1,5,7,0,0,0,0,0,0,0,Graduation,Married,2013-04-05
904465,1968,73400.0,0,1,61,1493,8,406,18,140,15,1,10,2,3,3,0,0,0,0,0,0,0,Graduation,Married,2014-05-22
904466,1987,76500.0,0,0,51,750,5,332,33,9,125,0,4,4,8,2,1,0,0,1,0,0,0,Graduation,Single,2012-11-01
904467,1964,50000.0,0,2,52,242,3,218,18,60,20,6,7,5,5,5,0,0,0,0,0,0,0,PhD,Divorced,2013-07-09
904468,1962,69900.0,0,1,40,1171,3,44,0,2,7,3,8,2,10,6,0,0,0,0,0,0,0,PhD,Widow,2012-08-05
904469,1986,28600.0,1,0,18,7,0,3,3,1,1,0,1,0,2,8,0,0,0,0,0,0,0,PhD,Single,2014-04-30
904470,1961,34300.0,1,0,76,3,4,8,7,0,20,1,1,0,2,6,0,0,0,0,0,0,0,PhD,Together,2012-10-23
904471,1953,64300.0,0,1,68,438,197,234,52,113,15,1,8,3,12,4,0,0,0,0,0,0,0,Graduation,Divorced,2014-02-08
904472,1968,60700.0,1,1,88,141,26,175,30,3,38,3,6,1,7,7,0,0,0,0,0,0,0,Graduation,Divorced,2013-07-21
904473,1962,79100.0,0,2,86,1171,1,86,4,1,81,5,12,8,13,11,0,0,0,0,0,0,0,Master,Together,2012-11-24
904474,1977,36800.0,0,1,70,263,20,76,28,23,27,2,6,1,7,6,0,0,0,0,0,0,0,PhD,Single,2013-06-08
904475,1984,87900.0,0,0,16,481,47,552,235,68,92,0,5,8,5,2,1,0,0,0,0,0,0,2n Cycle,Single,2013-03-06
904476,1973,85600.0,0,1,21,236,10,64,14,2,10,2,1,2,11,1,0,0,0,0,0,0,0,Graduation,Together,2013-04-22
904477,1969,75000.0,0,0,25,453,43,972,52,13,172,2,6,6,6,3,0,0,0,0,0,1,0,Master,Single,2014-01-21
904478,1972,41900.0,0,1,26,244,1,28,1,4,11,3,5,0,5,10,0,0,0,0,0,0,0,PhD,Single,2013-05-14
904479,1974,14500.0,0,0,97,22,39,33,17,15,49,4,2,1,4,6,0,0,0,0,0,0,0,Master,Married,2012-12-10
904480,1966,76900.0,0,1,86,123,10,173,128,16,17,1,5,2,4,1,0,0,0,0,0,0,0,PhD,Married,2013-11-23
904481,1981,56000.0,1,1,62,17,1,13,1,1,14,3,1,0,3,4,0,0,0,0,0,0,0,Graduation,Single,2014-06-13
904482,1955,52700.0,1,1,17,189,1,71,0,19,36,4,4,2,6,3,0,0,0,0,0,0,0,PhD,Married,2013-06-16
904483,1970,68100.0,0,0,62,1396,197,1725,259,107,77,1,5,11,13,3,0,0,0,0,0,0,0,Graduation,Together,2013-09-10
904484,1973,39400.0,0,0,93,130,3,77,38,24,24,4,4,1,6,8,0,0,0,0,0,0,0,Graduation,Married,2014-01-27
904485,1974,26200.0,1,1,53,21,0,21,35,7,13,3,2,0,4,4,0,0,0,0,0,0,0,Master,Married,2013-11-18
904486,1977,38900.0,1,0,0,60,25,64,14,5,67,2,5,1,4,6,1,0,0,0,0,0,0,Master,Divorced,2014-06-07
904487,1953,78000.0,0,0,32,657,85,283,66,19,245,1,5,3,9,2,0,0,0,0,1,1,0,Master,Married,2014-03-30
904488,1941,66300.0,0,1,72,420,46,126,73,45,106,1,5,5,11,2,0,0,0,0,1,1,0,PhD,Single,2013-07-06
904489,1973,36100.0,0,1,31,13,5,17,4,4,6,1,2,0,2,6,0,0,0,0,0,0,0,PhD,Married,2013-12-25
904490,1949,41800.0,0,1,21,194,0,41,11,3,6,3,3,0,4,9,0,0,0,0,0,0,0,Master,Married,2014-01-08
904491,1994,15900.0,1,0,19,4,2,9,1,3,3,1,1,1,2,6,0,0,1,0,0,1,0,Master,Single,2012-08-06
904492,1970,32400.0,1,1,42,16,2,7,1,1,3,2,1,0,2,8,0,0,0,0,0,0,0,Graduation,Divorced,2014-04-30
904493,1949,72000.0,0,1,45,552,0,35,1,3,17,9,5,1,8,10,0,0,0,0,0,0,0,PhD,Single,2012-11-13
904494,1977,75500.0,0,0,12,1137,77,343,253,198,87,1,5,7,6,2,1,0,0,0,0,1,0,Graduation,Together,2013-04-17
904495,1969,79400.0,0,1,45,202,45,388,78,17,45,1,3,8,5,1,0,0,0,0,0,0,0,Graduation,Widow,2013-04-22
904496,1957,75700.0,0,0,0,450,15,232,17,168,85,1,6,6,6,6,1,0,1,1,0,0,0,Master,Married,2013-01-15
904497,1969,41000.0,1,0,80,158,0,23,0,0,79,5,3,2,6,7,0,0,0,0,0,0,0,Master,Married,2012-10-06
904498,1974,43900.0,0,1,92,216,5,108,4,2,113,2,6,2,6,6,0,0,0,0,0,0,0,Graduation,Married,2013-08-03
904499,1971,56700.0,1,0,99,123,31,86,76,50,14,5,5,4,5,7,0,0,0,0,0,1,0,2n Cycle,Married,2014-03-25
904500,1950,66500.0,1,1,65,377,26,42,1,2,142,6,7,3,5,7,0,0,0,0,0,0,0,PhD,Married,2012-08-27
904501,1970,81300.0,0,0,26,735,47,981,30,198,42,2,5,9,7,2,1,1,1,1,1,0,0,PhD,Divorced,2013-05-16
904502,1978,13900.0,1,1,45,19,1,8,3,5,3,4,2,1,3,6,0,0,0,0,0,0,0,Graduation,Married,2012-08-29
904503,1970,65600.0,0,1,36,266,7,72,12,16,57,2,3,6,7,4,1,0,1,1,0,0,0,Graduation,Single,2013-01-18
904504,1962,78300.0,0,1,85,361,50,380,13,80,45,1,8,6,4,4,0,0,0,0,0,0,0,2n Cycle,Together,2014-02-22
904505,1982,39300.0,0,0,50,26,2,55,70,65,51,2,0,1,6,1,0,0,0,0,0,0,0,Graduation,Married,2013-02-23
904506,1950,93900.0,0,0,85,509,1,115,44,6,7,0,5,2,12,4,0,0,0,0,0,0,0,PhD,Widow,2012-08-04
904507,1969,16500.0,1,1,0,36,8,18,12,7,19,3,2,0,3,9,0,0,0,0,0,0,0,Graduation,Together,2014-06-15
904508,1977,56000.0,2,0,52,747,1,116,5,3,20,9,12,2,5,10,0,0,0,0,0,0,0,Master,Single,2014-01-26
904509,1996,24300.0,1,0,77,5,5,7,3,5,8,1,1,0,2,7,0,0,0,0,0,0,0,Basic,Married,2013-10-19
904510,1950,58100.0,0,0,50,264,5,82,24,7,136,1,9,2,6,7,0,0,0,0,0,0,0,Master,Single,2013-12-02
904511,1960,55200.0,1,1,65,263,19,255,50,57,40,8,11,3,6,7,0,0,0,0,0,0,0,2n Cycle,Together,2014-04-06
904512,1965,71600.0,0,1,47,185,14,136,48,47,362,1,5,5,11,2,0,0,0,0,0,0,0,Master,Married,2012-12-22
904513,1965,42400.0,2,1,77,51,2,28,2,2,18,3,3,1,5,3,0,0,0,0,0,0,0,2n Cycle,Single,2013-12-11
904514,1978,14800.0,1,0,43,1,0,2,24,10,4,1,0,0,3,8,0,0,1,0,0,0,0,Master,Together,2014-01-31
904515,1982,75900.0,0,1,31,268,8,99,12,12,73,4,7,3,7,5,0,0,0,0,0,0,0,Graduation,Widow,2012-08-25
904516,1968,32900.0,0,0,74,2,14,13,43,2,9,1,1,0,3,8,0,0,0,0,0,0,0,Master,Single,2012-08-26
904517,1952,76400.0,0,1,44,255,4,98,12,31,10,3,3,2,7,2,0,0,0,0,0,0,0,2n Cycle,Married,2014-05-10
904518,1965,34700.0,1,1,11,19,2,18,4,5,7,3,2,1,3,5,0,0,0,0,0,0,0,2n Cycle,Married,2013-10-24
904519,1983,14000.0,0,0,90,8,5,8,6,5,3,2,2,0,2,9,0,0,0,0,0,0,0,Graduation,Married,2013-09-17
904520,1973,69700.0,0,0,70,786,11,418,43,108,15,2,4,6,11,4,1,0,0,1,1,1,0,PhD,Married,2014-06-23
904521,1962,28200.0,1,0,70,22,4,28,6,6,11,2,2,0,3,8,0,0,0,0,0,0,0,2n Cycle,Single,2013-05-13
904522,1984,44700.0,1,0,26,3,7,10,8,3,7,1,1,0,3,6,0,0,0,0,0,0,0,Basic,Single,2013-06-10
904523,1945,71400.0,0,0,84,728,193,548,27,58,28,2,3,7,6,1,1,0,0,0,1,1,0,PhD,Married,2014-04-29
904524,1984,25900.0,1,1,56,13,1,5,3,0,1,3,3,0,2,7,0,0,0,0,0,0,0,Graduation,Single,2012-11-04
904525,1971,25900.0,1,0,34,64,0,18,0,1,9,1,2,1,2,7,0,0,0,0,0,0,0,Graduation,Together,2013-01-16
904526,1982,21800.0,1,0,54,5,0,7,2,1,3,1,1,0,3,5,0,0,0,0,0,0,0,Graduation,Together,2014-05-12
904527,1981,59600.0,0,1,55,945,28,308,67,73,82,5,4,4,10,4,0,0,0,0,0,0,0,2n Cycle,Married,2013-02-21
904528,1963,79100.0,0,1,39,418,11,146,25,8,282,3,6,4,9,2,0,0,0,0,0,0,0,Master,Widow,2013-07-17
904529,1961,58100.0,0,1,84,537,176,172,13,6,37,2,2,4,13,4,0,0,0,0,0,0,0,PhD,Single,2012-09-02
904530,1979,68500.0,0,0,29,123,43,164,44,198,219,2,9,7,10,2,1,1,0,0,1,1,0,Graduation,Single,2013-09-09
904531,1989,19100.0,1,0,2,23,2,27,18,5,23,2,3,2,2,6,0,0,0,0,0,0,0,Graduation,Divorced,2013-04-05
904532,1963,42000.0,0,1,27,571,9,88,9,2,11,4,7,3,7,5,0,0,0,0,0,1,0,PhD,Divorced,2013-11-25
904533,1976,60200.0,0,1,99,328,46,209,74,22,41,3,4,2,13,6,0,0,0,0,0,0,0,Graduation,Married,2014-04-02
904534,1952,49200.0,0,2,63,136,114,144,0,12,13,7,7,3,6,6,0,0,0,0,0,0,0,PhD,Married,2013-01-22
904535,1979,32500.0,0,1,73,101,0,95,13,7,209,4,6,2,4,7,0,0,0,0,0,0,0,Graduation,Unknown,2014-03-29
904536,1967,16800.0,1,0,64,3,0,9,3,3,14,1,1,0,3,4,0,0,0,0,0,0,0,Graduation,Together,2012-09-17
904537,1985,36400.0,0,0,0,7,11,13,6,16,3,1,2,0,3,9,0,0,0,0,0,1,0,2n Cycle,Married,2013-11-01
904538,1984,79200.0,0,0,32,304,85,196,259,77,99,1,2,2,12,2,0,0,0,0,0,0,0,Master,Together,2014-04-05
904539,1976,54100.0,2,0,64,18,1,24,1,4,10,3,4,0,3,7,0,0,0,0,0,0,0,Master,Single,2013-03-26
904540,1987,19100.0,1,0,39,5,2,9,2,1,8,2,1,0,2,9,0,0,0,0,0,0,0,Master,Married,2012-09-03
904541,1981,80100.0,0,0,27,409,119,599,14,27,30,1,2,7,9,0,0,0,0,0,0,0,0,Graduation,Single,2013-05-29
904542,1968,18600.0,1,0,45,4,1,3,4,0,3,1,1,0,2,9,0,0,0,0,0,0,0,PhD,Married,2013-05-08
904543,1955,25700.0,0,1,32,6,8,4,6,1,2,1,1,0,4,6,0,0,0,0,0,0,0,PhD,Single,2013-05-07
904544,1953,83600.0,0,1,58,89,154,133,190,36,24,1,4,3,5,1,0,0,0,0,0,0,0,Graduation,Married,2012-08-04
904545,1979,73000.0,0,0,28,121,197,230,51,22,79,2,3,5,7,3,0,0,0,0,0,0,0,PhD,Married,2014-03-10
904546,1965,59600.0,1,1,76,588,49,371,91,157,38,10,8,2,8,10,0,0,0,0,0,0,0,Graduation,Married,2014-06-05
904547,1966,73100.0,0,1,5,613,4,752,138,34,64,1,5,6,13,4,0,0,0,0,0,0,0,Master,Widow,2013-07-31
904548,1959,61400.0,0,1,52,1396,35,235,12,17,166,4,10,5,13,8,0,0,0,0,0,0,0,Graduation,Married,2013-01-12
904549,1964,91500.0,0,0,3,554,16,348,259,19,8,1,2,12,3,1,0,0,0,0,0,0,0,Graduation,Together,2014-01-18
904550,1968,79300.0,0,0,17,568,24,514,15,8,8,1,5,4,9,3,0,0,0,0,0,0,0,Graduation,Married,2013-01-06
904551,1980,26200.0,1,1,99,13,2,15,1,0,12,3,2,0,3,6,0,0,0,0,0,0,0,Graduation,Divorced,2013-06-19
904552,1980,30900.0,0,0,57,33,2,17,4,3,5,3,2,0,3,8,0,0,0,0,0,0,0,Graduation,Married,2013-11-06
904553,1978,18000.0,0,0,18,3,1,4,3,4,7,0,1,1,2,7,0,0,0,0,0,0,0,Graduation,Together,2014-03-07
904554,1978,47000.0,0,1,53,519,47,135,6,19,13,4,9,3,7,9,0,0,0,0,0,0,0,Graduation,Married,2013-04-16
904555,1980,54100.0,0,0,38,111,5,51,8,3,9,2,3,1,5,7,0,0,0,0,0,0,0,Master,Married,2013-06-09
904556,1953,39400.0,1,1,54,57,2,59,4,9,25,4,2,2,4,5,0,0,0,0,0,1,0,Graduation,Married,2013-05-13
904557,1965,55500.0,0,1,51,31,2,22,7,1,8,2,2,0,4,4,0,0,0,0,0,0,0,Graduation,Together,2013-12-30
904558,1976,36900.0,1,0,75,11,1,3,0,0,1,1,0,0,3,5,0,0,0,0,0,0,0,Master,Married,2013-06-12
904559,1957,59700.0,0,1,56,1171,1,61,0,16,59,2,9,2,10,4,0,0,0,0,0,1,0,Graduation,Together,2012-11-16
904560,1942,67900.0,0,1,60,487,6,47,1,1,54,2,5,2,7,5,0,0,0,0,0,0,0,Graduation,Single,2013-03-16
904561,1957,37000.0,0,0,92,82,6,98,7,5,32,2,3,2,4,9,0,0,0,0,0,0,0,2n Cycle,Married,2013-10-31
904562,1980,38000.0,1,1,45,50,0,14,0,0,1,3,2,0,5,5,0,0,0,0,0,0,0,Graduation,Together,2014-03-27
904563,1976,27500.0,2,1,53,18,0,8,5,0,23,4,1,1,3,5,0,0,0,0,0,0,0,2n Cycle,Married,2014-02-28
904564,1959,52100.0,0,0,67,77,13,133,28,6,36,1,2,2,5,2,0,0,0,0,0,0,0,PhD,Together,2013-01-18
904565,1977,50300.0,1,1,60,202,197,209,259,263,47,2,7,2,8,3,0,0,0,0,0,0,0,PhD,Together,2014-04-28
904566,1958,36900.0,0,1,54,104,6,15,5,5,16,2,2,0,5,6,0,0,0,0,0,0,0,Graduation,Married,2013-08-12
904567,1973,26100.0,1,1,53,33,3,10,1,0,3,2,2,0,4,8,0,0,0,0,0,0,0,Basic,Married,2012-10-29
904568,1953,34800.0,1,1,51,92,1,20,0,1,24,4,5,1,2,6,0,0,0,0,0,0,0,Master,Divorced,2014-04-18
904569,1962,105500.0,0,0,22,637,193,817,233,198,110,0,6,7,5,1,1,0,0,0,0,0,0,Graduation,Married,2013-06-04
904570,1967,25700.0,1,1,55,43,5,21,3,8,29,2,1,2,2,6,0,0,0,0,0,1,0,PhD,Married,2013-09-18
904571,1980,21100.0,1,0,63,12,3,12,3,9,3,2,1,2,4,3,0,0,0,0,0,0,0,Master,Married,2012-09-03
904572,1959,30500.0,1,1,43,29,2,35,6,2,8,4,4,1,3,7,0,0,0,0,0,0,0,Graduation,Together,2012-11-14
904573,1968,61800.0,0,1,99,949,75,475,14,20,17,3,3,4,13,4,0,0,0,0,0,0,0,Graduation,Together,2014-01-08
904574,1968,61000.0,0,1,24,520,197,233,29,26,237,2,9,6,11,8,0,0,0,0,0,0,0,Graduation,Married,2013-12-23
904575,1970,50900.0,0,1,36,39,0,8,1,0,1,1,1,0,3,6,0,0,1,0,0,0,0,Master,Single,2013-02-06
904576,1984,15300.0,1,0,43,1,1,5,0,0,0,1,1,0,2,6,0,0,0,1,0,0,0,PhD,Married,2013-11-16
904577,1974,38700.0,0,1,86,311,0,151,2,6,106,3,8,1,7,7,0,0,0,0,0,0,0,Graduation,Married,2013-11-15
904578,1982,29500.0,0,1,43,3,2,9,9,2,4,2,1,0,4,5,0,0,0,0,0,0,0,Graduation,Single,2014-05-02
904579,1965,29700.0,1,1,61,5,5,11,13,2,8,2,2,0,3,8,0,0,0,0,0,0,0,Master,Single,2013-08-29
904580,1955,58200.0,0,0,21,1396,83,359,183,37,56,2,8,8,13,8,0,0,0,0,0,0,0,PhD,Together,2014-02-21
904581,1967,55200.0,1,0,19,3,3,5,22,2,9,1,2,0,3,8,0,0,0,0,0,0,0,Master,Married,2014-05-10
904582,1966,70600.0,0,0,66,122,22,126,76,32,119,0,5,4,4,3,0,0,0,0,0,0,0,Master,Divorced,2012-08-27
904583,1959,45700.0,1,1,87,30,0,2,0,1,0,1,1,0,2,5,0,0,0,0,0,0,0,Graduation,Married,2014-04-02
904584,1950,53700.0,1,1,0,631,0,104,0,5,31,4,5,3,7,6,0,0,0,0,0,0,0,PhD,Widow,2013-07-17
904585,1967,65900.0,0,2,48,1023,2,94,13,15,248,5,12,4,8,8,0,1,0,0,0,0,0,Graduation,Married,2013-07-22
904586,1967,24900.0,1,1,71,8,8,13,11,3,10,2,1,1,3,6,0,0,0,0,0,1,0,Graduation,Married,2012-12-31
904587,1990,27500.0,1,0,28,18,2,35,1,3,13,3,3,0,3,7,0,0,0,0,0,0,0,Graduation,Divorced,2013-07-05
904588,1972,64600.0,1,1,79,72,0,10,0,0,6,1,1,0,2,7,0,0,1,0,0,0,0,Basic,Together,2012-09-17
904589,1966,64600.0,1,1,55,24,1,24,3,0,1,1,2,0,3,4,0,0,0,0,0,0,0,2n Cycle,Widow,2014-03-02
904590,1966,26300.0,0,0,32,3,1,4,18,7,38,1,1,1,2,5,0,0,0,0,0,0,0,PhD,Married,2014-03-15
904591,1980,67600.0,0,0,74,136,197,783,183,96,37,1,3,5,4,2,0,0,0,0,0,0,0,PhD,Divorced,2013-04-08
904592,1964,53700.0,1,2,8,49,0,23,0,3,3,5,2,0,4,4,0,0,0,0,0,1,0,PhD,Widow,2013-03-28
904593,1965,24100.0,1,1,56,6,3,9,2,1,9,2,0,1,3,6,0,0,0,0,0,1,0,Graduation,Together,2012-08-25
904594,1970,44600.0,0,1,44,34,8,36,30,6,23,2,5,1,3,4,0,0,0,0,0,0,0,Master,Together,2013-06-23
904595,1963,69100.0,0,0,61,450,19,585,32,3,109,2,3,6,9,3,1,0,1,0,1,1,0,PhD,Together,2012-10-21
904596,1958,78400.0,1,1,15,170,4,15,2,2,9,1,5,1,7,4,0,0,0,0,0,0,0,Graduation,Single,2014-04-09
904597,1977,79100.0,1,2,63,1171,22,289,16,5,61,6,9,3,13,6,0,0,0,0,0,0,0,Master,Widow,2014-01-01
904598,1971,74700.0,0,0,89,333,69,702,167,198,159,1,6,9,8,2,0,0,0,0,0,0,0,Graduation,Single,2013-06-12
904599,1979,52700.0,1,1,19,410,11,144,3,7,86,8,7,2,6,13,0,0,0,0,0,0,0,Graduation,Together,2012-12-21
904600,1965,56400.0,0,1,35,171,7,62,29,5,65,2,4,1,6,4,0,0,0,0,0,1,0,PhD,Together,2012-11-27
904601,1979,64600.0,2,1,62,10,1,11,1,0,3,2,1,0,2,5,0,0,0,0,0,0,0,Graduation,Divorced,2014-05-18
904602,1961,33700.0,1,1,37,15,1,11,4,1,20,2,2,1,2,7,0,0,0,0,0,0,0,PhD,Single,2014-05-30
904603,1965,48700.0,1,0,83,4,2,7,5,1,1,1,1,0,3,3,0,0,0,0,0,0,0,Basic,Married,2014-06-17
904604,1958,78500.0,0,0,70,1185,54,161,26,36,78,1,9,11,7,3,0,0,0,0,0,0,0,Graduation,Married,2012-08-03
904605,1958,53200.0,0,1,60,347,38,440,10,28,21,3,2,6,7,1,0,0,0,0,0,0,0,Graduation,Together,2014-01-24
904606,1976,73500.0,0,0,99,325,28,175,37,47,38,2,1,14,9,1,0,0,0,0,0,0,0,PhD,Married,2013-09-26
904607,1969,25200.0,1,1,7,4,0,3,3,0,8,2,1,0,2,8,0,0,0,0,0,0,0,Graduation,Together,2014-04-08
904608,1983,25100.0,1,0,73,9,13,28,5,4,20,2,3,1,2,8,0,0,0,0,0,0,1,Graduation,Married,2014-01-11
904609,1954,41100.0,1,1,19,227,32,147,28,9,7,4,4,2,9,4,0,0,0,0,0,0,0,Master,Together,2012-10-14
904610,1961,72800.0,0,0,22,72,197,625,153,75,45,0,3,9,3,1,0,0,0,0,0,0,0,Graduation,Single,2014-06-12
904611,1945,52300.0,0,1,41,625,20,166,110,41,17,3,7,5,5,7,0,0,0,0,1,1,0,PhD,Single,2014-01-19
904612,1957,58300.0,1,1,40,28,0,13,3,0,7,2,2,0,3,6,0,0,0,1,0,0,0,PhD,Married,2013-04-21
904613,1971,83600.0,0,0,19,598,193,778,3,13,27,1,5,4,6,3,0,0,0,1,1,1,0,Graduation,Married,2013-10-31
904614,1972,18200.0,1,0,39,1,4,14,3,6,2,1,1,0,2,7,0,0,0,0,0,0,0,Basic,Married,2013-02-09
904615,1961,76700.0,0,1,78,299,25,446,82,81,43,2,4,7,6,3,0,0,0,0,0,0,0,Graduation,Single,2014-06-02
904616,1963,28100.0,0,1,8,98,30,31,38,4,67,2,9,4,3,6,0,0,0,0,0,1,0,Graduation,Divorced,2014-02-14
904617,1975,42000.0,1,1,24,21,3,8,2,1,7,2,2,0,3,5,0,0,0,0,0,0,0,PhD,Single,2014-04-22
904618,1967,54800.0,1,1,21,9,0,3,3,2,4,1,1,0,2,6,0,0,0,0,0,0,0,Graduation,Single,2012-10-20
904619,1966,41900.0,1,1,73,47,1,13,11,1,6,2,1,0,3,7,0,0,0,0,0,0,0,PhD,Married,2013-08-13
904620,1965,86900.0,0,1,11,488,82,92,75,33,323,2,3,4,13,4,0,0,0,0,0,0,0,2n Cycle,Married,2012-08-27
904621,1950,61600.0,0,0,67,489,53,167,60,18,91,2,5,6,5,2,0,0,0,0,1,0,0,Graduation,Married,2013-09-03
904622,1968,37300.0,0,0,0,211,2,29,4,1,20,2,6,1,8,7,0,0,0,1,0,0,0,Graduation,Together,2014-05-10
904623,1979,16500.0,0,0,80,11,10,9,9,1,9,2,1,0,3,10,0,0,0,0,0,0,0,Graduation,Married,2014-02-02
904624,1969,39500.0,2,1,63,13,2,11,3,2,4,2,1,0,3,6,0,0,0,0,0,0,0,Master,Single,2013-09-21
904625,1960,32300.0,1,1,76,64,2,17,1,2,23,2,3,2,3,7,0,0,0,0,0,1,0,Graduation,Married,2013-10-02
904626,1978,25600.0,1,0,67,13,0,13,2,0,0,1,1,0,2,10,0,0,0,0,0,0,0,Graduation,Single,2014-06-06
904627,1943,59500.0,0,1,99,155,97,473,30,89,35,1,10,2,7,5,0,0,0,0,0,0,0,Master,Married,2014-06-16
904628,1983,13500.0,2,1,25,11,3,7,2,5,13,5,3,2,1,8,0,0,0,0,0,0,0,Master,Single,2013-05-13
904629,1976,59800.0,0,1,68,101,8,194,6,25,18,2,2,4,6,3,0,0,0,0,0,0,0,Master,Together,2013-04-03
904630,1974,48200.0,0,0,33,17,2,20,1,4,6,1,1,0,5,6,0,0,0,0,0,0,0,PhD,Single,2013-10-29
904631,1959,43700.0,1,1,24,156,0,31,41,2,37,6,8,1,6,7,0,0,0,0,0,0,0,PhD,Single,2013-06-09
904632,1957,75100.0,0,0,42,681,46,571,116,198,47,1,4,6,5,2,0,0,0,1,1,1,0,2n Cycle,Single,2013-02-14
904633,1955,37700.0,1,1,0,14,2,7,0,4,1,1,1,0,2,8,0,0,0,0,0,0,0,Master,Married,2012-08-13
904634,1959,57900.0,0,1,67,56,1,6,0,0,7,2,1,0,4,5,0,0,0,0,0,0,0,PhD,Single,2013-08-19
904635,1993,12800.0,0,0,11,8,1,7,2,2,37,2,2,1,2,7,0,0,0,0,0,0,0,2n Cycle,Single,2013-01-24
904636,1972,93500.0,0,0,31,906,8,235,173,110,175,0,9,6,7,3,1,0,0,0,0,1,0,Graduation,Widow,2013-02-20
904637,1983,37000.0,1,0,42,41,9,181,29,29,14,2,2,1,5,7,0,0,1,0,0,0,0,Graduation,Married,2014-06-20
904638,1981,25000.0,0,0,0,13,0,16,10,6,17,1,2,0,3,10,0,0,1,0,0,0,0,PhD,Together,2014-03-09
904639,1978,28200.0,1,0,27,21,4,49,3,17,8,2,3,0,4,10,0,0,0,0,0,0,0,Graduation,Together,2014-02-25
904640,1958,71100.0,1,2,92,258,2,45,3,6,30,6,3,4,7,7,0,0,1,0,0,0,0,PhD,Divorced,2012-09-22
904641,1947,61400.0,0,1,83,214,147,148,15,11,19,3,3,3,5,2,0,0,0,0,0,0,0,Master,Married,2013-03-14
904642,1955,25000.0,1,1,30,17,3,2,0,1,7,3,1,1,3,4,0,0,0,0,0,0,0,Graduation,Single,2014-06-20
904643,1942,49600.0,1,1,75,165,0,28,0,0,43,2,7,0,4,3,0,0,0,0,0,0,0,Graduation,Divorced,2013-02-03
904644,1978,63400.0,0,0,59,924,193,376,171,198,51,0,2,11,10,2,1,0,0,0,0,0,0,Master,Single,2013-06-05
904645,1982,48100.0,1,0,43,33,1,27,2,2,13,1,2,0,4,6,0,0,0,0,0,0,0,Basic,Single,2013-08-05
904646,1952,93800.0,0,0,38,562,30,427,98,7,14,0,3,10,5,2,0,0,0,0,0,0,0,Master,Unknown,2013-11-13
904647,1954,64200.0,1,1,87,8,2,8,5,1,14,2,2,0,4,5,0,0,0,0,0,0,0,Master,Single,2013-07-25
904648,1986,15400.0,1,0,34,0,7,1,2,1,5,1,1,0,2,7,0,0,0,0,0,1,0,PhD,Single,2012-09-15
904649,1951,57500.0,0,1,96,176,9,48,9,5,14,0,5,2,7,3,0,0,0,0,0,0,0,Graduation,Widow,2014-03-01
904650,1970,24800.0,1,0,40,12,1,7,2,0,6,1,0,2,2,5,0,0,0,0,0,0,0,Basic,Single,2014-01-08
904651,1960,64600.0,1,1,73,7,1,4,0,2,8,1,1,0,2,3,0,0,0,0,0,0,0,Basic,Single,2014-05-07
904652,1965,43400.0,1,1,77,476,0,51,0,1,56,3,5,3,5,4,0,0,0,0,0,1,0,Graduation,Together,2014-01-03
904653,1976,21500.0,0,0,0,11,3,6,1,1,6,1,1,0,3,8,0,0,0,0,0,0,0,PhD,Together,2013-10-24
904654,1968,30700.0,1,1,31,6,0,3,4,3,28,1,1,0,2,8,0,0,0,0,0,0,0,Graduation,Single,2012-12-11
904655,1949,46200.0,1,1,58,99,0,40,1,2,6,4,4,1,3,5,0,0,0,0,0,0,0,PhD,Together,2013-06-02
904656,1973,34800.0,1,1,0,42,2,22,2,2,3,1,2,1,2,9,0,0,0,0,0,0,0,2n Cycle,Divorced,2012-12-03
904657,1982,18400.0,1,0,52,5,2,2,3,0,4,2,1,0,2,6,0,0,1,0,0,0,0,Graduation,Married,2014-04-15
904658,1966,42800.0,0,1,72,134,4,41,11,4,63,5,5,3,6,6,0,0,0,0,0,0,0,Master,Together,2012-11-09
904659,1975,36000.0,0,0,35,11,0,6,2,1,3,1,2,0,3,8,0,0,0,0,0,0,0,Graduation,Married,2013-03-27
904660,1974,40200.0,1,1,64,171,60,264,234,12,89,5,6,3,5,9,0,0,0,0,0,1,0,PhD,Married,2013-04-24
904661,1961,43500.0,0,1,52,159,2,42,33,5,5,2,6,0,7,6,0,0,0,0,0,0,0,Master,Single,2014-01-30
904662,1989,35100.0,1,0,34,68,1,18,1,0,1,2,3,0,3,7,0,0,0,0,0,0,0,Graduation,Married,2013-03-30
904663,1991,12700.0,0,0,62,5,20,11,11,10,31,1,2,0,3,8,0,0,0,0,0,0,0,2n Cycle,Married,2014-01-06
904664,1974,28900.0,1,1,15,50,4,21,16,0,12,3,4,0,2,8,0,0,0,0,0,0,0,Master,Married,2013-09-14
904665,1971,35900.0,0,0,54,6,1,7,1,1,18,2,1,0,3,5,0,0,0,1,0,0,0,Graduation,Married,2013-03-29
904666,1974,66000.0,0,0,86,300,4,157,5,15,4,4,5,2,12,8,0,0,0,0,0,0,0,Graduation,Divorced,2013-05-19
904667,1957,92700.0,0,0,82,562,13,168,28,24,63,1,8,2,10,4,0,0,0,0,1,1,0,Graduation,Together,2013-05-27
904668,1967,25800.0,1,0,99,7,1,8,3,1,2,1,1,0,3,5,0,0,1,0,0,0,0,2n Cycle,Single,2012-12-19
904669,1988,67400.0,0,0,17,1092,73,384,253,191,95,1,7,7,7,3,0,0,0,0,0,0,0,Graduation,Single,2013-05-20
904670,1959,40700.0,1,0,10,8,2,4,0,0,3,2,1,0,3,6,0,0,1,0,0,1,0,Graduation,Married,2013-01-09
904671,1945,81200.0,0,2,47,697,1,180,88,24,11,4,8,6,6,5,0,0,0,0,0,0,0,Graduation,Together,2012-08-06
904672,1968,64500.0,0,1,67,286,48,62,8,10,130,1,7,2,9,5,0,0,0,0,0,0,0,Graduation,Single,2013-09-20
904673,1956,24200.0,0,1,61,30,0,6,0,0,5,1,1,0,3,5,0,0,0,0,0,0,0,Graduation,Divorced,2014-03-31
904674,1995,72900.0,0,1,47,1453,15,178,7,96,17,2,11,4,5,3,1,0,0,0,1,1,0,Graduation,Divorced,2013-12-23
904675,1954,48900.0,0,2,82,367,68,156,94,28,57,7,12,4,4,8,0,0,0,0,0,0,0,Graduation,Together,2013-02-09
904676,1992,9300.0,1,0,90,14,3,36,9,6,14,4,3,2,3,10,0,0,0,0,0,1,0,Master,Single,2013-11-20
904677,1976,108200.0,0,1,64,640,67,233,259,80,74,2,9,5,10,5,0,0,0,0,0,0,0,Graduation,Married,2013-12-23
904678,1978,76000.0,0,1,4,81,3,166,46,1,9,2,2,2,4,1,0,0,0,0,0,0,0,Graduation,Married,2013-05-27
904679,1957,29100.0,0,1,99,49,4,28,2,0,7,1,2,0,3,7,0,0,0,0,0,0,0,Graduation,Single,2014-06-29
904680,1981,33600.0,0,1,9,27,2,13,1,8,22,3,3,1,3,6,0,0,1,0,0,0,0,PhD,Together,2013-04-03
904681,1943,54700.0,0,1,0,259,7,63,48,4,13,4,3,3,7,4,0,0,0,0,0,0,0,Master,Married,2013-12-28
904682,1973,53100.0,1,0,34,125,14,69,6,66,16,4,7,1,7,7,0,0,0,1,0,0,0,PhD,Married,2013-06-18
904683,1978,58500.0,0,1,37,512,197,139,259,32,10,2,8,4,13,3,0,0,0,0,0,0,0,PhD,Divorced,2013-07-29
904684,1964,24600.0,1,1,31,8,4,7,22,2,21,3,2,1,2,6,0,0,0,0,0,0,0,Master,Together,2013-08-28
904685,1977,29200.0,1,1,41,26,0,4,1,1,4,2,1,0,3,6,0,0,0,0,0,0,0,2n Cycle,Together,2014-05-29
904686,1969,47200.0,1,0,64,27,18,52,26,7,54,3,3,4,2,2,0,0,0,0,0,0,0,Master,Single,2012-09-15
904687,1965,48700.0,1,1,36,63,2,16,0,1,15,2,2,1,2,8,0,0,0,0,0,0,0,Graduation,Married,2014-05-08
904688,1978,44200.0,0,2,99,276,11,127,10,29,24,5,2,4,13,3,0,0,0,0,0,0,0,Graduation,Together,2014-04-11
904689,1969,26400.0,0,0,78,17,1,6,3,1,5,2,1,1,3,5,0,0,0,0,0,0,0,Graduation,Married,2013-01-01
904690,1968,25900.0,1,1,81,92,18,49,29,7,52,3,4,2,5,7,0,0,0,0,0,0,0,Master,Single,2013-07-05
904691,1973,51700.0,0,1,53,1289,159,833,94,4,101,4,5,4,13,4,0,0,0,0,0,0,0,Graduation,Together,2013-08-03
904692,1970,66600.0,1,1,99,343,11,167,16,37,9,4,4,2,10,7,0,0,0,0,0,0,0,Graduation,Married,2013-10-25
904693,1986,32200.0,2,0,10,7,0,11,1,2,1,1,1,0,3,7,0,0,0,0,0,0,0,Graduation,Single,2014-01-29
904694,1977,30600.0,1,1,90,15,2,10,4,4,15,3,2,0,4,5,0,0,0,0,0,1,0,PhD,Married,2014-04-01
904695,1961,105500.0,0,0,0,1097,193,896,253,198,44,1,4,6,8,2,0,0,1,0,1,1,0,Graduation,Together,2013-03-29
904696,1946,59300.0,0,1,40,245,197,134,63,263,165,1,3,2,11,1,0,0,0,0,0,0,0,Graduation,Single,2014-03-30
904697,1946,64600.0,1,1,50,94,0,8,0,0,5,0,1,0,2,7,0,0,0,0,0,1,0,Master,Married,2014-05-01
904698,1944,76400.0,0,1,46,1330,33,189,259,26,40,3,8,5,10,8,0,0,0,0,0,0,0,Graduation,Married,2014-02-07
904699,1970,77300.0,1,1,81,193,24,89,56,23,105,5,5,2,5,4,0,0,0,0,0,0,0,2n Cycle,Single,2013-01-02
904700,1971,29300.0,1,0,44,7,1,10,20,4,2,1,2,0,3,5,0,0,0,0,0,0,0,PhD,Single,2014-03-12
904701,1955,70100.0,0,0,52,87,13,150,41,5,13,1,3,3,6,2,0,0,0,0,0,0,0,2n Cycle,Married,2013-11-14
904702,1987,81600.0,0,0,15,1014,4,712,12,198,5,0,6,9,8,1,1,0,0,1,0,0,0,Master,Married,2013-04-23
904703,1967,43400.0,1,1,62,178,1,51,2,0,25,5,7,4,3,5,0,0,0,0,0,1,0,Master,Together,2013-06-16
904704,1971,38300.0,0,1,52,260,3,24,9,1,321,1,7,2,3,7,0,0,0,0,0,0,0,Graduation,Married,2014-03-27
904705,1979,76100.0,0,1,99,311,12,355,6,36,40,3,7,7,8,3,1,0,0,0,0,0,0,Master,Together,2012-11-21
904706,1972,17700.0,1,0,67,9,9,22,8,5,17,2,2,0,5,7,0,0,0,0,0,0,0,Graduation,Married,2013-08-15
904707,1959,30700.0,0,1,51,57,3,20,1,0,47,1,3,2,3,5,0,0,0,0,0,1,0,Graduation,Together,2012-09-28
904708,1964,75700.0,0,1,39,116,22,63,19,263,13,1,4,2,4,1,0,0,0,0,0,0,0,Master,Together,2014-04-11
904709,1971,44100.0,0,1,88,395,13,44,0,13,124,4,7,2,7,5,0,0,0,0,0,0,0,Graduation,Widow,2012-12-30
904710,1949,43400.0,0,2,78,95,17,33,25,5,7,3,4,0,5,8,0,0,0,0,0,1,0,Graduation,Married,2013-02-10
904711,1977,24300.0,1,1,76,37,1,7,2,0,1,3,1,0,3,9,0,0,0,0,0,0,0,2n Cycle,Together,2014-05-19
904712,1972,30600.0,1,2,44,33,2,16,2,0,7,4,2,1,3,7,0,0,0,0,0,0,0,Graduation,Together,2014-03-15
904713,1973,69400.0,0,0,50,633,124,325,103,62,362,2,10,4,11,3,0,0,0,0,0,0,0,Graduation,Together,2012-11-03
904714,1964,84300.0,0,0,25,1370,53,301,43,109,101,2,6,8,9,3,0,0,0,0,0,1,0,Graduation,Together,2014-04-28
904715,1956,70100.0,0,1,17,1337,98,127,115,17,240,1,9,3,8,7,0,0,0,0,0,0,0,PhD,Married,2013-11-04
904716,1966,89800.0,0,0,77,574,193,981,160,110,245,1,5,4,5,2,1,0,0,0,0,1,0,PhD,Married,2013-06-23
904717,1976,41200.0,1,0,40,343,14,149,20,46,156,8,11,2,12,10,0,0,0,0,0,0,0,Graduation,Married,2012-12-17
904718,1955,90900.0,0,0,57,255,160,981,253,100,2,1,2,4,6,1,0,0,0,1,1,1,0,Master,Single,2012-10-04
904719,1952,62800.0,0,1,47,1396,29,1011,259,82,213,5,7,11,12,4,0,0,0,0,0,0,0,Graduation,Single,2014-03-21
904720,1953,73500.0,1,2,59,842,10,56,1,8,106,5,10,1,7,6,0,0,0,0,0,0,0,PhD,Divorced,2013-12-18
904721,1965,58000.0,1,1,35,355,20,294,11,6,55,5,8,2,7,11,0,0,0,0,0,0,0,PhD,Married,2012-10-12
904722,1960,27400.0,0,1,65,27,1,7,3,7,3,1,1,0,4,6,0,0,0,0,0,0,0,Graduation,Single,2013-05-27
904723,1953,61900.0,1,0,41,57,0,6,0,0,1,1,1,0,3,5,0,0,0,0,0,0,0,2n Cycle,Together,2014-04-20
904724,1971,99300.0,0,1,55,145,132,415,9,155,80,3,6,5,8,3,0,0,0,0,0,0,0,PhD,Together,2012-09-01
904725,1975,77000.0,0,1,55,360,12,198,18,32,32,1,3,2,13,1,0,0,0,0,0,0,0,Graduation,Single,2013-07-09
904726,1969,54800.0,0,1,45,231,14,52,28,113,117,3,9,4,7,8,0,0,0,0,0,0,0,Graduation,Together,2013-04-15
904727,1963,25600.0,1,0,0,27,2,6,3,4,18,2,2,0,4,5,0,0,0,0,0,0,0,Master,Married,2012-10-08
904728,1981,27200.0,1,0,62,12,6,30,11,2,51,1,2,1,2,7,0,0,0,0,0,0,0,Graduation,Married,2013-08-08
904729,1978,53000.0,0,0,34,253,0,30,0,3,6,4,5,1,4,6,0,0,0,0,0,0,0,Graduation,Married,2013-08-02
904730,1967,55200.0,1,1,55,460,6,177,7,7,36,4,10,3,9,8,0,0,0,1,0,0,0,PhD,Together,2012-09-09
904731,1989,20800.0,1,0,93,22,2,31,5,2,4,2,2,0,2,9,0,0,0,0,0,0,0,Master,Together,2013-03-28
904732,1969,64600.0,1,1,81,10,1,7,1,0,5,0,0,0,3,4,0,0,0,0,0,0,0,Graduation,Married,2013-06-16
904733,1959,18600.0,1,1,34,13,0,4,0,0,1,2,1,0,3,5,0,0,0,0,0,0,0,PhD,Married,2013-09-01
904734,1973,44500.0,1,1,99,244,12,81,7,7,43,6,4,3,6,6,0,0,0,0,0,0,0,Master,Together,2013-01-19
904735,1963,47400.0,0,1,74,384,11,252,100,116,98,2,4,6,6,3,0,0,0,0,0,0,0,Graduation,Single,2013-11-09
904736,1967,72600.0,0,0,29,272,13,1725,13,21,54,2,4,10,3,2,0,0,0,0,0,0,0,PhD,Married,2013-09-06
904737,1962,90000.0,0,0,83,1025,72,1263,124,263,138,2,7,6,10,3,0,0,0,0,0,0,0,Graduation,Married,2013-11-12
904738,1987,17800.0,1,0,32,0,3,1,5,1,13,2,1,0,2,8,0,0,0,0,0,0,0,Graduation,Married,2014-06-18
904739,1976,30900.0,0,0,94,88,7,60,2,5,14,5,4,1,4,7,0,0,0,0,0,0,0,2n Cycle,Married,2014-05-30
904740,1968,69600.0,0,1,89,1370,9,119,8,11,57,6,4,3,10,5,1,0,0,0,1,0,0,PhD,Married,2013-11-12
904741,1963,41000.0,1,1,51,15,1,27,3,1,11,1,3,0,3,8,0,0,0,0,0,0,0,Basic,Single,2014-03-02
904742,1970,85300.0,0,1,50,291,2,227,35,13,18,2,3,7,10,2,0,0,0,0,0,0,0,Graduation,Together,2012-11-21
904743,1954,67600.0,0,2,86,581,16,276,5,67,32,1,4,3,6,3,0,0,0,0,0,0,0,Master,Together,2012-09-29
904744,1978,57800.0,1,0,76,155,61,114,55,44,14,1,7,2,5,5,0,0,0,0,0,0,0,Graduation,Together,2014-01-14
904745,1976,35900.0,1,0,53,64,0,29,8,5,7,4,3,1,5,10,0,0,0,0,0,0,0,Master,Married,2012-10-04
904746,1985,73600.0,0,0,60,1126,197,1031,185,148,158,1,13,8,13,2,0,0,0,0,0,0,0,2n Cycle,Single,2013-12-31
904747,1978,33300.0,1,0,70,65,0,30,9,0,68,3,3,1,3,5,0,0,0,0,0,0,0,Graduation,Married,2012-11-08
904748,1968,35200.0,0,0,0,63,0,57,11,48,20,2,4,1,5,9,0,0,0,0,0,0,0,Graduation,Married,2013-07-04
904749,1988,40900.0,2,0,43,48,2,77,6,2,8,4,3,1,5,8,0,0,0,0,0,0,0,PhD,Single,2014-04-15
904750,1963,36500.0,0,1,64,39,7,22,1,3,22,3,2,1,5,4,0,0,0,0,0,0,0,Master,Married,2013-12-12
904751,1961,51800.0,0,1,69,414,0,16,12,0,49,3,3,1,6,5,0,0,0,0,0,1,0,PhD,Single,2014-03-30
904752,1976,50300.0,0,1,62,364,28,187,12,13,66,2,1,4,9,1,0,0,0,0,0,0,0,Graduation,Together,2013-01-22
904753,1993,16600.0,1,0,58,3,4,10,5,24,39,3,2,1,3,7,0,0,0,0,0,0,0,PhD,Married,2013-03-06
904754,1982,28900.0,1,1,60,19,0,9,1,0,5,3,2,0,2,7,0,0,0,0,0,0,0,Master,Married,2012-10-19
904755,1964,29200.0,1,1,85,9,0,6,1,0,1,2,1,0,2,7,0,0,0,0,0,0,0,Graduation,Married,2013-03-19
904756,1943,64400.0,0,1,62,281,15,111,3,4,26,2,5,2,13,3,0,0,0,0,0,0,0,Graduation,Married,2013-08-24
904757,1962,86700.0,0,0,34,591,98,287,22,46,57,1,8,2,7,6,0,0,0,0,0,0,0,PhD,Together,2014-03-15
904758,1960,92900.0,0,0,26,1493,13,981,126,198,62,1,7,5,5,2,0,0,0,0,0,1,0,Graduation,Married,2013-04-29
904759,1978,29500.0,1,1,27,28,4,13,1,3,4,4,3,0,4,6,0,0,0,0,0,0,0,Master,Married,2014-04-10
904760,1959,27500.0,1,1,95,14,0,7,2,1,1,1,1,0,3,6,0,0,0,0,0,0,0,PhD,Together,2013-09-29
904761,1959,53500.0,0,1,21,51,3,14,3,2,4,1,3,1,3,2,0,0,0,0,0,0,0,PhD,Married,2014-04-12
904762,1974,46800.0,1,0,99,81,0,26,0,0,17,2,4,0,3,8,0,0,0,0,0,0,0,Master,Divorced,2014-01-31
904763,1971,79600.0,0,0,53,584,96,220,20,4,17,2,3,3,11,4,0,0,0,0,0,0,0,Graduation,Married,2012-11-14
904764,1993,24600.0,0,0,22,5,7,7,8,35,27,1,1,0,3,5,0,0,0,0,0,0,0,2n Cycle,Together,2013-03-05
904765,1969,58300.0,1,0,27,742,21,198,3,0,97,2,5,3,10,3,1,0,0,1,1,1,0,PhD,Together,2013-07-28
904766,1988,12900.0,1,0,65,0,3,18,30,5,32,1,1,0,3,11,0,0,0,0,0,0,0,2n Cycle,Married,2013-05-31
904767,1964,59600.0,0,0,59,706,25,500,7,149,21,1,4,4,8,2,0,0,0,0,0,0,0,Graduation,Single,2014-05-13
904768,1959,72500.0,0,0,29,598,34,910,253,57,30,1,6,8,12,5,0,0,0,0,0,1,0,Graduation,Married,2012-09-07
904769,1959,63600.0,0,0,66,340,12,760,60,138,16,2,4,6,8,3,0,0,0,0,0,0,0,Graduation,Single,2012-12-22
904770,1953,87200.0,0,0,73,751,31,336,20,62,49,1,2,4,7,2,0,0,0,0,0,1,0,Master,Single,2013-06-19
904771,1984,13600.0,1,0,99,0,4,2,1,4,9,2,2,0,2,7,0,0,0,0,0,0,0,Graduation,Married,2013-11-17
904772,1954,42600.0,0,1,42,142,2,21,1,0,7,2,2,1,3,5,0,0,0,0,0,0,0,PhD,Married,2013-02-16
904773,1975,33200.0,1,0,52,158,2,53,2,1,23,10,4,2,5,8,0,0,0,0,0,0,0,Graduation,Divorced,2013-10-20
904774,1951,67800.0,0,1,46,980,7,57,10,20,3,7,5,4,8,6,0,0,0,0,0,0,0,Graduation,Together,2012-10-28
904775,1948,71800.0,0,0,58,440,113,221,60,2,119,1,8,5,7,5,0,0,0,0,0,0,0,Graduation,Married,2013-05-31
904776,1957,37900.0,1,1,56,26,3,15,6,5,52,4,2,2,3,4,0,0,0,0,0,0,0,Graduation,Single,2013-04-26
904777,1947,53600.0,1,1,22,456,9,119,2,5,81,3,6,2,5,6,0,0,0,0,0,0,0,PhD,Married,2012-11-19
904778,1972,35000.0,0,1,62,6,0,5,0,1,1,2,1,0,3,4,0,0,0,0,0,0,0,2n Cycle,Single,2014-06-09
904779,1977,63200.0,0,1,68,1320,5,84,19,6,31,3,6,4,9,5,1,0,0,1,1,0,0,Master,Married,2013-09-21
904780,1959,83700.0,0,0,42,332,97,208,62,20,25,1,3,3,8,2,0,0,0,0,0,0,0,Master,Married,2013-02-16
904781,1963,32100.0,1,1,79,58,1,22,3,4,52,3,2,1,4,6,0,0,0,0,0,0,0,Graduation,Married,2013-04-25
904782,1961,90600.0,0,0,11,243,2,78,19,15,5,1,4,4,5,1,0,0,0,0,0,0,0,PhD,Married,2012-09-02
904783,1943,95700.0,1,1,70,683,48,221,69,37,106,2,6,5,9,2,0,0,0,0,0,0,0,Graduation,Married,2012-12-26
904784,1962,43700.0,0,2,57,309,122,89,7,0,80,2,4,1,13,5,0,0,0,0,0,0,0,Master,Single,2012-10-07
904785,1959,23700.0,1,1,7,3,1,3,0,1,2,0,0,0,3,5,0,0,0,0,0,0,0,Graduation,Married,2012-08-15
904786,1964,51700.0,0,2,36,83,4,40,8,15,42,6,4,2,5,4,0,0,0,0,0,0,0,Master,Together,2013-06-01
904787,1944,54200.0,0,2,42,275,51,135,7,4,8,5,6,9,12,7,0,0,0,0,0,0,1,Graduation,Divorced,2013-02-08
904788,1962,34500.0,1,0,48,205,79,417,14,34,114,5,8,3,6,12,0,0,0,1,0,0,0,PhD,Divorced,2014-05-26
904789,1978,23500.0,1,0,75,5,0,15,2,0,4,2,1,0,4,9,0,0,0,0,0,0,0,PhD,Single,2013-10-15
904790,1970,31400.0,1,0,45,26,3,12,6,0,5,2,3,0,2,15,0,0,0,0,0,0,0,Graduation,Widow,2014-01-14
904791,1964,84800.0,0,0,51,794,95,521,31,162,24,1,8,6,10,4,0,1,0,1,0,0,0,Graduation,Together,2012-08-28
904792,1964,82300.0,0,0,13,327,26,191,44,55,110,2,4,4,8,3,0,0,0,0,0,0,0,Graduation,Together,2012-11-02
904793,1948,77300.0,0,1,12,268,197,131,10,42,45,2,7,7,9,6,0,0,0,0,0,0,0,PhD,Divorced,2014-04-11
904794,1956,41300.0,1,1,23,346,0,14,4,1,10,10,4,1,6,8,0,0,0,0,0,0,0,Graduation,Widow,2014-02-14
904795,1975,19700.0,0,0,38,50,2,13,1,2,18,1,2,1,2,7,0,0,0,0,0,0,0,PhD,Together,2013-09-14
904796,1953,41100.0,1,1,24,35,1,8,8,0,7,3,1,1,3,6,0,0,0,0,0,0,0,Master,Together,2014-04-27
904797,1973,65300.0,0,0,40,730,193,282,31,37,74,1,5,6,5,2,0,0,0,0,1,0,0,Graduation,Single,2014-05-31
904798,1962,68400.0,0,2,23,328,2,122,5,3,27,4,8,3,6,6,0,0,0,0,0,0,0,PhD,Married,2013-10-19
904799,1982,19300.0,0,0,38,16,11,8,4,4,24,3,2,0,3,9,0,0,0,0,0,0,0,PhD,Single,2014-05-11
904800,1966,31500.0,1,1,19,29,2,13,1,1,2,2,0,1,2,7,0,0,0,0,0,0,0,Graduation,Married,2013-06-07
904801,1969,50600.0,0,1,87,271,25,111,27,10,36,3,8,3,7,5,0,0,0,0,0,0,0,2n Cycle,Divorced,2013-01-08
904802,1973,48100.0,0,2,62,481,2,36,1,5,30,2,7,3,5,5,0,0,0,0,0,0,0,Master,Together,2012-12-22
904803,1959,41500.0,0,0,71,218,0,76,21,47,13,1,8,2,6,4,0,0,0,0,0,0,0,PhD,Together,2013-01-28
904804,1950,67600.0,0,0,91,406,22,606,138,198,128,1,3,11,4,3,1,1,0,0,0,0,0,Graduation,Single,2013-03-31
904805,1950,91200.0,0,1,73,1435,2,201,113,10,113,1,10,4,10,2,1,0,1,0,1,1,0,PhD,Single,2012-10-10
904806,1953,50900.0,0,1,11,13,3,4,1,3,2,1,0,1,3,3,0,0,0,0,0,0,0,Master,Together,2013-03-29
904807,1967,59200.0,0,0,37,846,18,88,259,27,22,0,2,5,11,1,0,0,0,0,0,0,0,Graduation,Single,2013-04-08
904808,1963,35700.0,1,0,48,3,2,3,1,0,2,1,0,0,2,10,0,0,0,0,0,0,0,Graduation,Married,2014-05-22
904809,1947,52000.0,0,1,71,226,3,86,9,7,13,1,6,3,7,3,0,0,0,0,0,0,0,Graduation,Married,2013-07-29
904810,1971,32700.0,1,0,50,12,0,8,4,1,5,1,1,0,3,6,0,0,0,0,0,0,0,Graduation,Together,2012-12-17
904811,1958,25000.0,1,1,83,15,1,8,0,0,1,2,1,0,2,8,0,0,0,0,0,0,0,Graduation,Together,2013-01-19
904812,1964,65300.0,0,1,75,622,49,249,32,263,166,3,8,4,13,3,0,0,0,0,0,0,0,Graduation,Married,2012-10-04
904813,1979,20200.0,1,1,0,7,0,4,1,1,4,2,1,0,2,11,0,0,0,0,0,0,0,Graduation,Together,2014-04-18
904814,1966,44600.0,0,0,99,782,5,581,173,80,304,2,3,11,9,6,0,0,0,0,0,0,0,Graduation,Divorced,2013-12-07
904815,1966,70900.0,0,0,41,646,49,326,253,198,36,1,5,8,8,2,1,0,0,1,0,1,0,Graduation,Single,2012-10-04
904816,1986,24000.0,0,0,77,1,5,10,6,0,6,0,1,0,3,7,0,0,0,0,0,0,0,Master,Together,2013-05-24
904817,1975,59300.0,1,1,66,274,88,257,34,22,24,1,6,5,11,3,0,0,0,1,0,0,0,Master,Together,2014-03-13
904818,1968,76600.0,0,0,56,346,134,440,144,66,29,2,5,5,10,1,0,0,0,0,0,0,0,PhD,Single,2013-10-25
904819,1949,78200.0,0,0,58,311,193,541,253,176,56,0,7,10,7,3,1,0,0,0,1,0,0,Graduation,Together,2012-08-03
904820,1969,69700.0,0,0,42,80,25,168,10,13,54,0,6,4,4,2,0,0,0,0,0,0,0,Master,Married,2014-01-13
904821,1980,83400.0,0,1,18,192,15,163,85,18,25,2,9,4,5,2,0,0,0,0,0,0,0,Graduation,Married,2013-02-21
904822,1941,66000.0,0,0,65,1114,66,444,109,7,17,2,6,7,7,2,1,0,1,0,1,1,0,Graduation,Single,2014-01-28
904823,1944,58300.0,0,1,5,369,57,118,237,52,45,2,11,5,10,4,0,0,0,0,0,0,0,Graduation,Together,2013-02-01
904824,1996,19700.0,0,0,41,5,6,14,8,21,19,1,0,1,3,4,0,0,0,0,0,0,0,Master,Married,2013-08-10
904825,1948,87700.0,0,1,41,212,11,156,10,27,19,2,3,3,11,3,0,0,0,0,0,0,0,Graduation,Married,2013-12-28
904826,1975,65800.0,1,1,99,326,12,93,11,70,50,2,5,4,10,4,0,0,0,0,0,0,0,PhD,Married,2013-04-07
904827,1972,40500.0,1,1,73,7,6,26,15,2,18,3,1,1,3,6,0,0,0,0,0,1,0,Master,Together,2012-11-19
904828,1963,25400.0,1,1,46,53,1,17,1,0,6,1,1,0,4,4,0,0,0,0,0,0,0,PhD,Married,2014-05-24
904829,1969,48100.0,0,0,0,344,2,208,45,6,14,1,6,4,10,4,0,0,0,0,0,0,0,Graduation,Single,2014-06-20
904830,1983,16800.0,1,1,99,7,2,7,1,1,7,3,2,0,2,9,0,0,0,0,0,0,0,PhD,Married,2013-10-27
904831,1969,39000.0,1,0,68,53,6,78,2,0,7,2,2,0,4,9,0,0,0,0,0,0,0,Master,Together,2012-10-22
904832,1969,78300.0,0,0,57,581,22,41,7,14,50,1,7,1,13,3,0,0,0,0,0,0,0,Graduation,Together,2012-08-30
904833,1969,64500.0,0,1,99,379,1,30,2,1,4,2,4,2,13,4,0,0,0,0,0,0,0,Graduation,Together,2013-03-20
904834,1956,69400.0,1,1,34,145,4,27,8,0,12,2,6,2,4,8,0,0,0,0,0,1,0,Graduation,Single,2014-03-11
904835,1983,49500.0,1,1,40,37,2,28,2,1,13,3,2,1,4,6,0,0,0,0,0,0,0,Graduation,Married,2013-03-27
904836,1947,41800.0,0,1,37,1396,45,191,240,85,257,3,9,8,13,7,0,0,0,0,0,0,0,Graduation,Single,2013-06-03
904837,1969,75800.0,0,0,90,843,24,501,52,25,24,2,5,5,10,1,0,0,0,0,0,0,0,Graduation,Single,2013-12-25
904838,1948,61600.0,0,1,88,294,13,163,6,4,15,1,1,3,6,2,0,0,0,0,0,0,0,Master,Together,2013-08-29
904839,1970,52700.0,0,1,63,156,58,190,1,0,8,1,2,4,2,1,0,0,0,0,0,0,0,Graduation,Divorced,2013-03-23
904840,1944,68400.0,0,0,64,663,129,569,8,35,9,1,8,10,8,3,0,0,0,0,1,1,0,Graduation,Widow,2013-10-16
904841,1967,68000.0,0,0,99,513,197,1029,259,90,362,2,2,9,9,2,0,0,0,0,0,0,0,Master,Together,2013-06-13
904842,1986,36700.0,1,1,48,24,0,8,1,0,1,1,1,0,2,10,0,0,0,0,0,0,0,Master,Married,2013-08-26
904843,1995,89600.0,0,0,53,420,87,981,137,180,49,0,9,6,6,2,1,0,0,0,0,1,0,Graduation,Single,2013-09-03
904844,1954,67400.0,0,1,13,808,197,348,259,117,286,3,4,6,13,3,0,0,0,0,0,0,0,Graduation,Married,2014-05-13
904845,1988,83500.0,0,0,85,876,44,294,65,46,15,1,2,5,9,1,0,0,0,1,1,1,0,PhD,Single,2014-02-23
904846,1979,82500.0,0,0,31,1493,193,981,22,34,68,1,5,5,10,2,0,0,0,0,0,0,0,Master,Single,2014-01-01
904847,1955,55800.0,0,2,56,603,115,146,17,64,66,6,6,2,10,8,0,0,0,0,0,0,0,Master,Married,2013-11-30
904848,1966,37100.0,1,1,74,34,3,17,1,1,6,2,2,2,2,4,0,0,0,0,0,0,0,Graduation,Together,2013-07-27
904849,1979,64600.0,2,0,57,49,0,15,0,1,8,1,1,0,3,4,0,0,0,0,0,0,0,Master,Divorced,2012-09-07
904850,1974,39200.0,1,0,23,3,3,13,2,7,2,1,1,0,4,4,0,0,1,0,0,0,0,PhD,Divorced,2013-07-12
904851,1965,73000.0,0,0,56,190,19,132,28,142,50,1,4,1,8,2,0,0,0,0,0,0,0,PhD,Married,2013-02-16
904852,1966,105000.0,0,0,38,239,47,222,159,33,27,0,3,5,4,2,0,0,0,0,0,0,0,PhD,Married,2013-04-30
904853,1976,45800.0,1,1,30,53,3,22,6,14,52,4,2,2,4,5,0,0,0,0,0,0,0,Master,Together,2012-08-18
904854,1953,37100.0,0,1,45,28,1,7,2,3,3,1,1,1,3,6,0,0,0,0,0,0,0,Master,Married,2013-03-19
904855,1963,25000.0,1,1,75,6,4,7,11,4,20,3,2,0,3,6,0,0,0,0,0,0,0,2n Cycle,Single,2013-04-26
904856,1979,97100.0,0,1,34,390,197,891,30,263,14,2,6,7,9,2,0,0,0,0,0,0,0,Graduation,Together,2014-06-19
904857,1960,60200.0,0,0,58,999,26,476,143,35,200,3,7,5,13,7,0,0,0,0,0,0,0,2n Cycle,Together,2012-12-17
904858,1962,63300.0,0,1,59,423,29,214,12,14,16,3,11,5,7,6,1,0,0,1,1,0,0,PhD,Married,2013-09-22
904859,1958,38900.0,0,0,42,307,14,173,172,9,139,1,11,3,7,7,0,0,0,0,0,0,0,PhD,Single,2014-02-18
904860,1950,62100.0,0,1,46,1453,7,112,1,4,11,5,6,7,4,9,1,0,0,0,0,0,0,Master,Single,2013-02-08
904861,1969,36300.0,1,0,79,127,17,218,29,8,31,4,3,2,2,6,0,0,0,0,0,1,0,Graduation,Married,2014-04-19
904862,1959,55600.0,0,1,52,691,12,136,44,16,71,3,5,7,4,9,0,0,0,0,1,1,0,Graduation,Unknown,2013-12-17
904863,1986,62300.0,0,0,1,438,3,295,17,2,28,2,3,4,13,1,0,0,1,0,0,0,0,Master,Together,2013-06-08
904864,1982,24700.0,1,1,17,15,5,14,2,0,6,2,2,0,2,8,0,0,0,0,0,0,0,Master,Married,2013-02-23
904865,1978,54400.0,1,1,27,307,17,217,23,28,70,6,12,1,9,8,0,0,1,0,0,0,0,Master,Together,2014-01-21
904866,1953,58100.0,0,1,75,747,155,339,38,263,146,3,14,4,10,5,0,0,0,0,0,0,0,Master,Together,2012-12-18
904867,1981,58300.0,0,0,57,130,37,154,12,112,77,0,9,2,4,3,0,0,0,0,0,0,0,Graduation,Married,2013-07-22
904868,1964,66000.0,0,1,48,357,69,38,20,4,102,1,5,2,5,3,0,0,0,0,0,0,0,2n Cycle,Single,2012-11-25
904869,1943,68200.0,0,1,22,470,0,78,188,63,20,1,8,1,9,3,0,0,0,0,0,0,0,Master,Single,2012-12-16
904870,1965,60400.0,0,0,63,64,3,75,37,10,16,2,3,1,8,7,0,0,0,0,0,1,0,Graduation,Single,2012-08-07
904871,1980,29300.0,1,1,73,68,0,20,1,5,15,2,4,0,4,7,0,0,0,0,0,0,0,2n Cycle,Together,2012-08-07
904872,1969,110000.0,0,1,35,530,63,386,9,32,20,1,9,8,13,3,0,0,0,0,0,0,0,2n Cycle,Married,2013-01-08
904873,1974,54000.0,0,1,56,232,6,34,2,0,50,3,4,1,5,7,0,0,0,0,0,1,0,PhD,Married,2012-11-09
904874,1970,64200.0,0,1,46,238,32,79,41,23,82,3,3,3,9,3,0,0,0,0,0,0,0,Graduation,Single,2014-03-04
904875,1974,49700.0,1,0,39,131,8,37,9,24,4,3,3,0,7,8,0,0,1,0,0,0,0,Graduation,Single,2013-07-03
904876,1965,19700.0,1,0,74,23,5,24,3,3,16,3,2,0,4,7,0,0,0,0,0,0,0,Master,Divorced,2013-06-13
904877,1959,67700.0,0,1,9,755,4,75,7,1,70,4,13,3,9,6,0,0,0,0,0,0,0,PhD,Married,2014-01-15
904878,1972,61600.0,0,1,62,826,107,114,187,13,59,3,7,8,7,7,1,0,0,0,1,1,0,PhD,Together,2014-06-27
904879,1966,64600.0,1,1,99,27,1,12,0,3,8,1,1,0,4,3,0,0,0,0,0,0,0,Graduation,Together,2013-01-13
904880,1973,54800.0,0,0,99,214,50,380,58,29,49,1,7,3,7,3,0,0,0,0,0,0,0,Master,Together,2013-02-01
904881,1958,56100.0,0,1,57,263,27,116,15,52,75,2,8,5,5,8,0,0,0,0,0,0,0,2n Cycle,Widow,2013-08-18
904882,1985,14500.0,0,0,25,2,1,2,0,7,2,1,1,0,3,6,0,0,0,0,0,0,0,PhD,Single,2013-02-22
904883,1972,17800.0,1,0,0,7,4,7,2,6,13,4,1,1,3,6,0,1,0,0,0,0,0,Graduation,Single,2014-03-11
904884,1989,23700.0,2,0,74,12,7,38,0,14,25,6,4,0,2,8,0,0,1,0,0,0,0,Graduation,Divorced,2013-05-13
904885,1991,28500.0,1,0,79,13,3,13,11,2,5,2,2,0,3,9,0,0,0,0,0,0,0,PhD,Married,2014-05-08
904886,1962,61200.0,0,1,87,1493,1,182,11,23,25,2,7,3,7,9,1,0,0,1,1,1,0,Graduation,Together,2014-05-25
904887,1957,29400.0,1,1,27,28,0,12,0,7,2,2,3,0,2,7,0,0,0,0,0,0,0,PhD,Married,2013-10-07
904888,1984,13600.0,1,0,21,7,1,5,1,4,21,2,1,1,2,7,0,0,0,0,0,0,0,Graduation,Married,2014-01-13
904889,1974,24500.0,1,0,26,2,3,13,15,16,6,2,2,0,2,7,0,0,0,0,0,0,0,PhD,Single,2013-08-11
904890,1961,58700.0,1,1,38,377,13,200,8,10,92,4,8,4,7,5,0,0,0,0,0,0,0,PhD,Married,2013-06-11
904891,1988,80600.0,0,0,66,893,3,639,60,127,12,1,4,6,10,1,1,0,1,0,1,0,0,Graduation,Divorced,2012-08-05
904892,1970,17800.0,1,0,67,3,2,11,3,5,11,2,2,0,3,8,0,0,0,0,0,0,0,Graduation,Divorced,2012-08-24
904893,1973,44700.0,1,0,85,27,15,53,7,3,17,3,2,2,3,6,0,0,0,0,0,0,0,PhD,Together,2013-06-28
904894,1969,80000.0,0,0,46,553,44,506,26,55,27,1,6,7,8,3,0,0,0,0,1,0,0,PhD,Single,2014-05-25
904895,1970,92800.0,0,0,43,782,69,533,253,58,71,0,7,6,12,3,0,0,0,0,0,0,0,Master,Widow,2014-06-28
904896,1984,87400.0,0,1,83,1087,18,294,11,7,61,1,3,5,6,2,1,1,0,1,1,0,0,PhD,Together,2013-05-02
904897,1974,90800.0,0,1,48,168,46,130,9,30,8,2,6,3,9,3,0,0,0,0,0,0,0,PhD,Together,2013-04-08
904898,1969,45800.0,1,1,11,11,1,11,0,1,13,2,2,0,2,10,0,0,0,0,0,0,0,2n Cycle,Divorced,2013-02-17
904899,1956,36700.0,2,1,99,44,2,17,2,0,19,1,1,0,3,5,0,0,0,0,0,0,0,Graduation,Single,2013-02-26
904900,1965,25100.0,0,0,16,7,10,15,13,3,11,2,1,1,3,6,0,0,0,0,0,0,0,Graduation,Single,2013-06-20
904901,1987,69400.0,0,0,23,546,28,201,82,17,34,1,4,3,7,3,0,0,1,0,0,0,0,Graduation,Together,2013-08-12
904902,1968,27800.0,0,1,63,23,0,13,0,0,1,1,2,0,2,5,0,0,0,0,0,0,0,Graduation,Married,2013-10-15
904903,1969,48200.0,1,0,89,51,3,15,2,11,19,2,2,0,3,8,0,0,0,0,0,0,0,Graduation,Together,2014-05-30
904904,1958,58400.0,1,1,68,237,9,58,13,4,17,1,4,0,6,5,0,0,0,0,0,0,0,Graduation,Divorced,2012-11-10
904905,1965,37300.0,1,1,14,40,0,4,0,0,1,1,1,0,2,8,0,0,0,0,0,0,0,Graduation,Together,2012-11-11
904906,1966,57300.0,0,1,51,56,0,80,4,0,7,2,1,1,2,6,0,0,0,0,0,0,0,Master,Married,2012-09-26
904907,1966,89400.0,0,0,37,655,131,483,226,20,68,0,4,11,4,2,0,0,0,0,0,0,0,Graduation,Married,2014-04-08
904908,1964,73900.0,0,1,62,222,40,405,93,18,34,1,3,7,12,3,0,0,0,0,0,0,0,Master,Together,2012-08-03
904909,1972,44700.0,0,1,33,375,76,547,234,36,321,4,9,4,7,6,0,0,0,0,0,0,0,Master,Married,2014-02-24
904910,1956,57800.0,0,1,73,421,68,70,63,168,252,1,9,2,13,3,0,0,0,0,0,0,0,Graduation,Married,2012-09-04
904911,1963,46500.0,1,0,57,195,64,150,46,10,116,4,7,3,5,6,0,0,0,1,0,0,0,Graduation,Widow,2013-08-03
904912,1960,77000.0,0,0,5,530,143,465,35,198,103,0,3,5,6,2,1,0,0,0,1,1,0,Master,Single,2014-06-05
904913,1954,38700.0,1,1,89,8,3,9,1,0,1,1,1,0,4,3,0,0,0,0,0,0,0,PhD,Single,2013-10-04
904914,1968,55000.0,0,0,67,352,3,230,156,19,37,2,5,3,4,3,0,0,0,0,0,0,0,Master,Together,2014-03-24
904915,1979,68500.0,0,0,81,761,7,262,17,4,86,1,5,4,4,6,0,0,0,1,0,0,0,Graduation,Together,2012-09-14
904916,1982,19400.0,0,1,47,5,2,6,11,1,15,1,1,1,2,6,0,0,0,0,0,0,0,Graduation,Married,2013-07-14
904917,1961,51400.0,0,1,51,262,7,20,25,10,6,2,9,3,4,6,0,0,0,0,0,0,0,Graduation,Single,2014-01-22
904918,1991,69100.0,0,0,44,417,24,421,121,198,104,1,8,5,6,2,0,0,0,1,0,1,0,Graduation,Together,2013-07-12
904919,1971,32300.0,1,0,65,3,8,5,7,17,2,1,1,0,4,6,0,0,0,0,0,0,0,Graduation,Married,2014-06-18
904920,1967,28300.0,2,1,88,38,0,5,2,0,3,3,2,1,2,6,0,0,0,0,0,0,0,Graduation,Together,2013-03-26
904921,1979,28900.0,1,0,68,15,2,19,25,13,14,1,1,1,3,4,0,0,0,0,0,0,0,Graduation,Together,2012-10-05
904922,1955,68200.0,0,1,45,216,83,119,37,5,24,3,4,6,8,3,0,0,0,0,0,0,0,Master,Together,2012-10-19
904923,1987,49600.0,1,0,57,44,5,51,4,13,9,1,2,0,3,9,0,0,0,0,0,0,0,Graduation,Together,2013-07-15
904924,1980,38900.0,1,0,0,26,6,40,6,6,10,4,2,1,3,6,0,0,1,0,0,0,0,Graduation,Single,2013-12-15
904925,1963,47900.0,0,1,48,292,85,650,19,29,33,2,5,3,10,2,0,0,0,0,0,0,0,PhD,Together,2013-09-07
904926,1995,19700.0,0,0,75,3,15,18,19,25,25,1,1,0,2,8,0,0,0,0,0,0,0,Graduation,Married,2014-05-16
904927,1957,41700.0,1,1,32,140,7,30,11,3,35,1,6,1,4,5,0,0,1,0,0,0,0,Master,Married,2014-02-05
904928,1972,92200.0,0,0,23,850,73,337,41,72,54,1,7,4,5,2,1,0,0,0,1,1,0,PhD,Single,2012-08-24
904929,1966,56700.0,0,0,83,220,27,79,15,27,11,1,7,4,7,4,0,0,0,0,0,0,0,Graduation,Together,2013-06-19
904930,1963,62600.0,0,0,7,744,18,374,141,39,22,2,7,3,13,2,0,0,0,0,1,1,0,2n Cycle,Together,2012-09-08
904931,1977,29700.0,0,0,66,10,3,8,1,19,3,1,1,0,3,6,0,0,1,0,0,0,0,2n Cycle,Divorced,2014-06-15
904932,1985,62000.0,1,0,69,8,1,7,3,0,2,0,0,0,2,7,0,0,0,0,0,0,0,Graduation,Married,2014-06-28
904933,1967,46300.0,0,0,77,304,5,120,88,15,39,1,2,4,8,2,0,0,0,0,0,0,0,Graduation,Single,2013-04-04
904934,1959,69700.0,0,0,0,1179,188,184,4,8,72,2,3,7,9,4,1,0,0,0,0,0,0,PhD,Divorced,2014-03-05
904935,1973,43900.0,0,0,81,243,50,136,93,9,17,3,4,3,8,8,0,0,0,0,0,0,0,Graduation,Together,2013-11-25
904936,1968,71600.0,0,1,52,424,12,156,13,42,13,2,11,6,9,9,1,0,0,0,1,0,0,PhD,Married,2013-02-01
904937,1977,20600.0,0,0,53,15,7,20,3,3,4,2,2,0,4,6,0,0,0,0,0,0,0,Graduation,Married,2013-04-28
904938,1975,82300.0,0,2,59,1493,6,132,5,6,51,2,8,5,12,9,0,0,0,0,1,1,0,Graduation,Divorced,2014-06-09
904939,1968,75700.0,0,1,99,635,26,147,74,38,55,1,9,8,6,4,0,0,0,0,0,1,0,Graduation,Single,2014-01-13
904940,1991,86800.0,0,0,99,523,26,448,229,5,28,2,3,4,8,2,0,0,0,0,0,0,0,Graduation,Married,2013-07-05
904941,1981,73100.0,0,1,69,957,161,626,172,61,52,3,5,4,13,5,0,0,0,0,0,0,0,Graduation,Together,2013-04-26
904942,1971,84500.0,0,0,70,1270,16,299,5,77,61,1,6,7,11,6,0,0,0,0,1,1,0,2n Cycle,Together,2014-04-07
904943,1966,42400.0,1,2,48,85,3,38,1,0,8,5,4,1,3,5,0,0,0,0,0,0,0,Graduation,Married,2013-09-06
904944,1974,54000.0,2,0,37,15,2,11,9,0,18,2,1,1,3,6,0,0,0,0,0,0,0,Graduation,Together,2012-08-11
904945,1955,73600.0,0,0,60,318,87,596,227,263,65,1,5,6,7,1,0,0,0,0,0,0,0,Master,Together,2014-02-14
904946,1971,42100.0,0,1,53,130,51,223,214,55,48,6,5,4,5,6,0,0,0,0,0,0,0,Graduation,Married,2013-05-12
904947,1979,60900.0,0,0,23,346,1,611,17,2,8,1,6,5,5,5,1,0,0,0,0,1,0,PhD,Single,2013-04-18
904948,1987,91100.0,0,0,2,1493,28,355,42,74,53,1,6,9,7,2,1,0,0,0,0,1,0,PhD,Single,2012-09-18
904949,1979,35600.0,0,0,77,53,15,44,3,33,17,0,4,1,6,5,0,0,0,0,0,0,0,Master,Widow,2014-02-10
904950,1951,82400.0,0,1,26,328,65,479,19,53,57,1,3,8,6,1,1,0,0,0,1,0,0,Master,Together,2014-04-11
904951,1968,26800.0,1,0,42,73,1,33,5,0,7,2,3,1,2,8,0,0,0,0,0,0,0,Graduation,Single,2013-06-12
904952,1971,47500.0,1,1,30,7,1,6,0,1,5,2,1,0,3,5,0,0,0,0,0,0,0,Master,Married,2013-07-02
904953,1973,64600.0,1,1,71,64,1,46,2,7,21,1,2,1,3,6,0,0,0,0,0,0,0,Graduation,Together,2012-09-08
904954,1960,45900.0,0,1,78,407,28,64,9,1,39,1,6,1,5,4,0,0,0,0,0,0,0,PhD,Single,2014-04-23
904955,1967,72300.0,0,1,73,557,133,355,259,29,123,4,4,15,6,5,0,0,0,0,0,0,0,PhD,Single,2013-04-16
904956,1963,21600.0,0,0,39,8,6,7,0,5,7,2,2,1,3,4,0,0,0,0,0,0,0,Graduation,Married,2012-08-09
904957,1978,24000.0,1,0,76,6,0,6,4,7,11,0,1,1,2,5,0,0,0,0,0,0,0,Graduation,Widow,2013-05-30
904958,1992,35200.0,0,0,60,58,15,93,16,10,21,1,4,0,4,7,0,0,0,1,0,0,0,Graduation,Married,2014-02-18
904959,1974,43000.0,0,0,76,256,7,106,30,7,22,1,6,1,8,7,0,0,0,0,0,0,0,PhD,Married,2013-06-04
904960,1982,69000.0,0,0,13,281,6,397,29,3,36,1,1,5,8,1,0,0,0,0,0,0,0,Graduation,Married,2013-02-23
904961,1984,18400.0,1,0,43,6,0,3,1,2,3,1,2,0,2,12,0,0,0,0,0,0,0,Graduation,Together,2013-08-26
904962,1952,50600.0,0,1,67,494,13,263,25,11,36,4,2,3,6,3,0,0,0,0,0,0,1,PhD,Widow,2012-10-06
904963,1979,68100.0,0,1,34,202,17,114,18,39,23,3,7,3,6,4,0,0,0,0,0,0,0,PhD,Single,2014-06-05
904964,1975,62200.0,0,1,59,262,8,76,9,27,12,1,5,1,7,4,0,0,0,0,0,0,0,Master,Single,2013-03-01
904965,1984,17100.0,0,0,21,12,6,10,5,6,12,2,1,1,4,6,0,0,0,0,0,0,0,Graduation,Married,2014-06-28
904966,1972,54200.0,0,0,53,587,3,52,0,5,50,4,11,1,7,9,0,0,0,0,0,1,0,Graduation,Widow,2013-11-04
904967,1970,70100.0,0,1,77,581,197,121,6,8,322,5,4,6,13,3,0,0,0,0,0,0,0,Graduation,Together,2013-08-18
904968,1971,46900.0,0,1,92,57,165,56,29,29,19,3,2,2,4,2,0,0,0,0,0,0,0,PhD,Together,2013-05-20
904969,1977,42900.0,0,1,78,12,20,26,10,4,17,2,3,0,4,10,0,0,0,0,0,0,0,Master,Married,2014-05-09
904970,1976,68600.0,0,1,44,157,108,100,18,56,33,2,2,8,5,2,0,0,0,0,0,0,0,Graduation,Single,2014-01-29
904971,1966,15700.0,1,0,71,10,5,16,2,2,16,5,3,1,3,7,0,0,0,0,0,0,0,Graduation,Married,2014-05-30
904972,1984,81800.0,0,0,42,573,73,506,187,198,110,1,6,5,9,2,0,0,1,0,0,1,0,Graduation,Together,2013-03-13
904973,1979,73800.0,0,1,47,1171,80,1725,237,41,46,3,4,13,9,4,0,0,0,0,0,0,0,Graduation,Married,2012-11-02
904974,1977,70100.0,0,0,99,1459,9,127,1,4,22,1,5,4,13,4,0,0,0,0,0,1,0,Graduation,Single,2012-10-06
904975,1948,84000.0,0,0,49,1396,34,256,196,79,59,1,7,1,13,2,0,0,0,0,0,0,0,Graduation,Married,2014-02-03
904976,1955,42000.0,0,1,5,167,10,21,3,6,7,4,5,1,5,5,0,0,0,0,0,0,0,Graduation,Together,2012-12-20
904977,1982,52700.0,0,0,68,449,39,452,41,13,41,0,3,10,5,2,0,0,0,0,0,0,0,Graduation,Married,2014-05-16
904978,1960,85600.0,0,0,21,1117,27,553,61,13,28,2,8,4,3,5,0,0,1,1,0,0,0,Graduation,Married,2012-09-09
904979,1945,62100.0,0,1,27,188,155,160,9,32,222,2,5,9,4,2,1,1,1,0,0,1,0,PhD,Single,2012-08-28
904980,1979,26900.0,1,0,6,45,2,25,6,3,2,3,3,1,4,5,0,0,0,0,0,0,0,2n Cycle,Divorced,2013-04-20
904981,1984,93200.0,0,1,76,451,15,147,92,103,10,1,6,1,3,4,0,0,0,0,0,0,0,Graduation,Married,2012-08-29
904982,1952,43600.0,0,2,23,101,2,27,0,0,16,3,3,1,4,7,0,0,0,0,0,0,0,PhD,Single,2014-06-12
904983,1967,76700.0,0,0,25,535,141,630,110,117,14,1,4,6,7,2,1,0,0,0,1,1,0,Master,Married,2013-12-22
904984,1947,103700.0,0,2,15,415,29,296,95,24,11,2,5,2,13,2,0,0,0,0,0,0,0,Graduation,Single,2013-08-23
904985,1950,66900.0,0,0,34,269,3,82,67,9,13,0,4,2,5,1,0,0,0,0,0,0,0,Graduation,Divorced,2013-09-23
904986,1946,80900.0,0,1,17,654,197,854,64,91,15,2,4,5,13,1,0,0,0,0,0,0,0,Master,Single,2013-09-12
904987,1966,30100.0,1,1,61,40,0,3,0,0,4,1,1,0,3,5,0,0,0,0,0,0,0,Graduation,Single,2014-02-03
904988,1991,52500.0,1,0,8,9,0,4,1,2,2,1,1,0,3,5,0,0,0,0,0,0,0,Graduation,Divorced,2014-03-29
904989,1956,37800.0,1,0,58,11,5,36,7,1,3,2,2,0,4,9,0,0,0,0,0,1,0,Graduation,Married,2014-02-24
904990,1971,29500.0,0,1,58,3,0,2,7,5,4,1,0,0,4,5,0,0,0,0,0,0,0,Graduation,Single,2014-01-29
904991,1968,28700.0,1,1,60,36,1,13,2,0,3,1,2,0,3,4,0,0,0,0,0,0,0,Graduation,Married,2013-03-24
904992,1972,38800.0,1,0,50,11,4,25,19,6,21,2,3,0,4,4,0,0,0,0,0,0,0,Graduation,Married,2012-09-09
904993,1986,43500.0,1,1,67,44,0,10,0,3,1,2,2,1,3,5,0,0,0,0,0,0,0,PhD,Married,2012-09-27
904994,1967,71900.0,0,1,28,464,9,212,16,17,38,2,11,4,13,8,0,0,0,0,0,1,0,Graduation,Married,2012-10-02
904995,1969,70100.0,0,0,59,374,39,494,221,31,11,1,4,7,13,1,0,0,0,0,0,0,0,Master,Divorced,2013-01-21
904996,1948,55800.0,0,1,99,457,2,132,24,16,40,3,6,3,4,9,1,0,0,0,0,0,0,Graduation,Married,2014-04-18
904997,1967,33700.0,0,1,29,9,0,2,0,0,0,1,0,0,2,6,0,0,0,0,0,0,0,2n Cycle,Together,2013-05-18
904998,1971,36700.0,0,1,73,231,66,137,40,18,34,3,4,3,3,7,0,0,0,1,0,0,0,Master,Married,2013-08-20
904999,1960,49800.0,0,0,85,368,37,73,182,13,64,2,5,2,5,8,0,0,0,1,0,1,0,Master,Widow,2013-05-29
905000,1967,50600.0,0,0,68,114,18,52,9,36,7,1,3,1,5,7,0,0,0,0,0,0,0,2n Cycle,Single,2013-11-30
905001,1952,53100.0,0,2,11,305,26,44,6,2,23,8,6,3,5,8,0,0,0,0,0,0,0,PhD,Widow,2013-05-31
905002,1954,69000.0,0,1,30,80,2,56,2,2,99,4,4,2,5,5,0,0,0,0,0,0,0,Graduation,Married,2014-04-23
905003,1959,71800.0,0,0,48,343,193,553,22,7,117,0,3,5,6,2,0,1,0,0,0,0,0,Graduation,Divorced,2013-09-16
905004,1964,65600.0,0,0,0,1396,60,240,23,57,59,4,8,5,13,7,0,0,0,0,0,0,0,Graduation,Together,2014-06-17
905005,1974,76900.0,0,0,38,1215,130,345,1,39,43,1,9,4,5,6,1,0,0,1,0,1,0,Master,Together,2013-11-01
905006,1968,28400.0,0,0,0,106,10,68,16,12,21,1,5,3,9,3,0,0,0,0,0,0,0,2n Cycle,Married,2014-06-17
905007,1968,54300.0,1,0,58,103,17,331,105,82,51,1,2,5,4,2,0,0,0,0,0,0,0,Graduation,Married,2013-01-09
905008,1978,25500.0,0,1,59,58,25,73,30,42,43,2,5,1,5,5,0,0,1,1,0,1,0,Master,Single,2013-03-18
905009,1979,77900.0,0,0,31,912,97,192,92,4,25,1,7,5,4,2,1,0,0,0,0,1,0,Graduation,Married,2013-02-11
905010,1990,26200.0,1,0,36,17,2,32,12,15,12,2,2,1,5,6,0,0,0,0,0,0,0,Master,Married,2014-06-10
905011,1974,50100.0,0,1,42,24,11,41,7,16,12,1,2,1,3,6,0,0,0,0,0,0,0,2n Cycle,Single,2013-11-08
905012,1958,31800.0,0,1,94,142,2,30,4,7,68,2,6,2,3,5,0,0,0,0,0,0,0,Master,Single,2012-08-07
905013,1979,28900.0,2,0,31,6,0,3,0,0,2,2,2,0,3,5,0,0,0,0,0,0,0,PhD,Married,2013-03-10
905014,1968,53400.0,0,1,75,197,1,61,6,1,114,4,4,1,6,5,0,0,0,0,0,0,0,Master,Married,2014-04-30
905015,1968,41300.0,1,1,95,16,1,4,0,0,1,1,0,0,3,6,0,0,0,0,0,0,0,PhD,Married,2014-04-08
905016,1960,23600.0,1,0,85,3,4,10,3,0,2,2,1,0,2,8,0,0,0,0,0,0,0,Graduation,Married,2014-03-31
905017,1960,70100.0,0,1,99,617,16,171,11,3,24,1,2,4,5,2,0,0,0,0,0,0,0,Graduation,Single,2013-03-11
905018,1957,63700.0,0,1,44,745,1,121,2,2,21,6,8,4,9,7,0,0,0,0,0,0,0,Graduation,Divorced,2013-09-07
905019,1956,105500.0,0,1,33,1044,9,168,17,11,21,3,6,5,10,2,0,0,0,1,1,1,0,PhD,Married,2013-12-31
905020,1995,91700.0,1,0,47,705,19,368,105,263,195,1,3,6,11,3,0,0,0,0,0,0,0,Master,Married,2012-09-12
905021,1967,19100.0,1,1,28,39,5,10,4,3,9,3,3,0,3,9,0,0,0,0,0,0,0,PhD,Together,2013-07-20
905022,1983,42600.0,1,1,20,286,2,187,9,1,37,6,5,3,5,5,0,0,0,0,0,0,0,Graduation,Married,2012-12-24
905023,1973,66400.0,0,0,27,542,39,505,52,78,259,0,4,4,13,2,0,0,0,0,0,0,0,Graduation,Married,2012-11-08
905024,1948,36400.0,1,1,15,54,0,6,0,0,3,2,1,1,2,8,0,0,0,0,0,0,0,Master,Married,2012-08-06
905025,1967,79300.0,0,0,87,698,197,214,141,66,105,2,4,2,13,2,0,0,0,0,0,0,0,Graduation,Married,2013-10-22
905026,1976,54900.0,0,0,52,717,111,406,25,26,42,2,2,4,10,6,0,0,0,0,0,0,0,Graduation,Divorced,2012-08-23
905027,1979,28400.0,1,1,87,11,3,13,2,5,14,3,2,0,3,7,0,0,0,0,0,0,0,PhD,Single,2013-10-15
905028,1962,88700.0,0,1,16,1180,118,285,259,177,274,4,14,7,10,8,0,0,0,0,0,0,0,Graduation,Single,2013-04-14
905029,1962,60300.0,0,0,39,153,35,448,116,180,39,2,2,10,6,0,0,0,0,0,0,0,0,PhD,Married,2012-10-10
905030,1965,78500.0,0,1,42,1069,68,387,37,157,112,11,10,5,13,6,0,0,0,0,0,0,0,Graduation,Single,2013-02-13
905031,1991,32300.0,0,0,86,10,2,30,2,2,10,1,2,0,2,8,0,0,0,0,0,0,0,Graduation,Together,2013-02-28
905032,1955,73100.0,1,1,40,214,4,42,16,2,85,7,5,2,7,4,0,0,0,0,0,0,0,Graduation,Single,2013-06-30
905033,1963,62400.0,0,1,57,327,132,247,21,61,89,5,8,13,11,6,0,0,0,0,0,0,1,PhD,Together,2012-08-16
905034,1963,52200.0,0,0,99,20,0,13,0,1,0,1,1,0,2,7,0,0,0,0,0,0,0,Graduation,Single,2012-08-10
905035,1971,48900.0,0,1,97,314,7,76,5,5,321,3,4,1,7,9,0,0,0,0,0,0,0,Graduation,Married,2013-08-16
905036,1966,29400.0,1,0,56,6,8,22,3,15,25,1,3,1,2,9,0,0,0,0,0,0,0,2n Cycle,Divorced,2013-05-17
905037,1980,84100.0,0,0,85,1396,197,352,259,128,147,1,6,9,5,2,0,0,0,0,0,0,0,Graduation,Married,2013-03-16
905038,1971,93200.0,0,0,32,874,12,279,253,29,40,2,4,9,8,4,1,0,1,0,1,1,0,Graduation,Single,2013-06-02
905039,1979,16600.0,1,0,67,3,4,23,11,10,4,3,3,0,4,5,0,0,1,0,0,0,0,Graduation,Together,2013-07-27
905040,1967,36100.0,0,0,4,66,1,41,9,7,37,1,4,1,4,6,0,0,0,0,0,0,0,Master,Married,2014-06-08
905041,1960,40000.0,0,1,14,300,32,85,63,1,29,2,11,1,4,8,0,0,0,0,0,0,0,PhD,Married,2012-12-18
905042,1974,71000.0,0,1,15,865,2,145,40,25,69,1,6,2,8,6,1,0,1,1,1,1,0,Graduation,Married,2012-09-07
905043,1965,36100.0,0,0,58,69,9,41,10,21,14,1,5,1,4,6,0,0,0,1,0,0,1,Graduation,Single,2013-10-01
905044,1979,41700.0,1,0,60,3,1,4,1,3,3,2,2,0,2,8,0,0,0,0,0,0,0,2n Cycle,Divorced,2013-07-21
905045,1962,19500.0,1,1,61,30,16,19,21,15,36,4,3,1,3,6,0,0,0,0,0,0,0,Graduation,Married,2014-05-18
905046,1983,75700.0,0,0,9,197,23,134,3,88,11,1,3,5,7,3,0,0,0,0,0,0,0,Master,Together,2014-02-12
905047,1985,68400.0,0,0,38,295,22,737,9,21,67,2,7,8,6,2,0,0,0,0,0,0,0,Graduation,Divorced,2014-04-05
905048,1967,62500.0,0,1,10,139,10,55,38,4,65,8,3,1,9,9,0,0,0,0,0,0,0,Graduation,Married,2013-02-20
905049,1976,37300.0,0,1,0,81,1,45,13,3,23,2,5,1,6,7,0,0,0,0,0,0,0,2n Cycle,Married,2014-04-17
905050,1973,21600.0,1,0,45,3,0,4,6,1,5,1,0,0,2,6,0,0,0,0,0,0,0,Graduation,Together,2014-06-02
905051,1959,74400.0,0,0,15,256,20,1135,80,48,5,0,2,5,9,0,0,0,0,0,0,0,0,Graduation,Together,2013-08-13
905052,1972,24700.0,1,0,75,68,8,62,93,15,321,2,5,2,2,4,0,0,0,0,0,0,0,PhD,Together,2014-01-07
905053,1963,79700.0,0,1,43,1155,12,329,5,50,64,4,11,4,11,8,0,0,0,1,1,1,0,Graduation,Married,2012-09-26
905054,1979,62100.0,0,0,97,180,18,303,174,12,228,2,4,7,5,2,0,0,0,0,0,0,0,Master,Together,2013-03-12
905055,1958,69100.0,0,0,98,516,36,436,48,13,6,1,4,6,5,3,1,0,1,1,0,0,0,Graduation,Divorced,2012-12-06
905056,1980,54400.0,0,0,22,82,10,66,3,2,63,2,1,2,6,2,0,0,0,0,0,0,0,PhD,Single,2012-12-12
905057,1978,61800.0,0,0,64,331,2,192,60,115,10,2,3,2,10,4,1,0,0,0,0,0,0,PhD,Single,2012-08-16
905058,1992,42000.0,0,1,59,190,0,16,1,9,169,5,7,3,5,10,0,0,0,0,0,0,0,Graduation,Married,2012-12-01
905059,1953,68900.0,0,0,24,1493,22,93,103,6,69,2,3,4,7,2,0,0,0,0,1,0,0,Graduation,Divorced,2013-09-05
905060,1943,50400.0,0,0,31,244,35,58,59,64,23,2,4,5,8,3,0,0,0,0,0,0,0,PhD,Single,2013-09-07
905061,1950,57300.0,1,0,37,337,10,114,13,6,15,4,4,1,7,8,0,1,0,0,0,1,0,Graduation,Married,2012-11-24
905062,1993,83500.0,0,0,50,370,54,203,12,14,65,1,5,4,9,4,0,0,1,1,1,1,0,Graduation,Single,2013-09-16
905063,1961,74600.0,0,0,99,200,84,278,87,16,119,1,2,6,13,2,1,0,1,0,0,1,0,Master,Married,2013-05-10
905064,1980,54500.0,0,1,58,707,9,70,7,0,52,3,4,5,10,9,0,0,0,1,1,1,0,PhD,Married,2013-10-03
905065,1974,51400.0,1,1,47,18,0,10,2,0,3,2,2,0,3,5,0,0,0,0,0,0,0,Graduation,Divorced,2013-02-12
905066,1956,28700.0,1,2,45,81,0,21,5,2,7,3,2,0,3,7,0,0,0,0,0,0,0,Graduation,Single,2013-12-15
905067,1953,54100.0,1,1,8,272,2,185,146,21,22,8,6,1,10,7,0,0,0,0,0,1,0,Master,Widow,2013-10-15
905068,1969,38100.0,1,1,53,18,2,7,3,1,2,1,1,0,3,7,0,0,0,0,0,0,0,PhD,Together,2012-12-28
905069,1979,64700.0,0,1,38,594,6,372,18,12,10,2,2,9,9,4,0,0,0,0,0,0,0,Graduation,Married,2012-08-04
905070,1973,55400.0,0,1,72,371,3,224,26,263,48,2,4,4,10,3,0,0,0,0,0,0,0,Graduation,Married,2014-01-01
905071,1964,40900.0,0,1,32,469,1,57,3,2,72,7,7,1,9,6,0,0,0,0,0,0,0,Graduation,Married,2012-12-22
905072,1954,66600.0,0,1,17,164,5,278,22,26,21,3,2,11,6,1,0,0,0,0,0,0,0,Master,Married,2013-09-12
905073,1964,36800.0,1,2,83,36,0,13,0,0,5,3,2,0,4,6,0,0,0,0,0,0,0,Master,Married,2013-01-25
905074,1968,65100.0,0,1,0,217,5,122,9,89,18,1,3,3,8,3,0,0,0,0,0,0,0,Master,Widow,2013-07-15
905075,1973,19100.0,0,1,89,8,5,8,18,2,13,3,1,0,3,5,0,0,0,0,0,0,0,PhD,Married,2013-08-22
905076,1981,60200.0,0,0,53,1493,11,188,1,0,17,2,5,7,13,9,0,0,0,0,1,1,0,Graduation,Married,2014-01-23
905077,1979,47200.0,0,1,28,298,50,90,28,14,28,2,10,4,4,7,0,0,0,0,0,0,0,Master,Single,2012-10-01
905078,1983,32700.0,1,1,38,8,1,3,9,3,11,1,1,0,3,5,0,0,0,0,0,0,0,Master,Together,2012-09-18
905079,1956,60500.0,0,0,36,483,193,555,253,24,139,2,6,2,3,4,0,0,0,0,1,1,0,Graduation,Single,2013-10-21
905080,1965,89800.0,0,2,9,643,11,370,13,67,21,4,4,4,3,3,0,0,0,0,0,0,0,Graduation,Single,2013-11-25
905081,1983,57300.0,0,0,52,1295,7,141,102,39,22,3,4,7,9,5,0,0,0,0,1,0,0,Master,Single,2014-03-24
905082,1960,66900.0,0,0,37,362,8,118,12,18,20,1,3,5,9,5,1,0,0,1,0,1,0,Graduation,Together,2013-02-27
905083,1962,56400.0,0,1,95,212,128,195,17,180,58,4,5,7,4,2,0,0,0,0,0,0,0,Graduation,Widow,2013-07-19
905084,1982,17900.0,0,0,1,13,5,8,1,3,4,1,1,0,4,7,0,0,0,0,0,0,0,Graduation,Together,2013-06-21
905085,1966,35200.0,1,1,49,36,0,8,0,0,2,1,0,1,2,7,0,0,0,0,0,0,0,Master,Married,2014-04-17
905086,1964,34600.0,2,1,73,12,0,7,1,0,0,1,1,0,3,9,0,0,0,0,0,0,0,Basic,Married,2012-12-26
905087,1970,32700.0,1,1,52,16,0,11,2,2,4,1,2,0,3,7,0,0,0,0,0,0,0,Graduation,Single,2013-12-28
905088,1966,55800.0,1,1,66,711,44,113,17,254,17,2,6,5,9,4,0,0,0,0,0,0,0,Graduation,Together,2013-06-08
905089,1975,26400.0,2,1,79,27,4,27,2,2,14,4,3,0,5,8,0,0,0,0,0,0,0,Graduation,Widow,2012-12-22
905090,1978,105600.0,1,0,14,464,19,79,163,9,12,2,7,3,13,5,0,0,0,0,0,0,0,Graduation,Single,2012-08-04
905091,1971,82200.0,0,0,45,366,25,661,50,79,32,1,2,3,7,1,1,0,0,1,1,0,0,PhD,Married,2013-01-23
905092,1975,21900.0,0,0,72,25,7,34,1,4,13,4,3,1,3,7,0,0,0,0,0,0,0,Graduation,Single,2013-01-01
905093,1955,70400.0,0,0,70,908,40,211,24,22,19,1,6,3,8,6,0,0,0,0,0,0,0,Graduation,Divorced,2013-06-06
905094,1993,19500.0,2,0,22,2,5,8,9,4,4,2,2,0,5,7,0,0,0,0,0,0,0,PhD,Married,2014-05-09
905095,1964,71600.0,0,1,53,322,21,115,46,30,222,3,4,2,8,4,0,0,0,0,0,0,1,Graduation,Married,2013-07-02
905096,1965,25300.0,1,1,51,11,3,10,0,1,31,2,0,0,3,8,0,0,0,0,0,0,0,Graduation,Married,2014-01-30
905097,1979,30500.0,1,0,75,6,7,14,7,5,8,3,1,1,3,8,0,0,0,0,0,0,0,Graduation,Married,2014-05-31
905098,1960,56200.0,0,1,39,226,86,207,253,14,45,6,4,9,9,4,0,0,0,0,0,0,0,PhD,Single,2014-05-11
905099,1977,90500.0,0,1,30,1396,33,292,152,255,321,1,9,3,12,6,0,0,0,0,0,0,0,Master,Together,2013-12-24
905100,1958,98600.0,0,0,74,436,16,337,59,5,49,1,4,6,5,1,0,0,0,0,0,0,0,Master,Single,2014-05-29
905101,1973,23100.0,0,0,53,9,1,8,9,4,6,2,3,0,4,6,0,0,0,0,0,0,0,Graduation,Single,2013-12-24
905102,1959,61000.0,0,0,51,479,19,526,20,54,170,2,6,5,6,4,0,0,0,0,1,1,0,Graduation,Divorced,2014-05-25
905103,1974,29100.0,1,0,38,3,2,14,5,1,5,2,1,1,3,4,0,0,0,0,0,0,0,Graduation,Married,2012-12-16
905104,1960,42400.0,1,1,81,8,2,5,2,1,5,0,1,0,2,9,0,0,0,0,0,0,0,PhD,Divorced,2012-12-01
905105,1973,57600.0,1,0,21,15,1,9,3,1,7,1,1,0,4,5,0,0,0,0,0,0,0,Graduation,Married,2013-06-21
905106,1959,68100.0,0,1,93,489,16,57,2,2,10,2,5,2,7,6,0,0,0,0,0,0,0,Graduation,Single,2013-02-10
905107,1984,19500.0,1,0,99,1,0,10,9,9,3,2,2,0,3,7,0,0,0,0,0,0,0,Graduation,Married,2012-10-18
905108,1971,38000.0,1,0,39,59,1,45,48,22,19,2,3,1,6,6,0,0,0,0,0,0,0,Master,Married,2012-11-02
905109,1971,85100.0,0,0,26,185,11,146,61,5,19,2,2,2,8,3,0,0,0,0,0,0,0,Graduation,Together,2014-06-21
905110,1953,54600.0,0,1,99,730,39,144,55,45,318,4,8,4,10,7,0,0,0,0,0,0,0,PhD,Married,2012-10-04
905111,1968,43300.0,1,1,30,218,13,14,0,1,49,3,3,7,3,8,0,0,0,0,0,0,0,Graduation,Married,2014-05-24
905112,1990,49300.0,0,0,29,31,21,37,132,13,33,3,3,1,4,5,0,0,0,0,0,0,0,Graduation,Divorced,2012-10-07
905113,1977,38900.0,1,0,54,49,18,28,12,1,76,2,3,0,3,7,0,0,0,0,0,1,0,Graduation,Married,2013-11-15
905114,1975,34100.0,1,0,77,16,5,10,0,5,17,2,2,1,4,7,0,0,0,0,0,0,0,Basic,Married,2013-05-29
905115,1967,69700.0,1,1,12,854,3,177,2,1,23,9,11,2,7,9,0,0,0,0,0,0,0,Master,Married,2014-01-16
905116,1959,50100.0,0,1,51,274,2,128,114,111,119,4,6,4,6,3,0,0,0,0,0,0,0,PhD,Married,2012-09-14
905117,1946,42300.0,1,1,78,68,0,7,1,0,5,2,2,0,4,4,0,0,0,0,0,0,0,Graduation,Single,2013-12-30
905118,1973,28100.0,1,1,45,356,6,76,9,11,50,9,10,1,5,10,0,0,0,1,0,0,0,PhD,Together,2012-09-16
905119,1975,63500.0,0,0,34,6,2,7,9,1,5,1,1,0,3,4,0,0,0,0,0,0,0,Graduation,Single,2014-06-11
905120,1964,20400.0,1,0,24,26,2,10,12,2,6,3,1,1,3,7,0,0,0,0,0,1,0,Graduation,Together,2012-09-11
905121,1967,64900.0,0,0,52,951,7,404,0,3,23,4,4,4,5,6,0,0,0,0,1,1,0,Master,Single,2012-08-02
905122,1951,57000.0,1,2,40,138,0,45,5,8,11,12,4,1,8,9,0,0,1,0,0,0,0,Master,Married,2012-09-29
905123,1974,71700.0,0,0,57,682,45,389,38,194,37,1,4,3,7,3,1,0,0,0,1,0,0,Graduation,Together,2014-04-11
905124,1985,50500.0,0,1,50,208,5,457,2,1,16,2,3,3,2,2,0,0,0,0,0,0,0,Graduation,Together,2014-06-08
905125,1978,26700.0,1,0,14,7,2,7,1,3,4,2,2,0,3,6,0,0,0,0,0,0,0,Graduation,Married,2014-06-04
905126,1967,73900.0,0,0,0,546,193,377,219,26,5,1,9,5,5,2,0,0,1,0,1,1,0,Graduation,Single,2013-03-18
905127,1965,35600.0,1,0,52,7,1,4,1,1,3,2,1,0,3,7,0,0,0,0,0,0,0,Master,Together,2013-06-01
905128,1977,66300.0,0,1,58,172,30,140,17,120,154,2,5,6,10,1,0,0,0,0,0,0,0,PhD,Single,2013-09-14
905129,1960,45700.0,1,1,53,119,0,36,3,0,29,5,3,1,4,7,0,0,0,0,0,0,0,Master,Together,2014-01-03
905130,1982,22400.0,1,0,83,5,2,8,4,3,10,2,1,0,3,6,0,0,0,0,0,0,0,Master,Together,2013-03-11
905131,1981,12900.0,1,0,68,5,7,15,17,8,9,2,2,0,3,6,0,0,0,0,0,0,0,Graduation,Married,2012-09-18
905132,1984,45600.0,0,0,41,10,2,22,15,2,6,1,2,0,2,8,0,0,0,0,0,0,0,Graduation,Married,2014-05-01
905133,1955,69100.0,0,2,54,1044,1,54,0,2,12,4,7,3,9,5,0,0,0,0,0,1,0,Master,Together,2014-06-17
905134,1971,30600.0,0,0,42,24,4,54,7,6,23,4,3,2,4,5,0,0,0,0,0,0,0,Graduation,Married,2013-02-14
905135,1981,47300.0,2,1,88,406,10,79,23,2,98,11,7,5,4,7,0,0,0,1,0,0,0,Graduation,Married,2014-02-08
905136,1950,75600.0,0,1,67,318,67,106,83,43,42,2,3,3,9,1,0,0,0,0,0,0,0,Graduation,Married,2013-03-08
905137,1981,29000.0,0,1,58,62,7,21,4,1,63,5,4,1,3,8,0,0,0,0,0,0,0,PhD,Married,2014-04-09
905138,1976,12700.0,0,0,68,7,8,15,14,15,9,1,1,0,5,6,0,0,0,0,0,0,0,Master,Single,2013-01-31
905139,1969,40100.0,1,0,81,141,2,81,1,8,165,3,4,2,5,9,0,0,0,0,0,0,0,Graduation,Single,2012-08-23
905140,1983,55300.0,0,0,58,287,2,61,2,8,49,3,6,2,6,7,0,0,0,0,0,0,0,Graduation,Married,2013-05-04
905141,1959,75500.0,0,0,15,911,11,369,18,104,24,1,4,10,12,2,0,0,0,0,1,1,0,Graduation,Single,2013-03-01
905142,1964,64600.0,1,0,40,153,1,20,0,1,1,1,1,1,3,6,0,0,0,0,0,0,0,Graduation,Together,2012-10-20
905143,1968,47000.0,0,0,46,754,7,290,38,7,9,1,6,8,7,4,0,0,0,0,0,0,0,Graduation,Single,2013-11-29
905144,1971,44100.0,0,0,78,129,21,49,6,157,13,0,7,0,5,5,0,0,0,0,0,0,0,Master,Married,2013-08-17
905145,1961,101400.0,0,0,66,413,63,184,20,193,33,1,4,10,11,2,0,0,1,0,0,1,0,Graduation,Together,2014-01-24
905146,1961,30100.0,0,1,29,57,0,9,0,0,9,1,1,0,2,6,0,0,0,0,0,0,0,Graduation,Together,2014-06-20
905147,1975,33800.0,0,1,67,24,3,11,8,5,26,2,1,1,4,8,0,0,0,0,0,0,1,PhD,Married,2014-05-14
905148,1979,41900.0,1,1,27,12,2,9,1,1,2,3,1,0,4,6,0,0,0,0,0,0,0,Graduation,Single,2012-10-07
905149,1970,16300.0,1,1,56,3,2,2,4,0,3,2,0,0,2,6,0,0,1,0,0,0,0,Graduation,Married,2014-05-07
905150,1974,23300.0,1,1,18,4,2,4,1,4,7,2,1,0,3,6,0,0,0,0,0,0,0,2n Cycle,Together,2012-12-23
905151,1970,52500.0,1,1,33,206,0,11,0,1,12,2,3,1,5,6,0,0,0,0,0,0,0,PhD,Married,2013-09-29
905152,1962,65200.0,0,1,75,180,15,98,9,0,5,2,6,1,9,7,0,0,0,0,0,0,0,Graduation,Single,2013-07-12
905153,1955,43700.0,1,1,65,18,6,14,2,0,1,1,1,1,2,4,0,0,0,0,0,0,0,Graduation,Married,2012-10-23
905154,1956,37900.0,1,2,16,19,1,7,0,0,3,3,1,0,3,6,0,0,0,0,0,0,0,Graduation,Single,2014-04-08
905155,1965,50700.0,1,0,93,103,11,61,9,4,28,3,5,0,5,7,0,0,0,0,0,0,0,Graduation,Married,2014-03-01
905156,1941,58400.0,0,1,66,803,24,108,4,0,13,3,5,6,8,6,0,0,0,0,0,1,0,2n Cycle,Single,2013-07-03
905157,1945,55100.0,0,0,43,157,1,18,6,10,115,1,4,1,5,4,0,0,0,0,0,0,0,Graduation,Married,2013-07-13
905158,1963,49000.0,0,1,47,493,7,163,7,58,144,10,10,4,8,6,0,0,1,0,0,1,0,Graduation,Married,2012-10-01
905159,1968,80700.0,0,1,44,67,5,131,9,19,70,3,3,7,4,1,0,0,0,0,0,0,0,PhD,Married,2013-11-16
905160,1961,77200.0,1,1,94,513,3,114,2,6,10,3,11,2,8,5,0,0,0,0,0,0,0,PhD,Divorced,2013-03-06
905161,1974,68700.0,0,1,19,1313,40,458,18,8,26,5,4,6,7,6,0,0,0,0,0,0,0,Graduation,Together,2013-11-13
905162,1995,76400.0,0,0,34,455,193,843,14,198,245,2,4,6,13,2,1,1,0,1,0,1,0,Graduation,Together,2012-12-02
905163,1966,67500.0,0,0,76,382,42,112,12,10,75,2,7,9,13,3,0,0,0,0,0,1,0,2n Cycle,Together,2013-11-01
905164,1963,104300.0,0,0,61,307,34,136,46,4,26,1,3,5,12,2,0,0,0,0,0,0,0,Graduation,Single,2013-06-14
905165,1971,41500.0,0,0,44,13,20,21,13,8,32,2,1,1,3,7,0,0,0,0,0,0,0,PhD,Married,2014-03-03
905166,1962,28000.0,0,1,54,17,6,7,0,2,4,3,2,0,3,8,0,0,0,0,0,0,0,Graduation,Married,2013-01-05
905167,1962,41600.0,0,1,99,170,9,68,47,114,47,3,5,2,9,7,0,0,1,0,0,0,0,Graduation,Single,2013-03-29
905168,1976,83800.0,0,1,73,846,12,495,5,9,35,1,6,6,9,4,0,0,0,0,0,0,0,Master,Single,2014-06-22
905169,1964,80900.0,0,0,27,72,7,233,37,6,45,0,5,4,4,1,0,0,0,0,0,0,0,PhD,Married,2013-01-15
905170,1976,20800.0,1,1,47,4,6,3,14,1,15,2,1,0,4,5,0,0,0,0,0,0,0,Basic,Married,2013-05-10
905171,1953,31000.0,1,0,63,7,0,3,0,0,0,1,1,0,2,10,0,0,0,0,0,0,0,Master,Married,2013-06-10
905172,1965,16400.0,1,0,19,5,10,18,16,3,12,2,3,0,4,8,0,0,0,0,0,0,0,Graduation,Together,2012-08-10
905173,1953,26400.0,0,1,7,11,3,2,6,0,5,1,0,0,3,4,0,0,1,0,0,0,0,PhD,Together,2014-02-06
905174,1964,94500.0,0,0,66,908,15,275,17,43,59,1,5,4,13,3,1,0,1,0,1,1,0,Graduation,Married,2012-10-24
905175,1970,83000.0,0,0,36,302,21,481,212,59,15,1,4,6,5,2,1,0,0,0,1,0,0,Graduation,Widow,2013-07-19
905176,1973,52100.0,1,1,57,165,8,51,3,8,14,4,6,1,4,8,0,0,0,0,0,0,0,PhD,Single,2013-06-25
905177,1970,47800.0,1,0,66,16,8,8,5,2,15,3,2,0,4,4,0,0,0,0,0,0,0,Master,Together,2013-05-09
905178,1986,48200.0,1,1,95,71,5,34,1,9,21,3,3,0,5,5,0,0,0,0,0,0,0,Graduation,Divorced,2014-06-23
905179,1986,29600.0,0,0,16,4,4,7,11,2,2,0,1,0,2,6,0,0,0,0,0,0,0,Graduation,Together,2012-09-21
905180,1970,129200.0,0,0,40,634,80,127,19,31,112,0,7,3,10,1,0,0,0,0,0,0,0,Graduation,Single,2014-05-25
905181,1965,74500.0,0,1,68,488,175,410,158,162,48,1,5,6,9,4,0,0,0,0,1,1,0,PhD,Single,2013-05-20
905182,1976,21300.0,1,1,76,40,3,12,3,1,7,1,3,0,4,7,0,0,0,0,0,0,0,2n Cycle,Single,2014-05-29
905183,1969,65000.0,0,0,78,220,72,491,27,15,97,2,5,7,3,3,0,1,0,1,0,1,0,Graduation,Together,2013-02-23
905184,1989,74000.0,0,2,10,588,34,158,14,7,60,5,3,4,6,4,0,0,0,0,0,0,0,Graduation,Together,2014-04-05
905185,1972,39400.0,1,1,41,63,0,5,1,1,3,2,2,0,4,6,0,0,0,0,0,0,0,2n Cycle,Together,2014-06-14
905186,1973,48400.0,0,0,32,548,24,102,20,28,34,1,3,4,4,5,1,0,0,1,1,1,0,Graduation,Together,2014-03-23
905187,1980,43500.0,1,0,39,43,0,32,0,0,46,2,4,0,5,8,0,0,0,0,0,0,0,PhD,Married,2013-03-04
905188,1970,26200.0,0,1,46,22,4,7,7,1,3,3,1,0,4,5,0,0,0,0,0,0,0,Graduation,Married,2013-03-29
905189,1963,41300.0,2,1,39,15,4,19,3,2,12,4,4,0,2,5,0,0,0,0,0,0,0,2n Cycle,Single,2013-09-30
905190,1965,73100.0,0,0,21,737,22,612,21,81,16,2,6,5,8,2,0,0,0,0,0,0,0,Graduation,Married,2012-09-05
905191,1980,30700.0,1,0,51,21,1,18,4,1,27,4,3,1,3,8,0,0,0,0,0,0,0,PhD,Together,2012-09-14
905192,1973,27100.0,1,1,58,35,8,13,4,6,7,3,2,0,2,4,0,0,0,0,0,0,0,PhD,Married,2013-11-29
905193,1972,47900.0,0,0,70,156,49,165,259,92,104,2,10,11,5,5,0,0,0,0,0,0,0,Master,Together,2014-03-02
905194,1992,26900.0,1,0,56,47,4,17,4,0,31,2,3,0,2,8,0,0,0,0,0,0,0,Graduation,Married,2013-09-24
905195,1984,59300.0,0,1,31,339,5,309,38,12,19,2,2,7,13,3,0,0,0,0,0,0,0,Graduation,Widow,2012-12-11
905196,1966,19800.0,0,1,66,29,17,47,8,13,15,2,2,1,4,6,0,0,0,0,0,0,0,2n Cycle,Married,2014-02-04
905197,1980,29700.0,1,0,78,58,199,78,79,157,31,1,5,3,3,7,0,0,0,1,0,0,0,Graduation,Married,2013-02-18
905198,1953,75300.0,0,0,25,245,81,930,17,11,14,1,1,7,4,0,0,0,0,0,0,0,0,Graduation,Single,2013-04-27
905199,1965,89200.0,0,0,25,571,28,232,83,40,20,1,7,5,8,3,0,0,0,0,0,0,0,Graduation,Single,2013-04-08
905200,1982,17800.0,1,1,30,11,24,18,7,10,24,3,3,0,3,8,0,0,0,0,0,1,0,PhD,Married,2012-10-30
905201,1957,64600.0,1,1,76,44,6,23,1,0,6,2,2,0,4,5,0,0,0,0,0,0,0,2n Cycle,Together,2012-08-28
905202,1990,68400.0,0,0,41,408,62,407,120,44,142,1,7,5,6,2,0,0,1,0,0,0,0,Graduation,Together,2013-11-06
905203,1970,57500.0,0,1,47,140,29,110,28,24,56,6,5,4,7,6,0,0,0,0,0,0,0,Graduation,Single,2013-03-25
905204,1970,77700.0,0,1,99,1299,42,414,20,107,36,3,11,14,7,4,0,0,0,0,0,0,0,PhD,Married,2013-02-02
905205,1972,16500.0,0,0,84,6,2,10,3,2,9,1,1,0,3,9,0,0,0,0,0,0,0,Graduation,Single,2012-12-31
905206,1961,59400.0,0,0,0,1118,24,199,51,4,50,3,3,10,9,4,0,0,0,0,1,1,0,Graduation,Married,2014-06-19
905207,1973,42700.0,1,0,12,54,1,38,14,2,2,2,3,1,3,7,0,0,0,0,0,0,0,Graduation,Single,2013-07-04
905208,1975,46100.0,1,1,78,471,69,162,58,167,39,5,13,6,12,6,0,0,0,0,0,0,0,Graduation,Married,2013-09-01
905209,1970,28900.0,1,0,22,13,1,11,0,0,3,2,2,0,2,9,0,0,0,0,0,1,0,PhD,Divorced,2013-07-18
905210,1962,50000.0,1,2,4,43,1,10,8,2,4,3,3,0,5,4,0,0,0,0,0,0,0,Graduation,Single,2014-04-25
905211,1981,47700.0,1,1,29,437,1,37,1,0,20,4,5,1,5,9,0,0,0,1,0,0,0,Master,Divorced,2014-04-16
905212,1964,40200.0,1,1,34,37,7,30,5,6,12,3,2,1,3,9,0,0,0,0,0,0,0,Master,Single,2012-11-24
905213,1943,58500.0,0,2,40,399,29,46,68,19,22,2,9,2,9,5,0,0,0,0,0,0,0,PhD,Divorced,2013-08-07
905214,1976,79300.0,0,1,57,1248,49,1149,16,14,183,2,3,5,6,3,0,0,0,0,0,0,0,Graduation,Married,2013-04-30
905215,1958,61700.0,0,1,61,628,41,148,11,2,63,1,11,6,6,4,0,0,0,0,1,1,0,Graduation,Married,2014-06-21
905216,1971,18100.0,0,0,32,3,1,6,0,5,9,1,2,0,3,8,0,0,0,0,0,0,0,Master,Together,2014-05-11
905217,1979,20500.0,1,0,64,17,30,20,14,11,10,4,4,1,4,6,0,0,0,0,0,0,0,Basic,Married,2012-09-14
905218,1968,54000.0,0,1,85,271,35,944,30,5,10,3,2,7,12,2,0,0,0,0,0,0,0,Graduation,Married,2014-06-13
905219,1955,36600.0,1,1,11,11,0,7,3,0,2,1,1,0,4,4,0,0,0,0,0,0,0,Basic,Together,2014-06-07
905220,1972,47300.0,1,1,67,356,6,114,22,11,52,3,8,3,7,6,0,0,1,0,0,0,0,2n Cycle,Married,2012-08-02
905221,1983,40300.0,1,0,48,120,7,49,29,4,22,3,6,2,4,6,0,0,0,0,0,1,0,Graduation,Married,2013-08-04
905222,1977,38600.0,1,2,35,373,4,105,0,4,73,6,6,3,4,6,0,0,0,0,0,0,0,Master,Married,2013-01-02
905223,1965,57000.0,0,1,84,735,3,198,24,6,62,4,13,1,7,8,0,0,0,0,0,0,0,Graduation,Divorced,2013-08-22
905224,1955,106600.0,0,1,1,1396,90,358,67,123,44,2,7,11,10,5,0,0,0,0,0,0,0,Master,Married,2014-01-31
905225,1972,61400.0,0,1,43,559,1,56,5,6,14,2,3,5,8,5,0,0,0,1,1,1,0,Graduation,Single,2013-10-01
905226,1969,79400.0,0,0,21,1493,29,585,10,26,57,2,6,3,6,6,0,0,0,0,0,1,0,PhD,Single,2013-05-27
905227,1983,40800.0,1,1,26,65,17,59,0,15,29,3,3,1,3,5,0,0,0,0,0,0,0,Master,Married,2013-10-19
905228,1975,75700.0,0,1,73,1437,8,308,8,39,17,2,3,5,12,3,1,0,0,1,0,0,0,Graduation,Together,2014-06-04
905229,1971,33900.0,1,1,13,132,1,13,4,11,4,4,4,0,3,7,0,0,0,0,0,1,0,2n Cycle,Together,2013-08-23
905230,1960,47200.0,0,0,45,24,2,17,0,1,2,2,2,0,3,7,0,0,1,0,0,0,0,Graduation,Divorced,2013-07-04
905231,1975,50600.0,0,1,43,40,17,79,9,95,1,2,2,1,5,1,0,0,0,0,0,0,0,Master,Married,2013-12-04
905232,1995,24200.0,1,0,47,1,3,6,5,1,8,1,1,1,2,8,0,0,0,1,0,0,0,Master,Married,2014-03-08
905233,1976,63700.0,0,0,72,1493,193,194,63,14,23,2,7,5,6,7,1,0,1,1,0,0,0,Graduation,Single,2013-06-10
905234,1958,63900.0,0,2,35,542,2,89,0,0,16,4,8,2,6,9,0,0,1,0,0,0,0,Graduation,Together,2012-11-02
905235,1983,31600.0,1,0,33,56,3,48,33,2,31,3,4,1,4,7,0,0,0,0,0,0,0,2n Cycle,Married,2012-12-19
905236,1959,47700.0,1,1,59,8,2,5,7,4,3,2,1,0,3,4,0,0,0,0,0,1,0,Graduation,Single,2013-01-09
905237,1972,28800.0,0,0,50,18,5,20,3,3,13,1,2,1,3,6,0,0,0,0,0,1,0,Graduation,Married,2012-08-22
905238,1975,26800.0,1,0,69,21,4,24,8,3,19,1,4,0,3,6,0,0,0,0,0,0,0,Graduation,Single,2014-06-17
905239,1976,49100.0,0,0,69,117,16,74,31,50,104,1,1,3,9,1,0,0,0,0,0,0,0,Graduation,Married,2014-04-30
905240,1968,45400.0,1,1,50,193,25,253,30,52,80,8,5,3,10,9,0,0,0,0,0,0,0,2n Cycle,Single,2014-04-17
905241,1958,56800.0,0,1,82,488,16,111,12,6,48,7,8,3,7,11,0,0,0,0,0,0,0,Master,Together,2013-04-19
905242,1965,37400.0,1,1,85,12,0,5,0,1,4,1,1,0,3,6,0,0,0,0,0,0,0,Master,Together,2012-12-30
905243,1971,36000.0,1,1,38,162,5,30,7,1,24,3,1,1,3,5,0,0,0,0,0,0,0,Graduation,Divorced,2013-03-06
905244,1972,44500.0,1,0,19,49,4,31,1,3,10,2,1,1,3,7,0,0,0,0,0,0,0,Graduation,Divorced,2013-12-18
905245,1979,21800.0,1,1,78,6,0,5,1,1,1,3,1,0,4,3,0,0,0,0,0,0,0,Graduation,Divorced,2013-01-13
905246,1970,42500.0,1,0,29,126,7,72,5,3,20,2,7,1,6,6,0,0,0,0,0,0,0,Graduation,Married,2014-05-02
905247,1977,52100.0,0,1,5,265,5,42,39,64,16,2,6,2,8,5,0,0,0,0,0,0,0,PhD,Single,2012-09-03
905248,1967,39300.0,1,1,39,36,2,12,2,0,1,1,2,0,4,9,0,0,0,0,0,0,0,Graduation,Married,2013-05-19
905249,1973,26500.0,1,0,2,10,3,14,11,8,52,2,2,2,2,5,0,0,0,0,0,0,0,Graduation,Married,2014-03-14
905250,1953,56400.0,0,1,19,194,8,33,6,1,46,3,4,2,5,9,0,0,0,0,0,0,0,Graduation,Together,2013-01-15
905251,1952,51000.0,1,1,11,5,3,5,4,3,6,2,1,0,3,5,0,0,0,0,0,0,0,PhD,Married,2013-03-06
905252,1975,41400.0,0,1,92,218,70,478,28,10,63,2,11,3,5,5,0,0,0,0,0,1,0,Master,Single,2012-12-17
905253,1948,47000.0,1,2,38,46,0,8,0,0,7,1,1,0,3,4,0,0,0,0,0,0,0,PhD,Married,2012-08-18
905254,1965,10900.0,1,0,55,9,0,7,1,1,17,3,2,1,2,8,0,0,0,0,0,0,0,Graduation,Married,2013-01-13
905255,1977,101100.0,0,0,71,333,197,1250,178,236,52,3,4,13,7,3,0,0,0,0,0,0,0,PhD,Married,2012-11-25
905256,1967,73100.0,0,0,45,569,193,981,253,177,22,1,5,9,4,2,1,0,0,1,0,0,0,Graduation,Married,2013-08-05
905257,1990,17000.0,1,0,0,11,5,7,3,2,29,2,2,1,2,7,0,0,0,0,0,0,0,Basic,Together,2013-08-25
905258,1963,46600.0,1,1,6,152,70,169,33,3,62,7,3,3,4,8,0,0,0,0,0,0,0,PhD,Married,2014-03-07
905259,1972,28100.0,1,1,26,3,7,8,7,7,14,3,2,0,3,6,0,0,1,0,0,0,0,Graduation,Together,2012-12-08
905260,1989,68600.0,0,0,76,36,2,75,136,112,57,0,5,2,4,2,0,0,0,0,0,0,0,Graduation,Married,2013-08-03
905261,1958,68800.0,0,1,55,386,4,45,5,14,29,4,6,2,9,8,0,0,0,0,0,0,0,PhD,Married,2013-01-01
905262,1965,112900.0,0,1,66,105,13,293,6,16,48,2,3,4,5,2,0,0,0,0,0,0,0,Graduation,Together,2013-12-25
905263,1964,62500.0,0,2,46,274,1,14,1,3,21,2,6,0,4,5,0,0,0,0,0,0,0,Graduation,Divorced,2014-06-20
905264,1996,23000.0,1,0,17,10,0,4,0,0,2,0,1,0,1,8,0,0,0,0,0,0,0,Graduation,Divorced,2013-09-14
905265,1971,21400.0,1,0,1,6,11,11,12,5,19,3,3,1,3,9,0,0,1,0,0,1,0,PhD,Single,2012-08-12
905266,1983,24800.0,1,1,73,21,0,7,0,0,1,1,1,0,2,10,0,0,0,0,0,0,0,Basic,Married,2014-05-18
905267,1964,80700.0,0,1,0,549,77,524,26,15,40,2,5,5,6,4,0,0,0,1,1,1,0,Graduation,Married,2013-04-12
905268,1966,17100.0,0,0,39,5,2,5,1,1,6,2,1,0,2,6,0,0,1,0,0,0,0,Graduation,Married,2013-06-17
905269,1982,47100.0,0,1,80,719,181,133,8,7,86,3,10,5,7,8,0,0,0,0,0,0,0,Graduation,Divorced,2014-04-02
905270,1994,60100.0,0,1,87,218,197,779,259,263,122,6,2,15,5,1,0,0,0,0,0,0,0,PhD,Divorced,2014-03-19
905271,1951,64600.0,0,1,46,620,197,557,63,34,5,5,8,7,12,2,0,0,0,0,0,0,0,Graduation,Single,2013-08-08
905272,1977,74500.0,0,0,45,1493,11,260,132,48,20,1,6,5,4,5,0,0,0,0,1,0,0,Graduation,Widow,2013-11-26
905273,1967,64900.0,0,0,24,603,50,402,188,123,65,3,5,5,13,2,0,0,0,0,0,0,0,Graduation,Divorced,2014-01-15
905274,1967,53500.0,0,0,40,254,197,452,97,36,44,2,5,3,5,3,0,0,0,0,0,0,0,Master,Single,2012-09-21
905275,1965,28400.0,0,0,31,27,0,5,1,0,14,1,1,0,4,6,0,0,0,0,0,1,0,2n Cycle,Single,2013-05-10
905276,1979,36400.0,1,1,52,19,1,8,9,0,2,1,2,0,2,8,0,0,1,0,0,0,0,Master,Married,2014-02-11
905277,1979,29300.0,1,0,59,6,2,18,4,3,10,5,4,0,5,6,0,0,0,0,0,0,0,Graduation,Together,2014-06-27
905278,1974,53500.0,0,0,29,141,15,118,25,6,9,2,8,2,6,6,0,0,0,0,0,0,0,Master,Together,2014-03-16
905279,1961,41800.0,1,0,67,37,0,9,1,0,1,2,1,0,4,7,0,0,0,0,0,0,0,Master,Married,2013-04-30
905280,1958,76600.0,0,2,49,248,6,80,13,15,109,2,5,2,6,5,0,0,0,0,0,0,0,Graduation,Widow,2013-04-27
905281,1963,17400.0,1,0,67,9,1,11,11,7,39,3,2,1,4,7,0,0,0,0,0,0,0,Graduation,Married,2013-09-23
905282,1980,63900.0,0,0,88,112,197,1274,167,138,226,2,7,12,5,3,0,0,0,0,0,0,0,Graduation,Together,2013-10-07
905283,1960,37000.0,0,1,22,54,0,10,0,0,1,2,1,1,3,6,0,0,0,0,0,0,0,PhD,Single,2013-01-08
905284,1965,41600.0,1,0,53,22,1,19,1,1,1,1,1,0,3,11,0,0,1,0,0,0,0,PhD,Divorced,2013-11-29
905285,1964,86700.0,0,1,52,551,13,289,42,45,75,1,6,3,8,3,0,0,0,0,0,1,0,PhD,Divorced,2012-12-20
905286,1961,72300.0,0,1,18,257,2,48,35,2,13,1,4,4,4,4,0,0,0,0,0,0,0,2n Cycle,Widow,2014-05-20
905287,1979,69300.0,0,0,15,154,197,484,25,263,53,0,3,4,11,1,0,0,0,0,0,0,0,PhD,Together,2013-12-07
905288,1980,61000.0,0,0,25,177,19,56,44,32,29,1,2,4,7,1,0,0,0,0,0,0,0,2n Cycle,Married,2013-01-01
905289,1981,33500.0,1,0,55,9,46,71,9,47,34,2,3,0,5,9,0,0,0,0,0,0,0,Master,Married,2013-11-15
905290,1972,75800.0,0,1,52,801,156,337,259,38,127,4,6,3,12,4,0,0,0,0,0,0,1,PhD,Single,2013-03-18
905291,1976,68800.0,0,2,62,1142,13,94,12,2,28,2,3,4,10,3,0,0,0,0,0,0,0,Graduation,Divorced,2012-08-17
905292,1979,64600.0,2,1,28,19,0,29,4,0,24,3,2,1,4,4,0,0,0,0,0,1,0,Basic,Together,2013-08-15
905293,1971,33200.0,1,1,55,4,1,3,2,1,1,1,0,0,3,3,0,0,0,0,0,0,0,2n Cycle,Single,2013-09-28
905294,1995,80300.0,0,0,53,957,29,260,61,198,245,1,3,7,12,1,1,0,0,0,0,1,0,PhD,Divorced,2012-08-07
905295,1941,68300.0,0,0,54,382,3,382,253,39,165,2,5,5,6,2,0,0,0,0,0,1,0,Master,Single,2012-10-12
905296,1971,96100.0,0,0,9,260,197,303,67,37,53,1,2,3,7,1,0,0,0,0,0,0,0,Master,Single,2013-05-06
905297,1976,79100.0,1,0,20,409,18,79,7,0,4,2,4,1,10,12,0,0,0,0,0,0,0,PhD,Married,2013-06-16
905298,1970,73500.0,0,0,21,730,5,291,28,67,10,1,3,7,6,5,1,0,0,0,0,0,0,Graduation,Married,2013-12-11
905299,1971,25100.0,0,0,0,4,4,3,4,14,19,2,1,1,4,6,0,0,0,0,0,1,0,Graduation,Married,2013-09-18
905300,1977,7300.0,1,0,59,2,5,10,11,8,13,2,1,1,3,6,0,0,0,0,0,0,0,Master,Married,2012-10-07
905301,1965,19900.0,2,1,30,2,0,2,6,2,3,2,1,0,2,6,0,0,0,0,0,0,0,Graduation,Married,2014-01-25
905302,1972,72200.0,0,0,71,517,25,364,2,12,30,1,6,7,9,3,0,1,0,0,1,1,0,Graduation,Single,2012-09-10
905303,1944,72100.0,0,1,67,390,9,76,7,5,6,3,11,1,7,4,0,0,0,0,0,1,0,Graduation,Married,2013-04-12
905304,1972,85700.0,0,1,72,154,31,173,129,176,46,2,7,1,12,5,0,0,0,0,0,0,0,Graduation,Married,2014-02-19
905305,1965,40800.0,0,1,26,84,25,318,23,101,36,1,7,2,6,6,0,0,0,0,0,0,0,Graduation,Divorced,2013-09-13
905306,1966,41100.0,1,1,20,90,0,19,1,0,6,2,2,0,3,8,0,0,0,0,0,0,0,Graduation,Single,2013-01-20
905307,1973,43500.0,0,2,17,183,28,101,12,4,29,4,6,1,5,7,0,0,0,1,0,0,0,Graduation,Single,2013-01-12
905308,1951,37500.0,1,0,70,62,1,31,37,2,40,4,4,2,3,8,0,0,0,1,0,0,0,Master,Single,2014-06-02
905309,1977,75300.0,0,0,99,221,21,140,7,28,107,0,4,2,4,4,0,0,0,0,0,0,1,PhD,Single,2013-01-04
905310,1973,64600.0,0,0,98,1087,40,1725,259,13,72,2,6,4,13,7,0,0,0,0,0,0,0,PhD,Divorced,2012-11-08
905311,1973,33100.0,0,0,48,4,0,4,0,1,2,0,1,0,2,8,0,0,0,0,0,0,0,PhD,Divorced,2012-11-15
905312,1954,72200.0,0,0,0,518,30,125,253,43,63,1,4,5,9,4,0,0,0,1,1,0,0,2n Cycle,Divorced,2012-12-20
905313,1993,19900.0,1,0,0,7,1,6,3,7,8,2,1,1,3,5,0,0,0,0,0,0,0,PhD,Together,2013-05-03
905314,1969,45700.0,0,0,99,227,3,37,0,1,9,1,7,1,5,7,0,0,1,0,0,0,0,Master,Married,2012-09-29
905315,1953,36300.0,1,1,35,8,3,10,1,0,3,3,3,0,3,9,0,0,0,0,0,0,0,Graduation,Married,2013-06-08
905316,1984,75700.0,1,1,67,426,3,56,3,3,45,4,4,2,9,6,0,0,1,0,0,1,0,PhD,Single,2013-01-30
905317,1978,26700.0,1,0,6,37,3,51,18,1,89,3,2,1,3,7,0,0,0,0,0,0,0,Master,Single,2014-03-21
905318,1973,54100.0,1,1,57,216,48,137,39,38,21,7,6,2,5,5,0,0,1,1,0,0,0,Graduation,Married,2014-03-30
905319,1965,42400.0,1,1,80,197,1,30,12,2,50,5,5,1,5,5,0,0,1,0,0,0,0,PhD,Married,2012-12-08
905320,1958,89200.0,0,0,98,615,22,238,48,18,13,1,5,8,8,2,0,0,0,0,0,0,0,Graduation,Married,2014-01-25
905321,1964,82200.0,0,1,2,236,17,404,15,19,6,1,2,3,7,2,0,0,0,0,0,0,0,PhD,Married,2014-04-06
905322,1970,44500.0,0,1,41,393,15,129,10,24,42,1,5,2,13,2,0,0,0,0,0,0,0,Graduation,Single,2013-07-31
905323,1969,28300.0,1,1,43,14,2,7,5,3,35,2,1,0,3,5,0,0,0,0,0,1,0,Graduation,Married,2012-08-15
905324,1976,35800.0,1,0,43,10,3,17,8,2,7,1,2,0,2,7,0,0,0,0,0,0,0,Graduation,Divorced,2012-11-23
905325,1962,81500.0,0,0,99,546,11,665,56,8,38,1,2,4,13,1,0,0,0,0,0,0,0,PhD,Together,2014-05-19
905326,1970,55900.0,1,0,55,4,1,6,6,0,3,3,1,0,3,6,0,0,0,0,0,0,0,Graduation,Single,2013-02-03
905327,1968,47500.0,2,0,99,139,7,60,14,4,33,5,4,2,4,11,0,0,0,0,0,0,0,Graduation,Married,2014-04-18
905328,1957,58700.0,1,1,58,296,2,53,30,13,152,5,8,3,5,6,0,0,0,0,0,0,0,PhD,Married,2013-01-30
905329,1978,41700.0,0,1,53,148,27,106,180,2,32,5,6,3,5,5,0,0,0,0,0,0,0,Graduation,Together,2012-12-13
905330,1970,60300.0,1,1,68,279,1,60,4,27,169,5,4,2,6,7,0,0,0,0,0,0,1,Graduation,Together,2012-12-14
905331,1972,63300.0,0,1,66,365,2,21,19,7,280,2,7,3,6,4,0,0,0,0,0,0,1,Graduation,Together,2013-03-21
905332,1962,58400.0,0,1,61,776,0,54,4,5,16,2,5,4,8,9,0,0,1,1,0,1,0,Graduation,Together,2013-02-08
905333,1964,79300.0,0,0,43,1306,67,490,28,17,78,2,10,4,8,4,0,0,0,0,0,0,0,PhD,Together,2013-09-06
905334,1980,17100.0,1,0,63,7,8,6,15,8,11,3,2,1,3,6,0,0,0,0,0,0,0,Graduation,Together,2013-01-19
905335,1962,37300.0,0,0,61,47,44,167,234,157,41,1,7,1,5,6,0,0,0,0,0,0,0,Master,Divorced,2013-05-12
905336,1959,61900.0,0,0,76,323,31,115,32,7,30,1,5,3,10,5,0,0,0,0,0,0,0,Graduation,Together,2013-10-26
905337,1959,56800.0,0,0,35,298,60,371,27,9,11,1,5,4,6,1,0,0,0,0,0,0,0,Master,Married,2013-03-17
905338,1965,23100.0,0,1,22,5,3,2,0,2,3,1,0,1,2,5,0,0,0,0,0,0,0,Graduation,Together,2012-10-23
905339,1961,73500.0,0,0,82,405,31,981,62,198,24,1,2,8,10,1,0,0,1,0,0,1,0,Master,Divorced,2012-12-19
905340,1953,41000.0,0,1,75,165,24,47,18,11,2,2,6,1,6,7,0,0,0,0,0,1,0,Graduation,Single,2012-12-13
905341,1976,29900.0,2,0,54,4,2,11,3,0,15,1,1,1,2,9,0,0,0,0,0,1,0,Basic,Single,2013-04-21
905342,1972,58900.0,0,1,49,174,5,162,12,1,28,2,3,2,6,3,0,0,0,0,0,0,0,PhD,Married,2013-01-04
905343,1981,26300.0,1,0,58,7,1,11,3,5,9,2,2,1,2,5,0,0,0,0,0,0,0,PhD,Single,2014-03-29
905344,1974,18000.0,1,1,20,2,0,4,3,0,3,1,1,0,4,6,0,0,0,0,0,0,0,PhD,Single,2012-08-19
905345,1962,51700.0,1,1,88,76,0,20,3,3,1,2,2,1,3,7,0,0,0,0,0,0,0,PhD,Single,2013-07-14
905346,1993,16900.0,1,0,63,3,5,8,21,4,8,2,2,0,5,7,0,0,0,0,0,0,0,Basic,Together,2014-01-29
905347,1968,12200.0,0,0,6,3,16,3,1,4,7,3,1,1,2,7,0,0,1,0,0,0,0,PhD,Together,2014-04-27
905348,1961,31500.0,1,0,93,32,1,15,5,0,9,2,2,1,2,4,0,0,0,0,0,0,0,Graduation,Divorced,2013-10-11
905349,1970,69500.0,0,1,99,693,197,483,8,99,134,4,10,8,13,4,0,0,0,0,0,0,0,Master,Together,2014-01-21
905350,1955,48400.0,0,1,51,496,33,113,33,6,301,2,7,3,9,6,0,0,0,1,0,0,0,Master,Married,2013-06-26
905351,1965,102100.0,0,0,49,272,86,329,212,263,46,3,5,3,13,3,0,0,0,0,0,0,0,2n Cycle,Married,2012-11-21
905352,1975,72800.0,0,0,94,1396,89,1266,55,9,45,1,4,5,8,3,0,0,0,1,0,0,0,Graduation,Married,2013-04-28
905353,1956,102700.0,0,0,37,248,2,378,9,3,39,2,6,4,4,2,0,0,0,0,0,0,0,Graduation,Together,2013-08-25
905354,1961,75300.0,0,1,32,549,28,135,21,28,77,3,6,3,11,6,0,0,0,0,0,0,0,Graduation,Single,2012-10-07
905355,1943,75600.0,0,0,32,179,7,240,12,24,22,1,2,5,4,1,0,0,0,0,0,0,0,Master,Single,2013-09-27
905356,1987,30400.0,1,0,83,5,1,5,7,0,33,0,0,1,2,4,0,0,0,0,0,0,0,Graduation,Married,2014-06-17
905357,1961,66000.0,0,1,69,358,197,612,220,124,35,2,4,3,13,2,0,0,0,0,0,0,0,PhD,Married,2014-02-03
905358,1949,26200.0,0,1,11,3,5,7,6,4,26,1,1,0,3,5,0,0,0,0,0,0,0,Graduation,Married,2013-11-13
905359,1973,25600.0,1,0,57,1,0,1,1,2,1,2,1,0,2,6,0,0,0,0,0,1,0,2n Cycle,Married,2014-03-15
905360,1981,49700.0,0,0,15,380,10,381,116,4,204,3,4,6,9,6,0,0,0,0,1,0,0,Graduation,Married,2013-12-19
905361,1956,81000.0,0,0,59,411,49,179,57,17,41,1,4,4,3,3,0,0,0,0,0,0,0,Master,Together,2012-11-09
905362,1981,66400.0,0,0,19,252,25,429,258,87,63,2,3,8,9,2,0,0,0,0,0,0,0,PhD,Divorced,2013-08-14
905363,1966,30100.0,1,1,77,17,3,42,2,2,1,3,4,0,4,11,0,0,0,0,0,0,0,Basic,Single,2013-09-11
905364,1956,65900.0,0,1,19,405,81,87,43,120,24,8,13,2,9,8,0,0,0,0,0,0,0,Graduation,Together,2012-12-23
905365,1969,74200.0,0,1,44,573,8,229,6,37,203,1,7,6,7,4,1,0,1,1,0,1,0,Graduation,Divorced,2013-01-15
905366,1960,39800.0,1,1,55,156,1,21,31,1,22,3,4,2,4,5,0,0,0,0,0,0,0,PhD,Married,2013-06-12
905367,1968,25700.0,1,1,45,5,2,6,2,3,11,2,1,0,2,6,0,0,0,0,0,0,0,Graduation,Together,2013-09-06
905368,1976,63200.0,1,1,27,20,7,20,10,1,9,2,1,0,3,6,0,0,0,0,0,0,0,Basic,Divorced,2013-01-06
905369,1979,64900.0,0,0,90,320,8,423,111,2,16,3,3,4,9,3,0,0,0,0,0,0,0,PhD,Together,2013-03-04
905370,1957,34900.0,0,1,71,263,34,117,21,5,85,6,6,2,6,11,0,0,0,0,0,0,0,Graduation,Together,2014-06-12
905371,1972,87100.0,0,0,16,588,60,560,39,9,72,1,8,8,11,2,0,0,0,1,0,1,0,Graduation,Married,2013-02-26
905372,1961,16400.0,1,1,62,15,3,8,43,5,28,3,1,1,3,8,0,0,0,0,0,0,0,Basic,Divorced,2013-08-24
905373,1968,31600.0,1,1,13,113,0,72,3,2,84,6,6,0,6,7,0,0,0,0,0,0,0,Graduation,Married,2013-07-15
905374,1968,35500.0,0,1,90,43,2,33,5,6,25,2,1,0,4,5,0,0,0,0,0,0,0,PhD,Single,2013-12-28
905375,1943,32900.0,0,1,51,447,32,98,69,1,268,2,5,3,8,5,0,0,0,0,0,0,0,PhD,Married,2013-12-11
905376,1961,81300.0,0,1,52,174,2,205,19,2,1,2,1,6,6,1,0,0,0,0,0,0,0,Graduation,Together,2013-11-22
905377,1975,63000.0,0,1,75,270,14,94,259,94,93,2,4,2,11,4,0,0,0,0,0,0,0,PhD,Together,2012-08-27
905378,1991,57700.0,1,0,48,203,1,359,3,1,12,2,1,3,6,4,0,0,0,0,0,0,0,Master,Together,2012-11-23
905379,1959,64600.0,1,1,64,4,0,1,0,0,1,1,1,0,3,5,0,0,0,0,0,0,0,Master,Together,2014-05-16
905380,1977,49100.0,1,1,51,203,5,37,3,3,14,6,6,4,4,7,0,0,0,0,0,0,0,Graduation,Together,2014-06-25
905381,1970,64900.0,0,0,17,596,2,97,6,29,29,2,5,7,10,3,0,0,1,1,1,1,0,Graduation,Married,2014-04-05
905382,1973,40400.0,1,1,32,131,2,30,2,5,16,2,5,1,4,6,0,0,0,0,0,0,0,Graduation,Married,2012-10-31
905383,1986,76100.0,1,0,8,366,32,233,213,4,85,2,3,5,6,3,0,0,0,0,0,0,0,Graduation,Together,2012-11-07
905384,1952,84600.0,0,0,76,451,149,520,160,19,74,1,2,5,11,1,0,0,0,0,1,0,0,PhD,Single,2014-01-13
905385,1960,47500.0,1,1,0,21,0,18,6,3,7,5,2,1,4,5,0,0,1,0,0,1,0,PhD,Single,2012-08-06
905386,1953,52100.0,0,1,21,572,125,292,43,263,187,2,11,5,12,6,0,0,0,0,0,0,0,Graduation,Divorced,2013-06-18
905387,1962,70700.0,0,0,62,632,70,468,28,23,34,1,3,7,12,3,1,0,1,0,1,1,0,PhD,Married,2013-12-16
905388,1995,80700.0,0,0,54,1158,53,455,37,8,16,0,6,5,6,2,0,0,0,0,0,1,0,2n Cycle,Single,2013-01-30
905389,1961,105600.0,0,0,36,671,6,922,112,8,51,0,4,11,5,2,0,0,0,0,0,0,0,PhD,Married,2012-11-30
905390,1987,70700.0,0,1,23,556,55,389,34,4,37,1,5,2,8,4,0,0,0,1,0,1,0,Graduation,Single,2014-05-03
905391,1969,30600.0,1,0,54,49,20,133,82,3,67,3,5,1,3,8,0,0,0,0,0,0,0,Master,Single,2012-08-15
905392,1948,119200.0,0,1,46,1396,86,1441,15,33,255,1,5,13,6,1,0,0,0,0,0,0,0,Graduation,Together,2013-03-14
905393,1969,53900.0,1,1,93,513,5,56,0,1,98,1,7,3,4,5,0,0,0,0,0,0,0,Graduation,Married,2014-05-19
905394,1965,48100.0,1,0,40,25,1,5,0,2,6,1,2,0,1,9,0,0,0,0,0,1,0,Master,Married,2012-08-09
905395,1958,45100.0,1,1,77,30,2,15,0,0,3,1,1,0,4,4,0,0,0,0,0,0,1,Graduation,Married,2014-05-09
905396,1979,82900.0,0,0,61,298,30,805,9,100,146,2,5,11,6,5,0,0,0,0,0,0,0,Graduation,Married,2012-08-29
905397,1992,29200.0,1,1,14,5,1,10,8,3,9,1,2,0,3,9,0,0,1,0,0,0,0,Master,Single,2014-02-28
905398,1941,66000.0,0,0,68,470,193,343,58,10,75,1,9,10,11,2,0,0,0,0,1,1,0,Graduation,Divorced,2013-11-28
905399,1968,11900.0,1,0,6,9,1,5,6,0,4,3,3,1,2,8,0,0,0,0,0,1,0,PhD,Married,2014-05-02
905400,1971,35800.0,1,0,24,62,2,21,9,2,13,4,4,0,5,5,0,0,0,0,0,0,0,Graduation,Together,2013-03-08
905401,1967,15000.0,0,0,27,3,1,9,18,16,21,1,1,1,3,7,0,0,0,0,0,0,0,Graduation,Married,2013-04-03
905402,1975,21200.0,0,0,85,10,0,9,4,1,6,1,2,0,3,8,0,0,0,0,0,0,0,Graduation,Divorced,2014-02-17
905403,1982,27600.0,0,0,81,7,2,8,8,5,17,1,1,1,3,5,0,0,0,0,0,0,0,Master,Together,2014-03-02
905404,1952,41700.0,0,1,57,16,3,18,2,7,9,2,2,0,3,5,0,0,0,0,0,0,0,2n Cycle,Together,2014-01-19
905405,1980,65800.0,0,0,20,393,32,230,33,46,202,2,4,5,7,4,0,0,0,0,0,1,0,Graduation,Married,2013-11-12
905406,1961,84800.0,0,0,50,761,110,811,51,198,16,2,11,7,11,9,0,0,0,0,0,1,0,2n Cycle,Divorced,2013-08-20
905407,1974,67200.0,0,1,99,1171,12,127,21,25,54,4,11,4,9,5,0,0,0,0,0,0,0,PhD,Single,2013-11-13
905408,1984,45400.0,0,0,18,365,15,146,165,157,86,5,5,3,13,5,0,0,0,0,0,0,0,Master,Single,2013-02-17
905409,1981,27100.0,1,0,99,8,4,14,5,0,4,1,1,1,2,6,0,0,0,0,0,0,0,Master,Together,2014-02-27
905410,1961,64800.0,1,0,18,373,39,526,16,9,18,2,3,4,3,3,0,0,0,0,0,1,0,Graduation,Together,2014-02-10
905411,1961,34200.0,1,1,80,72,0,11,0,0,1,2,1,1,3,6,0,0,0,0,0,0,0,Graduation,Married,2013-02-09
905412,1988,96800.0,0,1,5,518,177,602,82,89,47,5,4,5,10,6,0,0,0,0,0,0,0,Graduation,Together,2014-05-07
905413,1959,68900.0,0,1,65,491,184,251,47,111,120,1,3,4,4,3,0,0,0,0,0,0,0,Graduation,Single,2012-10-16
905414,1962,36300.0,1,1,63,45,0,3,0,0,5,2,0,0,3,6,0,0,0,0,0,0,0,Graduation,Married,2013-03-23
905415,1968,37400.0,1,0,99,250,6,78,22,13,80,10,7,6,5,8,0,0,0,0,0,0,0,PhD,Together,2014-05-09
905416,1967,49800.0,0,0,14,896,7,335,65,213,39,2,7,12,6,3,0,0,0,0,0,0,0,Master,Divorced,2013-08-05
905417,1951,58700.0,0,0,81,1110,54,213,27,40,18,2,6,7,9,5,0,0,0,0,0,0,0,PhD,Single,2013-06-10
905418,1972,69000.0,0,0,12,1396,197,1725,219,111,173,3,9,15,13,6,0,0,0,0,0,0,0,Graduation,Single,2013-07-02
905419,1975,45600.0,0,1,33,89,9,31,3,10,37,2,4,1,5,6,0,0,0,1,0,0,0,Graduation,Together,2013-07-10
905420,1982,84400.0,0,0,52,1396,197,838,174,20,62,4,7,8,13,3,0,0,0,0,0,0,0,Graduation,Together,2014-02-17
905421,1977,26200.0,1,1,44,132,25,81,11,11,37,3,6,1,4,9,0,0,0,0,0,0,0,Graduation,Single,2013-11-10
905422,1970,32300.0,1,1,37,19,7,16,8,5,15,2,1,0,3,5,0,0,0,0,0,0,0,Graduation,Divorced,2014-05-07
905423,1980,24200.0,1,0,31,7,2,6,4,0,3,2,1,0,3,6,0,0,0,0,0,0,0,Graduation,Married,2014-02-07
905424,1963,31500.0,2,1,35,16,1,10,4,5,25,4,1,1,3,6,0,0,0,0,0,0,0,Master,Married,2012-11-04
905425,1962,21400.0,0,1,41,6,7,3,0,2,3,1,1,1,2,3,0,0,1,0,0,0,0,PhD,Single,2014-01-25
905426,1948,56700.0,0,1,80,166,9,80,10,3,10,4,3,4,5,2,0,0,0,0,0,0,0,Graduation,Together,2013-11-06
905427,1970,45000.0,0,0,86,122,29,383,49,263,45,3,2,11,6,1,0,0,0,0,0,1,0,Master,Together,2014-03-27
905428,1979,57100.0,0,0,81,1465,22,136,107,18,93,1,6,6,7,1,0,0,0,0,1,1,0,2n Cycle,Together,2013-01-27
905429,1967,70300.0,0,0,26,742,193,399,146,130,57,1,9,5,7,6,1,0,1,1,0,0,0,Graduation,Married,2014-02-17
905430,1969,71000.0,0,0,56,578,193,681,188,113,204,1,7,4,6,4,0,0,0,0,0,0,0,PhD,Single,2012-10-04
905431,1962,69200.0,0,1,70,221,110,535,259,263,115,6,3,8,7,3,0,0,0,0,0,0,0,2n Cycle,Together,2014-02-12
905432,1981,67700.0,0,1,67,1128,15,168,259,27,43,2,8,4,13,7,0,0,0,0,0,0,0,Graduation,Married,2014-05-28
905433,1946,64600.0,1,2,0,9,0,2,0,0,0,0,0,0,2,4,0,0,1,0,0,0,0,Graduation,Married,2014-02-26
905434,1960,36000.0,1,0,90,49,9,54,3,2,153,2,5,3,5,6,0,0,0,0,0,0,0,Graduation,Married,2012-09-03
905435,1996,33900.0,1,0,62,41,9,39,25,6,33,1,3,0,3,9,0,0,0,0,0,0,0,Master,Single,2013-08-30
905436,1948,45400.0,0,1,9,109,17,152,10,6,6,4,1,5,4,3,0,0,0,0,0,0,0,Master,Widow,2013-02-04
905437,1951,70100.0,0,1,28,369,66,79,27,82,21,2,7,3,13,3,0,0,0,0,0,0,0,Master,Single,2014-03-26
905438,1974,69400.0,0,1,39,210,32,395,259,148,56,2,7,5,12,5,0,0,0,0,0,0,0,Graduation,Married,2013-09-16
905439,1969,58200.0,0,1,58,288,197,425,21,111,66,1,4,5,11,3,0,0,0,0,0,0,0,PhD,Married,2012-08-25
905440,1963,62200.0,0,1,61,359,13,135,6,16,32,3,10,2,8,5,0,0,0,0,0,1,0,Graduation,Married,2013-11-20
905441,1972,64800.0,0,0,46,276,89,215,77,9,64,2,4,8,4,2,0,0,0,0,0,0,0,Graduation,Married,2013-07-24
905442,1962,44000.0,1,0,35,58,1,36,13,4,27,2,3,1,3,8,0,0,0,0,0,0,0,Graduation,Married,2014-05-08
905443,1975,59600.0,0,1,98,341,5,293,69,5,156,1,5,2,13,3,0,0,0,0,0,0,0,Graduation,Divorced,2013-11-06
905444,1987,80200.0,0,1,0,666,8,101,29,4,11,1,6,2,12,5,0,0,0,0,0,0,0,2n Cycle,Single,2014-05-03
905445,1984,36200.0,0,0,5,163,13,54,7,74,84,2,5,1,3,6,0,0,0,0,0,0,0,Graduation,Divorced,2012-09-15
905446,1970,35300.0,0,1,19,139,0,30,2,0,40,2,5,2,4,5,0,0,1,0,0,0,0,PhD,Together,2014-06-12
905447,1982,29000.0,1,0,69,28,5,47,25,12,6,2,2,0,5,5,0,0,0,0,0,1,0,Graduation,Together,2014-04-18
905448,1945,47900.0,0,1,72,344,28,38,5,3,26,4,4,1,8,4,0,0,0,0,0,0,0,Graduation,Together,2013-05-06
905449,1964,45800.0,2,1,46,467,3,176,1,1,17,9,8,3,4,10,1,0,1,1,0,1,0,Graduation,Single,2013-05-09
905450,1965,62900.0,0,0,27,245,4,83,20,31,47,2,5,3,5,5,0,0,0,1,0,0,0,Graduation,Together,2014-01-10
905451,1975,65700.0,0,0,42,494,92,156,125,43,213,0,3,7,4,4,0,0,1,0,0,1,0,PhD,Single,2012-09-26
905452,1965,91000.0,0,0,65,560,23,110,111,16,162,1,6,4,4,1,0,0,0,1,0,1,0,PhD,Divorced,2013-11-06
905453,1971,69900.0,0,1,53,109,1,31,12,34,11,3,3,2,7,3,0,0,0,0,0,0,0,PhD,Single,2013-02-04
905454,1977,77000.0,0,0,56,482,48,403,35,12,13,2,5,3,7,5,0,0,0,0,1,1,0,2n Cycle,Married,2013-05-17
905455,1971,49400.0,1,1,19,1165,3,270,47,4,31,10,9,2,10,7,0,0,0,0,0,0,0,Graduation,Divorced,2012-12-21
905456,1985,45700.0,1,0,0,618,15,100,7,39,197,6,8,2,9,8,0,0,0,0,0,0,0,Graduation,Married,2013-07-21
905457,1969,69500.0,0,0,20,714,24,305,25,20,140,1,4,3,7,1,0,0,0,0,1,1,0,Graduation,Together,2013-02-13
905458,1967,19800.0,1,1,54,6,5,13,3,5,15,4,2,1,2,9,0,0,0,0,0,0,0,Graduation,Single,2013-11-07
905459,1990,86000.0,0,0,85,1493,102,541,4,4,57,1,3,3,11,3,1,0,0,1,0,0,0,Graduation,Married,2013-12-10
905460,1970,79100.0,0,2,99,1171,1,91,2,3,74,5,12,2,12,6,0,0,0,0,0,0,0,Graduation,Married,2014-06-18
905461,1980,24200.0,1,1,76,10,3,10,1,3,26,2,2,0,2,8,0,0,0,0,0,0,0,Graduation,Single,2012-08-15
905462,1959,64400.0,1,1,43,68,2,21,1,0,2,3,3,0,4,6,0,0,0,0,0,0,0,Graduation,Divorced,2013-10-28
905463,1945,73000.0,0,0,85,1105,9,120,14,6,13,2,8,4,11,6,0,0,0,0,0,0,0,Graduation,Single,2013-03-12
905464,1940,66900.0,1,2,75,555,0,63,1,0,64,5,7,2,6,8,0,1,0,1,0,0,0,Graduation,Together,2013-11-04
905465,1995,82200.0,0,0,99,1493,32,228,48,10,97,1,3,7,7,1,0,0,0,0,1,0,0,Graduation,Divorced,2013-01-18
905466,1974,43000.0,0,0,58,61,2,24,3,2,14,1,3,1,4,9,0,0,0,0,0,0,0,PhD,Single,2013-04-07
905467,1966,75700.0,0,0,58,275,195,342,115,263,169,2,5,5,7,2,0,0,0,0,0,0,0,PhD,Together,2014-01-05
905468,1975,58600.0,0,0,0,665,26,186,27,68,26,2,4,6,7,2,1,0,0,1,0,1,0,Graduation,Together,2014-06-07
905469,1981,35800.0,1,0,99,18,17,102,76,20,139,9,6,0,3,8,0,0,0,1,0,0,0,Graduation,Single,2012-12-26
905470,1967,66000.0,0,0,28,384,64,704,205,198,52,1,7,11,8,2,1,0,1,0,1,0,0,PhD,Married,2012-08-10
905471,1961,96900.0,0,1,66,521,67,561,24,110,8,2,4,5,13,2,0,0,0,0,0,0,0,PhD,Together,2012-12-28
905472,1962,57200.0,2,2,78,111,1,27,2,1,9,4,2,1,3,5,0,0,0,0,0,0,0,2n Cycle,Married,2013-10-08
905473,1970,74600.0,0,0,72,1023,10,167,122,11,13,1,11,7,11,5,1,0,0,0,1,1,0,Graduation,Married,2014-04-02
905474,1960,76700.0,0,1,54,720,67,775,79,198,149,2,3,6,5,3,0,0,0,0,1,1,0,Graduation,Married,2013-03-17
905475,1943,71700.0,0,1,24,313,10,188,13,18,24,2,3,3,6,2,0,0,0,0,0,0,0,Graduation,Married,2012-11-16
905476,1971,73400.0,0,0,29,540,11,327,28,29,30,1,2,5,11,1,0,0,0,0,0,0,0,Master,Married,2012-08-30
905477,1957,39500.0,1,0,17,27,0,10,0,3,8,2,1,0,4,5,0,0,0,0,0,1,0,Graduation,Single,2013-07-25
905478,1981,25200.0,0,0,53,4,2,4,1,4,13,2,2,0,3,6,0,0,1,0,0,0,0,Master,Together,2014-02-20
905479,1975,67200.0,0,1,22,1396,37,322,208,8,112,3,13,5,9,5,0,0,0,0,0,0,0,PhD,Together,2014-02-18
905480,1982,50700.0,1,0,83,41,61,106,161,43,83,4,3,2,3,7,0,0,0,0,0,0,0,PhD,Married,2012-09-13
905481,1966,30200.0,1,1,65,11,0,5,0,0,4,1,1,0,2,7,0,0,0,0,0,0,0,Master,Together,2013-04-27
905482,1970,56000.0,1,2,14,41,1,13,13,2,5,2,1,0,5,5,0,0,0,0,0,0,0,PhD,Together,2013-01-07
905483,1960,56800.0,0,0,39,169,18,246,70,16,43,1,6,2,8,3,0,0,0,0,0,0,0,Master,Widow,2014-05-28
905484,1963,107600.0,0,1,40,409,122,240,65,25,45,3,6,4,7,2,0,0,0,0,0,0,0,Graduation,Married,2013-12-23
905485,1945,71200.0,0,2,95,1171,4,61,13,4,47,4,12,4,6,5,0,0,0,0,0,0,0,PhD,Married,2014-02-18
905486,1991,25200.0,2,0,84,4,3,23,2,4,2,2,1,0,3,9,0,0,0,0,0,0,1,Graduation,Married,2012-12-03
905487,1961,68100.0,1,1,0,1171,2,48,19,1,244,5,12,1,12,5,0,0,0,0,0,0,0,Graduation,Married,2014-06-04
905488,1988,20700.0,1,0,55,5,15,15,8,1,10,3,3,0,3,12,0,0,0,0,0,0,0,Graduation,Single,2013-08-18
905489,1971,26200.0,1,0,43,11,3,14,1,2,1,1,1,0,3,5,0,0,1,0,0,0,0,Graduation,Married,2014-05-25
905490,1973,93500.0,0,0,36,982,193,981,159,198,245,1,6,6,13,4,0,0,0,0,1,1,0,2n Cycle,Married,2013-08-05
905491,1953,66400.0,0,0,54,776,193,269,24,6,88,1,11,7,10,9,0,0,0,1,0,1,0,Graduation,Married,2014-01-29
905492,1981,28800.0,1,1,67,12,1,6,18,3,12,2,2,0,3,5,0,0,0,0,0,0,0,Graduation,Together,2013-03-14
905493,1964,51500.0,1,0,0,104,143,145,23,144,22,2,7,0,6,6,0,0,0,0,0,0,0,Graduation,Married,2012-09-05
905494,1984,39500.0,0,0,95,185,1,63,16,14,114,5,5,3,6,6,0,0,0,0,0,1,0,PhD,Married,2013-09-20
905495,1976,26600.0,1,0,73,4,2,2,1,0,4,0,1,0,2,8,0,0,0,0,0,0,0,PhD,Divorced,2012-11-30
905496,1994,24100.0,0,0,14,46,5,72,21,3,26,2,4,1,4,10,0,0,0,0,0,0,0,Graduation,Married,2013-09-01
905497,1943,68300.0,0,1,66,388,125,351,100,263,86,1,2,7,6,1,0,0,0,0,0,0,0,Graduation,Married,2013-08-08
905498,1974,25800.0,1,1,80,27,3,11,2,3,8,4,3,0,3,7,0,0,0,0,0,0,0,Graduation,Married,2014-03-14
905499,1969,80200.0,0,0,42,1079,40,268,24,73,220,3,8,2,13,8,0,0,0,0,0,0,0,PhD,Married,2014-01-25
905500,1983,23900.0,0,1,11,51,2,14,2,1,0,2,1,1,3,6,0,0,0,0,0,0,0,Graduation,Single,2013-09-10
905501,1977,78300.0,0,0,50,194,2,188,143,44,3,1,4,4,4,1,0,0,0,1,0,0,0,PhD,Together,2013-12-24
905502,1969,56300.0,1,1,42,128,22,50,85,8,8,5,3,1,7,4,0,0,0,1,0,0,0,Graduation,Together,2012-11-12
905503,1969,54600.0,0,1,48,242,7,52,32,4,59,2,4,2,4,6,0,0,1,0,0,1,0,Graduation,Divorced,2014-02-24
905504,1980,64700.0,0,0,58,354,9,194,12,4,27,1,2,5,6,3,0,0,0,0,0,0,0,2n Cycle,Married,2013-05-10
905505,1964,40300.0,1,1,48,12,2,7,1,3,7,2,2,0,3,6,0,0,0,1,0,0,0,Master,Married,2012-12-03
905506,1963,79100.0,1,2,36,666,2,134,1,3,18,8,7,3,10,6,0,0,0,0,0,1,0,Graduation,Married,2014-06-06
905507,1977,80300.0,0,0,28,822,62,485,100,170,29,1,7,7,4,5,0,0,0,0,1,0,0,Master,Together,2013-04-16
905508,1968,63000.0,0,1,47,134,20,125,17,26,97,1,3,4,6,3,0,0,0,0,0,0,0,PhD,Together,2014-04-13
905509,1975,78000.0,0,0,66,628,21,226,97,37,21,2,4,3,9,2,1,0,0,0,0,0,0,Graduation,Single,2013-11-15
905510,1970,76200.0,0,1,36,241,21,261,19,4,38,4,4,7,6,4,0,0,0,0,0,0,0,PhD,Divorced,2013-02-07
905511,1974,89000.0,0,1,33,1188,0,262,2,18,5,2,4,7,8,3,1,0,0,0,1,0,0,Graduation,Married,2012-08-11
905512,1970,55600.0,1,1,18,234,4,130,12,7,55,6,8,3,5,10,0,0,0,0,0,0,0,Master,Together,2012-11-19
905513,1969,19200.0,1,1,71,78,1,19,2,4,11,2,2,1,3,5,0,0,0,0,0,0,0,Graduation,Divorced,2012-11-05
905514,1965,26600.0,2,0,91,9,1,8,0,2,16,3,3,0,3,9,0,0,0,0,0,0,0,Graduation,Married,2014-06-29
905515,1975,20900.0,1,0,70,16,2,22,3,4,38,4,3,1,2,9,0,0,0,0,0,0,0,Basic,Single,2013-12-24
905516,1968,31600.0,0,0,53,37,4,65,7,10,85,3,4,1,3,8,0,0,0,0,0,0,0,Graduation,Single,2012-12-13
905517,1967,23400.0,2,1,21,12,0,8,5,1,4,1,1,1,2,6,0,0,0,0,0,0,0,Master,Together,2014-06-17
905518,1969,69100.0,0,0,20,310,13,202,7,23,50,2,3,6,12,2,0,0,1,0,1,1,0,PhD,Married,2013-08-26
905519,1996,30700.0,2,0,54,23,12,71,3,5,3,4,3,0,3,7,0,0,0,0,0,0,0,Graduation,Single,2014-02-04
905520,1994,60600.0,0,0,57,368,35,326,162,167,38,1,4,4,8,2,0,0,0,0,0,0,0,2n Cycle,Married,2013-04-06
905521,1975,59900.0,0,0,12,943,18,204,259,50,32,1,7,4,13,2,0,0,0,0,0,0,0,Graduation,Single,2013-08-27
905522,1962,40000.0,0,0,30,143,0,51,5,121,27,2,2,1,5,6,0,0,0,0,0,0,0,Graduation,Married,2012-08-16
905523,1971,56700.0,1,1,68,184,0,40,0,0,1,2,2,1,3,6,0,0,0,0,0,0,0,PhD,Together,2012-11-20
905524,1975,66500.0,0,1,91,674,0,320,0,3,26,5,4,3,6,6,1,0,1,0,1,0,0,Graduation,Single,2013-11-17
905525,1968,62700.0,0,1,60,1493,2,368,4,2,63,3,10,3,8,5,0,0,0,0,1,1,0,Graduation,Single,2014-05-24
905526,1965,17300.0,0,1,32,31,4,22,3,2,28,2,1,1,3,6,0,0,0,0,0,0,0,Graduation,Single,2013-11-15
905527,1957,42000.0,0,0,77,86,197,333,96,68,358,2,1,6,5,2,0,0,0,0,0,0,0,Graduation,Together,2013-12-30
905528,1954,64600.0,1,1,48,40,0,10,1,0,2,1,0,0,3,5,0,0,1,0,0,0,0,Graduation,Single,2013-12-18
905529,1970,81800.0,0,1,99,183,197,350,52,14,65,1,4,9,3,2,0,0,0,0,0,0,0,Graduation,Together,2014-05-19
905530,1977,81400.0,0,1,61,847,40,364,253,41,245,1,5,5,7,3,0,0,0,0,1,1,0,Graduation,Married,2013-05-18
905531,1963,25000.0,1,1,75,17,2,16,3,7,24,5,2,1,3,6,0,0,0,1,0,0,0,Graduation,Together,2012-10-16
905532,1981,63000.0,1,0,30,80,1,27,4,1,10,1,1,0,3,10,0,0,0,0,0,0,0,Graduation,Together,2013-07-06
905533,1970,103400.0,0,0,61,349,52,345,18,60,14,1,4,6,10,3,0,0,0,0,0,0,0,2n Cycle,Married,2013-02-16
905534,1961,52400.0,1,1,86,359,10,98,5,9,39,4,6,1,5,7,0,0,0,1,0,0,0,Graduation,Widow,2014-02-04
905535,1978,36400.0,0,0,96,49,4,73,17,36,34,3,5,0,5,6,0,0,0,0,0,0,0,Graduation,Married,2013-08-13
905536,1965,39200.0,1,0,18,6,7,4,0,0,4,1,1,0,2,8,0,0,0,0,0,0,0,Graduation,Married,2013-09-27
905537,1956,81000.0,0,0,48,315,51,449,253,198,87,0,8,11,13,3,0,0,0,1,0,0,0,Master,Widow,2013-09-05
905538,1986,24500.0,1,0,2,8,0,8,1,0,6,1,1,1,3,5,0,0,0,0,0,0,0,Graduation,Married,2012-11-25
905539,1979,29700.0,0,0,57,8,10,25,5,5,14,2,2,0,3,7,0,0,0,0,0,0,0,Master,Divorced,2012-10-18
905540,1981,14300.0,2,0,99,6,2,9,1,1,14,2,1,1,3,6,0,0,0,0,0,0,0,Graduation,Together,2012-10-02
905541,1953,59500.0,0,0,73,834,142,292,102,26,46,0,6,5,7,3,0,0,0,0,0,0,0,Graduation,Together,2014-02-07
905542,1966,46700.0,0,0,11,112,1,64,1,0,48,2,4,0,5,7,0,0,0,1,0,0,0,2n Cycle,Married,2013-04-11
905543,1971,43700.0,1,0,37,201,0,69,20,2,89,7,6,2,6,8,0,0,1,0,0,0,0,Graduation,Married,2014-04-30
905544,1955,72200.0,1,1,0,151,6,73,92,34,36,2,5,2,9,3,0,0,0,0,0,0,0,Graduation,Married,2014-03-28
905545,1962,13500.0,1,1,72,16,1,11,1,9,8,5,2,0,3,10,0,0,1,0,0,0,0,2n Cycle,Together,2013-01-26
905546,1970,31600.0,1,0,8,14,3,4,3,2,10,2,1,1,3,5,0,0,0,0,0,0,0,2n Cycle,Divorced,2014-01-24
905547,1974,33400.0,1,1,83,36,2,14,5,6,14,1,1,1,2,9,0,0,0,0,0,0,0,Graduation,Single,2012-11-17
905548,1971,67200.0,0,0,57,1173,197,834,11,21,33,2,6,10,13,3,0,0,0,0,0,0,0,Graduation,Married,2012-08-10
905549,1978,26900.0,1,0,95,14,1,11,6,9,4,3,2,0,5,3,0,0,0,0,0,0,0,PhD,Married,2014-02-07
905550,1987,40400.0,1,1,67,173,4,61,13,5,43,5,5,2,8,5,0,0,0,0,0,0,0,Graduation,Divorced,2014-01-27
905551,1943,76600.0,0,1,83,1338,100,275,50,6,43,1,6,4,11,5,0,0,0,0,0,0,0,Master,Divorced,2013-10-01
905552,1971,42100.0,1,1,50,8,8,23,5,2,47,2,2,0,4,4,0,0,0,0,0,0,0,Graduation,Divorced,2012-09-22
905553,1978,87000.0,0,0,98,575,24,981,12,65,245,0,4,7,8,1,0,0,0,1,0,1,0,PhD,Together,2013-06-11
905554,1972,25200.0,1,1,47,3,7,8,10,10,5,2,2,0,3,5,0,0,0,0,0,0,0,Basic,Together,2013-09-27
905555,1971,26600.0,1,0,53,6,1,15,2,1,4,1,2,0,3,11,0,0,0,0,0,0,0,Graduation,Married,2014-03-24
905556,1967,73400.0,0,1,52,1158,14,717,56,97,16,2,9,10,13,1,0,0,0,0,0,0,0,Graduation,Single,2012-12-19
905557,1973,46500.0,2,1,69,28,6,29,2,1,34,3,2,1,4,6,0,0,0,0,0,0,0,Graduation,Married,2013-09-07
905558,1967,76100.0,0,2,61,393,1,95,6,0,4,4,4,5,8,3,0,0,0,0,0,0,0,Graduation,Together,2012-10-03
905559,1975,29200.0,1,0,19,46,4,79,3,2,23,1,6,1,3,9,0,0,0,0,0,0,0,Graduation,Single,2014-05-19
905560,1961,73000.0,0,0,0,853,9,116,10,263,55,2,8,10,13,4,0,0,0,0,0,0,0,Graduation,Together,2013-10-03
905561,1966,33000.0,1,1,74,95,2,19,1,2,3,1,1,0,3,6,0,0,0,0,0,0,0,Graduation,Divorced,2013-09-22
905562,1949,65500.0,0,1,90,384,0,104,24,16,8,1,5,2,9,3,0,0,0,0,0,0,0,Graduation,Together,2013-11-27
905563,1991,39900.0,1,0,80,34,0,20,9,2,7,1,2,0,3,8,0,0,0,0,0,1,0,Master,Together,2014-04-22
905564,1983,40000.0,0,0,50,73,0,17,10,1,7,2,2,0,4,5,0,0,0,0,0,0,0,Graduation,Single,2012-11-03
905565,1942,77400.0,0,0,51,1000,55,754,156,51,16,1,3,5,5,4,1,0,0,0,0,1,0,Graduation,Together,2013-10-10
905566,1980,38700.0,1,1,51,9,1,8,0,0,10,4,1,0,4,6,0,0,0,0,0,0,0,Master,Married,2013-09-11
905567,1967,72600.0,0,1,86,169,12,51,47,12,118,1,6,6,6,3,0,0,1,0,1,0,0,Graduation,Single,2013-10-17
905568,1980,51500.0,0,0,53,189,83,84,192,14,111,2,7,2,7,8,0,0,0,0,0,0,0,PhD,Together,2014-01-25
905569,1972,32500.0,0,1,10,57,18,276,28,157,87,3,7,1,5,7,0,0,0,0,0,0,0,Master,Widow,2012-08-05
905570,1979,29300.0,1,0,84,28,1,24,1,2,2,1,3,1,3,5,0,0,0,0,0,0,0,Graduation,Married,2012-10-27
905571,1976,31700.0,1,1,44,97,8,29,40,22,145,8,7,0,4,6,0,0,0,0,0,1,0,Master,Single,2013-12-14
905572,1965,68900.0,0,1,56,108,17,981,11,30,9,1,5,5,13,2,0,0,0,1,0,1,0,Graduation,Single,2013-07-07
905573,1969,57800.0,0,2,39,177,1,52,0,3,29,5,5,2,6,5,0,0,0,0,0,0,0,Master,Married,2013-04-13
905574,1965,25500.0,1,0,67,3,5,3,3,1,6,1,1,0,3,9,0,0,0,0,0,0,0,2n Cycle,Together,2012-11-07
905575,1978,69600.0,1,0,43,466,20,212,20,46,124,1,6,3,13,3,0,0,0,0,0,1,0,Master,Single,2012-08-11
905576,1996,15000.0,0,0,21,3,7,2,12,5,21,1,0,1,2,10,0,0,0,0,0,0,0,PhD,Together,2012-08-06
905577,1964,60600.0,0,1,43,234,7,184,54,16,73,3,5,5,4,5,0,0,0,0,0,0,0,2n Cycle,Married,2012-09-02
905578,1953,68600.0,0,0,99,1110,61,303,253,23,21,1,4,8,6,4,1,0,0,0,0,1,0,PhD,Married,2014-04-04
905579,1977,66000.0,0,2,85,281,4,108,3,8,34,6,7,2,11,7,0,0,1,0,0,0,0,Graduation,Married,2012-12-30
905580,1991,72800.0,0,1,23,296,49,283,182,65,10,2,5,7,12,3,0,0,0,0,0,0,0,PhD,Together,2014-01-28
905581,1974,54300.0,1,0,57,38,3,23,3,3,4,3,4,0,4,7,0,0,0,0,0,0,0,PhD,Single,2014-02-10
905582,1982,30100.0,1,0,35,19,0,19,7,1,9,2,1,2,4,4,0,0,0,0,0,0,0,Graduation,Married,2014-05-02
905583,1966,71500.0,0,1,0,588,134,781,130,236,104,2,7,6,11,2,0,0,0,0,0,0,0,Graduation,Single,2013-03-26
905584,1963,70600.0,0,0,14,357,30,668,19,6,70,1,4,9,4,2,0,0,0,0,0,0,0,Graduation,Married,2012-08-06
905585,1954,81900.0,0,0,60,620,66,406,229,38,145,1,7,5,11,4,0,0,0,0,0,0,0,Master,Together,2012-09-04
905586,1966,48800.0,0,0,93,619,82,145,88,19,39,1,6,3,13,7,0,0,0,0,0,0,0,Master,Single,2013-08-11
905587,1991,84200.0,0,0,58,467,13,287,40,70,218,2,1,17,8,2,0,0,0,0,0,0,0,Graduation,Married,2013-08-12
905588,1963,33700.0,1,0,55,27,6,23,17,1,9,3,2,1,5,4,0,0,0,0,0,0,0,Graduation,Married,2013-08-23
905589,1980,41400.0,1,1,83,10,4,17,12,2,13,3,3,0,4,10,0,0,0,1,0,0,0,Master,Single,2013-07-19
905590,1970,84000.0,0,0,99,1493,31,260,14,55,31,2,3,4,8,4,0,0,0,1,0,0,0,Graduation,Single,2014-04-15
905591,1961,65600.0,0,0,50,1015,36,398,85,29,111,1,6,11,7,3,0,0,0,0,0,0,0,PhD,Single,2014-06-28
905592,1976,37800.0,0,1,48,32,5,23,0,3,8,1,1,0,3,10,0,0,0,0,0,0,0,Graduation,Together,2013-04-29
905593,1977,36000.0,1,0,83,13,2,18,4,0,1,1,2,0,2,9,0,0,0,0,0,0,0,PhD,Married,2013-02-14
905594,1983,24600.0,1,0,57,107,4,38,6,5,27,4,3,2,4,7,0,0,0,0,0,0,0,Graduation,Together,2013-02-03
905595,1980,59600.0,0,0,50,524,88,940,259,111,145,1,5,5,12,2,0,0,0,0,0,0,1,Graduation,Divorced,2012-10-03
905596,1972,71900.0,0,0,0,191,115,437,9,18,245,2,5,8,11,6,0,0,0,1,0,1,0,PhD,Married,2013-05-14
905597,1988,8100.0,1,0,62,4,5,10,21,5,13,4,3,0,3,9,0,0,0,0,0,1,0,Graduation,Married,2013-02-12
905598,1969,29100.0,1,1,78,11,1,3,1,1,6,1,1,1,2,6,0,0,1,0,0,0,0,2n Cycle,Married,2014-02-07
905599,1975,54700.0,0,0,29,743,49,335,14,7,36,1,3,3,9,5,0,0,0,0,0,1,0,Graduation,Together,2014-06-27
905600,1970,40300.0,2,0,65,5,3,13,16,3,10,1,1,0,4,6,0,0,0,0,0,0,0,2n Cycle,Married,2012-11-30
905601,1948,18600.0,0,0,41,14,5,11,12,4,13,2,2,0,5,5,0,0,1,0,0,0,0,2n Cycle,Married,2013-10-28
905602,1995,72600.0,0,0,57,584,46,540,15,32,34,1,3,5,8,5,1,0,0,1,1,0,0,Graduation,Together,2014-04-08
905603,1983,29700.0,1,0,40,18,2,16,0,2,14,3,4,0,4,9,0,0,0,0,0,0,0,Graduation,Together,2014-06-14
905604,1963,86300.0,1,1,57,533,59,335,76,75,64,3,4,6,10,4,0,0,0,0,0,0,0,Master,Married,2014-06-08
905605,1954,38000.0,0,0,42,16,23,26,3,14,2,2,2,0,4,6,0,0,0,0,0,0,0,Master,Married,2012-10-29
905606,1982,38900.0,0,1,62,220,14,28,19,18,64,4,5,3,3,7,0,0,0,0,0,0,0,Graduation,Together,2012-08-22
905607,1964,41600.0,0,1,29,292,8,50,7,7,29,5,8,3,6,7,0,0,0,0,0,0,0,PhD,Widow,2012-09-30
905608,1966,68800.0,0,0,68,846,63,457,253,154,29,1,9,4,7,4,1,1,1,1,1,1,0,Graduation,Married,2013-10-02
905609,1968,14500.0,0,0,69,9,6,11,14,8,4,1,2,1,4,5,0,0,0,0,0,0,0,PhD,Married,2013-07-29
905610,1979,67200.0,0,0,55,842,7,809,12,29,11,0,6,2,11,4,0,0,0,0,0,0,0,Graduation,Single,2014-02-22
905611,1945,70200.0,0,0,52,333,62,795,107,101,49,1,6,4,9,2,0,0,0,0,0,0,0,2n Cycle,Married,2012-11-19
905612,1946,30400.0,2,1,42,11,5,8,0,4,7,4,2,0,4,7,0,0,0,0,0,0,0,Graduation,Together,2013-01-05
905613,1970,49000.0,0,1,5,275,3,25,6,0,27,1,8,1,6,4,0,0,0,0,0,0,0,Graduation,Married,2013-05-04
905614,1969,54700.0,1,0,35,286,5,66,7,3,15,3,9,1,5,6,0,0,0,0,0,0,0,PhD,Together,2014-03-11
905615,1963,64600.0,2,1,60,70,0,22,0,0,0,2,3,0,3,7,0,0,0,0,0,0,0,Master,Married,2012-12-30
905616,1971,35000.0,0,1,73,18,15,9,4,2,4,2,1,1,3,6,0,0,1,0,0,0,0,Graduation,Single,2014-05-09
905617,1984,71600.0,0,1,86,1155,4,231,4,4,174,1,4,5,9,3,0,0,0,0,1,0,0,Master,Single,2013-08-05
905618,1984,66400.0,0,1,39,115,9,109,4,10,6,1,6,1,6,5,0,0,0,0,0,1,0,Graduation,Together,2012-09-12
905619,1972,81000.0,0,1,60,827,22,102,18,59,11,1,5,7,7,2,0,0,0,1,0,1,0,PhD,Married,2013-03-09
905620,1954,69100.0,0,0,60,14,45,194,9,5,1,1,1,4,2,1,0,0,0,0,0,0,0,Master,Together,2013-12-01
905621,1961,84700.0,0,1,51,275,61,105,39,30,10,1,7,5,6,3,0,0,0,0,0,0,0,Graduation,Married,2014-03-15
905622,1970,54400.0,2,1,40,58,2,19,8,6,31,2,3,1,3,5,0,0,0,0,0,0,0,2n Cycle,Married,2014-03-16
905623,1949,49400.0,0,0,40,227,31,239,202,30,11,2,4,2,7,2,0,0,0,0,0,0,0,PhD,Single,2012-07-31
905624,1992,53800.0,0,0,13,96,0,55,20,4,6,2,4,2,4,4,0,0,0,0,0,0,0,PhD,Married,2013-02-15
905625,1960,72500.0,0,1,72,1396,42,289,23,28,35,2,10,6,10,4,0,0,0,0,0,0,0,Master,Married,2013-05-03
905626,1979,91200.0,0,0,45,647,16,650,63,71,35,2,6,4,7,4,1,0,0,0,0,0,0,Master,Single,2014-01-24
905627,1980,24400.0,1,0,0,10,1,15,2,2,4,2,2,0,3,6,0,0,0,0,0,0,0,Graduation,Married,2014-01-18
905628,1965,43300.0,1,1,90,203,13,58,0,3,21,4,5,2,3,9,0,0,0,0,0,0,0,PhD,Together,2012-12-30
905629,1967,78100.0,0,1,38,514,22,89,24,2,5,3,5,1,10,6,0,0,1,0,0,0,0,Graduation,Married,2014-03-30
905630,1959,61700.0,1,1,40,85,12,116,4,13,15,5,3,6,5,3,0,0,0,0,0,0,0,2n Cycle,Divorced,2013-10-23
905631,1981,43500.0,1,0,27,1,3,3,8,1,1,1,0,0,2,6,0,0,0,0,0,0,0,Graduation,Married,2013-03-15
905632,1978,21500.0,1,1,47,23,1,13,6,1,1,3,2,1,3,7,0,0,0,0,0,0,0,PhD,Together,2013-05-23
905633,1971,23800.0,1,1,0,9,3,8,0,1,5,2,1,0,2,6,0,0,0,0,0,0,0,Graduation,Married,2013-12-01
905634,1972,62100.0,0,0,23,363,31,49,79,34,27,2,4,7,6,3,0,0,0,0,0,1,0,Master,Divorced,2014-04-24
905635,1944,76000.0,0,0,59,746,77,615,25,32,245,1,3,7,6,3,1,0,0,0,0,1,0,Graduation,Together,2013-10-02
905636,1972,92500.0,0,0,0,691,197,1660,18,4,33,2,3,10,5,2,0,0,0,0,0,0,0,Graduation,Married,2012-11-11
905637,1964,52200.0,0,1,9,237,23,74,11,26,5,3,7,1,7,8,0,0,0,0,0,0,0,Master,Married,2014-05-05
905638,1958,68000.0,0,2,95,156,12,40,12,4,7,4,2,2,8,6,0,0,0,0,0,0,0,Graduation,Married,2014-01-27
905639,1962,73000.0,1,1,62,362,0,34,0,1,4,3,5,0,5,7,0,0,0,0,0,1,0,Master,Married,2014-04-17
905640,1961,38900.0,0,0,36,124,0,7,1,3,6,1,5,1,3,7,0,0,0,0,0,0,0,Graduation,Married,2014-02-12
905641,1975,36800.0,0,0,90,96,5,9,1,1,5,2,2,0,5,6,0,0,1,0,0,0,0,Graduation,Married,2014-02-03
905642,1975,70400.0,0,1,47,754,7,104,1,3,37,2,3,5,5,1,0,0,0,1,1,0,0,Graduation,Married,2014-01-12
905643,1973,82600.0,0,0,83,1267,4,207,4,20,12,1,5,3,13,4,0,1,0,0,0,0,0,Graduation,Widow,2013-11-12
905644,1957,49200.0,1,1,24,12,3,20,2,4,20,2,2,0,3,5,0,0,0,0,0,1,0,Graduation,Single,2013-05-15
905645,1974,68400.0,0,1,0,1396,53,276,47,15,6,3,7,3,13,8,0,0,0,0,0,0,0,Graduation,Single,2012-10-16
905646,1982,30700.0,1,0,57,35,10,25,5,18,9,3,1,1,4,4,0,0,0,0,0,0,0,PhD,Together,2013-02-28
905647,1962,71000.0,0,1,21,1396,84,145,136,131,25,4,9,4,11,4,0,0,0,0,0,0,0,Graduation,Single,2012-08-13
905648,1980,22200.0,1,0,38,24,6,32,23,3,52,4,4,0,4,8,0,0,0,0,0,0,0,Graduation,Divorced,2014-05-27
905649,1974,62300.0,0,1,41,116,0,17,0,3,8,2,5,1,4,6,0,0,0,0,0,1,0,Graduation,Married,2012-08-28
905650,1961,57600.0,0,1,22,321,14,138,121,66,183,1,8,3,7,3,0,0,0,0,0,0,0,Graduation,Married,2014-05-13
905651,1975,96000.0,0,1,44,994,193,457,46,21,147,1,4,10,10,1,0,0,0,0,1,1,0,Graduation,Together,2013-06-28
905652,1958,101200.0,0,1,41,263,18,50,45,69,28,1,8,1,13,4,0,0,0,0,0,0,0,Graduation,Together,2013-11-26
905653,1973,48300.0,1,1,0,14,1,8,0,0,1,1,0,0,2,9,0,0,0,0,0,0,0,PhD,Divorced,2013-08-05
905654,1978,31800.0,1,0,0,53,6,28,2,2,6,4,3,0,4,6,0,0,0,0,0,0,0,Master,Married,2014-01-10
905655,1967,60400.0,1,0,20,220,19,275,78,12,26,7,5,2,11,7,0,0,0,0,0,0,0,Graduation,Married,2012-10-27
905656,1973,98100.0,0,1,57,863,5,93,8,6,245,1,5,9,8,4,0,0,0,0,1,1,0,Graduation,Single,2014-06-11
905657,1960,55700.0,0,0,16,219,47,299,27,23,38,2,6,3,3,3,0,0,0,0,0,0,0,Graduation,Single,2012-11-14
905658,1957,67400.0,1,1,30,842,11,228,25,6,29,5,12,1,10,7,0,0,0,0,0,0,0,Graduation,Married,2013-06-30
905659,1946,48800.0,0,1,71,469,33,123,15,11,130,3,9,6,10,5,0,0,0,0,0,0,0,PhD,Married,2013-08-02
905660,1977,64400.0,0,1,96,543,8,136,121,17,16,3,8,2,8,7,0,0,0,0,0,0,0,PhD,Together,2014-02-22
905661,1985,22300.0,0,0,82,3,19,13,5,5,24,3,1,0,5,5,0,0,0,0,0,0,0,Graduation,Single,2012-10-01
905662,1977,19300.0,1,0,22,2,11,13,20,6,14,2,2,0,3,11,0,0,0,0,0,1,0,Basic,Married,2014-05-19
905663,1949,105500.0,0,0,53,1005,34,981,88,198,20,0,5,7,8,1,1,0,0,0,1,1,0,Master,Divorced,2013-06-11
905664,1978,61200.0,0,1,0,490,26,390,139,2,65,4,6,9,6,8,1,0,0,1,0,1,0,Graduation,Married,2013-04-11
905665,1985,17400.0,1,0,90,4,2,26,43,20,10,2,3,0,4,5,0,0,0,0,0,0,0,Master,Together,2013-03-05
905666,1954,70700.0,0,1,46,836,3,170,48,2,53,2,8,10,6,3,0,0,0,0,0,0,0,Master,Divorced,2012-10-03
905667,1965,74900.0,0,1,64,425,11,292,6,11,97,3,5,3,3,2,0,0,0,0,0,0,0,PhD,Married,2014-05-04
905668,1980,56500.0,0,1,20,317,24,285,13,8,30,1,3,3,4,1,0,0,0,0,0,0,0,Graduation,Single,2014-01-03
905669,1969,53500.0,1,1,14,142,14,60,5,3,21,3,7,3,4,8,0,0,0,0,0,0,0,Graduation,Married,2013-01-02
905670,1966,89200.0,0,1,66,1121,4,128,5,45,10,3,6,6,4,4,0,0,0,0,0,0,0,Graduation,Single,2012-10-29
905671,1957,28300.0,1,1,29,184,2,16,1,5,3,4,3,0,4,5,0,0,0,0,0,0,0,Graduation,Single,2014-04-24
905672,1983,62800.0,0,0,0,438,78,249,38,45,50,1,5,2,5,3,0,0,0,0,0,1,0,2n Cycle,Married,2012-11-06
905673,1956,34600.0,1,1,97,14,0,10,1,1,6,1,2,0,3,6,0,0,0,0,0,0,0,Graduation,Married,2013-11-09
905674,1974,72500.0,0,0,71,1493,193,215,110,6,245,2,3,2,8,4,0,0,0,0,1,0,0,PhD,Together,2013-02-26
905675,1949,67300.0,0,0,50,516,14,200,137,9,10,1,4,7,10,2,0,0,0,0,0,0,0,Graduation,Married,2014-02-17
905676,1944,46500.0,0,1,12,297,1,93,124,31,196,2,6,2,5,8,0,0,0,0,0,0,0,2n Cycle,Together,2012-08-04
905677,1943,64500.0,0,1,46,958,64,611,259,263,41,1,10,3,13,4,0,0,0,0,0,0,0,Graduation,Divorced,2013-09-02
905678,1976,44500.0,0,1,37,84,19,33,5,14,33,2,4,2,5,3,0,0,0,0,0,0,0,PhD,Married,2012-12-02
905679,1946,64500.0,0,1,0,661,3,69,21,5,30,2,7,5,4,5,0,0,0,0,0,0,0,Graduation,Married,2013-09-12
905680,1955,63900.0,1,1,43,8,0,2,0,0,2,1,1,0,2,4,0,0,0,0,0,0,1,Master,Single,2012-08-21
905681,1971,105500.0,0,0,49,1122,193,981,46,198,245,1,3,4,13,2,1,0,0,0,1,1,0,Graduation,Married,2013-06-19
905682,1973,20500.0,0,0,60,1,9,5,6,5,14,1,0,0,2,7,0,0,0,0,0,1,0,Master,Married,2013-04-17
905683,1989,46200.0,1,0,12,12,9,17,3,2,8,1,1,0,3,7,0,0,0,0,0,0,0,Graduation,Together,2013-09-23
905684,1965,51300.0,0,1,0,250,6,62,2,23,82,1,6,2,5,5,0,0,0,0,0,0,0,Graduation,Married,2013-03-20
905685,1979,11000.0,1,0,44,2,4,12,12,5,4,5,2,1,3,9,0,0,0,0,0,0,0,Graduation,Single,2013-08-07
905686,1961,81000.0,0,1,21,464,29,244,71,58,8,0,5,9,10,1,0,0,0,0,0,0,0,PhD,Together,2014-01-18
905687,1966,53200.0,0,2,2,324,1,93,2,19,41,4,4,2,9,5,0,0,1,0,0,0,0,Graduation,Together,2013-01-15
905688,1960,46700.0,0,1,79,528,16,84,3,1,16,4,9,4,12,9,1,0,0,1,0,1,0,PhD,Together,2013-11-11
905689,1977,85000.0,0,1,4,549,51,86,7,5,245,2,4,5,9,4,0,0,0,0,0,1,0,Graduation,Single,2013-07-19
905690,1971,21400.0,1,0,45,19,2,3,1,1,11,2,1,0,3,4,0,0,0,0,0,0,0,Master,Widow,2013-04-13
905691,1996,16000.0,1,0,16,9,7,29,1,6,13,3,1,1,3,10,0,0,0,0,0,0,0,Graduation,Married,2014-06-02
905692,1961,70000.0,0,0,37,1096,6,548,3,24,6,1,5,3,9,3,0,0,0,0,1,0,0,Graduation,Divorced,2013-11-18
905693,1968,20400.0,1,0,62,11,0,12,9,0,12,2,1,1,3,5,0,0,0,0,0,0,0,Master,Married,2013-12-22
905694,1965,68600.0,0,1,4,457,7,77,8,0,19,5,5,3,6,7,0,0,0,1,0,1,0,Graduation,Married,2014-05-11
905695,1977,75600.0,0,0,0,239,24,317,38,30,16,1,3,5,8,1,0,0,0,0,0,0,0,PhD,Divorced,2013-06-15
905696,1946,31700.0,0,1,37,6,2,4,7,4,10,2,1,0,4,4,0,0,0,0,0,0,0,PhD,Married,2013-07-23
905697,1968,101800.0,0,1,62,591,42,467,253,31,42,2,5,3,12,2,1,0,0,1,1,0,0,Graduation,Married,2013-03-03
905698,1994,41200.0,0,0,39,123,103,637,259,150,307,3,5,7,7,1,0,0,0,0,0,0,0,Graduation,Together,2012-10-29
905699,1960,72600.0,0,0,0,337,193,743,253,134,166,0,6,11,4,1,0,0,0,1,0,1,0,Graduation,Single,2014-01-29
905700,1966,29100.0,0,1,8,80,26,110,234,55,27,4,6,2,6,6,0,0,0,0,0,0,0,Graduation,Together,2013-01-22
905701,1956,66100.0,0,0,65,673,61,299,5,49,41,2,6,6,4,5,0,0,1,0,1,1,0,Graduation,Together,2012-08-26
905702,1980,71100.0,0,0,22,513,3,94,114,59,19,0,5,2,13,4,0,0,0,0,0,0,0,Master,Married,2013-06-29
905703,1959,22200.0,0,1,33,14,2,8,8,0,12,1,2,0,4,3,0,0,0,0,0,0,0,Graduation,Divorced,2014-05-27
905704,1989,42800.0,2,0,99,116,0,16,4,0,18,2,6,2,2,5,0,0,1,0,0,0,0,PhD,Divorced,2013-08-10
905705,1957,84700.0,0,0,25,603,173,328,73,69,127,2,6,6,8,1,0,0,1,0,0,0,0,Graduation,Married,2012-10-02
905706,1965,27600.0,2,1,45,5,6,9,0,0,0,2,1,0,2,8,0,0,0,0,0,0,0,2n Cycle,Single,2013-06-27
905707,1976,47000.0,0,0,72,96,9,123,15,33,41,0,4,4,6,2,0,0,0,0,0,0,0,Graduation,Married,2013-11-09
905708,1958,35400.0,0,1,55,92,5,49,0,1,53,3,6,1,4,7,0,0,0,0,0,0,0,Master,Single,2012-08-18
905709,1950,79100.0,0,1,56,504,16,183,15,24,41,3,5,2,8,7,0,0,0,0,0,0,0,Graduation,Together,2013-12-15
905710,1965,65100.0,0,1,14,121,2,30,41,8,10,1,1,4,2,1,0,0,0,0,0,0,0,Graduation,Together,2014-01-04
905711,1962,105500.0,0,0,9,575,48,358,37,126,40,1,4,4,7,1,0,0,1,1,1,0,0,Graduation,Single,2013-07-28
905712,1971,37800.0,1,1,24,197,1,137,0,1,39,6,4,2,4,9,0,0,0,0,0,1,0,Graduation,Married,2014-06-08
905713,1980,18400.0,0,0,82,2,27,10,16,6,30,2,2,0,3,7,0,0,0,0,0,0,0,Graduation,Married,2013-08-31
905714,1980,49800.0,1,0,32,12,1,4,0,2,1,2,1,1,3,5,0,0,0,0,0,0,0,Graduation,Divorced,2014-02-15
905715,1956,44900.0,1,1,44,253,0,29,2,0,141,4,7,2,4,7,0,0,0,0,0,0,0,Graduation,Together,2012-09-15
905716,1962,88300.0,0,0,20,1396,85,192,156,175,115,1,6,5,8,2,0,0,0,0,0,0,0,Graduation,Together,2013-02-09
905717,1978,22600.0,1,0,68,8,2,9,1,4,4,2,3,0,2,8,0,0,0,0,0,0,0,Graduation,Single,2014-06-29
905718,1976,37700.0,2,1,66,3,1,4,8,1,10,1,1,0,2,7,0,0,0,0,0,0,0,PhD,Married,2014-02-04
905719,1985,42000.0,1,1,71,100,18,24,29,2,26,5,4,0,5,7,0,0,0,0,0,0,0,PhD,Together,2013-09-25
905720,1975,49500.0,0,0,59,597,0,23,0,0,47,3,6,1,9,7,0,0,0,1,0,0,0,Graduation,Married,2014-01-31
905721,1978,57600.0,0,0,91,424,117,349,183,29,26,2,6,5,7,4,0,0,0,0,0,0,0,PhD,Married,2013-04-30
905722,1977,45900.0,1,0,21,105,13,38,13,7,11,2,6,1,4,8,0,0,0,0,0,0,0,Master,Together,2012-09-08
905723,1954,84200.0,0,0,0,915,3,498,8,0,37,2,5,3,8,5,0,0,0,0,1,0,0,PhD,Together,2014-04-29
905724,1960,79100.0,1,1,37,288,4,75,24,7,204,7,5,3,8,5,0,0,0,0,0,0,0,2n Cycle,Single,2014-03-15
905725,1978,48200.0,0,1,61,219,59,152,12,10,46,4,6,5,6,8,0,0,0,0,0,0,0,Graduation,Together,2012-09-16
905726,1961,90900.0,0,0,66,696,197,473,69,6,27,3,3,2,7,4,0,0,0,0,0,0,0,Graduation,Single,2012-08-29
905727,1943,77700.0,0,1,99,365,197,361,185,189,18,3,10,4,7,3,0,0,0,0,0,0,0,2n Cycle,Single,2013-02-27
905728,1966,64700.0,0,0,99,402,1,83,7,9,20,1,1,9,10,1,0,0,0,0,0,0,0,Graduation,Married,2012-10-16
905729,1993,88100.0,0,0,52,530,51,636,177,88,89,1,4,6,7,4,0,1,0,1,0,0,0,Graduation,Married,2014-05-10
905730,1992,32800.0,1,0,35,57,2,11,0,1,3,4,4,0,4,8,0,0,0,1,0,0,0,PhD,Together,2013-09-28
905731,1991,12300.0,1,0,59,1,3,4,1,2,3,1,1,0,3,8,0,0,1,0,0,0,0,2n Cycle,Single,2014-02-12
905732,1958,77900.0,0,1,8,88,55,139,81,67,4,2,2,2,6,1,0,0,0,0,0,0,0,PhD,Married,2013-11-10
905733,1966,79000.0,0,0,72,486,0,48,1,0,12,1,6,3,8,7,0,0,0,0,0,1,0,Master,Married,2013-07-12
905734,1987,105500.0,0,0,51,1493,53,417,67,29,69,1,4,5,12,1,0,1,0,0,0,1,0,Master,Divorced,2014-01-03
905735,1972,63400.0,1,0,22,156,9,111,5,2,15,3,6,2,5,7,0,0,1,0,0,0,0,Master,Single,2013-03-15
905736,1993,19900.0,1,0,44,12,4,16,8,5,3,2,2,1,2,8,0,0,0,0,0,0,0,Graduation,Single,2013-05-13
905737,1967,36200.0,2,1,40,15,0,7,0,0,0,1,1,0,1,10,0,0,0,0,0,0,0,Graduation,Together,2013-03-06
905738,1969,60600.0,0,0,99,413,10,111,14,6,9,1,5,2,10,7,1,0,0,0,0,0,0,Graduation,Single,2012-12-15
905739,1967,28900.0,0,0,16,3,21,18,6,2,18,1,1,0,2,5,0,0,0,0,0,0,0,Master,Married,2013-06-01
905740,1972,37800.0,1,1,81,246,11,52,13,3,53,4,6,2,4,5,0,0,0,0,0,0,1,PhD,Together,2013-03-13
905741,1985,70800.0,0,0,83,360,103,1680,259,247,142,4,6,20,4,4,0,0,0,0,0,0,0,Master,Married,2012-11-20
905742,1965,28400.0,1,0,70,8,2,4,2,0,16,1,1,0,2,6,0,0,0,0,0,0,0,PhD,Married,2012-08-09
905743,1970,50300.0,1,1,39,247,4,181,3,5,321,8,9,2,8,7,0,0,0,0,0,0,0,Graduation,Married,2012-07-30
905744,1970,26900.0,0,0,7,24,0,4,1,2,2,1,1,0,3,6,0,0,0,0,0,1,0,Graduation,Single,2014-03-15
905745,1967,18500.0,1,0,55,14,1,12,16,3,23,2,2,1,3,4,0,0,0,0,0,0,0,PhD,Together,2014-06-24
905746,1972,98500.0,0,1,64,933,86,966,206,27,172,2,8,4,5,2,0,0,0,0,1,0,0,2n Cycle,Married,2014-04-08
905747,1959,56600.0,0,1,56,278,68,158,171,21,71,6,8,4,7,7,0,0,0,0,0,0,0,PhD,Together,2014-03-28
905748,1974,45700.0,1,0,22,54,1,48,29,2,9,3,5,0,4,7,0,0,0,0,0,1,0,Graduation,Divorced,2012-12-05
905749,1966,57800.0,1,1,11,55,1,43,2,1,14,5,3,1,5,4,0,0,0,0,0,1,0,Graduation,Single,2013-10-20
905750,1976,25700.0,2,1,99,5,0,6,1,1,1,2,3,0,2,9,0,0,0,0,0,0,0,PhD,Together,2012-08-28
905751,1962,20100.0,1,0,51,1,2,5,1,0,8,1,1,1,1,7,0,0,0,0,0,0,0,Graduation,Married,2012-09-01
905752,1975,26900.0,1,0,99,6,6,12,5,0,15,2,2,0,2,6,0,0,0,0,0,0,0,PhD,Married,2013-11-02
905753,1953,80500.0,0,0,64,561,68,776,21,198,3,1,5,10,8,2,1,0,0,1,0,1,0,2n Cycle,Together,2013-04-20
905754,1963,62500.0,0,1,23,62,11,72,43,5,38,2,3,1,4,5,0,0,0,0,0,0,0,Graduation,Divorced,2013-10-21
905755,1982,18800.0,1,0,13,2,1,21,8,2,9,0,1,0,1,12,0,0,0,0,0,0,0,Graduation,Married,2013-10-25
905756,1963,54400.0,0,1,64,121,12,87,3,24,49,2,3,1,5,8,0,0,0,0,0,0,0,PhD,Married,2013-06-10
905757,1965,53800.0,1,1,80,37,0,21,1,0,9,1,1,1,2,5,0,0,0,0,0,0,0,Graduation,Married,2013-08-08
905758,1974,18900.0,1,0,40,6,3,12,5,6,5,1,2,0,3,7,0,0,0,0,0,0,0,Graduation,Married,2013-04-23
905759,1972,47600.0,0,0,38,916,32,1725,94,60,69,1,3,14,12,2,0,0,0,0,0,0,0,Master,Divorced,2012-10-02
905760,1959,76200.0,0,0,90,406,74,266,259,35,36,0,4,4,5,1,0,0,0,0,0,0,0,PhD,Married,2013-05-30
905761,1984,73500.0,0,1,51,225,126,489,253,198,172,1,3,11,10,1,0,0,0,1,0,1,0,Master,Married,2013-05-21
905762,1960,68300.0,0,0,52,469,153,558,20,64,23,2,7,6,8,3,0,0,0,0,0,0,0,Graduation,Single,2012-10-03
905763,1964,68000.0,0,0,52,619,38,167,37,21,132,1,5,11,12,2,0,0,0,0,1,1,0,Master,Single,2013-12-06
905764,1943,64300.0,0,1,59,699,3,57,43,6,13,3,6,4,10,9,0,0,0,0,0,0,0,Graduation,Together,2013-03-26
905765,1967,36400.0,0,1,47,151,3,33,0,0,17,4,5,1,4,6,0,0,1,0,0,0,0,Graduation,Together,2013-01-26
905766,1985,74400.0,0,0,45,292,33,252,96,47,52,2,9,5,6,3,0,0,1,0,1,1,0,Graduation,Married,2012-10-04
905767,1952,66400.0,0,1,20,583,15,258,2,6,12,2,3,7,11,3,0,0,0,0,1,1,0,2n Cycle,Married,2013-03-04
905768,1969,78300.0,0,0,43,569,193,888,95,60,114,0,7,6,6,2,0,0,0,1,1,0,0,PhD,Together,2013-09-12
905769,1943,86400.0,0,0,24,27,0,28,3,13,11,1,2,1,3,0,0,0,0,0,0,0,0,PhD,Single,2013-11-17
905770,1950,90200.0,0,1,56,291,20,135,20,28,24,1,3,3,5,1,0,0,0,0,0,0,0,Graduation,Widow,2014-06-03
905771,1974,103700.0,0,0,0,1044,91,370,176,198,42,0,5,6,12,1,1,0,0,0,1,0,0,Graduation,Married,2014-06-20
905772,1953,48700.0,0,1,62,742,27,78,22,2,44,3,9,3,13,4,0,0,0,0,0,0,0,Master,Together,2014-02-23
905773,1976,35500.0,1,0,50,37,6,32,4,4,7,4,4,1,5,8,0,0,0,0,0,1,0,2n Cycle,Widow,2014-05-15
905774,1978,84000.0,1,0,48,360,104,160,39,212,154,1,12,4,7,3,0,0,0,0,0,0,0,PhD,Married,2013-02-17
905775,1975,59800.0,0,1,32,1171,2,85,1,0,36,4,11,5,5,8,0,0,0,0,0,0,0,Graduation,Married,2013-09-04
905776,1975,43300.0,0,0,99,122,23,70,69,10,7,0,5,1,7,7,0,0,0,0,0,0,0,PhD,Single,2013-12-01
905777,1963,96200.0,0,0,46,852,5,380,39,3,38,0,5,2,5,4,0,0,0,0,1,0,0,PhD,Together,2013-09-18
905778,1966,26400.0,1,1,22,18,1,8,7,3,17,2,2,1,2,5,0,0,0,0,0,0,0,PhD,Married,2013-12-05
905779,1995,71800.0,0,0,41,197,77,317,43,65,20,1,2,8,5,0,0,0,0,0,0,0,0,Graduation,Together,2014-06-20
905780,1980,41900.0,2,1,42,108,2,24,0,0,12,3,4,1,3,9,0,0,0,1,0,0,0,Graduation,Single,2013-04-14
905781,1960,63800.0,0,1,47,392,7,137,100,61,19,3,8,3,10,4,0,0,0,0,0,1,0,Graduation,Together,2013-11-28
905782,1966,63900.0,1,1,46,126,0,35,4,1,2,2,2,0,4,5,0,0,0,0,0,0,0,2n Cycle,Together,2013-10-01
905783,1965,20200.0,0,0,27,48,10,44,18,10,5,3,2,1,5,3,0,0,0,0,0,0,0,PhD,Together,2013-03-01
905784,1952,45600.0,0,2,18,98,2,53,3,2,73,5,4,1,6,5,0,0,0,0,0,0,0,Master,Married,2012-12-05
905785,1960,61200.0,0,1,33,163,10,267,18,23,35,2,3,7,8,1,0,0,0,0,0,0,0,PhD,Single,2014-03-08
905786,1953,105800.0,1,1,0,1396,49,114,67,90,198,0,9,4,13,3,0,0,0,0,0,0,0,Graduation,Married,2013-12-03
905787,1974,61900.0,1,1,62,71,53,107,10,28,44,1,5,1,4,3,0,0,0,0,0,1,0,Master,Married,2013-04-28
905788,1968,64100.0,0,1,65,791,7,109,56,16,23,4,6,6,9,7,0,0,0,0,0,0,0,Graduation,Together,2013-09-27
905789,1976,91400.0,0,0,69,465,32,350,15,4,121,1,6,5,13,3,0,1,0,1,0,1,0,Graduation,Married,2013-10-19
905790,1962,23700.0,1,1,67,63,0,18,15,2,6,4,2,0,4,11,0,0,0,0,0,0,0,Graduation,Married,2012-10-09
905791,1971,26700.0,1,0,53,14,1,14,2,1,14,1,1,0,1,9,0,0,0,0,0,0,0,Graduation,Single,2013-03-31
905792,1957,61600.0,0,1,15,1171,7,191,1,4,140,11,12,4,9,9,0,0,0,0,0,1,0,2n Cycle,Together,2014-03-19
905793,1977,62400.0,0,1,17,841,2,121,0,3,12,2,9,6,5,8,0,0,0,0,0,1,0,Graduation,Single,2013-02-26
905794,1962,49200.0,0,1,99,479,5,208,23,96,13,4,3,5,7,5,0,0,0,0,0,0,0,Graduation,Together,2014-02-03
905795,1958,52800.0,0,1,99,127,26,79,85,47,40,5,3,2,7,5,0,0,1,0,0,0,0,PhD,Together,2012-10-26
905796,1971,79200.0,1,1,38,324,27,544,153,131,59,2,10,4,4,7,0,0,0,0,0,0,0,Master,Divorced,2013-06-18
905797,1966,72800.0,1,1,0,500,53,98,26,5,5,7,5,2,8,7,0,0,0,0,0,0,0,PhD,Single,2012-12-31
905798,1958,42600.0,0,0,55,240,0,59,8,0,62,3,6,1,6,8,0,0,0,0,0,1,0,Master,Divorced,2013-03-15
905799,1968,66900.0,0,0,64,407,79,306,4,7,64,2,8,2,9,8,1,0,0,0,1,1,0,Graduation,Widow,2013-04-09
905800,1971,84200.0,0,0,91,252,37,342,44,8,86,1,5,2,7,3,0,0,0,0,0,0,0,Graduation,Single,2013-02-04
905801,1983,59100.0,0,1,82,1268,44,109,26,21,57,2,3,4,9,4,0,0,0,0,0,1,0,Graduation,Married,2014-02-27
905802,1961,26600.0,0,1,59,171,1,47,0,0,10,4,8,2,5,7,0,0,0,0,0,0,0,PhD,Together,2014-01-05
905803,1958,58000.0,0,1,95,94,51,91,4,7,79,1,3,2,8,5,0,0,0,0,0,0,0,PhD,Married,2012-09-17
905804,1958,76900.0,0,0,47,417,50,529,48,33,31,1,4,5,5,1,0,0,0,0,1,0,0,Graduation,Married,2014-05-13
905805,1975,20300.0,0,0,45,4,3,1,1,4,13,1,1,0,4,4,0,0,0,0,0,0,0,Graduation,Single,2014-01-18
905806,1974,29000.0,1,0,0,6,4,6,9,3,14,1,2,0,3,6,0,0,0,0,0,0,0,PhD,Single,2013-07-30
905807,1972,42400.0,0,0,45,5,0,2,1,1,3,1,1,0,3,4,0,0,0,0,0,0,0,PhD,Married,2013-04-26
905808,1975,14000.0,1,1,72,5,0,2,0,0,4,2,1,1,2,6,0,0,0,0,0,0,0,Graduation,Married,2013-11-04
905809,1944,35600.0,0,2,29,84,18,94,49,15,89,3,11,2,3,7,0,0,0,0,0,0,0,Graduation,Married,2014-03-29
905810,1963,92700.0,0,0,0,1375,57,614,61,86,52,0,8,10,10,2,1,0,0,0,0,1,0,PhD,Married,2013-02-05
905811,1973,60200.0,0,1,94,212,2,131,165,93,25,1,5,2,6,3,0,0,0,0,0,0,0,Graduation,Single,2013-11-28
905812,1957,54500.0,0,1,93,656,4,83,0,11,54,3,11,4,9,8,1,0,0,1,1,1,0,Master,Divorced,2012-12-13
905813,1969,18200.0,2,0,78,1,8,5,13,11,23,2,3,0,2,9,0,0,0,0,0,0,0,Graduation,Together,2013-11-13
905814,1960,26900.0,0,1,52,13,1,5,1,1,6,1,1,0,3,5,0,0,0,0,0,0,0,Graduation,Single,2014-05-11
905815,1956,40800.0,0,0,71,206,84,162,15,25,46,0,5,7,8,2,0,0,0,0,0,0,0,Master,Together,2013-09-10
905816,1961,18500.0,0,0,19,14,3,15,14,7,52,5,2,2,3,4,0,0,0,0,0,0,0,2n Cycle,Together,2012-09-10
905817,1964,53400.0,0,1,41,224,7,53,6,4,13,2,4,1,5,6,0,0,0,0,0,0,0,Master,Single,2014-02-28
905818,1966,53800.0,1,1,17,159,1,57,0,0,59,4,4,0,4,9,0,0,0,0,0,0,0,Graduation,Married,2013-04-25
905819,1974,38100.0,1,1,81,54,1,16,4,1,1,3,3,0,5,4,0,0,0,0,0,0,0,Graduation,Single,2014-02-23
905820,1969,55600.0,0,0,56,281,3,107,25,6,19,0,3,2,7,1,0,0,0,0,0,0,0,PhD,Together,2012-11-03
905821,1968,65800.0,0,0,87,1493,23,538,5,19,56,2,7,4,6,3,0,0,0,1,0,0,0,PhD,Together,2014-01-04
905822,1962,74300.0,0,0,8,921,16,1321,259,163,95,1,6,12,10,3,0,0,0,0,0,0,0,Graduation,Single,2014-02-21
905823,1966,49600.0,0,0,29,156,31,289,43,157,108,3,10,2,8,6,0,0,0,0,0,0,0,Graduation,Married,2013-09-27
905824,1990,41900.0,1,1,37,8,2,9,6,1,15,1,2,0,3,7,0,0,0,0,0,0,0,Graduation,Married,2014-06-09
905825,1959,24800.0,1,0,91,12,1,13,4,2,5,2,2,0,2,8,0,0,0,0,0,0,0,2n Cycle,Together,2014-04-21
905826,1978,89600.0,0,1,80,413,32,313,60,66,88,3,4,6,3,6,1,0,0,0,0,1,0,PhD,Married,2013-01-24
905827,1964,79200.0,0,0,29,449,17,272,8,55,60,1,7,7,6,5,1,0,0,1,1,0,0,Graduation,Together,2013-09-10
905828,1976,24100.0,1,1,52,15,0,7,8,0,2,3,3,1,2,6,0,0,0,0,0,0,0,Master,Married,2013-05-02
905829,1971,89600.0,0,0,57,1395,9,466,53,95,12,1,4,11,7,3,0,0,0,0,0,1,0,Graduation,Married,2012-09-04
905830,1974,53100.0,0,1,21,21,0,15,0,0,3,1,1,0,4,4,0,0,0,0,0,0,0,Graduation,Married,2013-03-28
905831,1962,76700.0,1,1,57,398,1,261,21,6,47,5,7,2,7,9,0,0,0,0,0,0,0,2n Cycle,Married,2013-08-31
905832,1967,55300.0,0,1,65,292,0,23,0,2,68,4,5,2,5,7,0,0,0,0,0,0,0,PhD,Married,2012-10-13
905833,1970,32300.0,1,1,50,11,8,5,4,0,6,2,2,0,2,7,0,0,0,0,0,0,0,Graduation,Single,2014-01-12
905834,1964,79100.0,1,1,55,278,14,48,3,2,68,5,6,2,5,10,0,0,0,0,0,0,0,PhD,Single,2014-02-14
905835,1970,21500.0,1,1,61,21,0,18,3,0,1,4,2,1,3,7,0,0,0,0,0,0,0,Graduation,Together,2013-08-16
905836,1968,83400.0,0,0,37,613,18,781,170,77,15,1,5,11,10,2,0,0,0,0,1,0,0,Graduation,Together,2013-10-13
905837,1972,29200.0,1,0,22,173,0,56,18,1,17,6,3,2,3,10,0,0,0,0,0,0,0,Graduation,Married,2014-05-10
905838,1964,69000.0,0,0,90,124,5,101,56,21,287,1,3,3,4,2,0,0,0,0,0,0,0,2n Cycle,Single,2013-04-10
905839,1966,24400.0,1,0,53,12,1,16,0,3,5,2,1,1,2,5,0,0,1,0,0,0,0,Graduation,Married,2013-04-13
905840,1970,77600.0,0,1,3,736,158,399,3,70,23,5,7,3,8,8,0,0,0,0,0,0,0,Graduation,Single,2014-04-21
905841,1971,78200.0,0,0,20,96,6,48,21,19,3,0,3,4,5,2,0,0,0,0,0,0,0,PhD,Widow,2013-08-23
905842,1962,63400.0,0,1,53,112,20,66,21,84,63,2,10,1,2,4,0,0,0,0,0,0,0,Master,Married,2013-07-25
905843,1975,28000.0,1,1,51,5,0,5,0,0,1,2,1,0,3,5,0,0,0,0,0,0,0,2n Cycle,Married,2014-02-19
905844,1946,77500.0,0,1,58,154,4,186,38,18,9,2,2,3,5,0,0,0,0,0,0,0,0,Master,Divorced,2014-02-01
905845,1958,50800.0,0,1,50,229,18,153,20,9,12,5,7,1,5,7,0,0,0,0,0,1,0,Master,Single,2013-12-24
905846,1985,65000.0,0,1,99,283,17,193,186,19,157,3,3,6,12,2,0,0,0,0,0,0,0,2n Cycle,Together,2013-09-04
905847,1963,31400.0,2,0,11,8,1,23,6,2,3,1,2,0,3,6,0,0,0,0,0,0,0,Graduation,Widow,2014-01-03
905848,1993,36500.0,1,0,71,23,6,33,20,32,30,2,2,1,4,6,0,0,0,0,0,0,0,2n Cycle,Married,2013-04-12
905849,1991,16200.0,0,1,33,4,3,14,8,4,4,1,1,0,3,6,0,0,0,0,0,0,0,Basic,Single,2013-12-27
905850,1989,54600.0,0,0,49,288,0,122,5,4,8,2,2,2,6,2,0,0,0,0,0,0,0,Graduation,Married,2014-01-14
905851,1975,67800.0,1,1,58,194,2,44,1,3,28,5,5,1,5,7,0,0,0,0,0,0,0,Master,Together,2013-11-24
905852,1987,32900.0,1,0,72,24,6,41,3,17,11,4,2,1,5,6,0,0,0,0,0,0,0,PhD,Married,2013-07-23
905853,1982,56800.0,1,0,19,162,9,159,44,30,44,1,8,2,8,10,0,0,0,0,0,1,0,PhD,Widow,2014-04-02
905854,1966,36000.0,0,1,83,69,9,23,6,4,20,4,4,1,3,7,0,0,0,0,0,0,0,PhD,Married,2012-10-05
905855,1969,74800.0,0,1,37,464,83,122,75,21,12,1,7,2,6,5,0,0,0,0,0,0,0,Graduation,Married,2014-03-14
905856,1994,16300.0,1,1,62,17,20,36,11,20,52,4,4,1,3,9,0,0,0,0,0,0,0,PhD,Divorced,2013-01-16
905857,1959,46700.0,1,1,58,11,7,5,3,0,6,0,1,0,2,3,0,0,0,0,0,0,0,PhD,Married,2012-12-09
905858,1973,16300.0,1,0,41,6,1,5,1,1,10,2,1,0,3,8,0,0,0,0,0,0,0,Graduation,Married,2012-09-30
905859,1962,46700.0,1,2,17,470,0,33,0,0,34,7,9,2,3,7,0,0,0,0,0,0,0,Graduation,Married,2012-08-25
905860,1966,49600.0,0,0,74,84,9,206,4,1,2,3,2,5,1,2,0,0,0,0,0,0,0,Graduation,Together,2012-08-29
905861,1955,59600.0,0,1,75,94,18,193,3,106,21,2,2,2,4,2,0,0,0,0,0,0,0,2n Cycle,Widow,2014-03-11
905862,1975,31100.0,1,0,17,31,0,28,11,1,3,2,4,1,3,5,0,0,0,0,0,0,0,Master,Married,2013-08-28
905863,1981,82300.0,0,0,0,341,76,385,7,3,68,1,5,6,4,3,0,0,1,0,1,1,0,Graduation,Single,2014-05-11
905864,1978,26400.0,0,0,22,259,59,96,51,61,266,2,7,3,5,5,0,0,0,0,0,0,0,Graduation,Married,2012-09-09
905865,1982,44700.0,1,0,23,4,0,13,0,1,1,0,0,0,3,5,0,0,0,0,0,0,0,PhD,Together,2012-08-17
905866,1974,62600.0,0,0,24,1396,80,197,41,17,26,1,8,4,11,6,0,0,0,0,0,0,0,Graduation,Widow,2013-03-05
905867,1976,72200.0,0,0,95,638,193,393,253,22,245,0,6,6,9,1,0,0,0,1,0,0,0,Master,Divorced,2014-03-31
905868,1972,32100.0,0,1,33,227,18,123,49,23,234,6,6,2,5,8,0,0,0,0,0,0,0,Graduation,Married,2012-09-07
905869,1964,57600.0,0,0,24,364,16,204,32,3,27,1,4,8,7,2,0,0,0,0,0,0,0,PhD,Together,2013-01-04
905870,1961,47000.0,1,1,13,28,0,3,0,0,2,1,1,0,2,7,0,0,0,0,0,0,0,PhD,Together,2013-07-01
905871,1993,16200.0,2,0,53,0,12,9,16,5,8,1,1,0,2,8,0,0,0,0,0,0,0,Graduation,Married,2013-09-12
905872,1976,28900.0,1,1,4,6,1,3,0,1,0,2,1,0,2,7,0,0,0,0,0,0,0,Graduation,Together,2012-11-12
905873,1973,57800.0,0,0,52,26,1,23,2,0,1,1,1,1,3,4,0,0,0,0,0,1,0,Graduation,Together,2014-02-13
905874,1953,23600.0,1,1,81,75,3,30,3,4,10,3,3,0,3,10,0,0,0,0,0,0,0,PhD,Together,2013-02-11
905875,1962,16300.0,1,1,99,9,1,14,2,7,5,3,2,0,4,5,0,0,0,0,0,0,0,Graduation,Together,2014-06-24
905876,1981,111800.0,0,0,56,173,18,715,259,25,70,2,5,4,9,1,0,0,0,0,0,0,0,PhD,Single,2013-10-31
905877,1990,27500.0,1,0,43,3,1,7,2,4,12,1,0,0,3,7,0,0,0,0,0,0,0,Graduation,Divorced,2013-11-14
905878,1993,18500.0,1,0,26,5,2,5,4,2,22,2,4,0,2,9,0,0,0,0,0,0,0,Master,Married,2012-08-14
905879,1975,19500.0,0,1,40,29,0,13,1,2,8,2,1,1,3,6,0,0,0,0,0,0,0,Master,Together,2012-08-10
905880,1948,63000.0,0,0,0,292,31,807,31,15,49,2,5,7,4,4,0,0,0,1,0,0,0,Master,Single,2012-10-02
905881,1978,52800.0,0,2,49,459,71,56,259,230,26,4,8,3,8,8,0,0,0,0,0,0,0,Graduation,Together,2013-05-05
905882,1981,33400.0,1,0,46,34,6,18,5,0,6,1,2,0,4,5,0,0,0,0,0,0,0,Graduation,Divorced,2013-05-12
905883,1954,66200.0,0,1,72,871,12,82,11,9,53,3,3,1,13,4,0,0,0,0,0,0,0,Graduation,Divorced,2013-03-27
905884,1979,18100.0,0,1,28,4,11,8,3,6,31,1,1,0,2,9,0,0,0,0,0,0,0,Graduation,Divorced,2013-04-11
905885,1958,74300.0,0,1,70,91,7,117,13,263,37,1,3,1,9,1,0,0,0,0,0,0,0,Graduation,Together,2014-06-17
905886,1969,13800.0,1,0,69,3,2,1,1,4,6,2,1,0,2,6,0,0,0,0,0,0,0,Graduation,Together,2013-12-29
905887,1979,76200.0,0,1,7,310,12,87,15,75,28,2,3,3,13,2,0,0,0,0,0,0,0,2n Cycle,Widow,2013-12-05
905888,1972,74100.0,1,1,55,67,1,27,2,0,16,4,2,1,7,4,0,0,0,0,0,0,0,Graduation,Together,2012-09-27
905889,1978,25200.0,0,1,48,32,0,9,0,0,4,1,0,1,2,6,0,0,0,0,0,0,0,PhD,Married,2013-05-30
905890,1992,33100.0,2,0,79,87,2,31,0,6,24,3,5,1,2,9,0,0,0,0,0,0,0,Graduation,Widow,2014-05-02
905891,1977,22600.0,1,0,53,9,4,16,4,1,13,2,3,1,3,6,0,0,0,0,0,0,0,Basic,Single,2013-03-28
905892,1979,30200.0,1,0,32,11,17,11,12,1,6,2,3,0,2,6,0,0,0,0,0,0,0,Graduation,Married,2014-05-11
905893,1972,27000.0,1,1,86,27,0,15,0,2,0,3,1,0,3,6,0,0,0,0,0,0,0,Graduation,Married,2014-04-07
905894,1958,33800.0,1,0,54,9,0,6,5,3,3,0,1,0,3,7,0,0,0,0,0,0,0,PhD,Together,2013-09-30
905895,1969,71900.0,0,1,69,159,5,126,36,1,26,2,3,1,5,3,0,0,0,0,0,0,0,PhD,Together,2014-04-02
905896,1970,60400.0,0,1,49,478,6,165,60,5,105,2,8,5,7,6,1,0,0,0,0,1,0,Graduation,Divorced,2012-08-09
905897,1965,31100.0,1,0,79,18,6,21,25,8,21,3,3,0,4,7,0,0,0,0,0,0,0,Graduation,Together,2013-06-25
905898,1972,90900.0,0,0,21,723,27,221,26,13,13,0,3,5,13,0,0,0,0,0,0,0,0,PhD,Married,2012-12-29
905899,1959,79100.0,1,1,17,382,10,73,5,27,20,8,6,2,12,10,0,0,0,0,0,0,0,Graduation,Single,2014-03-19
905900,1977,80300.0,0,0,76,1192,87,1725,259,24,114,1,4,23,10,2,0,0,0,0,0,0,0,Graduation,Single,2012-11-01
905901,1967,63700.0,0,1,58,864,1,164,80,79,36,3,5,3,13,3,0,0,0,0,1,1,0,Graduation,Single,2014-03-03
905902,1959,60800.0,0,1,99,392,0,35,0,0,17,1,6,1,7,6,0,0,0,0,0,0,0,Graduation,Single,2013-10-24
905903,1957,53200.0,0,1,89,160,21,86,7,24,71,3,3,2,8,5,0,0,0,0,0,0,0,Graduation,Together,2013-01-29
905904,1955,20600.0,1,1,32,1,3,5,12,2,8,2,1,0,3,6,0,0,0,0,0,0,0,PhD,Married,2013-07-30
905905,1964,45100.0,0,1,13,511,103,547,78,27,194,6,9,4,6,7,0,0,1,0,0,1,0,Graduation,Widow,2013-02-25
905906,1985,27300.0,1,0,56,0,2,5,1,1,2,1,1,0,2,5,0,0,0,0,0,0,0,2n Cycle,Single,2014-03-25
905907,1958,39200.0,0,0,86,93,32,122,3,50,17,2,5,3,11,4,0,0,0,0,0,0,0,2n Cycle,Divorced,2014-06-09
905908,1969,44600.0,0,1,85,48,7,103,17,44,40,2,2,1,4,6,0,0,0,0,0,0,0,PhD,Divorced,2014-04-03
905909,1971,52800.0,1,0,17,420,43,193,102,46,57,6,8,2,8,9,0,0,0,0,0,0,0,Graduation,Divorced,2013-04-09
905910,1967,34100.0,0,1,50,223,2,38,0,2,15,2,3,2,3,6,0,0,0,1,0,0,0,Master,Together,2012-10-28
905911,1967,77800.0,1,1,4,1113,0,37,7,0,25,8,5,5,7,7,0,0,0,1,0,0,0,Graduation,Married,2014-01-05
905912,1964,63300.0,0,0,66,849,25,532,253,30,36,1,5,4,6,1,0,0,1,0,1,0,0,Master,Together,2013-10-09
905913,1976,74000.0,0,1,39,1074,10,435,30,96,39,3,4,8,8,4,0,0,0,0,1,0,0,Graduation,Widow,2014-06-14
905914,1975,18600.0,1,0,60,14,0,3,2,2,1,0,0,1,2,6,0,0,0,0,0,0,0,PhD,Married,2013-11-24
905915,1984,31800.0,1,0,79,40,1,38,5,1,129,1,6,1,4,6,0,0,0,0,0,0,0,PhD,Married,2013-06-17
905916,1982,68700.0,0,1,8,439,11,223,155,78,362,2,6,6,10,4,0,0,0,0,0,0,0,Graduation,Married,2012-09-09
905917,1966,34800.0,0,0,66,56,4,36,44,3,17,3,3,0,5,12,0,0,0,0,0,1,0,Graduation,Single,2013-06-03
905918,1974,81600.0,0,0,20,791,163,875,253,133,108,1,6,2,10,3,0,0,0,0,1,1,0,Graduation,Single,2013-11-19
905919,1974,36900.0,1,1,10,49,14,35,5,15,23,3,1,2,3,7,0,0,0,0,0,0,0,Graduation,Single,2013-03-23
905920,1962,36200.0,0,1,12,31,5,25,0,7,7,2,2,0,4,7,0,0,0,0,0,0,0,PhD,Married,2014-01-23
905921,1975,79100.0,1,1,23,711,24,138,4,26,43,8,9,4,6,7,0,0,0,1,0,0,0,Master,Divorced,2014-01-27
905922,1992,25300.0,1,0,49,4,4,5,3,2,8,1,1,0,3,6,0,0,0,0,0,0,0,Graduation,Married,2013-02-22
905923,1987,80200.0,0,0,69,363,6,908,65,21,245,1,2,2,6,1,1,0,0,0,0,0,0,PhD,Married,2013-12-14
905924,1981,40200.0,0,1,42,4,1,5,0,3,11,1,1,1,3,5,0,0,1,0,0,0,0,Graduation,Together,2013-04-10
905925,1977,18900.0,0,0,46,3,4,13,4,6,2,1,1,0,2,6,0,0,0,0,0,0,0,Graduation,Together,2013-10-12
905926,1985,30300.0,1,1,99,44,1,11,2,1,4,1,1,0,3,8,0,0,0,0,0,1,0,PhD,Single,2013-06-23
905927,1967,55000.0,0,1,43,210,30,149,87,211,27,2,2,4,12,3,0,0,0,0,0,0,0,Graduation,Married,2013-10-02
905928,1979,20200.0,1,0,62,3,3,9,12,3,9,1,1,0,3,9,0,0,0,0,0,0,0,Graduation,Single,2013-12-13
905929,1959,62700.0,0,0,95,717,46,297,26,19,16,1,5,8,9,5,0,0,0,0,0,0,0,Graduation,Together,2013-05-25
905930,1975,46200.0,1,0,29,28,3,14,1,1,11,0,1,0,1,9,0,0,0,0,0,0,0,Graduation,Together,2013-07-29
905931,1952,56400.0,1,1,78,718,62,223,64,26,19,5,7,5,2,3,0,0,0,0,0,0,0,PhD,Together,2014-02-25
905932,1967,48300.0,0,0,50,138,15,78,30,25,95,1,5,1,4,5,0,0,0,0,0,0,0,Graduation,Married,2013-02-22
905933,1995,70200.0,0,0,21,605,18,283,24,65,39,1,6,4,9,6,0,1,0,0,0,0,0,Master,Divorced,2013-06-22
905934,1957,77400.0,0,0,31,1254,155,874,253,160,34,2,4,11,12,3,0,0,0,1,1,1,0,Graduation,Married,2012-09-17
905935,1971,46500.0,0,0,0,107,11,27,32,8,21,1,2,1,2,6,0,0,0,1,0,0,0,Graduation,Divorced,2013-04-18
905936,1982,33700.0,1,0,52,36,6,17,10,7,13,3,4,0,5,8,0,0,0,0,0,0,1,PhD,Together,2013-03-10
905937,1966,63900.0,0,1,36,129,0,23,0,0,2,2,1,0,4,4,0,0,0,0,0,1,0,Graduation,Together,2012-09-11
905938,1972,105800.0,0,1,99,492,92,585,164,263,69,1,4,7,12,3,0,0,0,0,0,0,0,Graduation,Divorced,2013-03-08
905939,1955,53700.0,0,1,67,278,3,38,7,3,27,2,5,5,3,6,0,0,0,0,0,1,0,Graduation,Single,2013-08-30
905940,1959,23600.0,0,0,85,4,10,18,10,6,52,2,2,1,2,8,0,0,0,0,0,0,0,Graduation,Single,2013-09-11
905941,1979,75700.0,0,1,11,459,22,111,19,0,10,1,11,4,5,5,1,0,0,0,0,1,0,Graduation,Married,2013-03-05
905942,1965,44800.0,1,1,60,53,52,26,13,3,22,2,4,1,4,9,0,0,0,0,0,0,0,Master,Together,2013-03-28
905943,1971,31800.0,0,0,69,2,6,4,4,0,9,1,1,0,3,5,0,0,0,0,0,0,0,PhD,Married,2013-04-21
905944,1970,59400.0,0,1,56,62,15,41,0,8,23,2,2,1,4,6,1,0,0,0,0,0,0,Master,Married,2013-04-01
905945,1957,39700.0,0,1,45,553,2,36,1,9,18,2,7,2,4,8,0,0,0,0,0,0,0,Graduation,Married,2013-03-10
905946,1974,41500.0,0,0,27,15,0,12,6,1,1,1,1,0,2,9,0,0,0,0,0,0,0,Master,Single,2014-04-15
905947,1967,15300.0,0,0,51,12,3,21,5,8,6,2,1,1,2,8,0,0,0,0,0,0,0,Graduation,Married,2012-09-07
905948,1962,17100.0,1,0,73,8,5,33,6,17,19,2,3,0,3,8,0,0,0,0,0,0,0,2n Cycle,Together,2012-12-09
905949,1976,28400.0,1,0,74,1,3,5,0,1,6,1,1,0,2,9,0,0,1,0,0,0,0,Graduation,Together,2012-08-20
905950,1977,22500.0,0,1,10,21,1,15,5,1,7,3,3,2,2,11,0,0,0,0,0,0,0,2n Cycle,Married,2013-02-26
905951,1966,43600.0,0,0,78,130,10,154,195,98,81,3,7,2,9,6,0,0,0,0,0,0,0,Master,Married,2012-11-07
905952,1985,26400.0,1,0,58,64,6,13,0,2,17,1,2,0,3,7,1,0,0,0,0,0,0,PhD,Married,2013-12-04
905953,1976,18400.0,1,1,71,9,1,3,6,6,15,2,3,0,2,7,0,0,1,0,0,0,0,Graduation,Single,2013-03-25
905954,1977,77500.0,0,1,54,931,19,98,10,2,46,2,11,1,8,7,0,0,0,0,0,0,0,Graduation,Married,2013-09-27
905955,1974,45300.0,0,1,0,32,11,85,85,35,22,2,2,2,4,4,0,0,0,0,0,0,0,Graduation,Married,2013-10-03
905956,1975,15300.0,1,0,92,9,2,7,2,0,15,2,3,0,3,11,0,0,0,0,0,0,0,Master,Married,2014-04-10
905957,1974,64600.0,1,1,67,185,1,17,0,0,11,2,2,1,5,4,0,0,0,0,0,1,0,Master,Single,2013-04-04
905958,1962,70600.0,0,0,78,991,13,349,61,45,126,1,11,6,5,4,1,0,1,0,1,0,0,Graduation,Divorced,2013-06-02
905959,1966,54300.0,0,0,66,585,27,620,259,44,20,2,2,11,6,2,0,0,0,0,0,0,0,2n Cycle,Together,2014-05-24
905960,1956,57800.0,0,1,61,845,7,186,18,15,11,2,5,3,8,3,1,0,0,0,0,0,0,PhD,Together,2014-04-18
905961,1990,38900.0,0,1,70,77,1,31,2,3,32,4,6,1,4,6,0,0,0,0,0,0,0,Graduation,Divorced,2014-01-23
905962,1976,81000.0,0,0,65,699,12,410,17,21,245,2,4,6,9,2,1,0,0,0,0,0,0,PhD,Married,2014-03-12
905963,1968,35700.0,1,1,63,95,2,47,97,12,24,3,5,2,5,6,0,0,0,0,0,0,0,Graduation,Together,2012-09-25
905964,1977,14700.0,1,0,58,6,2,16,6,13,13,3,3,0,3,7,0,0,0,0,0,0,0,Graduation,Together,2013-12-17
905965,1971,49900.0,1,1,88,267,5,109,7,4,19,3,7,0,8,6,0,0,1,0,0,1,0,Master,Together,2013-12-03
905966,1985,42000.0,0,1,39,1396,197,618,156,33,362,5,11,6,11,8,0,0,0,0,0,0,0,Graduation,Married,2014-02-15
905967,1986,21700.0,1,0,67,4,4,6,4,6,19,1,1,0,3,7,0,0,1,0,0,0,0,Graduation,Single,2013-02-05
905968,1968,24400.0,0,1,2,15,0,7,1,0,11,2,1,0,3,4,0,0,0,0,0,0,0,Graduation,Together,2014-01-20
905969,1966,53400.0,1,1,0,308,0,38,1,5,9,7,3,3,4,7,0,0,0,0,0,0,0,Graduation,Single,2012-12-09
905970,1969,21500.0,1,1,65,42,1,9,3,2,17,2,2,0,3,9,0,0,0,0,0,0,0,Graduation,Single,2013-07-17
905971,1971,85000.0,0,0,62,354,53,261,140,29,52,1,7,7,11,2,0,0,0,0,0,0,0,Master,Single,2012-12-16
905972,1979,33100.0,1,0,45,4,5,2,0,3,0,2,1,0,3,4,0,0,0,0,0,0,0,Graduation,Married,2013-06-09
905973,1970,63500.0,0,1,31,663,27,199,1,4,26,2,5,3,6,5,0,0,0,0,0,0,0,2n Cycle,Together,2012-12-13
905974,1949,79500.0,0,1,29,1493,96,579,167,48,20,2,4,6,6,1,0,0,0,1,1,1,0,PhD,Together,2013-06-28
905975,1960,41500.0,1,1,73,37,1,16,5,2,21,2,3,1,2,5,0,0,0,0,0,0,0,2n Cycle,Together,2014-06-27
905976,1954,47200.0,0,1,42,38,14,25,7,13,6,1,1,0,6,2,0,0,0,0,0,0,0,2n Cycle,Together,2014-05-18
905977,1947,64200.0,0,1,35,759,65,95,4,6,245,3,8,3,7,9,0,0,1,0,0,0,0,Master,Married,2013-09-22
905978,1975,140200.0,0,0,79,1008,106,295,108,33,38,0,8,2,7,2,0,0,0,0,0,0,0,Graduation,Together,2014-04-29
905979,1979,79100.0,0,1,37,324,6,54,3,6,40,4,3,1,7,6,0,0,0,0,0,0,0,Master,Single,2012-09-28
905980,1949,76100.0,0,0,74,522,11,414,36,57,33,1,9,8,13,3,0,0,0,0,0,0,0,Graduation,Married,2014-06-27
905981,1990,21200.0,1,0,48,1,4,4,2,5,6,2,2,0,2,10,0,0,1,0,0,0,0,Master,Together,2013-12-30
905982,1976,26400.0,1,0,17,19,3,32,11,4,7,3,3,1,3,6,0,0,0,0,0,0,0,Graduation,Divorced,2013-06-09
905983,1971,88500.0,0,0,53,453,11,498,47,12,57,0,3,9,13,1,1,0,0,0,0,1,0,Graduation,Married,2013-05-01
905984,1979,23900.0,0,0,67,11,8,14,13,5,12,2,2,0,3,9,0,0,0,0,0,0,0,Master,Single,2014-05-27
905985,1963,77100.0,0,0,79,502,8,56,22,4,22,1,1,4,6,2,0,0,0,0,0,0,0,Master,Widow,2014-01-01
905986,1945,57200.0,0,0,58,449,44,131,185,9,16,3,4,2,9,4,0,0,0,0,0,0,0,Graduation,Together,2013-10-03
905987,1968,39700.0,1,1,60,53,2,23,10,9,21,2,1,1,3,5,0,0,1,0,0,0,0,Master,Married,2012-12-29
905988,1967,52200.0,2,1,75,131,0,20,7,3,32,5,3,1,4,5,0,0,0,0,0,0,0,Graduation,Single,2012-08-12
905989,1944,53700.0,0,0,56,364,11,120,76,261,15,2,4,3,11,3,0,0,0,0,0,0,0,PhD,Married,2014-04-23
905990,1954,48400.0,0,0,28,312,72,494,259,46,45,2,3,6,12,2,0,0,0,0,0,0,0,Graduation,Single,2012-08-20
905991,1952,41200.0,0,0,39,157,1,46,4,1,49,1,6,1,4,8,0,0,0,0,0,1,0,2n Cycle,Married,2013-08-31
905992,1951,78600.0,0,0,74,1239,54,1011,255,65,163,1,9,8,12,4,0,0,0,0,0,0,0,Graduation,Married,2012-12-04
905993,1971,69700.0,0,0,29,346,9,218,24,4,200,3,3,2,11,4,0,0,0,0,0,0,0,Master,Married,2012-11-03
905994,1982,84900.0,0,1,50,421,197,356,166,27,56,2,4,4,9,1,0,0,0,0,0,0,0,Graduation,Together,2014-01-15
905995,1983,47000.0,2,0,32,19,1,9,5,2,3,5,3,1,5,5,0,0,0,0,0,0,0,PhD,Married,2013-12-27
905996,1989,65500.0,0,0,12,880,14,181,0,9,64,3,4,2,8,5,1,0,1,0,0,1,0,Graduation,Together,2012-12-30
905997,1953,64600.0,0,1,45,63,2,9,0,0,3,2,1,0,3,6,0,0,0,0,0,0,0,Graduation,Widow,2013-09-28
905998,1961,53800.0,0,1,30,47,2,15,2,2,13,3,3,0,4,4,0,0,0,0,0,0,0,PhD,Single,2013-09-21
905999,1971,60900.0,1,0,30,58,0,7,0,0,3,1,1,0,2,5,0,0,0,0,0,0,0,Master,Together,2013-09-14
906000,1970,78100.0,0,0,61,305,197,99,42,28,121,1,5,1,11,2,0,0,0,0,0,0,0,Graduation,Together,2012-11-13
906001,1981,59400.0,0,1,19,130,7,128,0,14,48,2,5,3,9,4,0,0,0,0,0,0,0,Graduation,Married,2013-04-19
906002,1973,44900.0,2,1,74,33,3,26,4,1,10,3,1,1,4,6,0,0,0,0,0,0,0,Graduation,Single,2014-03-15
906003,1976,47200.0,0,1,65,55,45,140,175,45,25,2,2,3,4,1,0,0,0,0,0,0,0,Graduation,Single,2013-07-26
906004,1956,87500.0,0,1,22,230,20,56,124,4,5,4,10,2,5,6,0,0,0,0,0,0,0,Graduation,Married,2014-05-31
906005,1961,40700.0,0,1,91,196,21,115,11,24,35,5,5,4,5,6,0,0,0,0,0,0,0,Graduation,Married,2013-10-12
906006,1963,73700.0,0,0,27,277,119,409,156,198,168,0,3,7,9,3,1,0,0,0,1,1,0,Graduation,Married,2013-04-19
906007,1974,25300.0,1,0,56,12,1,18,6,7,10,2,2,0,4,5,0,0,0,0,0,0,0,Basic,Together,2013-05-20
906008,1971,51800.0,1,0,64,81,19,202,67,53,115,1,4,1,3,7,0,0,0,0,0,0,0,Graduation,Married,2013-10-08
906009,1984,34100.0,0,0,94,21,8,27,10,3,7,2,3,0,4,4,0,0,0,0,0,0,0,2n Cycle,Divorced,2013-05-18
906010,1982,91700.0,0,1,21,394,123,388,109,191,84,1,13,2,13,4,0,0,0,0,0,0,0,PhD,Married,2014-05-24
906011,1974,105500.0,0,0,55,271,101,737,100,198,243,0,4,11,8,1,0,0,1,0,0,0,0,Master,Married,2014-05-12
906012,1969,28000.0,1,0,95,7,3,10,4,1,5,1,1,0,2,6,0,0,0,0,0,0,0,Graduation,Married,2014-03-25
906013,1966,58900.0,0,1,96,383,80,537,7,13,11,2,3,3,9,3,0,0,0,0,0,0,0,PhD,Together,2012-11-11
906014,1976,67400.0,0,1,76,839,24,237,70,115,139,2,4,6,5,3,1,0,0,1,0,1,0,Graduation,Married,2014-01-15
906015,1984,78700.0,0,0,33,762,193,755,148,45,72,1,4,6,9,3,0,0,0,1,1,0,0,Graduation,Divorced,2012-08-27
906016,1957,66700.0,0,1,45,994,1,29,0,0,11,3,4,3,9,5,0,0,0,0,0,1,0,Master,Married,2014-05-24
906017,1968,48000.0,0,0,32,3,2,3,7,1,4,0,1,0,2,6,0,0,0,0,0,0,0,2n Cycle,Single,2014-05-20
906018,1947,72700.0,0,1,99,501,34,376,45,23,106,2,4,5,3,3,0,0,0,0,0,1,0,Graduation,Divorced,2014-03-15
906019,1962,53100.0,0,1,58,166,46,104,40,6,6,6,2,5,9,1,0,0,0,0,0,0,0,PhD,Married,2013-04-01
906020,1974,43600.0,1,0,55,4,2,3,1,4,33,1,1,0,3,6,0,0,0,0,0,0,0,Graduation,Married,2013-10-31
906021,1965,24500.0,0,1,77,8,2,5,1,1,7,1,1,0,3,7,0,0,0,0,0,0,0,2n Cycle,Together,2013-09-12
906022,1958,70200.0,0,0,75,465,5,693,165,17,18,2,8,7,10,7,1,0,0,1,1,0,0,Master,Married,2013-04-28
906023,1961,43200.0,1,1,16,9,1,8,2,3,2,2,2,0,3,5,0,0,0,0,0,0,0,Graduation,Together,2013-11-12
906024,1969,56600.0,1,1,42,281,0,40,18,1,17,3,3,2,3,7,0,0,0,0,0,0,0,Graduation,Single,2013-07-03
906025,1980,50000.0,1,1,68,464,31,43,1,3,1,9,7,1,6,8,0,0,1,0,0,0,0,PhD,Together,2014-03-16
906026,1955,52700.0,0,1,66,337,4,29,16,2,50,4,3,3,6,5,0,0,0,0,0,0,0,PhD,Married,2013-08-24
906027,1961,49800.0,0,1,76,100,9,41,19,1,9,1,5,0,4,5,0,0,0,0,0,0,0,Graduation,Single,2013-02-20
906028,1968,31500.0,1,0,14,65,15,40,12,2,16,2,2,1,5,5,0,0,0,1,0,0,0,Graduation,Married,2014-05-30
906029,1970,58900.0,1,1,11,214,44,153,2,4,24,3,6,2,4,6,0,0,0,0,0,0,0,2n Cycle,Together,2013-08-16
906030,1975,69800.0,0,0,21,444,55,436,48,25,46,1,7,3,4,2,1,0,0,1,1,0,0,Master,Married,2013-06-07
906031,1972,61600.0,0,0,62,91,34,161,125,56,119,1,6,1,6,3,0,0,0,0,0,0,0,PhD,Married,2014-03-03
906032,1960,62900.0,0,0,0,822,51,374,8,6,70,2,6,4,10,2,0,0,0,0,1,0,0,PhD,Together,2012-12-06
906033,1967,48300.0,1,0,0,56,1,33,33,8,10,2,3,0,4,6,0,0,0,0,0,0,0,PhD,Married,2012-08-10
906034,1970,32300.0,0,1,33,301,41,136,30,15,168,5,10,4,6,10,0,0,0,0,0,0,0,PhD,Married,2013-12-02
906035,1963,67500.0,0,2,29,180,30,44,62,34,20,1,2,2,11,4,0,0,0,0,0,0,0,Graduation,Together,2014-01-31
906036,1978,43800.0,1,1,62,100,0,41,16,1,178,3,8,3,2,8,0,0,0,0,0,0,0,Graduation,Single,2014-03-25
906037,1958,61700.0,2,1,88,14,1,23,0,2,4,2,2,0,3,4,0,0,0,0,0,1,0,PhD,Single,2014-01-26
906038,1964,58100.0,0,0,85,1392,26,236,5,5,101,3,3,4,13,8,0,0,0,0,1,1,0,Master,Single,2013-02-27
906039,1961,48600.0,0,1,18,604,24,247,21,8,26,5,10,5,10,6,0,0,0,0,0,1,0,Master,Married,2013-12-16
906040,1951,78400.0,0,1,16,680,28,450,51,4,13,5,5,9,13,2,0,0,0,0,0,0,0,Graduation,Together,2013-09-12
906041,1957,25800.0,1,1,44,36,2,3,4,2,3,3,2,1,3,5,0,0,0,0,0,0,0,PhD,Together,2013-10-03
906042,1962,35800.0,0,0,61,128,2,19,133,3,133,3,4,5,4,6,0,0,0,0,0,0,0,2n Cycle,Married,2014-06-25
906043,1948,34500.0,0,2,23,55,1,6,1,1,10,2,1,1,4,7,0,0,0,0,0,0,0,Graduation,Together,2013-08-06
906044,1955,77900.0,0,1,23,411,5,68,13,5,19,5,7,4,7,6,0,0,0,0,0,0,0,Master,Married,2014-01-28
906045,1973,56000.0,0,1,60,208,9,299,38,18,8,4,5,3,10,4,0,0,0,0,0,0,1,Master,Married,2014-04-09
906046,1959,23000.0,1,1,71,42,4,11,1,0,7,1,1,0,3,6,0,0,0,0,0,0,0,Master,Widow,2012-11-12
906047,1951,53900.0,0,0,74,443,33,121,24,10,22,2,3,7,11,1,0,0,0,0,0,0,0,2n Cycle,Married,2013-02-22
906048,1973,43300.0,1,0,99,28,5,25,5,13,11,2,1,1,4,3,0,0,0,0,0,0,0,Graduation,Divorced,2013-01-08
906049,1990,42200.0,1,0,0,10,2,10,7,6,3,3,2,0,4,4,0,0,0,0,0,0,0,Graduation,Married,2013-09-14
906050,1961,69100.0,0,1,84,685,5,262,89,101,154,2,6,5,6,5,0,0,0,0,0,0,0,Graduation,Single,2013-04-16
906051,1972,79100.0,1,2,63,842,5,197,33,12,52,14,12,3,11,7,0,0,0,0,0,0,0,PhD,Single,2013-10-28
906052,1987,64600.0,0,1,28,1493,3,94,10,1,22,2,10,4,11,9,0,0,1,0,1,0,0,Graduation,Single,2013-08-16
906053,1977,28500.0,1,0,59,7,1,21,2,1,8,2,3,0,2,8,0,0,0,0,0,0,0,Master,Married,2014-02-05
906054,1958,35600.0,1,1,0,88,0,4,0,0,0,2,2,0,3,5,0,0,0,0,0,0,0,2n Cycle,Single,2013-01-08
906055,1976,17500.0,1,0,52,30,2,16,1,1,7,5,3,1,4,8,0,0,0,0,0,0,0,Graduation,Single,2013-07-09
906056,1958,64600.0,1,1,35,76,0,10,1,0,0,3,2,1,4,5,0,0,0,0,0,0,0,Master,Divorced,2014-04-26
906057,1971,60500.0,0,1,12,213,143,56,34,116,85,3,5,7,6,2,0,0,0,0,0,0,0,Graduation,Together,2013-09-07
906058,1963,58400.0,0,1,26,159,27,61,5,12,7,0,6,2,7,2,0,0,0,0,0,0,0,Graduation,Together,2014-06-28
906059,1980,22600.0,1,1,61,18,2,9,12,4,5,3,2,1,2,7,0,0,0,0,0,1,0,Graduation,Together,2012-08-10
906060,1970,74600.0,0,1,40,1396,90,100,25,50,71,2,10,2,13,5,0,0,0,0,0,0,0,Graduation,Married,2013-10-20
906061,1955,33000.0,1,1,26,43,5,12,6,7,11,3,2,1,3,6,0,0,0,0,0,0,0,Graduation,Together,2013-11-26
906062,1974,24800.0,1,1,36,14,1,15,4,7,28,1,2,0,2,7,0,0,0,0,0,1,0,Graduation,Married,2013-07-30
906063,1975,25600.0,2,0,17,9,2,11,4,2,10,4,3,1,3,5,0,0,0,0,0,0,0,Master,Married,2013-04-11
906064,1953,50000.0,1,1,84,15,0,4,1,0,0,1,1,0,2,8,0,0,0,0,0,0,0,Graduation,Married,2012-08-17
906065,1985,28200.0,1,0,0,36,4,11,0,5,10,2,1,2,3,7,0,1,1,0,0,0,0,Graduation,Single,2014-05-28
906066,1967,65300.0,0,1,0,1493,10,342,6,36,61,4,4,7,9,5,0,0,0,1,1,0,0,Graduation,Together,2013-02-10
906067,1970,79700.0,0,0,50,766,118,175,85,59,95,1,8,5,9,2,1,1,0,1,0,0,0,Graduation,Divorced,2013-09-07
906068,1973,39500.0,0,1,18,210,6,13,3,1,100,3,6,0,5,7,0,0,0,0,0,1,0,Master,Married,2012-11-01
906069,1974,44400.0,0,1,35,178,40,159,66,157,73,1,9,1,9,5,0,0,0,0,0,0,0,2n Cycle,Single,2013-02-15
906070,1960,100900.0,0,0,24,280,47,426,145,32,245,1,6,4,7,1,0,0,0,0,0,0,0,2n Cycle,Married,2013-12-04
906071,1980,73200.0,0,0,27,512,99,900,89,198,25,1,10,7,12,2,1,0,0,0,1,0,0,Graduation,Married,2012-09-29
906072,1978,50500.0,0,1,8,432,48,188,33,17,15,2,4,4,7,4,0,0,0,0,0,0,0,PhD,Married,2012-10-07
906073,1965,58900.0,0,1,72,519,0,53,1,1,45,3,7,2,6,9,0,0,0,0,0,0,0,Master,Together,2013-08-05
906074,1980,56400.0,1,0,39,70,5,19,0,2,42,2,2,1,3,5,0,0,0,0,0,0,0,Graduation,Married,2012-12-10
906075,1984,29900.0,1,0,30,13,4,19,14,4,12,2,2,0,4,9,0,0,0,0,0,0,0,Basic,Married,2012-11-24
906076,1949,64200.0,0,1,77,187,23,103,29,1,17,1,2,3,9,2,0,0,0,0,0,0,0,PhD,Together,2014-03-21
906077,1967,56500.0,0,0,39,882,85,311,259,52,362,2,10,8,13,5,0,0,0,0,0,0,0,PhD,Together,2013-12-20
906078,1948,70400.0,0,1,75,541,197,201,29,263,14,3,6,3,11,2,0,0,0,0,0,0,0,Graduation,Together,2013-03-22
906079,1971,45200.0,0,0,22,13,8,14,3,1,3,2,2,0,2,9,0,0,0,0,0,0,0,2n Cycle,Married,2012-10-17
906080,1978,77400.0,0,0,66,431,22,141,22,25,40,2,3,2,13,1,0,0,0,0,0,0,0,Graduation,Together,2013-05-19
906081,1971,64600.0,0,1,15,39,1,10,3,2,5,2,3,0,4,6,0,0,0,0,0,0,0,Graduation,Single,2014-04-08
906082,1963,69000.0,0,0,50,839,47,143,56,13,52,1,2,3,3,4,0,0,1,1,0,0,0,PhD,Married,2013-08-01
906083,1969,43800.0,0,1,44,151,21,64,18,12,81,3,6,2,5,4,0,0,0,0,0,0,0,Graduation,Together,2013-12-25
906084,1971,22100.0,1,0,60,49,1,29,2,6,55,4,4,1,2,8,0,0,0,0,0,0,0,Master,Single,2014-04-16
906085,1963,63300.0,0,0,52,516,126,234,12,16,78,1,3,6,9,2,0,0,0,1,0,1,0,PhD,Single,2013-04-09
906086,1970,40800.0,1,1,85,83,11,44,5,4,4,3,4,2,4,6,0,0,1,0,0,0,0,Graduation,Married,2013-01-15
906087,1975,20600.0,1,0,90,5,0,4,2,1,4,0,0,0,3,5,0,0,0,0,0,0,0,Master,Together,2013-01-07
906088,1992,76200.0,0,0,58,424,67,167,259,61,53,2,4,4,13,5,0,0,0,0,0,0,0,Master,Divorced,2012-12-08
906089,1966,37700.0,1,1,86,12,0,5,0,1,2,2,2,0,3,4,0,0,1,0,0,0,0,Graduation,Single,2013-06-27
906090,1974,75800.0,0,1,46,525,62,841,76,53,246,3,3,13,12,1,0,0,0,0,0,0,0,PhD,Married,2013-06-17
906091,1963,55600.0,0,0,49,452,15,198,14,1,18,1,5,3,11,4,0,0,0,0,0,0,1,PhD,Married,2013-06-12
906092,1947,70400.0,0,0,67,164,77,491,253,198,245,2,9,8,4,4,0,0,0,0,1,0,0,PhD,Divorced,2012-11-11
906093,1972,80000.0,0,0,73,724,81,239,3,193,8,1,6,4,8,3,1,0,0,0,0,0,0,2n Cycle,Together,2013-09-26
906094,1978,47000.0,1,0,35,116,18,55,58,7,26,6,4,3,4,7,1,0,0,0,0,1,0,Master,Married,2013-07-19
906095,1949,101200.0,0,0,68,539,16,73,4,12,17,1,6,3,5,3,0,0,0,0,0,0,0,Graduation,Single,2014-04-09
906096,1994,20700.0,1,0,42,5,0,2,1,1,2,1,1,0,3,4,0,0,0,0,0,0,0,Graduation,Married,2013-02-05
906097,1949,74500.0,2,2,42,363,0,51,5,0,9,11,6,1,6,7,0,0,1,0,0,0,0,2n Cycle,Married,2013-12-27
906098,1975,31600.0,0,1,63,15,6,23,5,0,14,3,2,1,4,4,0,0,0,0,0,0,0,2n Cycle,Together,2013-10-12
906099,1957,51900.0,1,1,49,110,2,10,0,2,3,3,1,1,5,4,0,0,0,0,0,0,0,Graduation,Single,2014-01-03
906100,1976,63500.0,0,0,17,1302,197,1725,259,50,362,2,6,10,10,3,0,0,0,0,0,0,0,2n Cycle,Together,2013-10-26
906101,1972,89100.0,0,0,40,1452,101,293,49,10,88,1,3,5,11,2,0,0,0,0,1,1,0,PhD,Single,2013-10-22
906102,1987,15900.0,1,0,62,13,3,10,0,3,2,2,1,0,3,11,0,0,0,0,0,0,0,Master,Married,2013-05-21
906103,1973,28100.0,1,0,48,4,9,12,6,4,19,2,1,1,2,5,0,0,0,0,0,0,0,Master,Divorced,2013-05-08
906104,1951,62200.0,0,0,91,449,5,391,15,4,3,1,3,9,8,1,0,0,0,0,0,0,0,2n Cycle,Married,2013-10-03
906105,1965,34700.0,0,1,20,3,0,1,0,1,0,0,0,0,1,6,0,0,0,0,0,0,0,Graduation,Married,2013-06-01
906106,1955,30600.0,2,0,23,5,10,4,3,0,9,1,0,1,2,6,0,0,0,0,0,0,0,PhD,Single,2014-03-18
906107,1957,50900.0,0,1,69,653,7,78,17,26,26,2,2,8,7,3,0,0,0,0,0,0,0,Master,Divorced,2013-02-14
906108,1954,37000.0,1,1,0,20,2,12,0,2,2,2,2,0,3,5,0,0,0,0,0,0,0,Graduation,Single,2012-08-17
906109,1943,53700.0,0,0,72,202,19,64,3,16,29,0,2,4,5,2,0,0,0,0,0,0,0,Master,Widow,2013-02-20
906110,1982,20700.0,1,0,28,1,2,4,0,2,11,1,2,0,1,10,0,0,0,0,0,0,0,PhD,Married,2012-12-25
906111,1951,73100.0,0,0,46,202,48,462,120,3,149,1,3,6,10,1,0,0,0,0,0,0,0,2n Cycle,Married,2014-02-04
906112,1975,92700.0,0,0,53,1018,155,241,176,124,16,0,4,3,10,1,0,0,0,0,0,0,0,2n Cycle,Married,2014-03-20
906113,1965,71200.0,0,1,28,574,27,136,3,22,35,2,6,4,6,2,0,0,0,0,0,1,0,Graduation,Single,2014-06-13
906114,1963,53900.0,1,1,26,67,16,57,11,26,27,4,3,0,4,5,0,0,0,0,0,0,0,Master,Together,2012-08-02
906115,1985,22900.0,1,0,63,10,0,20,6,0,36,1,2,0,1,6,0,0,0,0,0,0,0,Graduation,Divorced,2013-01-19
906116,1969,49900.0,1,0,81,30,2,14,2,4,3,3,3,0,4,7,0,0,0,0,0,0,0,PhD,Married,2014-03-13
906117,1974,66400.0,0,1,17,196,7,256,20,33,43,3,4,8,6,4,0,0,0,0,0,0,0,Graduation,Married,2013-05-28
906118,1977,22300.0,1,0,99,62,4,35,2,6,40,3,4,1,3,7,0,0,0,0,0,0,1,Graduation,Single,2013-03-23
906119,1946,82000.0,0,1,75,454,18,122,112,38,89,1,6,8,6,2,0,0,1,1,0,0,0,PhD,Single,2012-08-24
906120,1960,42100.0,1,0,25,192,23,95,16,64,4,4,4,2,7,5,0,0,0,0,0,0,0,Graduation,Divorced,2013-01-24
906121,1952,40100.0,1,1,77,275,3,48,1,1,25,4,7,3,4,5,0,0,0,0,0,0,0,PhD,Together,2013-11-19
906122,1959,64400.0,0,1,37,404,1,70,4,11,33,3,4,2,7,4,0,0,0,0,0,0,0,2n Cycle,Married,2013-02-01
906123,1980,34100.0,1,0,25,11,0,6,6,0,7,2,1,1,2,5,0,0,0,0,0,0,0,Graduation,Married,2014-06-26
906124,1975,31200.0,1,0,36,9,3,12,5,5,5,2,2,0,3,7,0,0,0,0,0,0,0,Basic,Together,2014-01-20
906125,1958,45200.0,1,1,40,207,19,176,34,2,17,7,6,3,4,8,0,0,0,0,0,0,0,Graduation,Married,2013-01-19
906126,1971,59300.0,0,1,84,900,8,132,36,3,128,5,4,4,3,7,0,0,0,0,1,1,0,PhD,Single,2013-12-20
906127,1968,65500.0,0,0,13,558,185,515,17,59,103,1,6,5,7,1,0,0,0,0,0,1,0,2n Cycle,Widow,2013-07-05
906128,1967,31700.0,1,1,58,37,0,15,0,1,3,2,2,0,3,6,0,0,0,0,0,0,0,Graduation,Widow,2013-01-12
906129,1967,59500.0,0,1,76,981,11,191,18,11,98,2,8,3,6,7,1,0,1,0,0,0,0,PhD,Together,2012-11-06
906130,1971,67900.0,0,1,75,433,6,98,19,6,96,3,4,6,6,3,0,0,0,0,0,1,0,Graduation,Divorced,2013-04-08
906131,1962,51300.0,1,1,23,59,9,44,6,2,9,3,4,2,5,5,0,0,0,0,0,0,0,Graduation,Single,2014-02-27
906132,1991,12400.0,1,0,0,0,7,14,35,17,45,2,3,0,3,11,0,0,0,0,0,1,0,Graduation,Together,2013-07-09
906133,1970,24900.0,1,1,93,6,0,10,3,1,2,2,3,0,3,5,0,0,0,0,0,0,0,2n Cycle,Married,2013-01-15
906134,1981,32200.0,1,0,62,15,7,8,2,3,3,2,1,0,4,6,0,0,0,0,0,0,0,PhD,Married,2012-10-03
906135,1954,87700.0,0,0,28,361,193,240,21,131,91,3,8,3,7,4,0,0,0,0,0,0,0,PhD,Together,2012-11-30
906136,1952,55500.0,0,1,19,253,53,72,54,14,25,3,5,2,5,5,0,0,0,0,0,0,0,PhD,Single,2012-12-16
906137,1963,47100.0,1,1,74,2,1,2,0,0,0,0,0,0,2,6,0,0,1,0,0,0,0,Graduation,Married,2013-02-18
906138,1954,60700.0,0,2,31,558,1,23,9,42,65,2,7,1,8,5,0,0,0,0,0,0,0,PhD,Together,2012-11-22
906139,1965,58400.0,1,1,44,81,4,27,3,9,8,4,3,0,3,4,0,0,0,0,0,0,0,PhD,Together,2012-11-02
906140,1982,61900.0,0,1,99,303,8,266,10,11,46,2,4,5,5,3,0,0,0,0,0,0,0,Graduation,Single,2012-08-02
906141,1963,98400.0,0,0,65,1133,46,270,12,37,88,1,5,3,9,4,0,0,0,1,1,1,0,Graduation,Together,2014-06-26
906142,1967,39600.0,0,1,37,130,38,674,56,56,22,4,3,3,9,4,0,0,0,0,0,0,0,Graduation,Married,2013-06-26
906143,1962,37200.0,1,1,82,66,7,56,16,2,18,3,5,1,3,8,0,0,0,0,0,0,0,PhD,Married,2012-12-11
906144,1978,58000.0,0,0,79,281,44,258,31,18,245,2,8,6,11,5,1,0,0,0,1,1,0,Master,Divorced,2013-01-27
906145,1974,47600.0,1,0,1,463,1,80,5,14,38,7,5,2,8,6,0,0,0,0,0,1,0,Master,Single,2013-08-31
906146,1960,72900.0,0,1,99,354,0,14,0,0,9,4,4,2,5,6,0,0,0,0,0,0,0,Graduation,Single,2013-08-22
906147,1954,73700.0,1,1,14,200,6,58,6,6,17,4,2,2,5,6,0,0,0,0,0,1,0,Graduation,Divorced,2012-12-09
906148,1967,26100.0,0,0,17,1,17,5,3,4,9,0,1,0,2,7,0,0,0,0,0,0,1,Graduation,Together,2014-06-18
906149,1974,69400.0,0,0,34,498,58,406,255,34,125,2,4,3,12,2,0,0,0,0,0,0,0,2n Cycle,Widow,2013-06-13
906150,1981,16300.0,1,0,73,2,0,3,1,7,5,1,0,1,3,3,0,0,0,0,0,0,0,Master,Single,2013-06-26
906151,1971,86500.0,0,0,16,1029,69,677,55,47,50,1,4,7,5,1,0,0,0,0,1,1,0,PhD,Together,2012-11-19
906152,1956,46500.0,1,1,40,40,0,18,0,1,3,2,1,0,4,4,0,0,0,0,0,0,0,Master,Married,2012-08-23
906153,1971,29100.0,0,0,55,103,1,23,9,3,14,1,4,0,3,8,0,0,1,0,0,0,0,Graduation,Single,2013-04-05
906154,1980,36700.0,0,0,78,24,9,19,12,7,4,2,2,0,3,9,0,0,0,0,0,1,0,2n Cycle,Married,2014-05-15
906155,1975,22500.0,1,1,61,5,12,6,5,6,25,1,1,0,4,5,0,0,0,0,0,0,0,2n Cycle,Together,2013-05-25
906156,1962,86200.0,0,0,36,901,178,72,21,25,193,1,3,4,8,2,0,0,1,1,1,1,0,Master,Married,2013-05-06
906157,1975,19000.0,1,0,14,16,14,18,3,7,20,4,1,1,3,6,0,0,0,0,0,0,1,Graduation,Married,2013-04-17
906158,1986,63400.0,0,0,29,424,7,400,27,54,123,3,4,4,12,4,0,0,0,1,0,0,0,Graduation,Single,2013-11-01
906159,1958,45300.0,0,2,6,167,1,22,0,2,17,1,3,1,5,5,0,0,0,0,0,0,0,PhD,Married,2014-01-30
906160,1973,31200.0,1,0,5,9,2,5,2,6,3,1,0,1,2,6,0,0,0,0,0,1,0,Graduation,Together,2013-04-21
906161,1965,47300.0,0,0,0,240,38,359,25,5,12,1,1,9,2,1,0,0,0,0,0,0,0,Graduation,Single,2013-04-20
906162,1957,76700.0,0,0,0,665,2,527,25,10,18,1,3,6,8,2,0,0,0,0,1,1,0,Graduation,Single,2013-10-14
906163,1956,79100.0,0,1,70,431,2,48,3,8,11,3,5,1,8,6,0,0,1,1,0,0,0,Graduation,Together,2013-05-18
906164,1959,28800.0,2,0,65,2,6,10,2,1,2,1,2,0,2,8,0,0,1,0,0,0,0,2n Cycle,Married,2012-11-05
906165,1955,58500.0,0,1,69,200,14,44,14,12,87,3,5,1,8,2,0,0,0,0,0,0,0,Master,Married,2013-02-20
906166,1974,29400.0,0,1,72,11,1,8,2,4,1,0,0,0,3,6,0,0,0,0,0,1,0,Graduation,Together,2013-07-11
906167,1958,37500.0,1,2,17,155,0,5,0,0,4,2,1,1,2,10,0,0,0,0,0,0,0,Graduation,Single,2012-12-01
906168,1943,65500.0,0,1,52,146,4,30,15,34,79,2,8,0,10,8,0,0,0,0,0,0,0,Graduation,Divorced,2013-12-17
906169,1950,74600.0,0,1,50,541,73,711,259,11,85,2,2,10,8,4,0,0,0,0,0,0,0,PhD,Together,2012-08-22
906170,1983,97600.0,0,1,63,644,22,360,139,263,93,2,6,5,5,2,0,0,0,0,0,0,0,Graduation,Married,2012-12-23
906171,1969,24600.0,0,0,84,4,3,4,1,8,3,1,1,0,3,5,0,0,0,0,0,0,0,2n Cycle,Single,2014-02-25
906172,1956,56900.0,1,1,81,77,27,72,80,2,38,3,5,2,5,6,0,0,0,0,0,0,0,Master,Single,2013-05-27
906173,1970,48600.0,0,2,0,558,2,59,2,2,29,10,9,1,7,6,0,0,0,0,0,0,0,Graduation,Together,2012-10-02
906174,1991,66500.0,0,0,43,332,63,180,86,4,107,0,3,4,8,3,0,0,0,0,0,0,0,Graduation,Married,2013-10-30
906175,1968,24400.0,0,1,31,10,2,8,7,6,52,1,1,1,2,6,0,0,0,0,0,0,0,2n Cycle,Together,2012-12-21
906176,1956,22600.0,1,1,7,8,0,9,1,0,6,2,2,0,4,7,0,0,0,0,0,0,0,Graduation,Together,2012-10-21
906177,1961,78200.0,0,0,86,1017,11,549,128,33,7,2,9,3,12,4,0,0,0,0,0,1,0,Graduation,Divorced,2013-01-16
906178,1984,67500.0,0,1,23,265,12,107,32,9,16,3,6,3,8,7,0,0,0,0,0,0,0,Master,Divorced,2013-04-24
906179,1976,42100.0,1,1,50,115,1,21,0,1,43,4,4,2,4,7,0,0,1,0,0,0,0,PhD,Together,2012-11-10
906180,1967,63400.0,0,1,20,742,11,493,64,21,10,2,6,6,9,4,0,0,0,0,1,1,0,PhD,Single,2012-08-31
906181,1983,74600.0,0,0,30,697,18,586,8,8,54,2,2,4,7,1,0,0,0,0,0,1,0,Graduation,Divorced,2014-01-26
906182,1968,80600.0,0,0,50,1428,193,734,54,12,51,2,6,3,5,4,0,1,1,1,0,1,0,PhD,Married,2012-10-31
906183,1979,78400.0,0,1,20,140,43,49,15,30,39,3,7,1,5,3,0,0,0,0,0,0,0,Graduation,Divorced,2012-10-18
906184,1970,60900.0,0,1,23,219,36,578,32,70,4,3,3,9,5,2,0,0,0,0,0,0,0,Graduation,Married,2013-02-27
906185,1972,53100.0,1,0,0,417,11,210,58,19,216,7,7,3,11,5,0,0,0,0,0,0,0,PhD,Married,2014-01-26
906186,1965,28700.0,1,0,67,42,8,13,6,2,13,3,3,1,2,7,0,0,0,0,0,0,0,2n Cycle,Together,2013-11-23
906187,1975,53400.0,0,1,52,550,1,69,5,13,24,2,6,2,6,9,0,0,0,0,1,0,0,PhD,Unknown,2012-11-13
906188,1958,30400.0,1,1,49,18,3,10,3,1,2,2,2,0,4,8,0,0,0,0,0,0,0,Graduation,Single,2013-08-31
906189,1965,30100.0,1,0,31,3,0,8,0,2,2,1,1,1,2,6,0,0,0,0,0,0,0,Graduation,Divorced,2014-01-18
906190,1984,108500.0,0,0,79,323,14,241,17,25,28,1,3,5,5,1,0,0,0,0,0,0,0,PhD,Divorced,2012-10-23
906191,1956,33400.0,2,1,64,71,0,9,0,1,2,4,3,0,3,8,0,0,0,0,0,0,0,Graduation,Single,2013-11-25
906192,1984,78500.0,0,0,34,1396,8,506,14,52,21,2,8,3,13,7,0,0,0,0,0,0,0,Graduation,Together,2014-01-02
906193,1959,60600.0,0,0,75,407,5,261,46,6,24,2,2,5,6,2,0,0,0,0,0,0,0,PhD,Together,2012-10-24
906194,1972,38100.0,1,1,56,184,2,24,3,4,8,2,3,0,5,7,0,0,0,0,0,0,1,PhD,Married,2012-11-07
906195,1962,65600.0,0,0,63,661,2,34,20,8,28,1,5,8,9,6,1,0,0,0,0,1,0,Graduation,Single,2014-06-23
906196,1982,36500.0,0,0,5,21,1,23,18,8,20,2,2,0,6,3,0,0,0,0,0,0,0,2n Cycle,Married,2014-01-30
906197,1981,28300.0,0,0,55,4,1,19,25,4,2,0,1,0,3,7,0,0,0,0,0,0,0,Graduation,Married,2013-02-16
906198,1983,29700.0,1,0,42,8,1,10,4,2,46,1,1,0,2,5,0,0,0,0,0,0,0,Graduation,Together,2014-06-29
906199,1972,38700.0,1,0,57,21,6,48,23,9,14,2,3,1,3,7,0,0,0,0,0,0,0,Graduation,Single,2013-09-24
906200,1978,84600.0,0,1,55,701,81,320,14,18,87,3,7,9,4,2,0,0,0,0,0,0,0,Graduation,Married,2012-07-31
906201,1991,48400.0,1,0,24,13,0,12,0,3,2,0,1,0,3,4,0,0,0,0,0,0,0,Graduation,Married,2013-01-18
906202,1975,41500.0,0,1,88,138,9,97,8,24,76,2,8,1,5,6,0,0,0,0,0,0,0,Master,Single,2014-04-01
906203,1959,39300.0,1,1,53,7,4,9,1,0,28,2,1,1,2,6,0,0,0,0,0,0,0,2n Cycle,Together,2012-10-22
906204,1949,76400.0,0,1,99,536,38,235,62,33,101,2,5,9,8,5,0,1,0,0,1,1,0,Graduation,Single,2013-11-04
906205,1977,21900.0,0,1,75,130,3,24,1,5,5,2,3,0,3,10,0,0,0,0,0,0,0,PhD,Married,2012-09-22
906206,1969,74600.0,0,0,3,341,7,210,36,32,22,1,8,10,5,4,0,0,0,0,0,1,0,Graduation,Single,2013-10-29
906207,1974,66300.0,0,1,95,1396,35,159,18,48,285,7,5,3,13,6,0,0,0,0,0,0,0,Graduation,Married,2013-01-22
906208,1956,62900.0,0,0,23,149,69,145,227,95,15,2,4,4,7,1,0,0,0,0,0,0,0,2n Cycle,Divorced,2013-05-19
906209,1966,31300.0,1,0,27,42,64,99,24,2,59,2,6,3,3,7,0,0,0,0,0,0,0,Graduation,Married,2013-07-01
906210,1986,17900.0,2,0,44,1,2,26,2,10,9,1,2,0,3,9,0,0,0,0,0,0,0,Graduation,Single,2013-12-14
906211,1948,58700.0,0,0,0,717,24,226,66,128,64,3,5,4,6,9,0,0,0,0,1,0,0,Master,Married,2014-05-09
906212,1952,56500.0,0,0,52,1238,102,68,15,4,61,1,9,2,13,4,0,0,0,0,0,0,0,Graduation,Single,2013-07-23
906213,1966,53000.0,0,1,26,126,11,84,24,18,5,5,4,1,7,9,0,0,0,0,0,0,0,Graduation,Married,2012-12-06
906214,1979,20500.0,1,1,99,1,1,4,2,3,9,2,1,0,2,10,0,0,0,0,0,0,0,PhD,Married,2013-09-11
906215,1964,53300.0,0,0,85,206,197,246,16,73,180,0,4,4,10,3,0,0,0,0,0,0,0,Graduation,Together,2014-02-24
906216,1975,30600.0,0,1,13,5,11,7,6,2,7,1,0,0,4,4,0,0,0,0,0,0,0,2n Cycle,Together,2013-02-01
906217,1987,60300.0,0,1,57,439,94,774,65,11,235,1,5,4,12,6,1,0,1,0,0,1,0,Graduation,Divorced,2013-11-04
906218,1957,41200.0,2,1,78,17,0,3,1,0,4,1,1,1,2,7,0,0,1,0,0,0,0,Graduation,Single,2012-08-19
906219,1972,98400.0,0,0,32,780,138,1018,178,150,362,2,7,8,13,2,0,0,0,0,0,0,0,Master,Divorced,2013-06-04
906220,1964,62800.0,0,1,58,537,75,522,38,58,28,2,6,5,11,3,0,0,0,0,0,0,0,PhD,Married,2013-10-22
906221,1992,60000.0,1,0,59,227,8,49,23,20,22,3,6,1,5,6,0,0,0,0,0,0,0,PhD,Single,2013-03-13
906222,1972,29700.0,1,1,33,6,2,8,2,4,3,1,2,0,3,8,0,0,0,0,0,0,0,Master,Together,2013-12-03
906223,1994,61400.0,0,0,45,606,87,203,41,20,48,0,6,3,12,9,1,0,0,0,0,1,0,PhD,Married,2014-01-23
906224,1983,57600.0,1,1,52,1159,197,193,52,60,31,3,8,8,13,5,0,0,0,0,0,0,0,PhD,Together,2014-02-09
906225,1954,88200.0,0,0,79,332,18,155,24,2,3,1,3,3,8,2,0,0,0,0,0,0,0,PhD,Married,2013-12-19
906226,1971,45500.0,0,1,80,151,25,379,7,3,28,3,5,6,5,5,0,0,0,0,0,0,0,2n Cycle,Together,2013-05-16
906227,1984,24100.0,0,0,79,24,1,12,3,6,10,2,2,1,3,6,0,0,0,0,0,0,0,2n Cycle,Together,2013-12-29
906228,1963,39100.0,1,1,88,24,0,11,0,0,5,1,1,0,3,6,0,0,0,0,0,0,0,Graduation,Single,2013-05-25
906229,1973,47500.0,1,0,86,22,0,9,1,0,4,1,1,0,2,6,0,0,0,0,0,0,0,Master,Together,2013-09-13
906230,1975,31700.0,0,0,18,292,16,85,9,10,48,4,6,2,5,7,0,0,0,0,0,0,0,Graduation,Married,2013-09-27
906231,1975,79600.0,0,0,65,684,193,523,42,59,85,0,8,2,10,3,0,0,0,1,0,1,0,2n Cycle,Married,2013-04-10
906232,1955,55100.0,2,1,32,10,0,2,2,0,1,1,0,0,2,6,0,0,0,0,0,1,0,Graduation,Divorced,2013-08-21
906233,1972,71300.0,0,1,54,303,5,171,13,3,20,2,5,3,9,4,1,0,0,1,1,0,0,PhD,Divorced,2012-09-27
906234,1961,65500.0,0,0,34,587,75,297,1,38,24,1,6,7,10,5,1,0,0,1,0,1,0,PhD,Divorced,2014-02-01
906235,1981,74100.0,0,0,44,272,69,305,42,13,68,2,4,4,10,1,0,0,0,0,0,0,0,Graduation,Together,2012-08-14
906236,1971,47900.0,0,1,40,165,3,54,2,1,83,1,4,3,4,4,0,1,0,0,0,0,0,Master,Divorced,2014-03-26
906237,1993,16200.0,1,0,30,2,3,4,4,8,5,3,2,0,2,10,0,0,0,0,0,0,0,Graduation,Married,2014-03-25
906238,1973,26800.0,1,0,97,22,1,9,0,2,2,4,2,0,3,7,0,0,0,0,0,1,0,Graduation,Divorced,2012-11-02
906239,1963,64600.0,0,1,56,68,1,17,3,1,4,1,2,0,3,5,0,0,0,0,0,1,0,Graduation,Married,2012-08-26
906240,1979,30100.0,0,0,54,18,2,9,2,3,14,2,2,1,3,5,0,0,0,0,0,0,0,PhD,Together,2013-07-04
906241,1962,46900.0,0,2,49,541,16,31,1,1,15,2,4,3,3,5,0,0,0,0,0,0,0,Master,Widow,2013-12-16
906242,1955,58900.0,1,1,55,163,3,50,4,1,22,4,4,1,5,5,0,0,0,0,0,0,0,Basic,Married,2013-10-18
906243,1951,71800.0,0,0,54,391,58,212,91,74,52,1,3,4,12,0,0,0,0,0,0,0,0,Graduation,Married,2013-08-28
906244,1984,64100.0,1,1,96,35,0,20,6,0,7,2,1,0,3,3,0,0,0,0,0,0,0,Master,Together,2013-05-27
906245,1940,62400.0,1,1,80,697,1,126,0,3,90,3,9,2,10,6,0,0,0,0,0,0,0,Graduation,Married,2014-02-02
906246,1970,17200.0,0,1,68,8,22,8,2,5,6,2,1,1,2,11,0,0,0,0,0,0,0,Basic,Together,2014-04-05
906247,1952,74900.0,0,1,48,543,141,188,66,49,245,2,3,4,10,2,1,0,0,0,1,1,0,Graduation,Married,2014-04-14
906248,1975,26000.0,1,0,47,10,6,11,9,2,35,2,3,0,2,11,0,0,0,0,0,0,0,Graduation,Single,2012-08-25
906249,1949,61700.0,0,0,61,263,14,232,8,1,8,2,3,2,6,2,0,0,0,0,0,0,0,Graduation,Single,2014-03-15
906250,1960,32200.0,0,0,51,46,3,33,3,0,15,2,3,1,3,5,0,0,0,0,0,0,0,Graduation,Together,2013-02-02
906251,1977,44900.0,2,0,18,185,1,49,0,0,45,7,3,1,5,6,0,0,0,0,0,0,0,PhD,Widow,2013-03-12
906252,1987,34100.0,1,0,99,16,3,12,4,4,9,2,2,1,2,7,0,0,0,0,0,0,0,PhD,Married,2014-06-22
906253,1953,79100.0,0,2,18,225,1,43,1,0,22,2,7,0,5,6,0,0,0,0,0,0,0,Graduation,Married,2013-12-17
906254,1969,70000.0,0,0,46,1179,49,321,37,9,31,1,2,5,10,5,1,0,0,1,1,0,0,Graduation,Married,2014-06-07
906255,1978,74300.0,0,0,16,1158,70,981,127,43,23,1,5,3,9,3,0,0,0,0,0,1,0,Master,Married,2013-01-18
906256,1977,37100.0,0,1,89,277,9,102,34,19,8,2,3,3,4,4,0,0,0,0,0,0,0,PhD,Single,2013-07-27
906257,1969,57400.0,1,0,65,1171,44,359,95,18,321,5,13,3,8,7,0,0,0,0,0,0,0,Graduation,Single,2013-03-10
906258,1985,41400.0,1,1,29,51,2,12,7,5,25,2,2,0,3,7,0,0,0,0,0,0,0,2n Cycle,Single,2013-06-10
906259,1963,47300.0,0,0,63,57,113,106,108,22,19,3,5,1,5,9,0,0,0,0,0,0,0,Basic,Widow,2012-08-10
906260,1970,38900.0,1,1,36,122,22,142,61,26,100,6,4,3,4,5,0,0,0,0,0,0,0,PhD,Married,2012-11-11
906261,1979,88000.0,0,0,12,911,33,386,3,24,45,2,4,3,13,3,1,0,0,0,0,1,0,Graduation,Together,2012-10-22
906262,1967,101500.0,0,1,48,286,9,75,5,14,10,2,5,4,12,1,0,0,0,0,0,0,0,Graduation,Together,2012-10-21
906263,1949,66800.0,0,1,30,665,8,316,8,0,25,3,3,4,6,6,1,0,0,0,0,1,0,Graduation,Widow,2013-08-31
906264,1975,44700.0,0,1,18,338,4,69,1,0,198,2,5,4,3,10,0,0,0,0,0,0,0,Master,Single,2012-12-04
906265,1973,86200.0,1,0,64,545,30,515,36,39,26,1,3,5,7,3,0,0,0,0,0,0,0,PhD,Together,2013-06-23
906266,1957,50700.0,0,0,65,54,1,38,3,2,2,0,1,1,4,1,0,0,0,0,0,0,0,Master,Married,2014-02-22
906267,1983,27200.0,0,1,45,29,4,22,4,1,27,2,2,1,3,6,0,0,0,0,0,0,0,Graduation,Divorced,2013-08-24
906268,1970,48200.0,1,1,0,57,2,21,7,2,4,3,2,0,4,4,0,0,0,0,0,0,0,Master,Together,2013-10-31
906269,1968,61900.0,0,0,22,269,17,141,31,117,362,1,8,3,13,3,0,0,0,0,0,0,0,Graduation,Married,2013-04-10
906270,1967,71700.0,0,0,73,358,12,84,253,66,188,1,5,8,9,1,1,0,0,0,0,1,0,PhD,Married,2013-10-13
906271,1975,18700.0,1,1,59,14,6,12,5,7,32,2,1,1,4,8,0,0,0,0,0,0,0,Graduation,Together,2013-02-12
906272,1972,41900.0,1,1,53,3,2,3,5,2,18,1,1,0,3,4,0,0,0,0,0,0,0,Graduation,Married,2013-12-15
906273,1953,60100.0,0,0,57,1188,4,96,18,17,79,2,3,3,6,4,1,0,0,1,0,0,0,2n Cycle,Married,2013-07-14
906274,1979,41600.0,0,1,15,137,2,37,4,2,71,2,4,2,5,9,0,0,0,0,0,0,0,Graduation,Married,2014-03-30
906275,1968,51900.0,0,1,39,59,8,37,259,11,11,0,2,1,8,1,0,0,0,0,0,0,0,Graduation,Married,2013-05-04
906276,1965,79300.0,0,0,34,862,13,475,11,9,81,1,11,8,6,6,1,1,0,0,1,0,0,PhD,Married,2013-03-22
906277,1986,63600.0,0,0,26,554,31,117,7,36,157,2,3,3,9,4,1,0,1,0,1,0,0,PhD,Single,2013-03-24
906278,1959,27100.0,0,1,92,11,1,17,4,0,5,1,1,0,2,8,0,0,0,0,0,0,0,Basic,Single,2013-03-11
906279,1963,41900.0,0,1,69,178,42,50,11,15,104,2,6,1,6,4,1,0,0,0,0,0,0,Graduation,Married,2013-07-24
906280,1974,31000.0,1,0,87,97,3,28,1,0,162,4,4,1,3,8,0,0,0,0,0,0,0,Master,Married,2014-06-24
906281,1944,59900.0,0,2,57,613,40,158,1,1,37,6,10,3,5,9,0,0,0,1,1,0,0,Graduation,Single,2013-10-10
906282,1965,49900.0,0,0,23,233,16,96,8,14,50,1,6,2,6,9,0,0,0,0,0,0,0,Master,Single,2013-04-05
906283,1963,95900.0,0,0,42,678,145,38,60,17,71,2,5,0,13,4,0,0,0,0,0,0,0,Graduation,Together,2012-08-09
906284,1983,18700.0,0,0,38,6,12,6,15,8,13,2,1,1,3,8,0,0,0,0,0,0,0,PhD,Married,2013-06-21
906285,1972,21800.0,1,0,97,5,5,9,6,1,13,3,2,0,3,7,0,0,0,0,0,1,0,Master,Together,2014-01-05
906286,1962,50600.0,0,2,27,342,5,45,0,7,40,3,4,3,5,8,0,0,0,0,0,0,0,Master,Married,2014-05-04
906287,1985,28500.0,1,0,67,1,1,2,3,4,6,1,0,0,2,8,0,0,0,0,0,0,0,PhD,Single,2013-04-14
906288,1960,106400.0,0,1,60,382,121,657,25,10,38,2,5,6,10,2,0,0,0,0,0,0,0,Graduation,Single,2014-02-05
906289,1945,39500.0,0,1,17,387,14,21,6,1,122,2,6,2,8,6,1,0,0,1,0,1,0,2n Cycle,Married,2013-01-03
906290,1976,61200.0,1,0,20,318,5,170,14,28,13,2,3,2,6,3,0,0,0,0,0,0,0,Graduation,Together,2013-06-04
906291,1977,29000.0,1,0,43,15,9,10,14,5,18,1,1,0,3,6,0,0,0,0,0,0,0,PhD,Married,2014-02-16
906292,1960,40700.0,1,1,91,6,18,17,7,7,8,1,2,1,2,7,0,0,0,0,0,0,0,PhD,Single,2013-07-22
906293,1965,60400.0,0,0,32,1164,85,124,242,23,61,2,11,2,13,5,0,0,0,0,0,0,0,PhD,Married,2013-07-18
906294,1975,62900.0,0,0,85,288,178,980,111,134,27,1,4,5,7,2,0,0,0,0,0,0,0,PhD,Married,2012-08-13
906295,1990,82100.0,0,0,99,987,25,228,17,43,24,0,9,4,13,3,1,0,0,1,1,1,0,Graduation,Married,2012-12-06
906296,1957,19500.0,0,1,39,44,5,15,2,3,10,1,1,1,2,7,0,0,0,0,0,0,0,2n Cycle,Divorced,2013-04-30
906297,1956,40200.0,0,1,24,791,24,119,68,32,32,5,8,2,9,11,0,0,0,0,0,0,0,2n Cycle,Married,2013-02-04
906298,1955,32000.0,0,1,69,4,2,15,23,8,31,2,2,0,3,7,0,0,0,0,0,0,0,Master,Married,2014-02-07
906299,1969,14600.0,1,0,19,5,23,2,2,3,7,2,1,1,2,5,0,0,0,0,0,0,0,Graduation,Single,2012-09-08
906300,1981,82700.0,0,1,44,537,57,503,253,58,7,2,5,4,5,4,0,0,1,1,1,0,0,Graduation,Single,2013-03-23
906301,1983,30500.0,1,1,65,5,1,6,0,1,1,1,0,0,2,6,0,0,0,0,0,0,0,Graduation,Together,2013-11-23
906302,1960,75700.0,0,1,90,479,4,72,19,63,46,2,8,8,5,5,1,0,0,0,0,0,0,PhD,Together,2013-08-10
906303,1972,28100.0,1,0,51,3,1,7,4,1,8,2,2,0,2,8,0,0,0,0,0,0,0,Graduation,Married,2013-06-10
906304,1979,38100.0,0,1,17,102,19,172,55,100,80,3,5,1,7,7,0,0,0,0,0,0,0,PhD,Divorced,2013-01-04
906305,1983,29600.0,1,0,52,13,33,201,41,6,33,1,5,0,4,6,0,0,1,0,0,0,0,Graduation,Divorced,2013-04-13
906306,1978,41400.0,1,0,78,17,1,15,4,3,11,2,1,0,4,4,0,0,0,0,0,0,0,Graduation,Married,2012-10-28
906307,1958,97300.0,0,0,51,1396,10,1725,92,10,213,3,13,14,4,5,0,0,0,0,0,0,0,Graduation,Together,2013-08-30
906308,1980,105800.0,0,0,44,308,197,323,259,145,26,1,9,4,3,2,0,0,0,0,0,0,0,Graduation,Together,2012-09-26
906309,1981,63200.0,1,1,53,93,91,125,95,5,81,2,5,4,5,2,0,0,0,0,0,0,0,Graduation,Married,2013-03-20
906310,1962,80000.0,0,0,61,935,14,981,21,198,45,1,3,10,11,1,0,0,0,0,0,0,0,Graduation,Divorced,2013-12-22
906311,1960,75900.0,0,0,94,698,14,268,13,7,117,1,5,4,12,3,1,0,0,0,0,1,0,Graduation,Together,2014-06-25
906312,1963,42500.0,2,0,18,18,0,6,6,0,2,1,1,0,3,7,0,0,0,0,0,0,0,2n Cycle,Married,2012-09-08
906313,1971,79900.0,0,0,86,986,15,286,27,129,66,1,5,8,13,1,0,0,0,0,0,1,0,PhD,Single,2013-02-27
906314,1958,34000.0,1,1,75,22,0,26,5,0,3,3,2,0,4,5,0,0,0,0,0,0,0,PhD,Together,2013-04-19
906315,1965,63600.0,0,1,35,298,28,155,99,250,89,3,5,7,9,3,0,0,0,0,0,0,0,Graduation,Divorced,2012-10-27
906316,1967,80200.0,0,0,12,207,9,499,15,60,66,2,10,28,4,2,0,0,0,0,0,0,0,2n Cycle,Divorced,2013-01-05
906317,1966,45300.0,1,1,28,28,6,15,2,8,13,1,2,0,3,5,0,0,0,0,0,0,0,PhD,Together,2013-07-20
906318,1958,59900.0,0,2,23,1171,0,27,0,0,14,7,9,2,10,6,0,0,1,0,0,0,0,Graduation,Single,2014-01-07
906319,1964,52600.0,0,2,48,259,11,107,16,6,70,2,6,2,6,7,0,0,0,0,0,0,0,Graduation,Single,2014-05-28
906320,1971,52600.0,0,2,63,346,24,123,29,16,34,5,9,1,9,6,0,0,0,1,0,0,0,2n Cycle,Divorced,2012-12-30
906321,1984,16700.0,1,0,95,5,4,20,16,2,3,1,2,0,4,4,0,0,0,0,0,0,0,Basic,Single,2014-05-23
906322,1969,44900.0,1,0,29,14,4,4,5,0,14,1,2,0,3,7,0,0,0,0,0,0,0,Master,Married,2013-07-20
906323,1978,35500.0,0,1,99,15,0,7,0,0,2,1,1,0,3,4,0,0,0,0,0,0,0,Graduation,Married,2014-03-04
906324,1956,68300.0,0,1,62,273,1,83,96,0,30,2,1,3,6,2,0,0,0,0,0,0,0,Graduation,Together,2012-11-26
906325,1985,13300.0,1,1,63,2,3,10,6,1,13,2,2,1,2,9,0,0,0,0,0,0,0,Master,Married,2013-07-18
906326,1949,79100.0,0,1,99,755,0,61,6,6,38,2,6,2,8,5,0,0,0,0,0,0,0,Master,Single,2013-03-29
906327,1976,33800.0,1,1,25,36,25,28,15,1,24,2,3,0,3,6,0,0,0,1,0,0,0,2n Cycle,Single,2013-02-03
906328,1968,25100.0,0,0,36,9,8,18,19,20,14,1,2,0,4,8,0,0,0,0,0,0,0,Graduation,Married,2013-01-26
906329,1945,69300.0,0,1,81,1396,8,223,72,18,32,2,7,3,7,6,0,0,0,0,0,0,0,PhD,Married,2013-12-09
906330,1960,20100.0,1,1,62,11,1,11,3,3,9,1,1,0,3,7,0,0,0,0,0,0,0,Graduation,Married,2012-09-14
906331,1972,53700.0,1,1,36,31,2,9,1,0,4,2,2,0,2,8,0,0,0,0,0,0,0,Graduation,Divorced,2013-11-30
906332,1968,25500.0,1,0,0,7,1,8,4,2,12,1,1,1,2,4,0,0,0,0,0,0,0,Graduation,Single,2012-11-07
906333,1980,43400.0,0,1,38,876,14,61,235,33,56,4,9,6,13,5,0,0,0,0,0,0,0,Graduation,Together,2013-12-30
906334,1958,85000.0,0,1,30,1081,8,53,74,11,31,1,6,3,11,4,0,0,0,0,0,0,0,Graduation,Married,2013-04-06
906335,1972,31500.0,1,1,60,217,7,124,24,8,92,8,11,2,4,8,0,0,0,1,0,0,0,Graduation,Together,2014-06-18
906336,1946,74600.0,0,0,38,1211,7,193,16,12,245,1,5,5,7,7,0,0,0,1,0,1,0,2n Cycle,Together,2013-12-18
906337,1973,67500.0,0,1,35,1180,4,272,1,11,24,1,8,3,6,9,1,0,0,0,1,0,0,Graduation,Married,2014-05-19
906338,1978,28600.0,1,0,49,1,2,16,3,1,4,2,1,0,3,6,0,0,0,0,0,1,0,Graduation,Married,2012-10-27
906339,1961,61900.0,0,0,90,138,51,647,77,17,25,2,3,6,6,2,0,0,0,0,0,0,0,Graduation,Married,2013-12-15
906340,1970,72600.0,0,0,39,353,19,105,2,61,83,1,6,8,10,7,0,0,0,1,0,0,0,PhD,Divorced,2013-11-17
906341,1968,86800.0,0,1,52,613,71,366,8,20,55,3,10,16,7,4,0,0,0,0,0,0,0,Graduation,Married,2013-11-10
906342,1974,47500.0,1,1,74,60,9,26,6,4,52,1,2,0,4,8,0,0,0,0,0,0,0,Graduation,Married,2013-09-02
906343,1990,62100.0,1,0,84,95,44,186,234,70,59,2,7,3,7,6,0,0,0,0,0,0,0,Graduation,Divorced,2013-11-28
906344,1967,22200.0,0,1,20,21,0,6,0,0,8,3,2,0,3,8,0,0,1,0,0,0,0,Graduation,Divorced,2014-04-30
906345,1980,12400.0,0,0,17,6,13,7,3,6,9,2,2,1,2,9,0,0,0,0,0,0,0,Graduation,Married,2013-04-26
906346,1947,38600.0,0,1,40,271,3,98,8,2,68,2,7,3,4,7,0,0,0,0,0,1,0,Master,Divorced,2013-08-02
906347,1972,55100.0,0,0,43,99,36,147,30,30,68,1,5,1,5,8,0,0,0,0,0,0,0,Graduation,Divorced,2014-02-23
906348,1964,75600.0,0,1,7,203,40,605,42,31,61,1,4,5,10,2,0,0,0,0,0,0,0,Master,Married,2012-08-01
906349,1947,58300.0,0,0,57,323,17,268,12,20,38,2,2,9,6,2,0,0,0,0,0,0,0,PhD,Married,2013-08-10
906350,1995,92200.0,0,1,18,775,36,300,47,26,32,2,8,2,13,2,0,0,0,0,0,0,0,PhD,Single,2014-02-09
906351,1977,64600.0,2,1,65,42,1,19,0,4,3,2,1,0,3,6,0,0,0,0,0,0,0,Graduation,Married,2013-05-12
906352,1963,40500.0,2,1,19,8,0,14,2,0,6,2,1,0,2,6,0,0,0,0,0,0,0,Master,Married,2013-09-19
906353,1968,73500.0,0,1,53,318,49,55,1,11,68,3,8,2,8,4,0,0,0,1,0,0,0,Graduation,Married,2013-11-04
906354,1942,81500.0,0,1,99,762,14,448,33,17,39,2,6,11,4,3,0,0,0,1,0,1,0,Graduation,Together,2013-10-11
906355,1970,68700.0,0,0,93,400,54,460,21,26,28,2,6,3,7,3,0,0,0,0,0,0,0,Graduation,Single,2014-05-24
906356,1981,16700.0,1,0,68,2,1,2,8,0,6,1,1,0,2,9,0,0,0,0,0,0,0,Master,Married,2013-08-28
906357,1978,29400.0,1,0,82,21,1,18,17,8,78,2,4,1,2,5,0,0,0,0,0,0,0,Master,Widow,2012-12-03
906358,1976,43700.0,0,1,99,262,12,174,33,39,176,3,8,4,5,8,0,0,0,0,0,0,0,Graduation,Married,2014-05-22
906359,1989,96300.0,1,0,35,955,6,254,1,15,13,0,6,4,7,4,1,0,0,0,0,0,0,Graduation,Together,2014-03-03
906360,1953,92800.0,0,0,61,1187,193,981,253,23,63,1,2,3,13,1,0,1,0,1,0,0,0,Graduation,Together,2012-12-28
906361,1971,30900.0,1,0,86,14,14,56,26,23,38,1,2,1,3,6,0,0,0,0,0,0,0,Master,Married,2013-05-05
906362,1982,26100.0,1,0,0,3,1,2,0,3,4,1,0,1,2,4,0,0,0,0,0,0,0,Graduation,Single,2014-02-03
906363,1970,86600.0,0,0,28,291,75,353,26,37,70,0,5,5,4,1,0,0,0,0,0,0,0,PhD,Together,2012-08-18
906364,1966,34000.0,2,1,87,16,2,19,4,3,14,5,3,0,3,9,0,0,0,0,0,0,0,Graduation,Married,2012-09-24
906365,1961,104600.0,0,0,64,395,190,967,76,198,94,0,4,7,6,1,0,0,0,1,0,1,0,Graduation,Married,2013-11-07
906366,1977,49500.0,1,0,47,130,2,95,11,5,21,2,3,1,10,6,0,0,0,1,0,0,0,2n Cycle,Divorced,2013-10-31
906367,1960,56500.0,0,1,40,59,12,48,5,7,35,3,4,2,3,8,0,0,0,0,0,0,0,Graduation,Married,2012-10-27
906368,1972,39500.0,0,1,42,153,3,21,3,2,2,1,6,1,4,7,0,0,0,0,0,0,0,PhD,Single,2012-10-20
906369,1965,35000.0,1,0,45,72,12,149,28,11,40,6,6,1,7,6,0,0,0,0,0,0,0,Master,Single,2014-02-07
906370,1952,55200.0,0,1,89,408,16,41,62,211,17,1,9,5,8,6,0,0,0,0,0,0,0,Graduation,Married,2012-11-05
906371,1946,54600.0,1,2,65,11,1,7,0,1,2,1,0,0,3,6,0,0,0,0,0,0,0,2n Cycle,Married,2013-05-07
906372,1952,77700.0,0,1,66,589,47,373,50,26,148,1,3,9,10,0,0,0,0,0,0,0,0,2n Cycle,Married,2012-07-31
906373,1953,50500.0,0,2,43,89,6,75,103,18,34,10,4,5,7,6,0,0,0,0,0,0,0,Graduation,Married,2012-08-29
906374,1975,88800.0,0,0,49,724,24,157,50,15,27,1,7,3,10,4,0,0,0,0,0,0,0,Graduation,Together,2012-11-17
906375,1984,80300.0,0,0,84,379,67,281,164,38,18,0,7,6,13,1,0,0,0,0,1,1,0,PhD,Together,2012-08-05
906376,1973,59600.0,0,1,15,322,0,34,2,1,23,4,4,2,9,4,0,0,0,0,0,0,0,Graduation,Widow,2012-08-11
906377,1970,46900.0,1,0,56,121,13,104,25,130,36,2,6,2,4,6,0,0,0,0,0,0,0,Graduation,Divorced,2013-11-27
906378,1973,78000.0,0,0,92,453,153,659,38,37,48,1,7,4,7,3,0,0,1,0,1,1,0,PhD,Married,2014-03-21
906379,1946,39300.0,1,1,68,64,0,12,0,2,6,3,2,1,2,5,0,0,0,0,0,0,0,Master,Together,2013-06-05
906380,1983,51600.0,0,1,42,638,10,233,49,15,223,2,3,4,11,5,0,0,0,0,0,0,0,PhD,Married,2012-10-12
906381,1970,38500.0,1,0,44,8,2,4,1,8,20,2,1,1,2,6,0,0,1,0,0,0,0,2n Cycle,Together,2013-04-02
906382,1981,21500.0,1,0,99,18,8,12,2,5,36,3,1,1,3,4,0,0,1,0,0,0,0,PhD,Divorced,2014-01-22
906383,1960,50300.0,1,1,75,168,19,82,9,9,27,4,6,2,7,6,0,0,0,0,0,0,0,Master,Single,2013-02-07
906384,1992,75700.0,0,0,28,1477,30,153,14,34,36,2,4,10,8,4,0,0,1,0,1,1,0,Graduation,Single,2013-03-10
906385,1960,20900.0,1,1,90,24,0,19,1,0,2,3,2,0,3,8,0,0,0,0,0,0,0,Graduation,Married,2013-06-18
906386,1951,63900.0,1,1,13,35,1,5,1,0,1,2,1,0,4,5,0,0,0,0,0,0,0,Graduation,Married,2012-10-14
906387,1984,22400.0,1,0,46,1,1,8,1,1,3,1,1,0,3,7,0,0,0,0,0,0,0,Graduation,Married,2013-02-08
906388,1982,54100.0,1,1,29,372,45,220,21,8,101,8,7,3,5,8,0,0,0,0,0,0,0,Graduation,Single,2013-08-21
906389,1963,75700.0,0,0,51,937,89,260,167,34,91,2,6,4,13,3,0,0,0,0,0,0,0,Graduation,Divorced,2013-04-16
906390,1976,28900.0,0,0,38,14,4,11,6,1,11,0,1,0,2,6,0,0,0,0,0,0,0,Graduation,Single,2012-10-14
906391,1961,46900.0,1,1,64,41,5,45,8,4,23,4,3,2,4,5,0,0,1,0,0,0,0,Graduation,Divorced,2013-12-11
906392,1984,34600.0,0,1,57,195,12,202,61,28,225,4,10,4,5,6,0,0,0,1,0,0,0,Graduation,Single,2013-04-25
906393,1978,49000.0,0,0,69,601,28,145,11,10,245,1,3,6,8,2,1,0,1,0,1,1,0,Graduation,Married,2012-11-15
906394,1969,98100.0,0,0,0,391,31,421,253,149,35,1,8,5,8,2,1,0,0,0,0,1,0,Graduation,Married,2014-03-13
906395,1982,33300.0,1,0,41,1,0,3,4,0,2,0,1,0,3,6,0,0,0,0,0,0,0,Master,Married,2013-07-03
906396,1966,89300.0,0,1,96,438,4,153,51,10,7,1,7,4,11,2,0,0,0,0,0,1,0,Graduation,Together,2013-09-18
906397,1980,78900.0,0,1,0,1171,1,108,14,2,22,3,12,2,12,7,0,0,0,0,0,0,0,2n Cycle,Divorced,2013-11-06
906398,1989,15600.0,1,0,26,3,5,7,3,2,6,1,1,0,2,7,0,0,0,0,0,0,0,Graduation,Together,2013-08-08
906399,1982,28700.0,1,0,0,4,4,8,2,0,2,1,0,0,2,6,0,0,0,0,0,0,0,Graduation,Together,2013-11-06
906400,1955,45500.0,0,0,74,1068,29,154,9,6,47,3,7,7,10,6,0,0,0,0,0,0,0,Master,Together,2014-01-01
906401,1971,25200.0,1,0,72,3,20,10,33,9,52,3,1,1,3,3,0,0,0,0,0,0,0,Graduation,Together,2014-06-16
906402,1951,73700.0,0,1,30,69,18,130,14,28,29,3,5,3,4,4,0,0,0,0,0,0,0,Graduation,Divorced,2013-03-03
906403,1983,41100.0,0,1,61,233,18,99,4,0,35,8,6,2,7,7,0,0,0,0,0,0,0,Graduation,Married,2012-09-30
906404,1963,64200.0,1,1,0,117,1,16,7,2,45,2,3,1,4,4,0,0,0,0,0,0,0,Master,Married,2012-12-21
906405,1943,93000.0,0,1,81,265,0,155,118,36,6,1,5,4,7,2,0,0,0,0,0,0,0,PhD,Married,2013-07-12
906406,1991,67300.0,0,0,83,271,5,158,33,16,22,1,3,4,6,1,0,0,0,0,0,0,0,Graduation,Single,2013-10-26
906407,1967,66500.0,0,0,52,1096,18,257,5,46,14,1,6,9,7,4,0,0,0,0,1,1,0,PhD,Married,2014-02-07
906408,1976,49900.0,0,1,52,91,64,153,97,93,16,1,4,3,7,2,0,0,0,0,0,0,0,Graduation,Married,2014-06-14
906409,1971,73700.0,0,0,73,1027,130,216,61,72,60,2,11,4,8,9,0,1,0,0,0,1,0,Master,Together,2013-09-08
906410,1962,78700.0,1,1,31,286,0,103,1,51,38,2,5,2,4,6,0,0,0,1,0,1,0,Graduation,Together,2014-02-12
906411,1964,39700.0,1,1,61,4,1,5,0,0,3,1,1,1,2,4,0,0,0,0,0,0,0,Basic,Single,2014-04-05
906412,1943,41300.0,0,1,51,223,2,40,15,0,32,4,6,2,4,5,0,0,0,0,0,0,0,2n Cycle,Single,2013-05-09
906413,1972,63300.0,0,1,49,82,17,217,35,19,15,2,4,6,5,2,0,0,0,0,0,0,0,Graduation,Married,2014-04-24
906414,1961,57400.0,0,2,13,204,13,189,69,36,111,5,8,3,5,5,0,0,0,0,0,0,0,Master,Married,2014-06-16
906415,1981,22400.0,1,0,86,8,0,11,2,2,12,2,2,0,2,7,0,0,0,0,0,0,0,Graduation,Single,2013-06-20
906416,1978,56100.0,0,1,29,167,6,44,5,10,13,4,3,1,10,6,0,0,0,0,0,0,0,Graduation,Married,2014-01-13
906417,1994,54100.0,1,0,64,15,3,7,3,4,2,3,3,0,5,3,0,0,0,0,0,0,0,Graduation,Together,2013-10-09
906418,1980,60600.0,0,1,94,222,4,803,129,12,14,7,3,17,6,3,0,0,0,0,0,0,0,Graduation,Single,2014-01-24
906419,1962,70600.0,0,0,99,1396,74,603,259,95,140,1,6,5,13,3,0,0,0,0,0,0,0,Graduation,Together,2014-01-15
906420,1962,15300.0,0,1,21,7,1,3,6,1,1,1,0,1,2,6,0,0,0,0,0,0,0,Graduation,Married,2013-09-10
906421,1962,85900.0,0,0,22,286,46,139,99,173,46,0,5,2,6,1,0,0,0,0,0,0,0,Graduation,Married,2013-04-22
906422,1958,73400.0,0,0,24,403,23,146,9,4,122,1,7,11,10,4,0,0,0,0,0,1,0,PhD,Married,2013-01-18
906423,1968,22700.0,0,0,0,5,9,10,4,9,14,1,0,1,2,7,0,0,0,0,0,0,0,Graduation,Married,2012-08-09
906424,1959,55400.0,0,1,84,108,1,29,5,1,11,2,3,0,5,5,0,0,0,0,0,0,0,Master,Married,2013-10-03
906425,1966,18000.0,0,0,63,2,5,4,20,1,14,1,2,0,2,7,0,0,0,0,0,0,0,PhD,Together,2013-09-05
906426,1944,83900.0,0,0,66,574,80,453,161,12,40,1,7,2,11,2,0,0,0,0,0,0,0,2n Cycle,Married,2013-07-04
906427,1952,70500.0,0,1,92,787,119,225,115,9,14,5,8,4,10,6,0,0,0,0,0,1,0,Master,Together,2013-04-10
906428,1973,53200.0,0,1,71,77,6,11,8,0,46,1,5,1,3,8,0,0,0,0,0,0,0,Graduation,Together,2014-06-24
906429,1976,85300.0,0,0,29,369,35,332,44,13,41,0,3,6,8,2,1,0,0,0,1,1,0,Graduation,Single,2014-05-29
906430,1970,60900.0,0,2,94,246,11,108,9,12,182,2,3,4,3,3,0,0,0,0,0,0,0,Graduation,Single,2013-09-02
906431,1975,45900.0,1,1,54,79,0,23,1,0,2,3,3,0,3,7,0,0,0,0,0,0,0,Graduation,Together,2014-05-17
906432,1977,89400.0,0,0,60,361,20,487,5,42,33,0,2,9,9,1,0,1,1,0,1,1,0,Graduation,Together,2013-01-09
906433,1990,67400.0,0,0,37,359,44,311,149,198,52,0,8,9,8,1,0,0,0,0,1,1,0,PhD,Together,2013-01-01
906434,1943,59900.0,0,1,28,225,21,1097,20,2,11,2,1,9,11,2,0,0,0,0,0,0,0,Graduation,Widow,2013-12-31
906435,1972,57300.0,1,0,30,802,2,86,3,9,10,3,11,2,8,8,0,0,0,0,0,0,0,Graduation,Married,2014-04-21
906436,1978,17800.0,0,0,80,7,9,18,25,5,13,1,2,0,3,9,0,0,0,0,0,0,0,2n Cycle,Divorced,2014-03-31
906437,1979,36700.0,1,0,46,14,19,39,6,3,2,2,2,0,5,10,0,0,0,0,0,0,0,2n Cycle,Married,2014-02-15
906438,1995,87100.0,0,0,60,412,79,981,43,147,17,1,5,5,12,2,0,0,0,0,0,0,0,Master,Widow,2013-04-04
906439,1996,18900.0,1,0,75,17,5,25,12,7,17,5,4,1,3,8,0,0,0,0,0,0,0,Graduation,Married,2014-04-08
906440,1983,105800.0,0,1,42,518,17,263,35,201,151,1,6,5,5,5,0,0,0,0,0,0,0,PhD,Widow,2013-06-28
906441,1973,48400.0,0,0,16,38,26,45,14,12,97,1,5,1,3,4,0,0,0,0,0,0,0,Graduation,Married,2014-03-11
906442,1964,68800.0,0,0,41,625,23,178,6,27,51,1,2,5,4,3,0,0,1,1,1,1,0,Graduation,Married,2014-04-02
906443,1966,57700.0,0,1,39,1021,136,389,13,29,245,3,6,5,10,5,1,0,0,1,1,0,0,Graduation,Single,2012-08-04
906444,1966,37700.0,0,0,88,32,3,19,4,3,12,1,3,0,4,5,0,0,0,0,0,0,0,Graduation,Married,2014-01-27
906445,1960,79100.0,0,1,41,1038,6,46,6,1,8,1,5,2,10,5,0,0,0,0,0,0,0,Graduation,Single,2013-04-26
906446,1958,105500.0,0,0,21,1076,6,184,4,14,64,1,3,5,13,2,0,0,0,0,0,1,0,PhD,Widow,2013-01-21
906447,1964,90900.0,0,0,68,223,96,260,44,263,35,1,3,8,3,2,0,0,0,0,0,0,0,Graduation,Married,2014-02-06
906448,1962,29300.0,1,1,92,33,2,7,7,2,20,3,2,1,2,7,0,0,0,0,0,0,0,Graduation,Married,2013-05-31
906449,1956,35600.0,1,1,69,27,1,10,1,0,11,3,1,1,3,6,0,0,0,0,0,0,0,2n Cycle,Married,2012-08-28
906450,1966,58800.0,0,0,27,315,17,584,9,26,41,3,4,7,13,4,0,0,0,0,0,0,0,PhD,Married,2014-05-23
906451,1960,48400.0,0,0,70,190,1,17,8,0,39,2,5,0,6,6,0,0,1,0,0,0,0,Master,Together,2012-10-20
906452,1981,28500.0,1,0,0,100,55,197,61,157,262,3,7,1,5,5,0,0,0,0,0,0,0,PhD,Together,2013-10-16
906453,1958,74000.0,0,0,99,561,193,981,70,78,194,0,6,4,9,1,1,0,0,1,1,1,0,2n Cycle,Single,2013-03-23
906454,1967,64600.0,1,2,89,115,1,18,1,1,4,2,2,0,3,6,0,0,0,0,0,0,0,Basic,Together,2014-05-01
906455,1950,68100.0,0,0,23,443,11,195,121,10,64,2,3,2,13,1,0,0,0,0,0,0,0,Graduation,Single,2014-04-07
906456,1975,44400.0,1,0,43,108,1,28,6,0,69,3,4,1,3,7,0,0,0,0,0,0,0,Graduation,Divorced,2012-08-23
906457,1973,25700.0,1,1,93,65,1,26,1,10,2,2,2,0,3,8,0,0,0,0,0,1,0,Master,Divorced,2013-04-27
906458,1953,90000.0,0,1,58,586,12,804,14,21,53,1,6,10,9,3,0,0,0,1,0,0,0,2n Cycle,Single,2013-05-22
906459,1962,28000.0,1,0,93,10,1,4,2,1,7,1,1,0,2,6,0,0,0,0,0,0,0,Graduation,Single,2013-11-10
906460,1967,60900.0,0,0,54,137,8,116,93,11,31,3,9,5,4,6,0,0,0,0,0,0,0,Master,Widow,2013-01-26
906461,1957,75600.0,0,0,70,555,5,210,230,22,48,2,8,5,5,4,0,0,0,0,0,0,0,Graduation,Together,2014-01-31
906462,1953,73900.0,1,1,70,156,61,165,42,10,18,7,5,3,8,10,0,0,0,0,0,0,0,PhD,Together,2014-03-28
906463,1954,50600.0,1,0,8,90,0,22,0,2,16,4,2,0,3,7,0,0,0,0,0,0,0,Graduation,Married,2013-09-29
906464,1951,41300.0,0,1,94,118,12,94,15,15,48,2,7,3,4,11,0,0,0,0,0,0,0,Graduation,Together,2012-08-04
906465,1977,45700.0,1,1,62,111,8,37,1,6,23,1,3,1,4,5,0,0,0,0,0,0,0,Master,Together,2013-09-27
906466,1956,42900.0,2,1,39,6,0,2,2,0,0,1,1,0,2,4,0,0,0,0,0,1,0,Master,Single,2012-10-08
906467,1965,64600.0,0,1,59,138,0,14,0,1,3,1,1,1,3,3,0,0,0,0,0,0,0,Basic,Married,2014-02-15
906468,1959,24700.0,2,0,47,7,1,4,1,1,3,1,1,1,2,7,0,0,0,0,0,0,0,Graduation,Single,2014-04-28
906469,1954,74800.0,0,0,70,734,17,245,51,30,71,2,3,9,7,5,1,1,1,0,0,1,0,Master,Married,2012-09-01
906470,1978,33100.0,1,0,38,30,0,11,4,2,2,2,2,0,4,7,0,0,1,0,0,0,0,PhD,Married,2013-03-30
906471,1961,43700.0,1,1,35,352,8,66,0,4,44,10,5,1,10,9,0,0,0,0,0,0,0,Graduation,Married,2013-08-12
906472,1979,101400.0,0,0,96,1493,78,695,33,28,64,1,4,6,8,2,1,1,1,0,0,0,0,PhD,Divorced,2013-08-03
906473,1957,44000.0,0,2,55,196,9,39,10,2,6,2,5,3,6,4,0,0,0,1,0,0,0,PhD,Together,2014-06-18
906474,1943,58100.0,0,1,48,138,28,198,13,3,4,4,9,1,7,8,0,0,0,0,0,0,0,Master,Married,2014-03-17
906475,1954,79900.0,0,1,64,1144,56,186,35,10,8,2,6,9,9,2,1,0,0,0,1,0,0,Graduation,Married,2013-01-21
906476,1975,81400.0,0,0,91,368,157,330,253,66,116,1,2,7,5,3,1,0,1,0,0,1,0,Graduation,Married,2013-08-11
906477,1972,32300.0,1,1,80,29,0,8,3,2,2,3,1,0,3,6,0,0,0,0,0,1,0,PhD,Married,2013-08-27
906478,1992,24600.0,1,1,32,58,7,21,3,2,20,2,3,1,2,6,0,0,1,0,0,0,0,Basic,Divorced,2013-09-16
906479,1977,18000.0,0,0,48,13,5,7,2,10,52,3,2,2,4,4,0,0,0,0,0,0,0,Master,Single,2013-12-11
906480,1971,71700.0,0,1,63,205,56,130,37,79,50,3,6,6,9,4,0,0,0,0,0,0,0,Graduation,Married,2013-04-05
906481,1970,42600.0,0,1,48,136,0,29,3,0,46,2,4,2,2,6,0,0,0,0,0,0,0,Master,Widow,2012-08-30
906482,1960,56600.0,0,0,81,249,11,142,234,32,49,5,5,1,10,6,0,0,0,0,0,0,0,Master,Widow,2012-08-09
906483,1987,42100.0,1,1,71,18,2,32,6,3,9,1,1,0,3,5,0,0,0,0,0,0,0,Master,Married,2013-04-02
906484,1967,23800.0,1,0,89,3,4,5,5,1,12,0,1,0,2,11,0,0,0,0,0,0,0,Graduation,Single,2013-04-01
906485,1957,27300.0,1,1,4,6,0,3,0,0,14,1,1,0,2,7,0,0,0,0,0,0,0,Graduation,Widow,2012-11-12
906486,1967,21600.0,2,1,64,5,0,5,0,0,0,1,1,0,2,7,0,0,0,0,0,0,1,Basic,Single,2012-09-18
906487,1991,41000.0,0,0,61,236,163,219,35,204,79,3,9,3,13,5,0,0,0,0,0,0,0,PhD,Single,2013-09-24
906488,1961,57500.0,1,1,31,23,2,9,0,0,2,2,1,0,4,4,0,0,0,0,0,0,0,Graduation,Together,2014-01-25
906489,1977,25300.0,1,0,35,7,1,11,4,0,1,1,1,0,2,9,0,0,0,0,0,0,0,PhD,Married,2013-06-22
906490,1970,61500.0,0,1,73,674,197,274,94,11,118,2,3,8,10,3,0,0,0,0,0,0,0,Graduation,Widow,2013-09-25
906491,1973,13000.0,0,0,33,5,20,5,5,2,12,3,3,0,4,5,0,0,0,0,0,1,0,Graduation,Married,2013-02-01
906492,1969,43500.0,1,1,64,72,1,14,3,3,14,3,2,1,3,6,0,0,0,0,0,0,0,Graduation,Married,2013-04-26
906493,1967,45700.0,1,2,79,84,13,45,7,2,60,7,6,2,5,9,0,0,0,0,0,0,0,Graduation,Married,2014-03-26
906494,1975,47000.0,0,1,3,110,19,81,12,35,2,2,4,2,6,4,0,0,0,0,0,0,0,Graduation,Married,2012-08-29
906495,1974,19100.0,1,0,78,9,1,6,5,0,6,1,2,0,3,6,0,0,0,0,0,0,0,Graduation,Together,2013-07-23
906496,1965,72800.0,0,1,40,1093,10,217,3,0,245,2,4,2,5,3,0,0,0,1,0,1,0,Graduation,Single,2014-04-16
906497,1974,29400.0,1,1,50,17,0,3,2,0,1,3,3,0,4,5,0,0,0,0,0,0,0,Master,Divorced,2013-04-15
906498,1950,90200.0,0,1,59,1396,127,669,23,44,58,2,3,4,13,2,0,0,0,0,0,0,0,PhD,Together,2012-12-08
906499,1975,73300.0,0,0,53,451,19,130,0,8,46,1,3,5,8,3,0,0,0,0,0,0,0,PhD,Married,2014-03-02
906500,1947,53100.0,0,1,89,418,12,64,29,58,88,2,9,3,7,3,0,0,0,0,0,0,0,Master,Single,2014-01-26
906501,1957,93900.0,0,0,46,374,14,147,203,19,41,1,8,11,9,3,1,0,1,1,0,0,0,Graduation,Together,2012-11-02
906502,1960,56200.0,0,1,13,1493,3,92,1,2,50,3,9,4,7,8,0,0,0,1,0,0,0,Graduation,Single,2012-12-15
906503,1974,65700.0,1,0,39,190,197,981,161,92,42,1,6,2,6,3,0,0,0,0,0,0,0,Graduation,Together,2013-02-17
906504,1984,37400.0,1,0,38,31,4,8,5,3,5,1,1,1,1,7,0,0,0,0,0,0,0,PhD,Together,2013-07-09
906505,1959,59300.0,0,1,70,113,11,55,27,29,9,2,4,3,5,3,0,0,0,0,0,0,0,Graduation,Divorced,2014-03-12
906506,1970,38200.0,1,0,53,13,2,7,8,3,17,1,1,1,2,6,0,0,0,0,0,0,0,Graduation,Single,2013-03-20
906507,1954,50500.0,0,1,28,141,3,46,5,2,76,1,8,1,2,5,0,0,0,0,0,0,0,Graduation,Single,2013-11-09
906508,1966,50900.0,0,1,21,139,27,59,10,54,21,1,5,1,5,6,0,0,0,0,0,0,0,Graduation,Married,2013-05-20
906509,1959,65200.0,0,1,55,388,17,159,4,6,10,3,4,4,13,2,0,0,0,0,0,0,0,Graduation,Single,2014-01-16
906510,1982,39300.0,1,0,99,185,19,65,21,4,10,4,7,2,4,8,0,0,0,0,0,1,0,Basic,Married,2014-02-16
906511,1968,31800.0,1,0,88,12,20,63,11,86,20,0,2,1,2,5,0,0,0,0,0,0,0,Graduation,Married,2012-09-20
906512,1966,38700.0,0,1,72,74,20,65,112,40,79,2,3,2,7,5,0,0,0,0,0,1,0,PhD,Widow,2013-05-16
906513,1967,42000.0,0,1,0,13,0,7,5,1,4,2,1,0,5,7,0,0,0,0,0,0,0,Graduation,Married,2013-09-26
906514,1964,70300.0,0,1,41,690,12,70,0,17,88,3,3,4,5,4,1,0,0,1,0,0,0,PhD,Married,2013-04-21
906515,1965,37400.0,1,1,17,144,2,25,4,4,11,2,4,1,4,7,0,0,0,0,0,1,0,PhD,Divorced,2013-06-05
906516,1964,27500.0,1,0,78,14,7,8,2,0,39,2,2,0,3,5,0,0,0,0,0,0,0,Graduation,Together,2013-03-22
906517,1988,32600.0,2,0,23,79,10,60,20,1,21,9,4,1,4,9,0,0,0,0,0,0,0,Master,Divorced,2012-09-27
906518,1975,40800.0,0,1,29,169,21,82,10,38,58,2,5,3,5,7,0,0,0,0,0,0,0,Graduation,Married,2013-09-21
906519,1965,93600.0,0,0,44,812,7,436,82,21,13,0,7,6,5,2,1,1,1,0,1,0,0,Graduation,Divorced,2013-08-18
906520,1961,63600.0,0,1,45,221,15,117,24,13,103,2,2,3,7,2,0,0,0,0,0,0,0,Graduation,Married,2012-10-27
906521,1971,52500.0,0,0,33,19,4,7,1,2,4,1,1,0,3,7,0,0,1,0,0,0,0,Master,Single,2012-08-21
906522,1989,27500.0,2,0,63,6,0,5,0,1,7,2,2,0,2,8,0,0,0,0,0,0,0,2n Cycle,Married,2014-02-06
906523,1967,74200.0,0,0,54,173,76,323,186,9,48,1,5,6,8,1,0,0,0,0,1,0,0,PhD,Married,2013-11-05
906524,1965,44600.0,1,0,60,16,2,9,2,3,6,0,1,0,3,5,0,0,0,0,0,0,0,Master,Married,2014-05-03
906525,1941,56400.0,0,2,52,514,20,196,1,0,40,6,5,4,4,9,1,1,0,0,0,0,0,Graduation,Divorced,2013-08-01
906526,1952,81900.0,0,1,19,224,25,122,20,5,2,1,3,3,3,2,0,0,0,0,0,0,0,Graduation,Married,2013-06-20
906527,1981,80600.0,0,0,90,189,20,128,10,3,29,1,3,3,6,2,0,0,0,0,0,0,0,Graduation,Divorced,2014-03-04
906528,1995,46300.0,0,0,18,33,30,198,32,26,19,0,1,4,4,0,0,0,0,0,0,0,0,Graduation,Married,2012-12-24
906529,1949,90300.0,0,0,19,985,193,981,253,198,94,1,5,9,8,2,0,0,1,0,0,1,0,Master,Divorced,2013-02-27
906530,1977,27800.0,1,0,18,6,3,17,0,5,16,2,2,0,2,10,0,0,0,0,0,0,0,Master,Married,2012-11-14
906531,1966,56300.0,0,1,46,100,4,67,9,19,22,0,2,1,6,2,0,0,0,0,0,0,0,Graduation,Together,2014-02-06
906532,1977,42900.0,1,1,64,24,8,36,5,2,16,2,1,0,4,5,0,0,1,0,0,0,0,Graduation,Married,2014-04-25
906533,1965,54000.0,0,1,41,456,2,114,3,26,58,3,6,2,7,5,0,0,0,0,0,0,0,Graduation,Single,2013-02-10
906534,1976,35900.0,1,0,72,7,2,7,0,0,1,0,0,0,3,6,0,0,0,0,0,0,0,PhD,Married,2013-10-10
906535,1962,52200.0,1,1,34,48,0,20,0,0,6,2,3,1,3,6,0,0,0,0,0,0,0,PhD,Together,2013-04-23
906536,1981,39300.0,2,0,0,42,0,5,2,0,0,3,2,0,2,5,0,0,0,0,0,0,0,PhD,Married,2013-01-20
906537,1958,56200.0,1,1,54,364,1,34,3,1,18,5,6,4,3,8,0,0,0,0,0,0,0,Master,Married,2013-06-13
906538,1967,20700.0,1,1,0,6,16,18,2,7,27,3,2,0,4,6,0,0,0,0,0,0,0,PhD,Together,2012-12-31
906539,1961,43700.0,2,1,71,29,1,5,0,0,1,1,1,0,2,7,0,0,0,0,0,0,0,2n Cycle,Married,2014-01-20
906540,1963,60400.0,0,0,9,45,0,11,2,0,2,2,2,1,3,7,0,0,0,0,0,0,0,Graduation,Divorced,2013-03-28
906541,1981,32500.0,1,0,58,36,0,24,0,0,15,1,2,0,2,5,0,0,0,0,0,0,0,2n Cycle,Single,2013-10-11
906542,1968,32800.0,1,0,0,68,9,20,8,1,53,3,5,1,3,5,0,0,0,0,0,0,0,Master,Married,2013-03-23
906543,1957,93400.0,0,0,3,556,23,262,31,70,4,1,5,10,12,3,0,0,0,1,1,0,0,Graduation,Married,2013-01-08
906544,1968,70400.0,0,1,25,128,18,429,130,157,52,2,7,6,7,2,0,0,0,0,0,0,0,Master,Married,2013-10-25
906545,1976,48700.0,0,0,61,76,4,205,22,196,130,1,4,3,13,2,0,0,0,0,0,0,0,2n Cycle,Divorced,2012-12-15
906546,1978,73000.0,0,0,24,365,18,257,53,67,31,1,5,9,12,2,0,0,0,0,0,0,0,Graduation,Married,2012-09-25
906547,1989,65700.0,0,0,0,608,3,258,77,50,62,0,6,7,12,9,0,0,0,1,1,1,0,Graduation,Married,2013-01-13
906548,1953,48300.0,0,1,70,745,0,9,0,0,22,3,6,1,3,9,0,0,0,0,0,1,0,Graduation,Married,2014-03-26
906549,1973,45800.0,1,0,68,27,5,46,12,57,52,1,4,0,4,5,0,0,0,0,0,1,0,PhD,Together,2013-10-17
906550,1980,45300.0,1,0,34,19,4,17,11,2,4,1,1,0,3,9,0,0,0,0,0,0,0,PhD,Divorced,2012-10-10
906551,1995,90700.0,0,0,75,1088,145,391,253,198,117,0,7,9,8,2,0,0,0,0,1,0,0,Graduation,Together,2012-10-12
906552,1959,37100.0,0,0,39,136,1,75,10,5,3,2,4,1,6,6,0,0,0,1,0,0,0,2n Cycle,Widow,2013-05-11
906553,1959,58900.0,0,0,59,816,22,146,75,26,30,1,4,4,13,3,0,0,0,0,0,0,0,Master,Together,2013-08-03
906554,1941,60400.0,0,1,8,408,14,350,4,2,75,5,7,4,9,9,0,0,0,1,0,1,0,Graduation,Together,2014-03-13
906555,1954,94800.0,0,0,37,573,105,981,39,198,8,1,4,7,4,2,1,0,0,0,0,1,0,Graduation,Single,2014-01-22
906556,1976,50200.0,0,1,40,621,2,145,1,3,17,5,8,2,11,4,0,0,0,0,0,0,0,Graduation,Single,2012-09-17
906557,1976,75300.0,0,0,64,206,3,303,46,18,20,1,5,5,5,1,0,0,0,0,0,0,0,PhD,Divorced,2013-10-03
906558,1976,59400.0,0,0,72,520,11,397,74,12,61,1,2,10,7,2,0,0,0,0,0,0,0,Graduation,Single,2014-02-14
906559,1974,59700.0,0,0,0,540,29,434,68,35,245,2,5,5,7,9,1,0,0,0,1,0,0,Graduation,Divorced,2013-09-11
906560,1962,27200.0,1,0,51,109,14,36,9,0,83,3,3,1,3,7,0,0,0,0,0,1,0,Graduation,Divorced,2012-12-20
906561,1966,52000.0,0,1,28,556,193,345,170,20,245,3,7,4,6,6,1,0,0,0,0,1,0,Graduation,Married,2012-10-26
906562,1985,90200.0,0,0,0,1387,16,516,17,7,12,0,6,6,10,2,1,0,0,1,0,1,0,Graduation,Together,2013-08-10
906563,1984,82100.0,0,0,61,940,47,375,28,15,62,2,8,4,13,4,0,0,1,0,0,0,0,PhD,Together,2013-12-09
906564,1966,20600.0,0,1,67,7,5,5,8,5,24,1,1,0,3,7,0,0,0,0,0,0,0,Graduation,Single,2014-06-20
906565,1973,70200.0,1,0,16,198,16,76,22,4,22,3,3,1,4,1,0,0,0,0,0,0,0,Graduation,Married,2013-01-24
906566,1983,26800.0,1,1,55,30,2,9,0,2,1,1,2,0,3,10,0,0,0,0,0,0,0,Basic,Married,2012-10-31
906567,1959,60800.0,2,2,74,28,1,5,0,0,4,4,2,1,2,5,0,0,0,0,0,0,0,Graduation,Together,2013-03-31
906568,1981,45100.0,0,1,45,502,52,373,32,40,235,2,4,9,11,4,0,0,0,0,0,0,0,PhD,Together,2013-02-27
906569,1962,51000.0,0,0,74,389,10,276,22,56,27,2,4,6,10,4,0,0,0,0,0,0,0,Graduation,Married,2012-09-06
906570,1972,47300.0,0,0,27,287,86,423,116,45,88,4,3,12,11,4,0,0,0,0,0,0,0,PhD,Married,2013-02-13
906571,1959,23100.0,1,0,16,16,1,10,1,0,0,1,1,0,3,6,0,0,0,0,0,1,0,Graduation,Together,2014-06-08
906572,1987,33900.0,1,1,99,10,9,30,6,20,34,4,3,1,6,3,0,0,0,0,0,0,0,Graduation,Married,2013-05-31
906573,1970,50100.0,2,0,46,15,3,43,3,7,27,2,3,0,3,6,0,0,0,0,0,0,0,PhD,Together,2013-04-11
906574,1971,33500.0,0,0,18,236,172,227,234,16,109,1,8,3,7,6,0,0,0,0,0,0,0,PhD,Single,2014-02-18
906575,1958,16500.0,1,1,55,2,8,14,10,6,14,1,1,1,2,9,0,0,0,0,0,0,0,2n Cycle,Single,2014-04-06
906576,1967,72900.0,0,0,86,852,11,168,40,51,240,1,5,3,13,2,0,0,0,0,0,0,0,Graduation,Together,2013-04-14
906577,1945,77400.0,0,0,93,1000,25,204,7,196,17,1,7,11,7,1,1,0,0,0,1,1,0,Master,Married,2014-03-06
906578,1949,16200.0,0,1,33,20,4,15,2,7,20,3,2,0,2,7,0,0,0,0,0,0,0,PhD,Married,2014-02-09
906579,1975,40400.0,0,1,81,32,0,11,2,0,1,1,1,0,3,8,0,0,0,0,0,0,1,2n Cycle,Married,2013-10-01
906580,1965,79100.0,0,1,25,1171,9,142,8,9,98,6,8,5,13,6,0,0,0,0,0,0,0,Graduation,Single,2014-04-14
906581,1956,46500.0,0,2,44,51,9,30,6,5,14,5,2,1,6,4,0,0,0,0,0,0,0,Graduation,Divorced,2013-06-18
906582,1967,59700.0,0,1,78,387,9,183,96,11,45,3,5,4,8,6,0,0,0,0,0,0,0,Master,Married,2014-05-30
906583,1969,37900.0,1,1,3,26,0,16,1,0,2,3,2,0,4,5,0,0,0,0,0,0,0,Graduation,Together,2012-10-16
906584,1950,39900.0,0,0,73,100,5,9,0,8,2,2,3,1,3,7,0,0,0,1,0,0,0,Graduation,Married,2013-07-16
906585,1957,66800.0,0,1,92,1473,11,561,64,9,49,2,3,4,10,3,0,0,1,1,0,1,0,Graduation,Married,2014-02-06
906586,1983,32500.0,1,0,81,104,31,171,13,7,45,9,8,1,4,8,0,0,0,0,0,1,0,Graduation,Together,2013-02-06
906587,1981,74100.0,0,1,59,1106,16,599,18,49,13,1,5,2,7,3,0,0,0,0,0,1,0,Graduation,Together,2013-12-02
906588,1958,56200.0,1,1,50,19,5,7,3,1,3,1,1,0,2,5,0,0,0,0,0,0,0,Master,Married,2014-02-17
906589,1960,37900.0,1,0,51,12,2,24,13,0,5,2,2,1,3,7,0,0,0,0,0,0,0,Graduation,Married,2014-06-19
906590,1981,25700.0,0,0,28,7,8,16,2,6,30,2,2,1,2,7,0,0,0,0,0,0,0,Graduation,Married,2013-04-06
906591,1952,59900.0,1,1,33,288,4,106,4,1,11,6,6,1,6,9,0,0,0,0,0,0,0,Master,Married,2013-08-08
906592,1987,61300.0,0,0,24,365,2,140,5,10,28,1,8,4,7,9,0,0,0,0,0,1,0,Graduation,Single,2013-07-06
906593,1979,33600.0,1,0,49,7,2,4,0,0,10,1,1,0,3,6,0,0,0,0,0,0,0,Graduation,Married,2013-11-03
906594,1972,61100.0,0,1,61,612,69,337,21,24,70,3,5,8,10,3,0,0,0,0,0,0,0,PhD,Married,2014-02-16
906595,1968,40900.0,0,1,78,68,0,5,1,3,7,1,2,0,3,4,0,0,0,0,0,0,0,Master,Married,2013-10-07
906596,1967,22300.0,1,1,48,14,1,7,2,0,7,1,1,0,3,8,0,0,0,0,0,0,0,Graduation,Together,2013-12-22
906597,1971,94600.0,0,1,76,425,193,473,194,3,245,1,6,5,5,3,0,0,0,0,1,0,0,Graduation,Married,2013-11-21
906598,1986,50800.0,1,0,39,191,11,256,152,157,37,3,4,1,7,9,0,0,0,1,0,0,0,2n Cycle,Together,2013-01-12
906599,1968,88400.0,0,2,16,542,6,269,41,57,7,3,9,3,7,6,0,0,0,0,0,0,0,Graduation,Divorced,2013-04-08
906600,1967,53000.0,0,0,52,74,2,36,11,4,4,1,3,0,3,6,0,0,0,0,0,0,0,2n Cycle,Together,2014-03-06
906601,1982,39400.0,1,0,54,6,1,8,8,3,6,2,2,0,3,6,0,0,0,0,0,0,0,Graduation,Single,2013-10-09
906602,1984,83400.0,0,0,27,1493,193,692,9,176,230,1,4,6,3,4,0,0,1,0,1,1,0,Graduation,Married,2014-01-05
906603,1960,92600.0,0,0,86,247,193,373,78,47,148,0,5,11,3,1,1,0,0,0,1,1,0,Graduation,Together,2013-08-21
906604,1987,55800.0,0,0,8,324,20,213,147,134,155,2,7,7,9,4,1,0,0,1,1,1,0,Graduation,Divorced,2013-02-22
906605,1960,49900.0,0,0,66,492,6,146,156,15,37,3,13,3,10,9,0,0,0,0,0,0,0,Master,Single,2013-05-01
906606,1976,22900.0,0,0,76,11,1,11,0,1,7,1,2,0,3,8,0,0,0,0,0,0,0,Master,Single,2013-07-26
906607,1973,40100.0,1,1,23,76,7,39,11,9,227,3,4,1,4,5,0,0,0,0,0,0,0,Graduation,Married,2014-04-02
906608,1968,21900.0,0,0,65,4,9,13,9,2,14,1,0,1,3,4,0,0,0,0,0,1,0,Graduation,Married,2012-11-16
906609,1961,61100.0,1,2,82,59,1,11,0,0,5,3,2,0,3,6,0,0,0,0,0,0,0,Master,Married,2013-09-11
906610,1967,26000.0,1,1,57,14,4,11,1,2,5,3,1,1,3,4,0,0,0,0,0,0,0,Basic,Widow,2012-12-22
906611,1986,48800.0,0,0,28,153,131,153,197,91,31,1,5,1,13,4,0,0,0,0,0,0,0,Graduation,Married,2013-05-07
906612,1968,52600.0,1,1,8,123,4,103,22,2,34,2,5,2,3,7,0,0,0,0,0,1,0,PhD,Married,2013-02-20
906613,1983,43900.0,1,0,54,4,3,27,2,5,11,3,2,1,5,4,0,0,0,0,0,0,0,Basic,Together,2013-02-18
906614,1991,38700.0,1,0,78,32,4,25,1,2,2,1,2,0,4,6,0,0,0,0,0,0,0,Graduation,Together,2012-12-17
906615,1946,67200.0,0,0,67,695,18,323,20,14,225,2,4,8,6,2,0,0,0,0,1,1,0,2n Cycle,Together,2013-04-05
906616,1960,49000.0,0,1,28,452,134,368,259,37,36,3,3,7,11,3,0,0,0,0,0,0,0,Graduation,Married,2013-06-27
906617,1961,65700.0,0,1,76,799,63,993,14,263,122,2,11,8,10,2,0,0,0,0,0,0,0,Graduation,Married,2012-11-30
906618,1971,20300.0,1,1,67,7,1,4,0,4,7,1,1,0,3,5,0,0,0,0,0,0,0,Graduation,Married,2012-08-01
906619,1951,53800.0,0,1,2,124,8,112,3,2,25,1,5,5,6,2,0,0,0,0,0,0,0,Graduation,Together,2014-05-30
906620,1967,34500.0,1,1,81,32,1,14,9,0,4,2,3,0,3,7,0,0,0,0,0,0,0,PhD,Married,2013-02-17
906621,1965,58300.0,0,1,64,19,0,2,0,0,2,1,1,0,2,6,0,0,0,0,0,0,0,Graduation,Divorced,2014-02-19
906622,1971,37000.0,1,0,35,76,4,93,18,8,42,7,4,1,5,7,0,0,0,0,0,0,0,Graduation,Married,2012-09-23
906623,1969,73200.0,0,1,69,943,76,228,20,75,44,1,6,9,7,3,1,0,0,0,0,0,0,Graduation,Married,2014-06-11
906624,1961,73300.0,0,1,53,1353,0,191,4,45,11,2,4,4,7,3,0,0,1,1,1,0,0,PhD,Single,2013-05-22
906625,1952,40100.0,1,0,62,74,1,25,0,1,8,2,1,1,3,10,0,0,0,0,0,0,0,Graduation,Together,2013-03-17
906626,1974,63900.0,0,0,0,557,10,305,2,7,84,3,5,5,9,7,0,0,0,0,0,1,0,Master,Single,2012-12-17
906627,1963,43500.0,0,0,69,206,102,83,259,25,24,2,6,6,6,5,0,0,0,0,0,0,0,Graduation,Together,2013-10-28
906628,1970,39600.0,0,1,72,151,3,47,20,20,27,3,6,1,4,6,0,0,0,0,0,1,0,Graduation,Together,2014-04-28
906629,1967,55000.0,1,1,52,365,0,140,0,1,20,2,5,2,7,5,0,0,0,0,0,1,0,Graduation,Single,2012-12-20
906630,1981,39800.0,1,0,62,19,2,23,6,3,4,2,4,0,3,9,0,0,1,0,0,0,0,Master,Together,2012-09-08
906631,1969,54600.0,0,1,35,151,7,54,13,2,58,3,5,1,5,4,0,0,0,0,0,1,0,2n Cycle,Single,2013-02-23
906632,1964,40300.0,0,0,45,138,4,78,21,8,28,0,3,0,4,2,0,0,0,0,0,0,0,Graduation,Widow,2013-02-27
906633,1981,66000.0,0,0,0,383,6,134,253,198,63,1,5,8,9,5,1,0,0,0,1,1,0,Master,Together,2012-09-14
906634,1974,55300.0,1,1,22,80,3,49,29,4,31,4,3,2,6,6,0,0,0,0,0,0,0,PhD,Together,2013-07-10
906635,1990,19900.0,0,0,12,12,0,9,17,1,2,2,1,1,3,4,0,0,0,0,0,0,0,2n Cycle,Together,2013-05-03
906636,1975,68400.0,0,0,29,710,75,278,11,56,79,1,5,7,8,3,0,0,0,0,0,1,0,PhD,Married,2013-12-20
906637,1957,21300.0,1,1,72,29,1,9,2,2,43,3,2,1,2,6,0,0,0,0,0,0,0,Basic,Together,2012-12-04
906638,1957,61800.0,0,1,42,358,5,92,1,11,10,3,5,3,5,5,0,0,0,0,0,0,0,Graduation,Married,2013-10-26
906639,1973,78300.0,0,1,45,242,58,106,11,29,93,1,7,2,4,3,0,0,0,0,0,0,0,PhD,Married,2013-04-17
906640,1982,65900.0,0,1,75,817,15,259,6,3,88,1,4,3,10,5,1,0,0,0,0,1,0,PhD,Unknown,2014-06-26
906641,1975,78500.0,1,1,0,365,2,243,17,16,28,14,4,2,11,7,0,0,0,0,0,0,0,Graduation,Together,2014-01-09
906642,1977,33400.0,0,0,99,183,20,113,218,4,125,2,7,2,5,5,0,0,1,1,0,0,0,Graduation,Married,2014-02-10
906643,1963,85000.0,0,1,17,1081,25,1157,259,99,362,3,10,4,13,5,0,0,0,0,0,0,0,Graduation,Together,2013-07-14
906644,1967,46000.0,0,1,0,364,0,60,3,2,65,6,7,2,5,8,0,0,1,0,0,0,0,Graduation,Married,2013-07-15
906645,1968,47500.0,0,1,78,200,17,190,56,22,262,4,2,7,4,3,0,0,0,0,0,0,0,Graduation,Married,2014-01-12
906646,1972,36600.0,1,0,93,4,0,5,2,5,5,0,1,0,2,7,0,0,0,0,0,0,0,Graduation,Married,2014-02-03
906647,1974,32800.0,1,0,36,53,0,15,4,3,2,1,2,0,3,7,0,0,0,0,0,0,0,Graduation,Divorced,2013-09-02
906648,1973,52900.0,0,0,64,48,0,10,1,0,2,0,1,0,3,5,0,0,0,0,0,0,0,Graduation,Married,2013-02-16
906649,1951,28600.0,1,1,60,44,8,20,3,4,52,1,1,2,2,6,0,0,0,0,0,0,0,Graduation,Single,2012-08-26
906650,1990,65500.0,0,1,87,677,3,55,58,5,81,1,6,6,13,7,1,0,0,0,0,1,0,PhD,Married,2013-09-18
906651,1972,49600.0,0,1,72,283,58,300,171,2,3,9,8,2,8,5,0,0,0,0,0,0,0,PhD,Together,2013-02-17
906652,1973,20500.0,0,0,42,31,5,11,3,2,18,3,2,1,3,8,0,0,0,0,0,0,0,Graduation,Single,2014-01-10
906653,1971,56700.0,0,1,99,188,70,128,44,263,23,4,6,6,8,5,0,0,0,0,0,0,0,2n Cycle,Divorced,2013-03-06
906654,1945,54600.0,0,1,16,223,3,30,2,2,17,3,5,2,4,6,1,0,1,0,0,0,0,Graduation,Married,2013-08-28
906655,1980,78000.0,0,1,74,945,34,291,62,198,76,1,7,5,5,6,0,0,0,0,0,1,0,PhD,Married,2013-02-05
906656,1979,76200.0,0,1,39,240,179,913,134,263,82,4,4,4,11,4,0,0,0,0,0,0,0,2n Cycle,Married,2014-06-02
906657,1964,44800.0,1,1,54,15,1,10,0,0,8,1,2,0,3,4,0,0,0,0,0,0,0,Graduation,Together,2012-09-06
906658,1968,64600.0,1,0,24,55,40,170,234,31,52,5,4,2,6,8,0,1,0,0,0,0,0,PhD,Single,2014-04-06
906659,1971,62000.0,1,1,50,55,1,14,0,2,8,2,2,1,3,5,0,0,0,0,0,0,0,Graduation,Married,2014-04-30
906660,1987,64600.0,2,1,67,22,0,26,3,4,2,1,1,0,4,5,0,0,0,0,0,0,0,Graduation,Divorced,2013-04-12
906661,1985,30900.0,1,0,16,32,0,36,12,0,1,2,4,0,5,5,0,0,0,0,0,0,0,Graduation,Married,2014-06-01
906662,1959,76200.0,0,1,39,478,38,154,81,25,57,4,6,6,6,5,0,0,0,0,0,0,0,Master,Married,2013-09-27
906663,1962,37500.0,0,0,80,231,38,221,59,26,321,2,7,4,5,6,0,0,0,0,0,0,0,Graduation,Single,2013-03-05
906664,1969,59200.0,0,1,99,106,12,212,30,14,26,1,4,3,6,3,0,0,0,0,0,0,0,Master,Together,2014-03-13
906665,1950,50800.0,0,1,83,460,13,85,7,7,36,3,10,2,6,6,0,0,0,0,0,0,0,Graduation,Single,2013-02-03
906666,1972,79200.0,0,0,92,309,98,218,19,113,116,0,3,4,7,3,0,0,0,0,0,0,1,2n Cycle,Together,2013-04-11
906667,1975,27200.0,1,1,34,7,1,3,1,0,0,2,0,0,3,5,0,0,0,0,0,0,0,Master,Together,2013-05-28
906668,1981,25500.0,1,0,77,4,1,2,1,0,1,1,0,0,2,6,0,0,0,0,0,0,0,Master,Married,2013-02-05
906669,1980,14800.0,1,0,99,8,20,37,3,6,13,1,2,0,3,14,0,0,0,0,0,0,0,PhD,Together,2013-04-04
906670,1964,38400.0,1,1,0,20,1,7,3,2,1,2,1,0,3,7,0,0,0,0,0,0,0,Graduation,Single,2013-04-12
906671,1960,56900.0,0,1,99,598,20,160,5,2,63,8,8,4,5,12,0,0,0,1,0,0,0,Graduation,Married,2012-08-02
906672,1971,68900.0,0,0,17,747,50,357,10,7,13,2,4,4,5,7,0,0,0,0,0,0,0,Graduation,Together,2013-02-07
906673,1956,65800.0,0,1,26,811,39,76,15,26,245,3,6,9,8,5,0,0,0,0,0,0,0,Graduation,Single,2013-09-04
906674,1962,21300.0,0,0,1,12,1,6,1,0,0,0,1,0,2,8,0,0,0,0,0,0,0,Graduation,Divorced,2013-05-30
906675,1965,48400.0,0,1,54,292,10,93,26,152,145,3,8,3,7,6,0,0,0,0,0,0,0,Graduation,Married,2014-04-06
906676,1977,27300.0,1,0,69,0,0,2,1,3,4,1,1,0,2,4,0,0,0,0,0,0,0,PhD,Married,2013-05-07
906677,1950,90300.0,0,0,76,515,161,467,145,5,24,0,5,6,13,2,0,0,0,0,1,1,0,Master,Married,2014-03-31
906678,1977,12800.0,2,0,45,5,5,17,11,1,10,4,1,1,2,10,0,0,0,0,0,0,0,Basic,Together,2013-12-14
906679,1980,85700.0,0,1,46,477,71,288,68,30,96,1,6,8,12,5,0,0,0,0,0,0,0,Master,Married,2013-07-11
906680,1951,57700.0,0,1,11,703,7,102,1,15,144,10,7,3,6,8,0,0,0,0,0,0,0,Graduation,Single,2013-10-08
906681,1975,43900.0,0,0,99,109,17,180,61,263,38,1,4,4,4,2,0,0,0,0,0,0,0,Graduation,Married,2012-10-15
906682,1992,93800.0,0,0,0,477,115,692,48,77,98,0,7,9,5,2,0,0,0,0,0,0,0,Graduation,Together,2014-06-01
906683,1966,33400.0,0,1,41,109,7,56,3,7,30,3,3,1,7,8,0,0,0,0,0,0,0,Graduation,Single,2014-04-14
906684,1991,73600.0,0,0,45,362,30,140,259,140,254,2,6,6,4,3,0,0,0,0,0,0,0,Graduation,Single,2013-02-23
906685,1981,47100.0,1,0,21,70,8,38,5,17,26,1,3,1,4,8,0,0,0,0,0,0,0,PhD,Married,2013-05-02
906686,1977,85100.0,0,0,46,513,193,246,133,198,245,1,5,4,6,4,0,0,1,0,1,1,0,Master,Together,2012-12-30
906687,1967,35600.0,1,0,0,32,6,47,21,5,12,2,3,0,3,6,0,0,0,0,0,0,0,Graduation,Widow,2014-03-23
906688,1984,19200.0,2,0,49,15,13,32,14,10,52,5,4,0,5,11,0,0,0,0,0,0,0,Graduation,Married,2013-04-05
906689,1972,67100.0,0,0,80,797,193,375,253,79,239,2,4,7,5,2,0,0,0,0,1,0,0,Master,Married,2012-08-12
906690,1989,31900.0,0,0,5,52,0,20,1,2,7,1,1,1,3,5,0,0,0,0,0,0,0,PhD,Married,2013-08-23
906691,1979,45000.0,0,0,63,147,89,327,25,6,36,2,3,4,6,2,0,0,0,0,0,0,0,Master,Married,2012-12-02
906692,1973,58700.0,0,1,25,728,42,129,132,134,35,5,7,5,13,7,0,0,0,0,0,0,0,Master,Together,2013-07-07
906693,1979,20200.0,1,1,32,6,0,4,1,2,5,2,1,0,2,8,0,0,0,0,0,0,0,Master,Together,2014-05-06
906694,1984,29100.0,1,0,32,7,3,13,9,4,1,1,1,0,4,5,0,0,0,0,0,0,0,2n Cycle,Together,2013-03-20
906695,1975,50800.0,1,1,54,283,4,55,6,0,9,3,8,2,5,6,0,0,0,0,0,0,0,Graduation,Single,2013-07-23
906696,1963,57700.0,1,1,99,85,4,35,7,1,184,2,6,1,4,5,0,0,0,0,0,1,0,Basic,Together,2014-04-26
906697,1970,25400.0,1,0,60,14,4,10,1,3,2,1,1,0,2,7,0,0,1,0,0,0,0,Graduation,Single,2013-09-23
906698,1969,27800.0,1,1,32,16,2,4,1,2,10,1,1,0,3,7,0,0,0,0,0,0,0,Graduation,Single,2012-08-25
906699,1972,63000.0,1,0,34,58,10,42,45,2,5,3,1,0,6,8,0,0,0,0,0,0,0,PhD,Married,2014-02-08
906700,1961,51000.0,0,0,44,111,23,63,54,28,64,1,7,3,3,4,0,0,0,0,0,0,0,Master,Widow,2014-05-09
906701,1977,48700.0,0,0,22,113,163,98,23,211,88,1,9,3,13,4,0,0,0,0,0,0,0,Graduation,Together,2014-04-13
906702,1960,56100.0,0,1,58,437,7,72,12,1,27,3,3,2,8,6,0,0,0,0,0,0,0,Master,Married,2013-06-21
906703,1979,52500.0,1,1,15,51,1,30,3,4,17,3,3,0,5,8,0,0,1,0,0,0,0,Graduation,Single,2013-08-04
906704,1960,68700.0,0,1,38,1396,21,99,23,26,21,2,3,5,12,4,0,0,0,0,0,0,0,Master,Together,2012-10-21
906705,1971,56400.0,0,0,66,263,32,351,46,40,32,1,3,4,6,2,0,0,0,0,0,0,0,Graduation,Divorced,2014-03-28
906706,1972,54300.0,1,1,18,136,0,49,4,1,104,6,7,1,5,8,0,0,0,0,0,1,0,Graduation,Single,2014-01-14
906707,1967,62600.0,0,1,71,167,33,154,87,263,161,3,5,2,7,4,0,0,0,0,0,0,0,Graduation,Divorced,2014-03-17
906708,1954,76700.0,0,0,85,708,15,942,38,73,55,1,4,4,8,4,0,0,0,1,1,0,0,Master,Divorced,2014-04-16
906709,1961,107500.0,0,1,85,154,29,396,8,263,134,2,3,5,3,2,0,0,0,0,0,0,0,PhD,Married,2014-02-12
906710,1962,73400.0,0,0,25,632,169,1463,73,32,1,2,5,5,13,3,0,0,0,0,0,0,0,Graduation,Married,2013-05-22
906711,1973,75300.0,0,0,19,411,64,202,52,50,42,1,5,10,2,2,0,0,0,0,0,0,0,2n Cycle,Married,2013-04-24
906712,1964,122000.0,0,1,33,536,42,292,80,39,96,2,9,5,12,3,0,0,0,0,0,0,0,PhD,Unknown,2013-12-22
906713,1969,22700.0,1,0,81,24,1,14,4,0,3,2,3,0,3,7,0,0,0,0,0,0,0,Graduation,Together,2012-12-20
906714,1984,58200.0,0,0,29,658,61,260,54,39,169,2,7,7,13,5,0,0,0,0,0,0,0,Master,Together,2013-01-10
906715,1952,44600.0,1,1,50,167,2,13,3,3,3,1,2,1,3,4,0,0,1,0,0,0,0,Graduation,Single,2012-08-02
906716,1978,86900.0,0,1,87,985,23,195,6,6,53,2,6,5,12,4,1,0,0,0,0,0,0,2n Cycle,Widow,2012-08-15
906717,1988,41600.0,0,0,81,284,174,539,259,70,25,1,6,4,13,2,0,0,0,0,0,0,0,PhD,Together,2013-11-08
906718,1964,43400.0,1,0,49,5,0,4,0,0,2,1,1,0,2,7,0,0,0,0,0,0,0,2n Cycle,Married,2013-03-06
906719,1975,39000.0,1,1,13,6,1,6,2,1,3,1,2,0,2,7,0,0,0,0,0,0,0,PhD,Widow,2013-12-09
906720,1995,72600.0,0,0,0,161,28,417,229,25,161,1,4,7,6,3,0,0,0,0,0,1,0,Master,Divorced,2013-05-19
906721,1952,62100.0,0,1,65,577,9,63,1,0,38,2,7,6,6,6,0,0,0,0,0,0,0,Graduation,Widow,2013-05-08
906722,1996,9300.0,1,0,38,2,9,31,31,9,49,2,2,0,2,11,0,0,0,0,0,0,0,Basic,Married,2012-10-28
906723,1981,50000.0,1,1,46,129,22,645,138,37,30,6,4,11,5,6,0,0,0,0,0,0,0,Graduation,Together,2014-06-20
906724,1970,52500.0,0,0,53,789,32,478,88,50,116,2,5,5,9,3,0,0,0,0,0,0,0,PhD,Married,2012-10-03
906725,1946,44700.0,0,1,27,37,5,4,1,3,12,1,1,0,4,5,0,0,0,0,0,0,0,Graduation,Married,2014-04-15
906726,1969,45500.0,1,0,53,495,0,36,0,1,19,3,7,2,5,9,0,0,0,0,0,0,0,PhD,Married,2013-06-22
906727,1984,39300.0,1,1,21,36,2,11,4,1,2,1,1,0,2,7,0,0,0,0,0,0,0,PhD,Married,2012-10-10
906728,1962,55800.0,1,1,52,73,1,12,0,1,14,3,3,1,5,3,0,0,0,0,0,0,1,Graduation,Married,2013-08-13
906729,1986,23300.0,2,0,61,98,62,37,4,15,84,3,5,1,5,7,0,0,0,0,0,1,0,Graduation,Married,2013-06-18
906730,1965,33000.0,0,0,10,22,7,17,4,2,23,2,3,0,3,12,0,0,0,0,0,0,0,Graduation,Divorced,2013-04-25
906731,1959,93100.0,0,0,9,278,84,346,108,71,39,1,3,9,8,1,0,0,0,0,0,0,0,Graduation,Single,2013-01-08
906732,1973,30800.0,1,1,68,8,0,3,4,0,4,1,1,0,2,7,0,0,0,0,0,0,0,PhD,Married,2013-07-09
906733,1967,83600.0,0,0,42,414,4,98,102,117,22,2,3,7,8,2,1,0,0,0,0,1,0,2n Cycle,Single,2013-05-14
906734,1976,41600.0,1,0,56,111,22,43,2,3,26,6,3,2,6,13,0,0,0,0,0,0,0,Graduation,Married,2013-01-12
906735,1968,42800.0,0,1,44,125,12,51,23,4,81,1,8,1,6,6,0,0,0,0,0,1,1,Graduation,Married,2013-04-23
906736,1966,58800.0,0,1,99,150,18,72,23,4,15,2,8,2,4,6,0,0,0,0,0,0,0,Graduation,Single,2012-11-12
906737,1982,79000.0,0,0,25,585,30,776,172,198,24,1,5,7,6,1,1,1,0,0,0,1,0,Graduation,Divorced,2013-08-03
906738,1975,40900.0,2,1,99,33,2,18,1,7,14,4,2,1,3,7,0,0,0,0,0,0,0,PhD,Divorced,2013-02-22
906739,1950,79400.0,0,1,87,738,42,906,24,16,23,2,3,9,8,4,1,0,0,0,1,0,0,Graduation,Married,2014-03-13
906740,1972,100800.0,0,0,99,805,75,882,253,38,7,0,3,5,13,1,1,0,0,0,0,1,0,Master,Divorced,2013-08-10
906741,1977,46800.0,0,1,3,531,21,302,64,19,187,5,8,2,10,8,0,0,0,0,0,0,0,PhD,Single,2012-10-01
906742,1964,89700.0,0,0,66,356,11,98,259,37,91,2,5,3,12,3,0,0,0,0,0,0,0,Graduation,Married,2012-11-16
906743,1973,52600.0,2,1,94,91,3,41,1,2,9,6,4,0,4,5,0,0,0,0,0,0,0,Graduation,Divorced,2013-05-18
906744,1954,92700.0,0,0,57,484,193,981,140,139,36,1,7,4,6,2,1,0,1,1,1,0,0,2n Cycle,Single,2013-08-25
906745,1960,22000.0,0,1,22,9,3,5,3,0,4,1,1,1,2,4,0,0,0,0,0,0,0,2n Cycle,Married,2014-04-18
906746,1978,24600.0,1,0,37,2,1,7,2,1,2,1,1,0,4,7,0,0,0,0,0,0,1,PhD,Together,2012-12-30
906747,1963,35300.0,1,1,63,267,8,37,0,5,52,5,6,2,8,8,0,0,0,0,0,0,0,Graduation,Married,2013-07-28
906748,1967,23200.0,0,0,56,26,2,20,21,2,10,1,2,0,2,7,0,0,0,0,0,1,0,Graduation,Married,2013-08-23
906749,1955,42700.0,0,1,58,96,5,22,5,13,11,1,5,1,3,3,0,0,0,0,0,0,0,PhD,Married,2013-10-11
906750,1959,69400.0,0,0,57,262,197,310,31,158,35,1,5,4,10,2,0,0,0,0,0,0,0,Graduation,Single,2013-10-04
906751,1977,63200.0,0,0,34,501,35,135,69,64,7,1,2,7,8,1,0,0,0,0,0,0,0,2n Cycle,Together,2012-11-12
906752,1975,70800.0,0,0,18,1350,90,378,79,71,83,2,8,6,11,3,0,0,0,0,0,0,0,Graduation,Married,2013-08-11
906753,1940,58300.0,0,2,0,475,2,54,1,4,17,2,6,1,9,5,0,0,0,0,0,0,0,2n Cycle,Single,2012-11-25
906754,1974,34800.0,1,1,35,28,1,26,12,0,4,2,2,0,3,7,0,0,0,0,0,0,0,Graduation,Together,2013-03-18
906755,1961,43500.0,0,0,68,6,7,8,6,4,18,2,2,1,6,4,0,0,0,0,0,0,0,Graduation,Married,2013-05-16
906756,1974,39300.0,0,1,69,59,6,24,2,3,12,2,2,1,4,4,0,0,0,0,0,0,0,Graduation,Together,2014-02-01
906757,1975,72700.0,0,0,46,721,1,590,28,198,48,0,5,6,13,3,1,0,0,0,0,1,0,Graduation,Single,2014-06-07
906758,1992,41400.0,0,0,0,67,17,71,4,6,25,2,3,3,3,7,0,0,0,0,0,0,0,Graduation,Together,2014-04-08
906759,1974,18300.0,0,0,99,11,5,8,4,2,17,2,1,2,2,8,0,0,0,0,0,0,0,Graduation,Married,2012-08-22
906760,1973,51600.0,0,1,13,168,107,329,131,36,37,4,7,6,5,5,0,0,0,0,0,0,0,PhD,Single,2012-10-26
906761,1965,111300.0,0,2,85,471,10,77,32,179,36,2,4,4,5,3,0,0,0,0,0,0,0,Graduation,Divorced,2013-06-08
906762,1978,54500.0,0,1,58,19,0,15,0,1,3,0,1,1,3,4,0,0,0,0,0,0,0,PhD,Single,2014-06-01
906763,1961,59800.0,0,0,96,300,0,271,33,1,42,2,3,3,7,2,0,0,0,0,0,0,0,Graduation,Single,2013-11-05
906764,1989,81900.0,0,0,74,1016,55,923,7,48,20,1,2,3,13,1,1,0,0,0,1,0,0,Graduation,Single,2013-08-15
906765,1986,22100.0,1,0,63,1,5,3,1,2,11,1,0,0,2,9,0,0,0,0,0,0,0,Graduation,Married,2013-05-13
906766,1976,79800.0,0,0,19,534,71,472,52,13,129,0,6,3,11,4,1,0,1,1,0,0,0,PhD,Single,2013-05-04
906767,1966,28000.0,1,0,22,49,3,26,8,3,23,1,1,1,3,9,0,0,0,0,0,0,0,Graduation,Single,2013-09-14
906768,1957,43600.0,0,1,39,37,0,12,2,5,43,1,3,1,2,5,0,0,0,0,0,0,0,PhD,Together,2014-02-15
906769,1973,40200.0,2,0,3,18,5,29,11,5,13,2,2,0,3,5,0,0,0,0,0,0,0,Graduation,Together,2014-02-02
906770,1964,37000.0,1,0,0,170,0,16,2,1,14,3,3,1,2,8,0,0,0,0,0,0,0,Graduation,Single,2012-10-12
906771,1958,64600.0,1,1,64,17,2,11,8,3,13,1,1,1,3,6,0,0,0,0,0,0,0,Basic,Single,2012-12-04
906772,1969,53800.0,0,1,48,493,39,165,148,4,60,2,11,9,7,8,0,0,1,0,0,1,0,2n Cycle,Married,2014-01-11
906773,1974,75400.0,0,0,98,344,32,243,6,21,5,0,5,7,13,1,1,0,0,0,1,1,0,PhD,Married,2013-12-31
906774,1978,43400.0,1,0,45,37,11,59,81,83,43,2,4,2,4,8,0,0,1,0,0,0,0,Graduation,Married,2013-02-19
906775,1993,48600.0,1,0,34,3,5,10,2,7,23,2,2,0,3,7,0,0,0,0,0,0,0,Graduation,Together,2014-06-20
906776,1983,49000.0,1,1,56,60,8,52,1,8,25,2,2,0,4,6,0,0,0,1,0,0,0,2n Cycle,Widow,2013-01-26
906777,1967,25200.0,1,0,83,5,2,8,5,2,3,1,2,0,2,9,0,0,0,0,0,1,0,Graduation,Married,2013-10-23
906778,1994,33900.0,0,0,24,26,2,5,3,2,3,1,2,0,3,5,0,0,0,0,0,0,0,PhD,Married,2013-08-22
906779,1940,76000.0,0,2,39,894,0,21,0,0,20,5,9,3,6,8,0,0,0,0,0,0,0,Graduation,Single,2013-01-23
906780,1969,66000.0,0,1,48,474,193,302,145,66,28,2,6,7,4,5,0,0,0,0,0,0,0,Graduation,Married,2013-06-24
906781,1993,25100.0,1,0,67,1,14,8,43,10,0,1,1,0,3,6,0,0,0,0,0,0,0,Graduation,Married,2012-08-09
906782,1962,46200.0,1,0,6,296,9,63,12,0,51,5,11,1,7,10,0,0,0,1,0,0,0,Graduation,Single,2014-02-14
906783,1943,91800.0,0,0,69,1396,39,886,161,45,102,3,8,6,13,4,0,0,0,0,0,0,0,PhD,Married,2013-07-27
906784,1968,49300.0,1,1,41,419,0,82,5,0,42,6,7,2,6,9,0,0,0,0,0,0,0,Graduation,Widow,2014-02-13
906785,1966,86000.0,0,0,50,1493,5,340,21,9,34,1,4,6,9,3,1,1,0,0,1,1,0,Graduation,Together,2013-05-07
906786,1963,60800.0,0,1,71,366,141,131,33,45,31,1,5,2,11,4,0,0,0,0,0,0,0,2n Cycle,Together,2014-01-25
906787,1964,56300.0,0,0,64,235,76,189,8,13,29,5,8,4,5,4,0,0,0,0,0,0,0,Graduation,Married,2013-10-21
906788,1973,61500.0,1,1,95,164,2,14,7,0,9,2,3,0,4,6,0,0,0,0,0,0,0,PhD,Married,2013-06-16
906789,1962,49100.0,0,1,21,369,197,203,240,21,41,2,4,7,13,4,0,0,0,0,0,0,0,Graduation,Married,2013-11-12
906790,1984,41300.0,0,0,23,16,5,8,1,8,18,1,1,0,5,4,0,0,0,0,0,0,0,Graduation,Married,2013-08-20
906791,1986,18000.0,1,0,0,4,2,10,3,11,5,2,2,0,3,6,0,0,0,0,0,0,0,PhD,Single,2013-06-10
906792,1962,62900.0,0,1,8,870,122,321,10,10,68,2,6,3,7,6,0,0,1,0,0,0,0,PhD,Together,2014-01-06
906793,1961,65900.0,0,1,0,423,65,242,22,4,7,1,2,3,12,2,0,0,0,0,0,0,0,2n Cycle,Together,2014-01-02
906794,1943,86900.0,0,1,59,484,5,287,129,67,18,1,4,9,6,1,0,0,0,0,0,0,0,Master,Single,2012-12-14
906795,1973,42900.0,1,1,90,168,2,96,4,21,16,3,4,2,6,6,0,0,0,0,0,1,0,PhD,Together,2013-06-19
906796,1958,108700.0,0,1,0,1396,73,1725,35,46,3,2,6,15,9,2,0,0,0,0,0,0,0,PhD,Married,2013-05-17
906797,1969,11500.0,1,0,23,4,0,5,10,3,37,2,1,1,2,10,0,0,0,0,0,0,0,Master,Together,2014-04-18
906798,1957,66500.0,0,1,52,294,2,39,1,1,39,2,7,1,6,5,0,0,0,0,0,0,0,PhD,Single,2012-10-06
906799,1986,60400.0,0,1,81,150,15,374,141,26,116,3,3,7,7,6,0,0,0,0,0,0,0,Graduation,Married,2014-03-25
906800,1970,56600.0,1,0,20,200,19,99,52,43,30,9,6,1,8,6,0,0,0,0,0,1,0,PhD,Married,2012-10-16
906801,1972,94500.0,0,0,14,571,40,757,32,81,245,2,8,3,8,4,0,0,0,1,0,0,0,PhD,Together,2013-12-28
906802,1966,65500.0,0,1,31,339,6,80,5,0,9,2,3,3,7,6,0,0,0,0,0,0,0,Master,Divorced,2013-12-22
906803,1987,19200.0,1,0,5,21,9,27,21,4,10,2,2,1,3,7,0,0,0,0,0,0,0,2n Cycle,Divorced,2014-05-14
906804,1961,50200.0,0,0,27,156,58,214,4,10,87,2,2,1,9,2,0,0,0,0,0,0,0,Graduation,Married,2012-09-25
906805,1978,62500.0,1,0,34,363,0,263,20,13,32,3,3,5,10,4,0,0,0,0,0,0,0,Master,Widow,2013-04-06
906806,1966,44000.0,0,0,53,137,9,146,49,13,43,2,5,2,6,11,0,0,0,0,0,0,0,Graduation,Married,2012-08-14
906807,1980,60300.0,1,1,62,123,11,94,17,31,70,3,3,3,4,4,0,0,0,0,0,1,0,Graduation,Divorced,2013-10-24
906808,1977,69500.0,0,1,29,676,5,339,0,2,59,1,5,5,7,3,1,0,1,1,1,1,0,Graduation,Married,2014-06-20
906809,1963,17400.0,1,0,53,8,6,15,6,1,5,1,1,0,3,7,0,0,0,0,0,0,0,Master,Single,2014-05-08
906810,1978,66400.0,0,1,0,218,102,83,5,46,200,2,4,4,9,2,0,0,0,0,0,0,0,Graduation,Divorced,2014-01-13
906811,1984,23400.0,1,0,77,4,7,7,11,6,14,1,1,1,1,7,0,0,0,0,0,0,0,PhD,Married,2013-06-16
906812,1984,25900.0,0,0,55,24,7,50,11,2,3,1,2,0,3,7,0,0,0,0,0,1,0,Master,Married,2012-11-06
906813,1984,14200.0,1,0,85,7,11,17,3,9,32,3,2,0,3,7,0,0,0,0,0,0,0,2n Cycle,Married,2014-04-08
906814,1977,62300.0,1,0,43,227,50,84,51,41,211,7,4,3,7,4,0,0,0,0,0,0,0,Graduation,Married,2013-03-17
906815,1990,80000.0,0,0,24,54,7,157,4,16,4,1,2,1,5,1,0,0,0,0,0,0,0,Graduation,Together,2014-06-03
906816,1969,26700.0,1,1,99,70,47,37,46,0,15,2,4,1,3,5,0,0,0,0,0,0,0,Master,Unknown,2014-05-11
906817,1991,20200.0,0,0,97,3,17,7,19,5,13,2,1,0,4,6,0,0,0,0,0,0,0,Graduation,Married,2013-03-13
906818,1975,19700.0,1,0,33,6,0,15,4,2,26,3,1,0,3,10,0,0,0,0,0,0,0,Graduation,Married,2012-11-03
906819,1970,31700.0,0,1,1,7,0,2,0,3,3,1,0,0,3,5,0,0,1,0,0,0,1,Master,Single,2013-12-04
906820,1973,28100.0,1,1,70,14,2,32,4,2,10,2,2,0,4,6,0,0,0,0,0,0,0,Graduation,Married,2013-03-15
906821,1969,52900.0,1,0,49,32,5,19,0,3,4,1,1,0,4,6,0,0,0,0,0,1,0,PhD,Together,2014-03-08
906822,1967,50700.0,0,1,78,84,5,95,27,10,27,2,4,2,3,3,0,0,0,0,0,0,0,Graduation,Single,2013-01-08
906823,1990,91600.0,0,0,29,351,27,959,57,19,60,0,7,6,7,3,1,0,0,0,0,0,0,Graduation,Together,2013-06-26
906824,1992,63000.0,0,0,69,184,3,22,7,2,61,2,7,2,4,7,0,0,0,1,0,1,0,PhD,Married,2014-06-24
906825,1991,46700.0,1,1,73,177,19,104,14,65,59,8,7,1,7,7,0,0,0,0,0,0,0,PhD,Single,2013-12-10
906826,1996,16900.0,2,0,22,17,8,29,5,17,25,7,3,1,6,4,0,0,0,0,0,0,0,Graduation,Single,2013-10-21
906827,1965,89100.0,0,0,99,93,16,139,82,4,18,0,1,2,5,0,0,0,0,0,0,0,0,Master,Single,2014-02-21
906828,1979,46200.0,1,0,39,77,20,100,45,3,49,7,6,4,5,9,0,0,0,0,0,1,0,Graduation,Divorced,2013-05-05
906829,1995,66000.0,0,0,30,231,81,449,7,16,27,2,4,2,5,4,1,0,0,1,1,0,0,2n Cycle,Married,2013-01-16
906830,1965,62000.0,0,1,34,846,1,40,2,3,4,5,7,5,11,4,0,0,0,0,0,0,0,Graduation,Divorced,2014-03-21
906831,1986,100300.0,0,0,39,378,193,788,253,42,245,0,9,8,3,2,1,0,0,0,1,1,0,PhD,Together,2013-07-20
906832,1965,42600.0,0,1,75,97,30,87,21,36,44,3,7,3,4,7,0,0,0,0,0,0,0,Graduation,Married,2014-05-14
906833,1965,54200.0,0,1,25,362,23,53,9,7,88,6,5,2,8,9,0,0,0,0,0,0,0,Master,Together,2013-12-25
906834,1971,77800.0,1,0,62,909,4,547,73,131,41,3,14,2,11,7,0,0,0,0,0,0,0,PhD,Married,2014-01-29
906835,1984,34700.0,0,0,57,38,2,33,5,2,3,2,2,0,6,7,0,0,0,0,0,0,0,Graduation,Married,2013-07-13
906836,1971,66200.0,0,2,24,1396,138,69,71,22,56,5,14,1,13,8,0,0,0,0,0,0,0,Graduation,Married,2012-10-08
906837,1957,54700.0,1,0,29,70,30,94,34,69,21,2,3,1,3,6,0,0,0,0,0,0,0,PhD,Married,2012-08-04
906838,1982,26000.0,1,0,44,15,35,50,33,36,52,2,4,0,5,9,0,0,0,0,0,0,0,PhD,Together,2014-02-23
906839,1970,34300.0,0,0,38,46,0,11,3,0,2,2,4,0,3,6,0,0,0,0,0,0,0,Graduation,Together,2013-10-12
906840,1943,80900.0,0,1,75,116,20,98,4,3,18,1,2,2,3,3,0,0,0,0,0,0,0,PhD,Widow,2013-12-13
906841,1979,56200.0,0,0,58,1111,131,649,117,14,64,3,7,7,10,7,0,0,0,0,0,0,0,Graduation,Married,2012-08-10
906842,1957,62500.0,0,1,16,350,10,63,16,1,51,1,7,1,4,6,0,0,0,0,0,0,0,Graduation,Single,2014-05-23
906843,1961,72900.0,0,0,51,179,3,76,25,1,44,2,3,4,4,2,0,0,0,0,0,0,0,Graduation,Together,2014-04-07
906844,1977,40700.0,2,0,77,3,4,8,3,0,6,1,1,0,3,5,0,0,0,1,0,0,0,Master,Single,2014-02-20
906845,1962,68900.0,0,1,34,437,1,37,4,12,19,6,7,2,8,9,0,0,0,0,0,0,0,Graduation,Married,2013-10-18
906846,1952,72100.0,0,0,79,1243,5,78,121,8,37,0,3,7,11,2,1,1,0,0,0,0,0,Master,Divorced,2014-03-01
906847,1964,46100.0,1,1,66,31,6,17,3,2,8,3,3,1,3,5,0,0,0,0,0,0,0,PhD,Divorced,2013-04-13
906848,1981,33200.0,1,0,44,6,0,5,2,1,2,1,2,0,2,6,0,0,0,0,0,0,0,Graduation,Married,2013-04-30
906849,1961,75600.0,0,0,29,607,54,906,11,81,34,2,4,4,7,3,0,0,1,0,1,0,0,Graduation,Unknown,2013-09-18
906850,1980,73800.0,0,0,25,525,5,562,5,20,84,2,2,4,5,4,0,1,1,1,0,1,0,Graduation,Married,2014-05-16
906851,1962,23000.0,1,0,33,2,3,4,1,1,1,2,2,0,3,9,0,0,0,0,0,1,0,Graduation,Single,2014-04-30
906852,1967,54400.0,0,1,47,382,4,96,44,119,17,3,8,6,10,8,0,0,0,0,0,0,0,Master,Married,2012-10-03
906853,1972,64600.0,1,1,39,30,2,21,1,1,2,2,1,0,5,2,0,0,0,0,0,0,0,Graduation,Divorced,2013-06-04
906854,1970,72700.0,0,0,46,445,10,159,47,14,50,1,3,7,5,1,1,0,0,1,1,1,0,Graduation,Married,2013-09-10
906855,1984,75400.0,0,0,39,160,37,376,66,23,57,1,5,3,6,2,0,0,0,0,0,0,0,PhD,Married,2012-08-16
906856,1953,74500.0,0,1,63,345,73,52,52,2,80,4,5,2,7,8,0,0,0,0,0,0,0,Graduation,Single,2014-04-18
906857,1987,13900.0,1,0,92,1,2,3,3,7,24,1,1,1,2,6,0,0,0,0,0,0,0,PhD,Divorced,2014-06-18
906858,1965,24400.0,1,0,56,4,5,2,2,4,13,1,1,0,3,5,0,0,0,0,0,0,0,Master,Divorced,2014-01-14
906859,1975,21700.0,2,0,29,18,0,35,3,1,5,2,3,0,2,9,0,0,1,0,0,0,0,Graduation,Single,2013-03-13
906860,1957,23400.0,0,1,63,54,2,5,0,0,3,1,1,1,2,5,0,0,0,0,0,0,0,Master,Married,2012-09-02
906861,1964,38100.0,1,1,99,33,1,22,4,0,5,2,1,1,3,6,0,0,0,0,0,0,1,Graduation,Married,2012-08-29
906862,1952,73800.0,0,1,82,1173,4,219,17,13,33,2,5,3,5,5,1,0,1,0,0,1,0,PhD,Divorced,2014-03-17
906863,1957,31500.0,1,1,0,28,2,13,3,3,12,3,1,1,4,5,0,0,0,0,0,0,0,Graduation,Together,2013-06-19
906864,1976,40700.0,0,1,72,64,26,78,21,11,43,2,6,1,3,8,0,0,0,1,0,1,0,PhD,Together,2014-04-25
906865,1975,24600.0,0,0,88,3,5,18,8,15,10,1,2,0,3,6,0,0,0,0,0,0,0,Graduation,Single,2013-07-08
906866,1961,77200.0,1,1,11,99,8,199,20,1,24,1,3,2,4,3,0,0,0,0,0,0,0,Graduation,Married,2012-11-05
906867,1941,70500.0,0,0,17,591,11,349,16,24,18,2,6,8,5,7,0,0,1,0,0,1,0,PhD,Divorced,2012-10-12
906868,1959,42700.0,0,1,63,287,9,26,6,5,65,4,6,1,6,9,0,0,0,0,0,0,0,Graduation,Single,2013-06-01
906869,1962,90100.0,0,0,55,1493,7,247,17,1,29,1,5,5,9,2,0,0,1,0,0,1,0,PhD,Together,2012-08-31
906870,1956,53900.0,0,1,48,229,6,58,3,3,30,5,4,1,7,9,0,0,0,0,0,0,0,PhD,Single,2012-11-24
906871,1955,32100.0,1,1,61,21,0,8,0,0,1,2,2,0,2,10,0,0,0,0,0,1,0,PhD,Single,2012-10-12
906872,1969,54500.0,0,0,26,6,1,7,6,3,3,1,1,0,4,4,0,0,0,0,0,0,0,Graduation,Divorced,2013-07-18
906873,1975,30200.0,1,0,0,24,3,10,0,3,7,1,1,0,2,6,0,0,0,0,0,0,0,Graduation,Married,2013-09-17
906874,1970,31900.0,1,0,83,13,0,10,2,0,3,2,1,1,2,7,0,0,0,0,0,0,0,PhD,Together,2013-09-08
906875,1967,79400.0,0,1,43,506,31,194,75,34,245,1,6,6,11,7,0,0,0,0,0,1,0,Graduation,Married,2014-06-12
906876,1970,40200.0,2,0,49,3,4,20,7,4,10,3,1,1,3,5,0,0,0,0,0,0,0,Graduation,Together,2013-04-10
906877,1953,64800.0,0,0,24,174,24,72,38,21,6,1,4,2,5,2,0,0,0,0,0,0,0,Graduation,Married,2013-05-11
906878,1974,17900.0,1,0,26,28,1,8,1,2,3,2,2,0,4,4,0,0,0,0,0,0,0,Master,Single,2013-05-06
906879,1961,35400.0,0,1,39,124,30,108,6,24,16,4,5,2,8,8,0,0,0,1,0,0,0,Graduation,Divorced,2012-11-15
906880,1977,70900.0,0,1,99,1493,41,253,0,8,43,3,5,4,13,5,0,0,0,0,0,1,0,Graduation,Single,2013-04-27
906881,1964,77000.0,0,0,58,584,73,470,56,68,44,1,5,4,11,2,0,0,0,0,0,1,0,2n Cycle,Married,2012-10-19
906882,1971,51700.0,1,2,0,63,5,20,6,3,64,2,3,2,4,5,0,0,0,0,0,0,0,Graduation,Single,2014-01-21
906883,1977,84600.0,0,0,70,652,193,981,64,182,245,0,3,3,6,1,0,0,0,0,1,0,0,Master,Single,2013-07-03
906884,1970,40000.0,0,1,9,20,0,7,1,3,15,2,2,0,3,6,0,0,0,0,0,0,0,PhD,Married,2013-06-03
906885,1981,31800.0,1,0,52,5,10,9,5,0,3,2,3,0,3,7,0,0,0,0,0,0,0,Graduation,Single,2013-04-09
906886,1965,28600.0,2,1,45,9,1,8,1,1,2,2,2,0,2,9,0,0,0,0,0,0,0,Basic,Together,2012-11-06
906887,1960,39300.0,0,0,7,183,14,88,23,5,5,4,4,2,8,4,0,0,0,0,0,0,0,Graduation,Together,2012-10-20
906888,1967,80200.0,0,1,39,1080,8,298,13,6,19,1,4,3,7,4,0,0,0,0,0,1,0,Master,Single,2013-05-28
906889,1958,73200.0,1,0,54,103,7,34,0,0,11,4,2,0,10,10,0,0,0,0,0,0,0,2n Cycle,Married,2012-08-28
906890,1975,57100.0,0,2,67,556,48,158,84,40,362,2,4,1,13,5,0,0,0,0,0,0,0,Graduation,Married,2013-12-12
906891,1966,54000.0,0,0,0,124,7,85,15,12,14,1,7,1,5,8,0,0,0,0,0,0,0,PhD,Together,2014-04-15
906892,1986,33100.0,1,0,43,1,2,10,9,3,5,1,1,0,2,4,0,0,0,0,0,0,0,Graduation,Married,2012-10-10
906893,1968,41000.0,1,0,50,232,43,87,36,12,69,3,5,2,4,8,0,0,0,0,0,0,0,Graduation,Divorced,2012-08-07
906894,1974,93600.0,0,0,68,274,17,273,120,31,60,0,3,2,5,0,0,0,0,0,0,0,0,Graduation,Together,2013-01-04
906895,1960,51500.0,0,1,0,172,8,116,161,11,58,3,5,4,7,6,0,0,0,0,0,0,0,Graduation,Divorced,2012-09-12
906896,1973,27100.0,2,1,32,20,3,55,4,3,5,4,3,0,4,9,0,0,0,0,0,0,0,Graduation,Married,2013-12-11
906897,1956,62700.0,1,1,30,329,3,125,7,2,16,6,7,3,4,7,0,0,0,0,0,0,0,Graduation,Together,2014-01-10
906898,1963,75500.0,0,1,78,387,17,155,4,54,53,3,5,3,8,4,0,0,0,0,0,0,0,PhD,Together,2013-04-20
906899,1974,15600.0,0,0,49,17,5,28,8,9,30,3,1,1,3,9,0,0,0,0,0,0,0,Graduation,Married,2013-06-05
906900,1994,105500.0,0,0,25,1014,83,910,253,198,45,1,6,7,9,1,0,0,1,0,0,0,0,Graduation,Single,2014-01-23
906901,1984,34400.0,1,0,41,86,1,27,7,15,56,2,4,1,4,7,0,0,0,0,0,0,0,PhD,Married,2013-09-21
906902,1972,34500.0,1,1,54,31,0,9,7,9,16,2,1,1,3,5,0,0,0,0,0,0,0,PhD,Married,2013-07-31
906903,1978,26800.0,1,0,40,1,2,7,1,0,6,0,0,0,2,10,0,0,0,0,0,1,0,Master,Married,2012-10-27
906904,1973,16700.0,2,0,60,10,4,31,15,0,1,2,2,0,3,8,0,0,0,0,0,0,1,Graduation,Married,2014-06-06
906905,1969,80000.0,0,0,90,500,3,293,119,155,43,1,6,10,8,2,0,0,0,1,1,0,0,Graduation,Together,2014-05-25
906906,1967,14700.0,1,1,61,15,8,17,7,3,9,2,1,2,2,6,0,0,0,0,0,0,0,PhD,Married,2012-10-28
906907,1958,52100.0,0,2,75,317,7,70,38,11,75,11,5,3,8,7,0,0,1,0,0,0,0,Basic,Single,2013-11-20
906908,1966,24200.0,2,1,33,18,3,6,1,3,5,5,2,1,3,6,0,0,0,0,0,1,0,Graduation,Married,2014-03-10
906909,1969,31900.0,1,0,33,40,0,17,3,0,9,1,2,0,3,7,0,0,0,0,0,0,0,Graduation,Married,2013-08-17
906910,1983,66200.0,0,0,59,241,110,175,20,0,96,2,3,4,9,7,0,0,0,0,0,1,0,Master,Together,2013-12-24
906911,1966,56500.0,1,1,0,309,3,98,58,3,21,6,6,3,7,6,0,0,0,0,0,0,0,Graduation,Married,2013-02-20
906912,1955,58000.0,0,1,71,104,3,72,13,19,44,2,4,5,5,2,0,0,0,0,0,0,0,Master,Married,2013-08-06
906913,1956,44100.0,0,1,66,112,21,114,227,157,82,1,6,1,5,9,0,0,1,0,0,0,0,Graduation,Widow,2013-09-01
906914,1979,31400.0,1,0,76,201,12,49,18,29,56,3,5,1,4,8,0,0,0,0,0,0,0,Graduation,Divorced,2013-07-31
906915,1968,73200.0,0,0,70,355,6,508,99,26,12,1,6,6,7,2,0,0,0,1,0,1,0,Graduation,Single,2012-09-28
906916,1967,65100.0,0,1,48,334,50,125,36,41,175,3,4,6,10,4,0,0,0,0,1,0,0,Graduation,Married,2014-02-13
906917,1968,66400.0,0,1,64,268,23,415,15,42,42,3,4,8,3,4,0,0,0,0,0,0,0,Master,Together,2013-11-11
906918,1956,41200.0,1,1,0,14,1,10,0,1,0,2,1,0,4,6,0,0,0,0,0,0,0,Master,Single,2014-06-10
906919,1975,59300.0,0,0,7,183,4,97,8,51,19,2,5,2,7,8,0,0,0,0,0,0,0,Master,Single,2014-02-01
906920,1978,46800.0,1,1,41,103,2,12,6,10,25,5,3,1,4,7,0,0,0,0,0,0,0,Master,Married,2014-03-18
906921,1971,31800.0,0,1,0,107,1,3,4,3,5,3,2,1,3,4,0,0,0,0,0,0,0,Graduation,Divorced,2014-03-15
906922,1960,36000.0,0,1,0,6,0,4,0,1,8,2,1,0,2,8,0,0,0,0,0,0,0,Graduation,Single,2014-04-30
906923,1975,24400.0,1,1,82,5,1,7,2,0,4,1,1,0,2,8,0,0,0,0,0,1,0,PhD,Single,2014-04-26
906924,1964,17400.0,0,1,70,7,7,5,7,2,25,1,1,0,3,8,0,0,0,0,0,0,0,Master,Together,2014-06-20
906925,1959,86800.0,0,0,29,681,0,168,12,123,52,1,4,6,6,7,0,0,0,0,1,1,0,Graduation,Married,2013-03-31
906926,1969,68200.0,0,0,22,703,4,211,19,13,36,1,5,7,11,2,0,0,0,1,1,0,0,Graduation,Married,2013-09-30
906927,1968,82100.0,0,1,32,251,3,37,114,4,47,0,4,1,6,2,0,0,0,0,0,0,0,Master,Together,2013-01-14
906928,1963,77100.0,0,0,53,965,13,178,231,65,14,2,3,5,7,1,0,0,0,0,1,1,0,PhD,Together,2013-06-22
906929,1978,14500.0,1,0,18,4,1,9,3,0,41,2,1,1,2,6,0,0,0,0,0,0,0,PhD,Married,2013-06-01
906930,1985,82700.0,0,0,4,710,5,462,9,13,26,0,4,5,6,3,0,0,0,1,0,1,0,Master,Divorced,2013-10-11
906931,1965,46100.0,0,1,0,937,0,81,259,46,50,6,10,2,11,8,0,0,0,0,0,0,0,Master,Married,2013-03-27
906932,1973,35000.0,0,1,35,291,39,89,9,10,12,5,15,2,11,8,0,0,0,0,0,0,0,Graduation,Together,2013-08-19
906933,1960,69000.0,0,0,74,259,14,366,48,72,72,1,6,4,6,1,0,0,0,0,0,0,0,2n Cycle,Married,2014-02-27
906934,1978,47000.0,1,1,50,29,0,4,0,0,1,1,1,0,4,3,0,0,0,0,0,0,0,Master,Married,2013-01-12
906935,1953,86600.0,0,1,57,917,16,525,21,29,18,1,7,6,7,4,1,1,0,0,0,1,0,Graduation,Single,2014-01-01
906936,1960,92900.0,0,0,36,324,53,231,50,20,18,1,1,4,7,0,0,0,0,0,0,0,0,Graduation,Widow,2012-11-24
906937,1963,14400.0,0,1,86,5,5,12,3,12,7,2,1,1,2,6,0,0,0,0,0,0,0,Graduation,Single,2014-06-14
906938,1975,45400.0,0,1,36,329,3,33,0,13,10,3,6,0,4,6,0,0,0,0,0,0,0,Graduation,Together,2014-03-18
906939,1959,65500.0,0,1,25,742,0,63,2,0,6,1,7,2,10,7,0,0,0,0,0,1,0,Master,Single,2013-06-27
906940,1985,66600.0,0,2,43,808,17,511,82,67,212,6,7,8,7,6,0,0,0,0,0,0,0,PhD,Together,2013-05-10
906941,1976,31100.0,0,0,31,20,4,12,5,6,32,1,1,1,3,6,0,0,0,0,0,0,0,Basic,Married,2013-08-23
906942,1977,55400.0,0,0,37,185,2,73,2,8,86,1,3,2,7,3,0,0,0,0,0,0,0,Master,Married,2013-08-17
906943,1976,19900.0,1,0,0,4,0,5,2,0,5,1,1,1,1,7,0,0,0,0,0,0,0,Graduation,Single,2013-03-07
906944,1947,85500.0,1,1,0,274,11,68,11,26,36,2,8,2,5,5,0,0,0,0,0,0,0,Graduation,Divorced,2014-01-01
906945,1967,53800.0,0,1,35,1318,17,598,22,13,90,2,5,5,13,4,0,0,0,0,0,0,0,PhD,Married,2014-04-20
906946,1958,78000.0,0,0,74,552,197,212,94,18,362,1,5,4,13,4,0,0,0,0,0,0,0,Graduation,Together,2013-12-09
906947,1961,50900.0,0,1,28,156,12,115,13,11,43,3,2,1,11,2,0,0,0,0,0,0,0,2n Cycle,Married,2012-09-28
906948,1964,81000.0,0,0,0,742,56,301,61,3,105,1,5,8,6,5,0,0,1,0,1,1,0,Graduation,Married,2014-03-05
906949,1960,33800.0,1,1,0,38,1,22,3,1,2,3,2,1,3,5,0,0,0,0,0,0,0,Graduation,Married,2013-09-23
906950,1984,43300.0,2,1,7,54,7,25,3,6,41,3,3,1,3,8,0,0,0,0,0,0,0,Graduation,Married,2013-05-14
906951,1982,25100.0,1,1,69,17,5,14,4,3,15,3,3,0,4,9,0,0,0,0,0,0,0,Graduation,Married,2013-12-19
906952,1961,83900.0,0,0,33,1281,193,250,31,53,6,1,5,6,6,1,0,0,0,0,0,0,0,PhD,Single,2012-10-13
906953,1969,84900.0,0,1,82,183,61,75,149,9,190,2,3,2,4,4,0,0,0,0,0,0,0,Graduation,Together,2013-03-18
906954,1948,70500.0,0,1,49,659,29,225,229,263,16,1,9,4,11,4,0,0,0,0,0,0,0,Master,Widow,2014-01-27
906955,1964,76200.0,0,0,56,732,193,143,46,5,59,2,6,6,11,4,0,0,0,0,1,1,0,PhD,Married,2013-07-21
906956,1972,39000.0,0,1,72,894,3,198,8,3,114,4,6,2,8,10,0,0,0,0,0,0,0,2n Cycle,Married,2013-04-06
906957,1965,49800.0,1,0,64,7,0,4,0,0,1,0,0,0,2,6,0,0,0,0,0,0,0,Graduation,Married,2013-11-30
906958,1963,17600.0,1,0,0,24,11,52,2,11,52,6,4,2,4,8,0,0,0,0,0,0,0,2n Cycle,Married,2013-04-29
906959,1980,61000.0,1,1,78,94,18,73,6,100,15,5,3,0,8,8,0,0,0,0,0,1,0,2n Cycle,Married,2013-11-25
906960,1971,25700.0,0,1,16,19,1,7,0,3,12,1,1,1,2,6,0,0,0,0,0,0,0,PhD,Married,2014-04-19
906961,1967,96100.0,0,0,89,1063,193,981,208,53,63,0,4,4,6,1,1,0,0,1,1,1,0,PhD,Widow,2014-03-27
906962,1966,18900.0,1,1,91,22,2,13,0,0,2,3,2,0,3,7,0,0,1,0,0,0,0,Graduation,Married,2013-04-09
906963,1964,37700.0,0,0,45,16,10,36,4,5,13,1,1,1,4,5,0,0,0,0,0,0,0,Graduation,Together,2014-04-02
906964,1980,86200.0,0,0,38,632,71,274,21,5,9,1,5,5,8,6,0,0,0,0,0,0,0,Master,Divorced,2014-04-19
906965,1969,71900.0,1,1,51,214,90,122,153,35,98,2,4,3,6,5,0,0,0,0,0,0,0,Master,Together,2012-09-22
906966,1967,73600.0,0,2,24,276,13,161,8,1,23,5,9,1,6,9,0,0,0,0,0,0,0,Graduation,Married,2014-06-05
906967,1984,25700.0,1,0,83,49,6,7,4,1,2,2,2,1,4,4,0,0,0,0,0,0,0,Graduation,Divorced,2013-12-10
906968,1976,33300.0,1,0,50,2,2,4,2,2,0,1,1,0,3,3,0,0,0,0,0,0,0,PhD,Together,2012-08-27
906969,1976,17800.0,1,0,57,20,5,10,12,2,12,2,2,0,3,7,0,0,0,0,0,0,0,Basic,Single,2012-10-27
906970,1977,65600.0,0,0,14,368,153,543,84,43,42,1,6,12,8,7,0,0,0,0,0,0,0,Graduation,Single,2012-12-08
906971,1965,33500.0,1,0,99,137,0,21,1,0,17,3,5,2,4,6,0,0,0,0,0,0,0,Graduation,Divorced,2013-01-18
906972,1976,69700.0,0,1,52,89,130,89,17,10,22,1,3,3,3,2,0,0,0,0,0,0,0,PhD,Single,2014-03-16
906973,1971,57900.0,0,1,2,456,70,62,157,9,51,2,10,4,7,5,0,0,0,0,0,0,0,Graduation,Together,2012-08-02
906974,1963,38600.0,0,1,38,943,15,85,17,16,15,2,1,5,8,4,0,0,0,0,0,0,0,Graduation,Together,2012-08-11
906975,1960,69000.0,0,0,99,860,29,190,26,11,33,4,10,6,9,6,0,0,0,1,0,0,0,2n Cycle,Widow,2013-07-01
906976,1972,18400.0,2,0,29,0,1,2,3,1,38,1,0,0,2,4,0,0,0,0,0,0,0,Master,Married,2014-04-19
906977,1973,30600.0,1,0,93,26,1,15,1,0,9,1,2,1,2,8,0,0,0,0,0,0,0,Master,Single,2013-01-30
906978,1966,33400.0,2,0,24,31,8,53,7,5,10,4,2,1,3,8,0,0,0,0,0,0,0,Master,Widow,2013-12-03
906979,1967,58000.0,0,0,84,201,2,45,2,6,84,2,7,1,5,7,0,0,0,0,0,0,0,Graduation,Single,2013-11-02
906980,1972,51000.0,1,1,66,37,0,16,2,2,1,3,1,0,5,6,0,0,0,0,0,0,0,PhD,Married,2013-03-04
906981,1962,58700.0,0,0,22,1126,4,192,21,11,10,2,3,3,12,3,0,0,0,0,0,1,0,Graduation,Married,2012-08-28
906982,1958,83800.0,0,1,52,1493,14,816,20,45,6,2,4,3,4,4,1,0,0,1,0,1,0,2n Cycle,Married,2013-11-17
906983,1971,35000.0,0,1,36,390,1,40,1,3,93,5,6,2,4,6,0,0,0,0,0,0,0,Graduation,Married,2014-02-26
906984,1974,69700.0,0,1,73,1396,8,188,36,68,9,1,8,4,8,3,0,0,0,0,0,0,0,2n Cycle,Married,2012-12-06
906985,1961,38100.0,0,1,85,469,25,160,23,10,95,15,13,2,12,9,0,0,0,0,0,0,0,PhD,Married,2013-01-31
906986,1971,76500.0,0,1,99,409,6,72,26,5,21,3,9,2,5,7,0,0,0,0,0,0,0,Graduation,Single,2012-09-19
906987,1957,56500.0,1,1,54,238,77,193,167,85,41,6,4,2,11,4,0,1,0,0,0,1,0,Master,Married,2013-12-18
906988,1976,45100.0,1,0,99,278,7,58,62,83,34,4,5,3,5,7,0,0,0,1,0,1,0,PhD,Single,2012-10-03
906989,1970,24900.0,2,1,49,70,0,7,0,0,3,2,3,0,3,8,0,0,0,0,0,0,0,Graduation,Married,2013-11-08
906990,1961,73400.0,0,0,73,545,54,535,51,198,26,1,3,6,9,1,0,0,0,0,0,1,0,Graduation,Married,2013-07-07
906991,1964,80900.0,0,0,61,938,6,275,63,78,88,0,6,7,8,4,1,0,1,0,0,1,0,Graduation,Married,2013-12-18
906992,1981,72400.0,0,1,17,782,7,239,4,3,9,2,5,5,10,6,0,0,0,0,0,1,0,Master,Married,2013-08-06
906993,1959,56700.0,0,1,28,288,197,893,240,263,94,2,9,6,13,5,0,0,0,0,0,0,0,Graduation,Married,2012-11-14
906994,1967,34500.0,0,0,54,280,66,119,87,5,297,3,8,3,5,8,0,0,0,0,0,0,0,PhD,Together,2013-07-06
906995,1956,69300.0,0,1,23,861,10,104,4,20,18,2,6,5,3,4,1,0,1,0,0,1,0,Master,Single,2013-10-31
906996,1964,67000.0,0,0,86,132,16,345,37,94,26,2,1,9,4,1,0,0,0,0,0,0,0,Graduation,Together,2014-01-18
906997,1962,73700.0,0,1,34,1252,127,1458,90,44,219,3,8,14,13,4,0,0,0,0,0,0,0,Graduation,Single,2012-09-30
906998,1973,46300.0,2,1,11,12,0,5,0,0,1,2,1,0,3,5,0,0,0,0,0,1,0,Graduation,Together,2014-02-06
906999,1972,54300.0,1,1,73,56,10,37,80,34,13,5,3,1,6,6,0,0,0,0,0,0,0,Master,Together,2013-06-11
907000,1984,50800.0,1,1,47,111,13,61,9,1,35,3,4,1,4,8,0,0,1,0,0,1,0,Graduation,Together,2013-09-04
907001,1976,30100.0,1,0,93,68,21,59,29,13,78,1,9,0,6,7,0,0,0,1,0,1,0,Graduation,Single,2012-09-29
907002,1964,54900.0,1,1,44,265,5,50,5,1,11,2,5,1,4,7,0,0,0,0,0,0,0,Graduation,Divorced,2013-07-26
907003,1959,58100.0,0,0,73,252,2,195,2,1,48,1,5,4,9,3,0,0,0,1,0,0,0,PhD,Single,2013-08-09
907004,1978,51600.0,0,0,44,250,42,269,179,24,6,1,1,10,9,1,0,0,0,0,0,0,1,Graduation,Divorced,2012-08-02
907005,1959,55200.0,0,2,0,84,4,48,2,7,53,1,5,1,5,5,0,0,0,1,0,0,0,PhD,Married,2014-03-28
907006,1976,21700.0,1,0,52,5,10,13,5,8,25,3,3,1,3,7,0,0,0,0,0,0,0,Graduation,Married,2013-10-30
907007,1978,16200.0,0,1,47,1,3,7,17,0,17,1,0,0,3,6,0,0,0,0,0,0,0,2n Cycle,Together,2014-04-25
907008,1971,51200.0,1,1,59,699,51,114,6,50,83,4,8,3,4,5,0,0,0,0,0,0,0,Graduation,Married,2013-03-03
907009,1979,19000.0,1,0,75,0,5,4,4,5,29,1,2,0,3,7,0,0,0,0,0,0,0,Graduation,Single,2013-03-24
907010,1963,28100.0,0,1,77,143,1,47,1,1,8,4,5,1,6,8,0,0,0,1,0,0,0,Graduation,Together,2013-01-30
907011,1964,75000.0,0,1,63,522,68,322,232,19,245,2,3,4,5,1,1,0,0,1,1,1,0,Master,Married,2013-05-29
907012,1952,84900.0,1,0,32,808,130,234,155,263,71,2,4,4,7,5,0,0,0,0,0,0,0,PhD,Together,2013-12-30
907013,1956,83400.0,0,0,65,373,38,259,16,9,12,1,9,8,3,3,0,0,0,0,0,0,0,Graduation,Married,2012-08-14
907014,1971,45200.0,0,1,42,204,20,187,32,29,125,3,2,5,6,3,0,0,0,0,0,0,0,2n Cycle,Married,2012-10-26
907015,1962,48600.0,0,1,49,150,1,79,28,10,25,1,6,1,5,4,0,0,0,0,0,0,0,PhD,Divorced,2012-08-30
907016,1950,24000.0,1,1,59,30,14,12,2,2,6,2,2,0,3,6,0,0,0,0,0,0,0,PhD,Married,2013-12-30
907017,1970,40000.0,1,0,76,15,1,24,5,3,1,2,1,0,4,6,0,0,0,0,0,0,0,PhD,Divorced,2012-12-11
907018,1960,41700.0,1,0,25,52,33,95,74,102,25,2,3,1,4,4,0,0,0,0,0,0,0,Master,Single,2014-03-15
907019,1952,50100.0,1,2,21,185,2,45,0,4,16,7,4,3,5,7,0,0,0,0,0,1,0,Graduation,Single,2013-05-19
907020,1983,39500.0,0,0,96,47,3,84,19,5,7,3,4,0,6,6,0,0,0,0,0,0,0,Graduation,Single,2013-07-24
907021,1955,45200.0,0,1,40,250,8,84,24,12,205,5,6,2,6,6,0,0,0,0,0,0,0,Graduation,Single,2013-11-23
907022,1988,33500.0,1,1,29,22,6,21,6,12,52,2,2,1,3,7,0,0,0,0,0,0,0,PhD,Single,2014-06-04
907023,1969,15700.0,1,0,32,3,16,11,7,6,52,2,2,1,2,6,0,0,0,0,0,0,0,PhD,Single,2014-05-10
907024,1973,42100.0,0,0,20,52,0,9,1,2,4,1,1,0,3,4,0,0,0,0,0,0,0,Graduation,Together,2013-03-09
907025,1991,86900.0,0,0,0,238,181,981,122,198,66,0,3,9,6,1,0,0,0,0,1,1,0,PhD,Single,2014-03-17
907026,1967,66900.0,0,1,0,1170,16,80,46,28,84,1,5,11,10,2,1,0,1,1,1,0,0,Graduation,Unknown,2012-10-10
907027,1984,86400.0,0,0,23,633,24,981,47,11,17,0,6,8,10,3,0,1,0,0,0,1,0,Master,Together,2013-11-15
907028,1952,101900.0,0,1,62,1048,23,312,23,21,15,2,3,5,10,1,0,0,0,0,1,0,0,Graduation,Together,2014-05-02
907029,1982,95100.0,0,0,33,1032,89,771,37,112,87,1,4,6,7,2,0,1,0,0,0,0,0,PhD,Married,2014-03-08
907030,1964,85100.0,0,1,84,771,12,63,10,5,27,3,3,5,11,4,0,0,0,0,0,0,0,Graduation,Single,2013-10-30
907031,1978,32900.0,1,0,48,15,4,17,2,1,4,2,1,0,4,9,0,0,0,0,0,0,0,Master,Married,2014-03-29
907032,1978,30300.0,1,0,74,62,5,144,36,43,74,3,7,1,6,8,0,0,0,0,0,0,0,PhD,Together,2014-06-21
907033,1973,40600.0,0,1,46,156,0,23,3,1,181,3,6,1,3,7,0,0,0,0,0,0,0,Master,Married,2012-08-11
907034,1995,92400.0,0,0,57,429,9,657,259,42,56,1,4,4,7,2,0,0,0,0,0,0,0,PhD,Divorced,2013-01-21
907035,1949,18800.0,1,1,62,23,3,26,6,6,16,4,3,1,3,9,0,0,0,0,0,0,0,Graduation,Married,2014-04-11
907036,1954,26600.0,1,1,82,89,3,52,8,2,33,3,7,2,2,6,0,0,1,0,0,1,0,PhD,Married,2013-02-04
907037,1957,88800.0,0,1,46,319,31,135,107,263,26,1,4,4,4,1,0,0,0,0,0,0,0,PhD,Married,2013-05-04
907038,1958,42500.0,1,1,39,33,0,6,1,0,4,1,0,0,2,6,0,0,0,0,0,0,0,2n Cycle,Together,2013-05-04
907039,1963,31700.0,0,1,99,65,2,31,7,3,10,3,3,1,3,5,0,0,0,0,0,0,0,Graduation,Together,2013-06-27
907040,1956,69800.0,0,1,53,645,13,54,5,4,107,7,11,3,9,7,0,0,0,0,0,1,0,Graduation,Divorced,2014-05-06
907041,1951,51300.0,1,1,29,138,18,60,4,0,46,2,5,2,4,5,0,0,0,0,0,0,0,Master,Divorced,2014-02-12
907042,1971,52000.0,0,1,65,387,8,284,44,5,42,2,3,4,10,2,0,0,0,0,0,0,0,Graduation,Married,2013-08-10
907043,1983,26600.0,1,0,73,7,0,4,3,0,2,1,1,0,3,6,0,0,0,0,0,0,0,PhD,Single,2012-11-01
907044,1973,46500.0,0,0,54,60,96,44,28,20,47,1,1,1,7,2,0,0,0,0,0,0,0,Graduation,Divorced,2014-04-15
907045,1972,76600.0,0,1,32,586,197,283,259,29,306,3,11,8,13,6,0,0,0,0,0,0,0,Graduation,Together,2013-06-02
907046,1976,62200.0,1,1,14,195,7,221,17,3,18,9,5,2,7,8,0,0,1,0,0,0,0,Graduation,Married,2014-02-16
907047,1983,64600.0,1,0,52,17,0,7,0,0,0,0,0,0,2,8,0,0,0,0,0,0,0,Master,Together,2013-07-14
907048,1947,51600.0,1,1,62,4,0,6,3,2,6,2,1,1,3,6,0,0,0,0,0,0,0,Master,Married,2014-03-20
907049,1956,76400.0,0,0,28,1415,4,395,8,4,24,1,3,5,6,2,0,0,0,0,1,1,0,Graduation,Single,2012-11-20
907050,1972,78600.0,0,1,61,241,16,523,16,159,16,1,3,8,6,1,0,0,0,0,0,0,0,Graduation,Widow,2013-04-07
907051,1961,28700.0,1,1,66,84,0,9,1,0,0,1,1,0,2,7,0,0,0,0,0,0,0,Graduation,Married,2013-12-23
907052,1966,74700.0,1,1,64,581,54,485,259,263,237,2,3,8,7,1,0,0,0,0,0,0,0,Graduation,Married,2013-09-13
907053,1984,34500.0,2,0,63,8,3,10,1,0,1,1,1,0,3,8,0,0,0,0,0,0,0,Graduation,Together,2014-02-14
907054,1961,32000.0,1,0,35,12,1,13,13,1,3,1,2,0,4,4,0,0,0,0,0,0,0,Graduation,Together,2013-01-25
907055,1976,43100.0,0,1,73,516,6,204,12,18,132,5,8,2,6,6,0,0,0,0,0,0,0,Master,Single,2013-07-11
907056,1982,48700.0,0,1,33,259,58,96,44,19,255,2,8,1,6,5,0,0,0,0,0,0,0,Graduation,Divorced,2014-06-09
907057,1985,15600.0,0,0,0,2,16,6,19,3,8,2,2,0,2,10,0,0,1,0,0,0,0,Graduation,Single,2014-05-20
907058,1971,52900.0,0,2,34,208,4,26,3,9,17,2,5,2,8,6,0,0,0,0,0,0,0,Graduation,Married,2013-02-12
907059,1955,80800.0,0,0,43,374,11,71,6,10,108,1,3,7,8,4,0,0,0,1,0,1,0,PhD,Single,2013-10-12
907060,1967,59400.0,0,2,40,286,23,37,11,6,71,7,7,4,7,8,0,0,1,1,0,0,0,Master,Married,2014-02-21
907061,1974,26300.0,1,0,54,13,6,19,8,7,26,2,2,1,3,7,0,0,0,0,0,0,0,Graduation,Married,2014-03-12
907062,1973,82000.0,0,1,33,232,45,169,226,60,362,1,5,1,11,2,0,0,0,0,0,0,0,PhD,Divorced,2014-04-08
907063,1948,35800.0,1,1,66,91,1,19,0,1,7,2,2,0,3,8,0,0,0,0,0,0,0,Master,Married,2013-12-23
907064,1944,55800.0,0,1,53,638,15,32,8,1,28,2,4,3,4,7,0,0,0,0,0,0,0,PhD,Married,2012-09-10
907065,1957,64300.0,0,0,77,442,197,528,173,26,85,1,3,4,9,1,0,0,0,0,0,0,0,Graduation,Single,2013-03-20
907066,1991,20300.0,1,0,64,11,8,43,13,6,45,3,2,1,3,9,0,0,0,0,0,0,0,Graduation,Married,2012-08-11
907067,1979,36100.0,1,1,14,38,1,11,1,3,9,1,1,1,3,5,0,0,1,0,0,0,0,Graduation,Together,2013-10-18
907068,1963,23900.0,1,0,39,6,0,5,0,0,2,1,0,0,2,9,0,0,0,0,0,0,0,2n Cycle,Together,2013-06-30
907069,1983,21400.0,1,0,72,40,8,42,8,1,10,4,4,1,4,6,0,0,0,0,0,0,0,Graduation,Together,2013-03-22
907070,1975,48300.0,0,0,21,17,7,15,7,10,4,1,2,0,3,6,0,0,0,0,0,0,0,PhD,Together,2012-08-19
907071,1943,76800.0,0,1,5,457,50,387,257,38,133,2,5,6,7,3,0,0,0,0,0,0,0,PhD,Together,2012-09-10
907072,1955,96300.0,0,0,16,1073,0,407,3,7,14,2,3,6,8,2,0,0,0,0,0,0,0,Master,Together,2013-10-28
907073,1965,61300.0,0,1,0,215,19,105,19,3,14,2,4,1,7,9,0,0,0,1,0,0,0,Graduation,Married,2012-11-18
907074,1971,62900.0,0,1,22,1181,9,181,134,29,27,3,14,4,13,7,0,0,0,0,0,0,0,2n Cycle,Widow,2012-10-08
907075,1976,104600.0,0,0,90,1493,43,327,253,9,157,1,7,3,10,6,1,0,0,0,1,1,0,Graduation,Single,2014-03-02
907076,1972,60000.0,1,0,27,74,8,21,96,6,27,1,2,0,7,7,0,0,0,0,0,0,0,PhD,Single,2014-06-15
907077,1968,44400.0,1,0,79,165,7,90,12,10,24,3,6,1,5,7,0,0,1,0,0,0,0,PhD,Married,2013-03-08
907078,1984,16100.0,0,0,79,16,7,34,9,14,6,3,3,0,4,7,0,0,0,0,0,0,0,2n Cycle,Married,2014-04-22
907079,1966,36300.0,0,1,51,19,0,5,6,3,5,2,2,1,3,6,0,0,0,0,0,0,0,Graduation,Married,2013-03-30
907080,1980,15500.0,2,0,52,2,5,10,43,5,11,3,3,1,2,9,0,0,0,0,0,0,0,Basic,Married,2013-01-02
907081,1990,15500.0,1,0,86,4,10,27,43,8,52,3,3,1,3,9,0,0,0,0,0,0,0,Graduation,Together,2013-06-30
907082,1978,74300.0,0,1,52,205,17,80,22,16,26,4,6,1,11,6,0,0,0,0,0,0,0,Master,Single,2013-02-25
907083,1966,65600.0,0,1,56,389,7,106,3,2,37,1,7,3,5,5,0,0,0,0,1,1,0,Graduation,Single,2014-03-05
907084,1960,29600.0,1,0,58,12,1,6,1,0,0,2,2,0,2,9,0,0,0,0,0,0,0,Master,Single,2013-09-19
907085,1990,18100.0,1,0,73,100,5,153,90,0,292,6,9,2,3,7,0,0,0,0,0,0,0,Graduation,Married,2012-09-16
907086,1972,45200.0,1,1,62,8,6,10,1,3,13,1,0,1,3,5,0,0,1,0,0,0,0,Graduation,Married,2012-11-24
907087,1962,49300.0,0,0,63,244,2,89,2,14,43,3,4,2,7,7,0,0,1,0,0,0,0,Graduation,Together,2012-08-31
907088,1970,76300.0,0,0,63,231,18,115,17,20,18,2,9,2,6,4,0,0,0,0,0,0,0,Graduation,Married,2013-09-30
907089,1971,41500.0,1,1,34,13,2,8,1,1,4,2,2,0,4,5,0,0,0,0,0,0,0,Graduation,Married,2012-10-03
907090,1981,39200.0,0,0,40,159,38,163,83,42,24,2,3,2,9,2,0,0,0,0,0,0,0,Graduation,Together,2014-01-05
907091,1948,63600.0,1,1,11,205,18,66,25,3,63,3,4,2,6,5,0,0,0,0,0,0,0,Graduation,Married,2012-11-04
907092,1984,20200.0,0,0,87,44,15,84,14,5,35,4,4,1,5,6,0,0,0,0,0,0,0,2n Cycle,Single,2014-02-26
907093,1975,15700.0,1,0,11,1,1,2,0,2,2,1,1,0,3,10,0,0,0,0,0,0,0,Graduation,Single,2014-05-06
907094,1987,67600.0,0,0,60,685,80,500,127,17,29,2,4,2,10,4,1,0,0,0,0,0,0,PhD,Together,2013-05-01
907095,1984,93800.0,0,1,48,129,18,817,40,80,69,3,6,10,3,1,0,0,0,0,0,0,0,Graduation,Single,2013-08-25
907096,1986,85300.0,0,1,0,199,197,118,196,263,99,2,8,2,13,3,0,0,0,0,0,0,0,PhD,Together,2014-05-09
907097,1968,61800.0,0,1,52,97,1,39,0,0,20,1,2,1,2,3,0,0,0,0,0,0,0,Graduation,Together,2012-09-01
907098,1955,37000.0,0,1,78,82,2,36,15,9,17,2,2,2,4,4,0,0,0,0,0,0,0,2n Cycle,Single,2014-02-01
907099,1968,12300.0,0,1,53,1,16,4,9,4,12,1,1,0,3,4,0,0,0,0,0,0,0,Master,Together,2014-04-07
907100,1970,78000.0,0,1,2,396,169,149,32,84,91,1,5,5,8,3,0,0,0,1,0,1,0,Master,Together,2012-11-03
907101,1965,88700.0,0,0,56,599,22,435,107,44,101,1,4,2,6,1,0,0,0,0,0,0,0,PhD,Married,2013-06-28
907102,1965,33800.0,2,1,49,11,1,7,8,4,11,2,1,0,3,4,0,0,1,0,0,0,0,PhD,Widow,2014-05-15
907103,1975,82100.0,0,0,17,33,10,113,9,241,9,0,5,1,5,1,0,0,0,0,0,0,0,Master,Single,2013-12-02
907104,1970,34700.0,1,1,59,41,9,25,29,2,52,3,2,1,3,4,0,0,0,0,0,0,0,Master,Married,2012-09-20
907105,1969,85700.0,0,0,27,424,2,887,10,59,7,1,7,7,7,3,0,1,0,1,0,1,0,Graduation,Divorced,2012-08-01
907106,1974,64000.0,0,1,32,353,19,115,154,14,21,3,2,5,13,3,0,0,0,0,0,0,0,PhD,Married,2013-10-30
907107,1966,43600.0,1,1,11,12,0,8,0,0,4,1,1,1,1,7,0,0,1,0,0,0,0,Graduation,Married,2012-09-29
907108,1978,16600.0,0,1,50,11,2,14,8,2,10,1,1,0,3,10,0,0,0,0,0,0,0,2n Cycle,Together,2013-08-02
907109,1970,83400.0,0,1,71,463,20,98,56,263,27,1,9,1,11,8,0,0,0,0,0,0,0,Graduation,Married,2013-01-14
907110,1966,79100.0,1,0,49,991,38,147,3,30,4,4,6,1,13,6,0,0,0,0,0,0,0,Graduation,Together,2013-03-30
907111,1964,97000.0,0,0,97,576,193,981,55,27,83,0,3,6,12,1,1,0,1,0,0,0,0,Master,Single,2012-09-08
907112,1965,46000.0,0,1,9,32,2,9,3,0,2,1,1,0,3,4,0,0,0,0,0,0,0,2n Cycle,Married,2013-10-20
907113,1971,62800.0,0,0,86,778,40,114,75,9,245,2,7,5,8,6,0,0,0,1,1,1,0,Graduation,Single,2013-04-26
907114,1946,78300.0,0,1,99,920,9,95,12,157,12,6,6,3,10,5,0,0,1,0,0,0,0,Master,Married,2013-06-24
907115,1953,48700.0,1,0,57,202,0,15,0,0,30,3,5,0,4,6,0,0,0,0,0,0,0,PhD,Married,2012-11-30
907116,1953,38100.0,0,0,46,368,9,198,3,79,12,2,4,4,6,8,0,0,0,0,0,0,0,Graduation,Married,2013-01-02
907117,1959,71000.0,0,1,45,587,28,112,8,2,50,4,7,7,9,7,0,0,0,0,0,0,0,Graduation,Single,2014-01-03
907118,1956,54500.0,0,2,90,1171,29,209,71,16,53,12,9,2,9,5,0,0,0,0,0,1,0,PhD,Married,2013-06-21
907119,1973,86500.0,0,0,3,835,193,760,33,158,59,1,8,7,9,1,0,0,0,1,0,1,0,PhD,Married,2012-08-08
907120,1943,72900.0,0,0,22,737,7,763,9,5,24,2,5,7,5,3,0,0,0,0,0,0,0,Graduation,Together,2014-05-19
907121,1954,54000.0,0,1,55,944,3,118,6,2,18,3,11,8,11,5,0,0,0,0,1,0,0,Master,Together,2012-12-06
907122,1991,55400.0,0,1,55,323,47,296,26,198,245,2,7,6,4,4,0,0,1,0,1,0,0,PhD,Divorced,2014-03-05
907123,1985,26700.0,2,0,0,32,8,34,16,9,42,6,2,0,4,6,0,0,1,0,0,0,0,Graduation,Single,2013-01-29
907124,1986,31400.0,2,0,54,17,1,19,4,3,4,2,1,0,4,7,0,0,0,0,0,0,0,Graduation,Married,2013-11-24
907125,1959,43400.0,0,1,94,624,34,150,14,21,48,4,4,7,5,5,0,0,0,0,0,0,0,2n Cycle,Married,2014-02-23
907126,1966,68400.0,0,0,68,214,21,790,253,7,125,1,5,6,4,4,1,0,0,1,0,0,0,Graduation,Single,2013-08-12
907127,1966,29900.0,0,1,57,28,2,36,6,5,14,3,2,1,4,6,0,0,0,0,0,0,0,PhD,Married,2013-09-29
907128,1959,57300.0,0,1,51,186,5,85,16,7,35,2,7,2,5,6,0,0,0,0,0,0,0,PhD,Widow,2014-02-26
907129,1952,53000.0,0,1,30,379,15,194,79,46,81,2,7,4,4,4,0,0,0,0,0,0,0,PhD,Together,2013-08-31
907130,1974,14000.0,1,0,49,2,1,6,1,1,10,2,0,0,3,6,0,0,0,0,0,0,0,Graduation,Together,2013-08-07
907131,1980,79300.0,0,0,24,676,5,172,3,14,159,2,5,7,10,5,1,1,1,0,0,1,0,Graduation,Single,2013-11-15
907132,1968,34700.0,1,1,40,45,0,18,2,0,1,3,2,0,4,6,0,0,1,0,0,0,0,Master,Married,2014-03-14
907133,1970,42900.0,0,1,26,298,14,44,9,14,23,5,5,3,7,7,0,0,0,0,0,0,0,Graduation,Married,2013-09-10
907134,1956,43300.0,0,0,83,88,0,27,0,7,10,3,5,2,3,7,0,0,0,0,0,0,0,PhD,Married,2014-05-28
907135,1986,88600.0,0,0,48,1107,37,1258,201,38,157,2,6,8,13,5,0,0,0,0,0,0,0,Master,Married,2014-03-08
907136,1958,58800.0,0,1,34,56,0,6,0,0,8,1,2,0,2,9,0,0,1,0,0,0,0,Graduation,Married,2013-06-04
907137,1980,73000.0,0,2,70,249,99,110,24,16,61,2,3,1,13,7,0,0,0,0,0,0,0,PhD,Divorced,2013-10-15
907138,1960,27900.0,0,1,63,9,1,21,1,2,3,2,2,0,3,7,0,0,0,0,0,0,0,Graduation,Married,2012-08-07
907139,1977,26800.0,1,0,56,14,4,17,5,2,20,1,1,0,3,6,0,0,0,0,0,0,0,PhD,Married,2013-08-09
907140,1950,60000.0,0,1,78,1171,16,105,2,41,38,5,10,3,13,5,0,0,0,0,0,0,0,Graduation,Together,2013-06-06
907141,1976,12700.0,1,0,60,3,13,13,16,9,23,3,1,1,4,7,0,0,0,0,0,0,0,2n Cycle,Together,2013-07-17
907142,1957,24600.0,1,1,61,13,0,9,1,3,10,1,1,0,1,9,0,0,0,0,0,0,0,Graduation,Married,2013-03-31
907143,1977,64600.0,1,1,86,301,8,236,5,0,55,2,4,2,8,4,0,0,0,0,0,0,0,PhD,Together,2012-09-14
907144,1991,17200.0,1,0,79,2,5,15,16,3,13,3,3,1,2,7,0,0,1,1,0,0,1,Graduation,Together,2014-05-09
907145,1990,27200.0,0,0,81,9,47,68,43,13,17,1,2,0,3,6,0,0,0,0,0,0,0,PhD,Divorced,2012-08-10
907146,1966,65300.0,0,1,18,561,29,314,100,48,362,2,8,4,7,5,0,0,0,0,0,0,0,Graduation,Married,2014-04-12
907147,1982,19700.0,1,0,81,13,2,17,12,9,18,2,2,1,2,9,0,0,0,0,0,0,0,Graduation,Together,2012-11-25
907148,1949,105500.0,0,1,48,1493,153,649,71,196,143,1,5,9,4,3,1,0,0,1,0,1,0,Graduation,Married,2014-06-26
907149,1964,26300.0,1,0,65,8,4,9,2,1,3,1,1,0,3,6,0,0,0,0,0,0,0,2n Cycle,Married,2013-11-12
907150,1987,27300.0,1,0,75,32,3,15,2,4,3,3,3,0,3,7,0,0,0,0,0,0,0,Graduation,Married,2013-06-06
907151,1967,24400.0,0,1,45,84,0,22,0,6,17,3,3,2,4,4,0,0,0,0,0,0,0,Basic,Single,2012-09-12
907152,1973,27200.0,1,1,24,2,0,4,1,0,1,1,1,0,2,6,0,0,0,0,0,0,0,Master,Single,2014-04-07
907153,1978,62100.0,0,1,53,960,8,169,31,26,245,3,6,4,6,7,0,0,0,0,1,0,0,Graduation,Married,2014-06-11
907154,1970,103400.0,0,1,52,56,18,185,13,127,3,1,3,1,5,2,0,0,0,0,0,0,0,Master,Single,2013-08-19
907155,1970,78400.0,0,1,79,777,0,515,18,4,99,2,6,3,9,2,0,0,0,0,0,0,0,PhD,Married,2012-12-24
907156,1954,33200.0,0,1,11,182,4,156,2,7,21,4,5,2,5,10,0,0,0,0,0,0,0,PhD,Single,2012-10-04
907157,1976,28000.0,1,0,36,4,2,5,2,2,3,1,1,0,3,5,0,0,1,0,0,0,0,Graduation,Together,2014-05-08
907158,1952,26000.0,1,1,21,30,0,8,0,1,3,2,1,1,3,5,0,0,0,0,0,0,0,Graduation,Married,2013-01-16
907159,1975,17800.0,1,1,16,1,11,4,14,3,25,2,2,1,2,7,0,0,0,0,0,0,0,Graduation,Married,2013-04-26
907160,1957,42900.0,0,1,23,80,7,32,44,4,40,1,6,1,5,5,0,0,0,0,0,0,0,PhD,Together,2012-11-01
907161,1986,18400.0,1,0,0,3,7,3,7,0,5,2,1,0,3,9,0,0,0,0,0,0,0,PhD,Single,2012-09-25
907162,1953,20600.0,1,0,33,18,4,3,2,2,6,2,1,0,4,7,0,0,0,0,0,0,0,Graduation,Single,2014-05-31
907163,1990,64700.0,0,0,70,383,42,241,49,14,14,2,2,4,7,1,0,0,0,0,0,0,0,Master,Married,2013-02-17
907164,1978,14500.0,0,0,27,9,9,13,10,6,4,3,3,0,3,6,0,0,0,0,0,0,0,Graduation,Single,2012-12-16
907165,1974,27200.0,1,0,58,39,3,15,6,8,52,1,1,1,3,4,0,0,0,0,0,0,0,PhD,Together,2013-08-21
907166,1966,79000.0,0,0,45,174,128,833,259,56,9,1,4,6,11,1,0,0,0,0,0,0,0,Master,Together,2013-11-18
907167,1941,71200.0,0,1,50,1493,29,585,87,8,87,3,4,6,12,4,1,0,0,0,0,1,0,Graduation,Divorced,2013-10-11
907168,1986,42300.0,1,0,85,28,100,221,69,6,54,2,4,1,6,1,0,0,0,0,0,0,0,PhD,Single,2012-10-19
907169,1961,29300.0,1,1,74,11,0,3,2,0,6,1,1,1,2,6,0,0,0,0,0,0,0,Graduation,Divorced,2013-03-11
907170,1957,69200.0,0,0,50,494,28,316,31,157,22,2,3,5,5,2,0,0,0,0,1,0,0,PhD,Single,2013-10-10
907171,1969,72500.0,0,0,99,464,63,227,202,16,64,1,5,5,9,1,0,0,0,1,1,1,0,Graduation,Married,2013-08-05
907172,1946,29200.0,1,1,82,16,0,1,1,0,2,1,0,0,3,5,0,0,0,0,0,0,0,PhD,Together,2013-05-03
907173,1967,68500.0,0,1,11,775,160,1023,259,263,131,1,5,6,12,3,0,0,0,0,0,0,0,PhD,Together,2014-03-01
907174,1958,60800.0,0,1,33,377,25,177,164,17,33,5,3,9,5,5,0,0,0,0,0,0,0,Graduation,Together,2014-05-30
907175,1964,30500.0,0,1,52,17,3,18,1,1,10,2,1,0,4,7,0,0,0,0,0,0,0,Basic,Married,2014-06-18
907176,1948,56100.0,0,0,99,457,25,200,59,220,48,2,7,4,13,3,0,0,0,0,0,0,0,Graduation,Widow,2013-12-05
907177,1981,119800.0,0,0,56,1396,197,1657,259,263,362,0,11,5,13,2,0,0,0,0,0,0,0,2n Cycle,Together,2014-04-19
907178,1966,50600.0,1,1,99,87,2,51,1,2,8,2,5,1,3,4,0,0,1,0,0,0,0,Graduation,Married,2012-12-04
907179,1978,32600.0,1,0,11,10,1,11,0,2,10,1,1,1,2,10,0,0,0,0,0,0,0,PhD,Single,2012-12-16
907180,1971,64600.0,2,1,14,117,2,30,2,3,10,3,3,1,4,5,0,0,0,0,0,0,0,Master,Single,2013-02-24
907181,1941,74800.0,0,0,50,1072,36,410,253,18,28,2,11,6,6,6,1,0,1,1,0,0,0,Graduation,Single,2012-10-24
907182,1972,40400.0,2,1,81,42,5,37,19,36,3,6,2,2,2,7,0,0,0,1,0,0,0,Graduation,Together,2014-05-01
907183,1974,39600.0,1,0,38,8,5,16,4,3,5,2,2,0,3,8,0,0,1,0,0,0,0,2n Cycle,Divorced,2013-12-12
907184,1987,61300.0,0,0,72,127,41,104,8,4,20,1,4,4,3,2,0,0,0,0,0,0,0,Master,Together,2014-02-05
907185,1975,59800.0,1,0,19,290,15,232,95,87,34,3,5,2,8,9,0,0,0,0,0,0,0,2n Cycle,Married,2014-04-17
907186,1949,55900.0,0,0,67,1003,19,273,157,19,18,2,3,10,13,3,0,0,1,0,0,0,0,PhD,Together,2013-11-10
907187,1967,71800.0,1,2,59,1102,0,165,12,1,63,5,10,3,6,8,1,0,0,1,0,0,0,Graduation,Single,2014-04-18
907188,1963,35600.0,1,1,40,182,0,27,2,0,80,6,6,1,4,7,0,0,0,0,0,0,0,Graduation,Married,2013-04-03
907189,1973,44100.0,0,0,25,196,27,63,12,1,21,3,6,1,6,7,0,0,0,0,0,0,0,PhD,Together,2014-01-06
907190,1985,50000.0,0,0,15,438,6,105,1,7,22,2,7,4,4,6,0,0,0,0,0,1,0,PhD,Married,2013-02-18
907191,1970,30100.0,0,1,87,25,3,16,15,4,13,1,2,0,3,9,0,0,0,0,0,0,0,Graduation,Together,2014-03-31
907192,1985,36800.0,0,0,22,15,1,27,10,7,8,1,2,1,3,5,0,0,0,0,0,0,0,Graduation,Divorced,2013-03-17
907193,1960,79100.0,0,2,49,1171,0,57,0,4,21,2,5,2,8,4,0,0,0,0,0,0,0,Master,Divorced,2014-04-26
907194,1960,63600.0,0,1,0,78,80,44,111,17,45,1,4,1,8,3,0,0,0,0,0,0,0,Graduation,Together,2012-09-27
907195,1976,70100.0,0,0,66,80,9,110,10,1,27,0,3,3,4,1,0,0,0,0,0,0,0,Graduation,Single,2012-09-26
907196,1963,44500.0,0,1,73,29,9,25,5,22,16,2,3,2,2,6,0,0,0,0,0,0,0,Graduation,Married,2014-01-25
907197,1986,44700.0,1,1,11,182,2,38,5,1,143,5,4,1,3,9,0,0,0,0,0,1,0,PhD,Married,2013-04-22
907198,1964,67800.0,0,0,95,544,34,106,7,77,113,1,5,9,9,4,0,0,0,0,0,0,0,Master,Married,2013-07-28
907199,1980,17400.0,1,1,87,4,3,11,21,36,36,3,2,1,2,8,0,0,0,0,0,0,0,2n Cycle,Together,2012-11-18
907200,1963,22100.0,1,1,58,31,2,21,5,5,13,5,2,1,4,5,0,0,0,0,0,0,0,Basic,Married,2012-09-22
907201,1990,23000.0,1,0,0,6,3,12,6,6,1,2,2,0,4,7,0,0,1,0,0,0,0,Graduation,Together,2013-01-25
907202,1973,45300.0,0,1,99,275,11,65,14,2,17,4,6,2,4,8,0,0,1,0,0,0,0,Graduation,Married,2013-01-09
907203,1941,62200.0,0,1,25,389,193,323,35,1,196,4,6,6,7,3,0,0,0,1,1,0,0,PhD,Divorced,2014-03-17
907204,1976,29000.0,0,0,89,53,0,15,0,2,2,2,3,0,3,6,0,0,1,0,0,0,0,Graduation,Together,2014-02-21
907205,1970,40300.0,1,0,38,4,2,7,0,3,1,1,1,0,3,5,0,0,0,0,0,0,0,Graduation,Married,2012-10-03
907206,1960,31100.0,1,1,33,48,1,12,2,0,4,1,0,1,2,10,0,0,0,0,0,0,0,PhD,Divorced,2012-12-03
907207,1973,42100.0,1,1,39,104,1,27,4,0,6,3,2,1,4,5,0,0,0,0,0,0,0,Basic,Together,2013-01-25
907208,1967,83600.0,0,0,99,1493,12,409,120,52,13,1,5,5,13,2,0,0,0,1,0,0,0,Graduation,Single,2012-12-10
907209,1965,35500.0,1,0,54,6,4,14,7,4,27,1,2,0,2,5,0,0,0,0,0,0,0,Master,Married,2013-01-20
907210,1970,64500.0,0,1,52,1493,10,55,38,1,34,3,7,5,11,8,1,0,0,0,0,1,0,Graduation,Married,2013-07-13
907211,1969,80000.0,0,0,36,764,2,209,6,6,25,1,8,3,6,3,0,1,0,1,1,1,0,Graduation,Single,2013-10-08
907212,1966,25800.0,0,1,99,62,9,31,25,32,18,2,6,1,3,6,0,0,0,0,0,0,0,Graduation,Single,2013-05-30
907213,1971,73500.0,0,0,11,826,10,601,24,16,98,1,7,4,9,4,1,0,0,0,1,0,0,PhD,Divorced,2013-11-12
907214,1960,53900.0,0,1,58,435,13,51,2,4,41,4,10,2,7,5,0,0,0,0,0,1,0,PhD,Married,2013-03-13
907215,1965,32300.0,2,1,81,18,1,9,2,2,5,2,4,0,2,10,0,0,0,0,0,0,0,Graduation,Together,2012-10-18
907216,1981,32400.0,1,0,33,9,0,8,2,6,8,3,2,1,3,3,0,0,1,0,0,0,0,Graduation,Together,2014-05-06
907217,1988,62500.0,0,1,16,264,12,154,45,0,30,2,3,4,5,2,0,0,0,0,0,0,0,PhD,Married,2013-04-12
907218,1973,92800.0,0,0,61,917,193,747,17,104,27,1,10,4,10,4,1,0,0,0,0,1,0,Graduation,Single,2014-03-11
907219,1947,30200.0,0,1,12,8,0,3,5,0,2,0,0,0,3,5,0,0,0,0,0,0,0,Basic,Single,2013-08-04
907220,1958,12800.0,0,0,62,9,0,2,0,0,5,0,0,1,1,7,0,0,0,0,0,0,0,Graduation,Married,2013-05-19
907221,1948,91100.0,0,0,30,600,197,845,22,115,93,2,4,9,6,1,0,0,0,0,0,0,0,Master,Married,2014-04-21
907222,1965,83500.0,0,0,53,376,129,981,253,106,134,0,3,11,11,1,1,0,0,0,1,1,0,2n Cycle,Single,2014-02-13
907223,1941,54600.0,0,1,72,694,19,170,56,53,87,3,2,7,5,3,1,0,0,0,0,0,0,Graduation,Single,2013-09-30
907224,1963,56400.0,0,1,93,768,2,144,22,16,40,3,7,5,6,8,0,0,0,0,0,1,0,PhD,Married,2013-11-12
907225,1950,69500.0,0,1,71,440,22,313,7,10,80,1,3,4,10,1,0,0,0,0,0,0,0,Graduation,Together,2012-11-27
907226,1966,77900.0,0,1,63,1396,17,284,40,76,85,3,17,8,13,8,0,0,0,0,0,0,0,PhD,Single,2012-08-22
907227,1982,25100.0,1,1,80,5,5,13,2,5,29,2,2,0,2,9,0,0,0,0,0,0,0,PhD,Together,2013-04-08
907228,1970,37100.0,2,1,34,7,1,7,0,0,2,2,2,0,2,7,0,0,0,0,0,0,0,Graduation,Single,2014-04-28
907229,1973,21500.0,1,0,57,2,9,23,14,28,17,5,4,0,4,6,0,0,0,0,0,0,0,2n Cycle,Married,2013-05-01
907230,1972,57300.0,0,1,57,102,116,82,20,263,63,0,8,2,6,3,0,0,0,0,0,0,0,Graduation,Together,2013-08-21
907231,1964,95300.0,0,0,80,639,24,316,19,21,36,1,3,4,5,3,0,1,0,0,1,1,0,Graduation,Married,2014-05-26
907232,1969,74300.0,0,0,45,413,21,1092,38,16,12,1,3,7,13,1,0,0,0,0,0,0,0,Graduation,Together,2013-04-02
907233,1961,49000.0,2,1,92,73,0,44,1,0,11,4,3,0,9,5,0,0,1,0,0,1,1,Graduation,Together,2014-01-16
907234,1969,35100.0,0,1,28,215,5,35,1,6,58,3,7,2,5,9,0,0,0,0,0,0,0,PhD,Married,2013-03-12
907235,1965,21200.0,1,1,75,1,3,6,5,2,9,3,2,0,2,8,0,0,0,0,0,0,0,PhD,Single,2014-06-19
907236,1983,25400.0,0,0,38,8,14,6,11,10,21,1,1,2,2,3,0,0,0,0,0,0,0,2n Cycle,Together,2013-11-22
907237,1958,51100.0,1,0,51,12,2,8,1,2,8,2,1,1,2,4,0,0,1,0,0,0,0,Graduation,Together,2012-12-17
907238,1964,64600.0,1,1,85,184,1,31,2,0,2,3,3,1,4,6,0,0,0,0,0,0,0,Basic,Married,2012-12-31
907239,1961,67800.0,0,0,58,807,5,350,12,19,129,2,4,5,5,6,0,0,0,1,1,0,0,Master,Married,2014-04-24
907240,1975,72000.0,0,1,6,1493,10,336,18,6,18,1,9,6,6,6,0,0,0,1,0,1,0,Graduation,Widow,2014-01-01
907241,1992,30800.0,0,0,43,109,5,26,7,9,18,2,6,1,4,5,0,0,0,0,0,0,0,PhD,Married,2013-04-07
907242,1980,33100.0,1,0,44,42,1,41,3,5,44,3,4,1,3,8,0,0,0,0,0,0,0,Graduation,Single,2012-11-12
907243,1976,35900.0,1,1,43,167,9,83,2,0,33,3,6,2,5,7,0,0,0,1,0,0,0,Graduation,Single,2014-05-26
907244,1952,81800.0,0,1,46,495,69,203,9,7,66,2,6,2,7,3,0,0,0,0,0,0,0,Graduation,Divorced,2014-06-27
907245,1955,73500.0,0,0,55,829,48,394,149,11,97,1,4,7,4,3,0,0,0,1,0,0,0,Graduation,Together,2014-01-30
907246,1945,77700.0,0,0,78,361,193,536,253,24,245,2,7,7,5,1,1,0,0,0,0,1,0,PhD,Single,2012-11-04
907247,1981,53800.0,0,0,70,391,31,234,19,28,31,1,7,3,6,5,0,0,0,0,0,0,0,Graduation,Single,2014-06-11
907248,1976,46300.0,0,1,85,50,5,37,5,13,9,1,4,2,3,6,0,0,0,1,0,0,0,2n Cycle,Married,2013-11-17
907249,1966,52100.0,0,1,75,760,2,51,65,39,36,3,5,1,6,7,0,0,0,0,0,0,0,Master,Divorced,2012-09-13
907250,1973,22100.0,1,1,71,10,1,6,4,1,6,1,2,0,3,5,0,0,0,0,0,0,0,Master,Divorced,2013-04-28
907251,1958,73700.0,0,0,93,318,13,836,12,56,5,1,4,3,8,2,0,0,0,0,0,0,0,Master,Married,2013-12-20
907252,1943,39500.0,0,1,61,218,2,20,3,1,65,5,3,3,3,8,0,0,0,0,0,0,0,Master,Single,2012-10-15
907253,1959,70500.0,0,0,22,200,121,97,7,11,23,0,11,4,9,4,0,0,0,0,0,0,0,2n Cycle,Married,2013-03-19
907254,1982,39700.0,2,0,12,7,1,11,2,2,1,1,2,0,3,6,0,0,0,0,0,0,0,2n Cycle,Married,2013-11-13
907255,1966,47200.0,0,1,69,347,6,79,29,36,17,2,6,1,10,5,0,0,0,0,0,0,0,Master,Divorced,2013-02-11
907256,1971,61300.0,0,0,30,393,0,58,16,4,80,5,6,4,5,8,0,0,1,0,0,0,0,PhD,Widow,2012-11-01
907257,1956,37000.0,1,1,49,295,4,55,2,1,34,4,3,1,4,10,0,0,1,0,0,0,0,Graduation,Married,2014-02-12
907258,1980,28300.0,0,0,0,23,0,5,0,0,1,1,1,0,2,9,0,0,0,0,0,0,0,Graduation,Married,2013-07-07
907259,1949,27100.0,0,2,99,9,1,3,2,0,2,2,1,0,3,6,0,0,0,0,0,0,0,Graduation,Together,2013-02-24
907260,1969,42900.0,0,1,27,225,11,349,1,13,34,5,3,2,12,2,0,0,0,0,0,0,0,Graduation,Together,2013-06-07
907261,1961,35900.0,0,0,38,246,2,107,4,41,36,3,5,2,5,7,0,0,0,0,0,0,0,PhD,Together,2012-10-24
907262,1961,60400.0,1,0,22,260,1,24,4,0,19,4,6,2,5,7,0,0,0,0,0,1,0,Master,Married,2013-08-30
907263,1978,55900.0,1,0,56,131,3,53,2,4,15,5,6,0,6,10,0,0,0,0,0,0,0,PhD,Divorced,2013-09-13
907264,1963,78800.0,0,0,97,1101,36,394,15,7,37,1,3,4,8,4,1,0,0,0,1,1,0,Graduation,Together,2014-05-05
907265,1958,89600.0,0,0,99,1040,15,894,17,0,58,1,7,6,5,4,1,0,0,0,1,1,0,Graduation,Married,2013-05-19
907266,1977,51800.0,2,1,57,67,2,22,1,1,17,3,2,1,3,6,0,0,0,0,0,0,0,Graduation,Together,2014-01-25
907267,1952,47400.0,2,1,21,18,1,5,0,5,12,3,1,0,4,8,0,0,0,0,0,0,0,Graduation,Together,2014-02-07
907268,1961,59400.0,1,1,53,51,0,23,0,0,5,2,1,0,3,6,0,0,0,0,0,0,0,2n Cycle,Single,2014-01-31
907269,1964,21900.0,1,1,12,6,0,2,2,0,2,1,1,0,2,8,0,0,0,0,0,0,0,2n Cycle,Single,2014-01-24
907270,1962,41800.0,0,1,17,203,46,61,22,6,50,2,4,1,4,8,0,0,1,0,0,0,0,Graduation,Divorced,2013-11-14
907271,1945,76200.0,0,1,84,338,9,318,7,43,18,2,5,5,6,8,0,0,0,0,0,0,0,Graduation,Married,2014-01-11
907272,1972,37100.0,1,1,0,38,0,7,0,1,1,2,1,0,4,6,0,0,0,0,0,1,0,Graduation,Together,2013-08-23
907273,1972,81900.0,0,0,18,118,18,87,82,52,25,0,3,2,5,1,0,0,0,0,0,0,0,Graduation,Married,2014-03-09
907274,1974,43000.0,1,1,54,37,1,15,0,1,2,2,2,0,3,8,0,0,0,0,0,1,0,PhD,Married,2014-05-27
907275,1979,91000.0,0,0,53,397,56,972,253,198,7,1,8,7,13,2,0,0,1,0,0,1,0,Graduation,Married,2014-03-03
907276,1976,43500.0,1,1,0,6,0,2,5,0,1,2,0,0,2,5,0,0,0,0,0,0,0,PhD,Single,2013-04-01
907277,1956,74900.0,0,0,38,1406,193,236,68,16,31,3,5,3,9,7,0,0,0,0,0,1,0,Master,Single,2013-10-11
907278,1965,47400.0,0,1,48,536,22,344,22,6,56,7,13,1,8,5,0,0,0,0,0,0,0,Graduation,Single,2013-08-10
907279,1975,35500.0,0,0,75,146,3,22,11,2,11,1,4,1,5,5,0,0,0,0,0,0,0,Graduation,Widow,2013-01-01
907280,1962,73500.0,0,0,9,723,40,270,106,26,29,2,9,10,9,4,0,0,1,0,0,1,0,Graduation,Single,2014-04-06
907281,1970,112600.0,0,0,67,706,32,275,15,73,44,0,4,4,6,1,0,0,0,0,0,0,0,PhD,Together,2014-05-29
907282,1954,60100.0,0,1,23,343,8,73,50,0,8,3,5,2,7,3,0,0,0,0,0,0,0,PhD,Single,2013-05-10
907283,1944,47100.0,1,1,64,162,1,19,7,16,13,4,3,0,7,5,0,0,0,0,0,0,0,Master,Married,2012-09-01
907284,1958,45200.0,1,1,43,8,4,6,8,4,16,3,2,1,3,6,0,0,0,0,0,0,0,Graduation,Single,2013-02-02
907285,1961,69200.0,0,1,63,1396,120,201,36,13,362,2,10,5,13,8,0,0,0,0,0,0,0,Master,Married,2014-05-03
907286,1972,59000.0,0,1,40,675,31,104,8,5,160,2,7,5,5,8,1,0,0,0,1,0,0,PhD,Single,2012-12-25
907287,1982,24400.0,0,0,0,1,3,3,6,6,12,1,1,0,3,8,0,0,1,0,0,0,0,Graduation,Married,2014-04-05
907288,1957,58900.0,0,0,49,83,6,141,12,4,20,2,2,2,4,2,0,0,0,0,0,0,0,Master,Married,2013-05-22
907289,1957,72000.0,0,1,75,1203,43,517,16,96,59,2,3,9,13,3,0,0,0,0,0,0,0,Master,Married,2012-08-01
907290,1956,22000.0,0,1,46,7,3,4,5,1,27,5,2,1,2,7,0,0,0,0,0,0,0,Graduation,Divorced,2014-02-16
907291,1961,60200.0,0,1,71,614,16,353,16,9,150,2,5,5,9,9,1,0,0,0,1,1,0,PhD,Married,2012-09-08
907292,1979,69300.0,0,2,45,146,10,76,29,32,22,4,8,2,6,4,0,0,0,0,0,0,0,PhD,Together,2014-05-06
907293,1963,48300.0,0,1,91,339,2,57,9,2,8,8,9,3,7,7,0,0,0,0,0,0,0,PhD,Married,2013-09-23
907294,1974,84800.0,0,0,27,1332,44,666,101,42,52,1,9,9,5,5,1,0,0,1,0,0,0,PhD,Married,2013-12-12
907295,1953,37300.0,0,1,44,295,1,22,0,0,81,3,7,1,4,6,0,0,0,0,0,0,0,PhD,Divorced,2013-12-26
907296,1970,78800.0,0,0,41,928,2,634,13,36,12,1,8,7,10,8,1,1,0,0,0,0,0,Graduation,Single,2014-04-24
907297,1972,79100.0,0,1,62,1171,19,191,21,82,321,3,11,4,13,9,0,0,0,0,0,0,0,Graduation,Married,2012-09-04
907298,1984,33500.0,1,0,12,3,1,5,1,1,3,0,1,0,2,6,0,0,0,0,0,0,0,Graduation,Married,2013-01-22
907299,1950,74500.0,0,1,83,680,5,447,18,41,14,1,11,6,3,2,0,0,0,0,1,1,0,Graduation,Married,2014-03-04
907300,1948,24500.0,1,1,94,11,0,2,4,1,11,2,1,0,2,10,0,0,0,0,0,0,0,2n Cycle,Married,2013-01-09
907301,1974,56100.0,1,1,82,14,2,18,22,0,2,1,1,1,3,6,0,0,0,0,0,0,0,Graduation,Married,2013-11-15
907302,1945,48600.0,0,1,35,593,90,275,63,29,22,2,11,9,6,5,0,0,0,0,0,0,0,Graduation,Divorced,2014-05-27
907303,1977,36800.0,1,1,90,17,8,27,20,18,52,3,4,0,3,6,0,0,1,0,0,0,0,2n Cycle,Divorced,2013-02-07
907304,1994,60800.0,0,1,23,503,68,306,36,19,245,3,5,3,5,9,1,0,0,0,0,1,0,Graduation,Single,2013-04-14
907305,1971,28700.0,2,0,61,11,1,2,1,1,15,1,0,1,2,7,0,0,0,0,0,0,0,Graduation,Married,2014-05-01
907306,1952,42200.0,1,1,52,105,15,74,14,23,52,3,4,1,5,4,0,0,0,0,0,0,0,Master,Together,2012-12-30
907307,1975,52500.0,0,0,67,1086,27,76,41,33,23,2,7,3,9,3,1,0,0,0,0,1,0,Graduation,Single,2013-01-26
907308,1974,41500.0,0,1,42,191,11,112,16,10,91,2,5,2,7,6,0,0,0,0,0,0,0,Graduation,Widow,2012-08-27
907309,1956,56800.0,0,1,67,134,0,26,5,14,25,2,5,0,7,4,0,0,0,0,0,0,0,Master,Single,2013-03-20
907310,1970,36000.0,0,2,64,128,2,53,0,1,23,2,6,1,4,6,1,0,0,0,0,0,0,Graduation,Together,2013-12-19
907311,1965,57300.0,0,0,99,139,2,212,5,2,22,1,2,5,3,2,0,0,0,0,0,0,0,2n Cycle,Married,2013-05-26
907312,1941,95100.0,0,0,30,347,69,314,50,9,17,1,8,5,9,2,1,0,0,1,0,1,0,Graduation,Widow,2013-08-19
907313,1968,28200.0,0,1,62,35,5,5,1,6,19,3,2,1,4,3,0,0,0,0,0,0,0,Master,Single,2013-03-24
907314,1980,102200.0,0,1,0,273,14,56,60,31,17,1,6,3,13,5,0,0,0,0,0,0,0,Graduation,Widow,2012-09-23
907315,1989,12000.0,1,0,67,4,9,11,22,20,52,3,3,2,3,7,0,0,0,0,0,0,0,2n Cycle,Married,2013-09-12
907316,1971,62100.0,1,1,99,74,197,236,219,263,124,3,3,5,7,3,0,0,0,0,0,0,1,Graduation,Divorced,2013-05-12
907317,1974,64000.0,0,0,76,889,3,354,13,4,19,2,4,11,6,3,0,0,0,0,0,0,0,PhD,Divorced,2012-12-20
907318,1969,48800.0,0,1,9,12,2,9,0,2,4,1,1,0,3,5,0,0,0,0,0,0,0,PhD,Together,2012-12-04
907319,1961,55200.0,0,1,0,188,4,78,22,14,235,3,7,2,6,7,0,0,0,0,0,1,0,Graduation,Together,2012-08-09
907320,1949,65200.0,0,1,49,1150,86,601,44,136,245,2,4,7,13,4,0,0,0,1,1,1,0,PhD,Married,2014-02-04
907321,1968,26700.0,1,1,91,8,6,36,3,14,11,2,1,1,4,5,0,0,0,0,0,0,0,Master,Together,2013-07-31
907322,1969,51000.0,1,0,59,13,2,5,0,0,9,1,1,1,2,6,0,0,1,0,0,0,0,Graduation,Single,2014-06-13
907323,1977,28300.0,1,0,62,5,1,8,6,2,17,0,2,0,2,9,0,0,0,0,0,0,0,Graduation,Single,2014-03-29
907324,1973,44300.0,0,0,50,39,1,23,13,1,10,1,2,2,2,4,0,0,0,0,0,0,0,2n Cycle,Married,2014-04-10
907325,1994,21600.0,1,0,38,19,4,11,7,0,7,1,1,0,2,9,0,0,0,0,0,0,0,Graduation,Single,2013-02-28
907326,1980,105500.0,0,0,32,644,132,597,253,96,81,0,4,4,11,1,0,0,0,1,0,0,0,PhD,Divorced,2013-06-19
907327,1958,48000.0,1,0,60,20,2,8,6,2,22,1,1,0,3,5,0,0,0,0,0,0,0,Graduation,Single,2013-05-09
907328,1975,85000.0,0,0,28,631,36,372,33,79,16,1,11,9,7,4,1,0,1,0,1,1,0,Master,Married,2013-10-03
907329,1990,15700.0,0,0,43,2,21,25,20,28,31,2,2,0,3,9,0,0,0,0,0,0,0,Graduation,Single,2014-06-26
907330,1967,98000.0,0,0,22,637,193,538,212,198,55,0,5,5,5,2,1,0,0,1,0,1,0,Graduation,Single,2012-08-17
907331,1964,35200.0,0,0,68,53,30,77,30,28,81,2,6,1,3,9,0,0,0,1,0,0,0,Graduation,Single,2013-04-08
907332,1982,50300.0,1,0,99,17,9,69,6,1,5,3,3,0,6,5,0,0,0,0,0,0,0,Graduation,Married,2013-10-03
907333,1961,98400.0,0,1,21,64,4,104,5,33,11,1,3,2,4,2,0,0,0,0,0,0,0,Graduation,Together,2012-12-18
907334,1963,51300.0,0,1,46,63,1,14,1,1,3,2,1,0,4,7,0,0,1,0,0,0,0,Master,Single,2013-11-24
907335,1972,63800.0,0,0,54,608,53,405,92,17,24,1,6,5,7,3,0,0,0,0,0,0,0,Graduation,Married,2012-09-23
907336,1963,37100.0,1,0,27,18,0,5,2,1,1,1,0,0,3,5,0,0,0,0,0,0,0,PhD,Single,2013-04-17
907337,1973,31900.0,1,0,73,32,2,32,9,3,9,4,3,0,5,6,0,0,0,0,0,0,0,PhD,Married,2013-07-15
907338,1988,29100.0,1,0,32,8,5,5,0,2,2,2,2,0,4,5,0,0,0,0,0,0,0,Graduation,Divorced,2013-06-19
907339,1968,80400.0,0,1,23,381,33,295,2,13,81,1,7,8,5,5,0,0,1,0,0,0,0,Graduation,Married,2014-06-03
907340,1963,98500.0,0,0,70,1098,16,388,86,9,60,0,5,10,8,1,1,0,0,0,1,1,0,Graduation,Married,2013-02-12
907341,1969,39600.0,1,1,60,42,2,41,0,1,14,3,2,1,4,5,0,0,0,0,0,0,0,Graduation,Married,2013-06-16
907342,1965,81300.0,0,1,67,569,7,170,9,1,112,1,4,5,9,3,1,0,0,0,0,0,0,Graduation,Together,2013-06-29
907343,1958,30100.0,1,1,10,50,1,13,0,0,3,3,3,0,4,8,0,0,0,0,0,0,0,Graduation,Single,2012-09-18
907344,1974,45700.0,1,1,15,260,50,143,10,33,10,10,4,4,7,8,0,0,0,0,0,0,0,Graduation,Together,2012-09-06
907345,1964,43800.0,1,1,40,106,1,19,3,0,14,3,3,0,4,7,0,0,0,0,0,0,0,2n Cycle,Married,2012-11-18
907346,1954,75800.0,0,0,35,1396,13,428,259,38,362,2,11,15,8,5,0,0,0,0,0,0,0,PhD,Together,2013-04-10
907347,1967,107900.0,0,0,40,97,5,416,130,3,24,0,3,5,4,0,0,0,0,0,0,0,0,Graduation,Married,2014-05-18
907348,1946,45100.0,1,1,7,10,0,9,0,0,2,1,0,1,2,4,0,0,0,0,0,0,0,PhD,Married,2012-09-24
907349,1979,40500.0,1,0,18,7,10,10,7,4,50,2,3,0,2,9,0,0,0,0,0,0,0,Graduation,Single,2013-01-16
907350,1969,72800.0,0,1,54,43,46,251,4,10,24,1,2,2,3,1,0,0,0,0,0,0,0,Graduation,Married,2013-07-30
907351,1959,76900.0,0,1,41,154,127,257,15,14,18,2,3,4,3,2,0,0,0,0,0,0,0,Graduation,Widow,2013-01-18
907352,1971,75800.0,0,0,24,354,6,372,87,10,67,4,3,8,7,3,0,0,0,0,0,0,0,Graduation,Single,2013-10-06
907353,1979,57200.0,0,1,27,177,21,154,15,15,25,3,8,3,5,4,0,0,0,0,0,0,0,Graduation,Married,2013-01-15
907354,1966,38500.0,0,1,42,60,6,60,8,9,39,4,5,1,5,5,0,0,0,0,0,0,0,Master,Married,2013-12-07
907355,1964,49400.0,1,0,49,171,0,36,0,3,6,3,4,1,4,4,0,0,0,0,0,0,0,Graduation,Single,2013-06-06
907356,1958,69700.0,0,0,26,487,133,392,217,44,149,1,9,5,6,3,1,0,0,1,1,1,0,2n Cycle,Married,2014-04-16
907357,1960,50300.0,1,1,54,69,91,128,61,22,72,5,9,2,3,8,0,0,0,0,0,0,0,Graduation,Together,2014-05-03
907358,1958,67600.0,0,1,99,258,145,381,143,24,362,3,2,8,8,2,0,0,0,0,0,0,0,Graduation,Widow,2014-01-03
907359,1978,24500.0,1,1,51,8,12,19,15,6,10,1,2,0,3,6,0,0,0,0,0,0,0,Graduation,Together,2012-12-28
907360,1968,64100.0,0,1,36,373,36,346,22,35,76,6,12,4,7,7,0,0,0,0,0,0,0,PhD,Married,2013-01-27
907361,1980,11900.0,1,0,80,1,8,14,10,1,3,2,2,0,2,9,0,0,0,0,0,0,0,Graduation,Together,2013-08-11
907362,1958,72700.0,0,0,56,491,100,1249,114,141,240,1,3,12,13,0,0,0,0,0,0,0,0,PhD,Single,2013-07-28
907363,1976,70800.0,0,1,37,199,193,177,253,52,245,2,2,5,6,1,1,1,0,0,1,0,0,PhD,Together,2012-10-12
907364,1986,43200.0,0,1,51,33,3,29,14,1,10,1,3,0,3,6,0,0,0,0,0,0,0,Basic,Single,2014-03-02
907365,1946,79800.0,0,0,71,283,87,981,95,102,144,1,5,11,7,1,0,0,0,1,1,1,0,PhD,Single,2014-04-21
907366,1979,39600.0,0,1,36,99,197,623,189,38,86,3,3,5,6,4,0,0,0,0,0,0,0,PhD,Married,2013-05-09
907367,1952,76600.0,0,2,33,870,109,312,31,44,10,7,3,6,10,4,0,0,0,0,0,0,0,Graduation,Divorced,2013-12-28
907368,1964,82800.0,0,1,0,412,162,108,43,10,68,1,4,4,12,3,0,0,0,0,0,0,0,Graduation,Married,2013-05-16
907369,1971,29200.0,1,1,96,22,1,16,1,1,6,3,3,1,2,6,0,0,1,0,0,0,0,PhD,Together,2013-09-20
907370,1979,20100.0,0,1,30,10,1,6,11,2,2,2,1,1,3,9,0,0,0,0,0,0,0,2n Cycle,Married,2012-11-19
907371,1986,14400.0,1,0,31,6,1,1,4,1,7,1,1,0,2,8,0,0,0,0,0,0,0,PhD,Divorced,2013-01-21
907372,1969,19000.0,0,0,70,3,2,9,7,3,11,2,3,1,3,6,0,0,0,0,0,0,0,Basic,Single,2012-09-15
907373,1968,48600.0,1,1,21,39,1,26,17,2,4,2,1,2,4,4,0,0,0,0,0,0,0,Graduation,Married,2013-03-03
907374,1960,79100.0,1,1,41,961,3,157,2,14,78,8,11,1,12,8,0,0,0,0,0,0,0,2n Cycle,Together,2014-04-04
907375,1986,18700.0,1,0,15,13,6,10,5,8,17,2,2,1,2,6,0,0,0,0,0,0,0,Graduation,Married,2014-04-04
907376,1974,25000.0,1,1,77,12,0,34,1,2,3,2,2,0,2,13,0,0,0,0,0,0,0,Graduation,Single,2013-02-11
907377,1972,22000.0,1,0,77,10,7,19,3,5,12,1,1,0,3,9,0,0,0,0,0,0,0,PhD,Together,2013-07-13
907378,1964,76500.0,0,1,21,207,79,304,101,9,171,1,5,2,12,3,0,0,0,0,0,0,0,PhD,Married,2012-11-26
907379,1990,57000.0,1,1,23,28,0,12,1,0,2,2,3,0,3,8,0,0,0,0,0,0,0,Graduation,Married,2013-07-23
907380,1948,86800.0,0,0,96,556,193,981,253,66,49,0,4,7,6,1,0,0,0,0,1,0,0,PhD,Married,2013-07-01
907381,1962,59500.0,0,0,33,315,58,121,22,43,25,3,3,2,10,2,0,0,0,0,0,0,0,Graduation,Married,2012-10-22
907382,1961,12900.0,1,1,29,3,0,2,1,0,6,2,1,0,3,6,0,0,0,0,0,0,0,Graduation,Divorced,2013-05-21
907383,1986,33400.0,1,1,26,154,2,37,0,14,109,3,5,1,3,7,0,0,0,0,0,0,0,Graduation,Married,2014-06-18
907384,1962,39100.0,1,1,13,36,0,19,3,1,6,2,2,0,3,7,0,0,1,0,0,0,0,PhD,Married,2012-10-20
907385,1973,43700.0,2,1,0,142,2,22,0,0,34,3,2,2,3,7,0,0,0,0,0,0,0,Master,Together,2012-11-06
907386,1954,72900.0,0,1,56,740,38,163,22,12,95,8,9,4,10,7,0,0,0,0,0,0,0,Graduation,Married,2014-03-30
907387,1992,39500.0,1,1,46,44,6,37,1,1,23,5,5,0,3,6,0,0,0,0,0,0,0,Graduation,Married,2013-12-05
907388,1975,51100.0,0,0,38,176,20,36,135,13,22,1,2,4,13,3,0,0,0,0,0,0,0,Master,Single,2014-01-01
907389,1962,67000.0,0,1,44,929,69,111,0,1,25,2,5,7,7,3,0,0,0,1,0,1,0,Master,Married,2013-06-01
907390,1970,49200.0,1,1,99,59,36,48,18,60,24,3,3,1,6,7,0,0,0,0,0,0,0,PhD,Married,2014-06-22
907391,1977,31700.0,0,0,99,51,7,17,2,1,68,1,4,1,2,8,0,0,0,1,0,0,0,Graduation,Divorced,2014-02-05
907392,1980,36500.0,1,0,75,13,6,17,4,9,7,3,4,0,4,7,0,0,0,0,0,0,0,Graduation,Single,2012-10-17
907393,1960,71100.0,0,1,3,236,13,136,31,14,9,0,2,2,9,1,0,0,0,0,0,0,0,Graduation,Together,2013-05-15
907394,1965,40900.0,0,1,98,248,0,105,4,1,229,1,11,4,3,4,0,0,0,0,0,0,0,PhD,Together,2012-09-06
907395,1964,104200.0,0,0,34,686,69,1362,259,172,92,2,6,12,9,1,0,0,0,0,0,0,0,PhD,Single,2014-04-15
907396,1946,55800.0,0,1,40,854,81,101,30,14,85,7,5,2,9,7,0,0,0,0,0,0,0,Graduation,Married,2014-02-12
907397,1980,70800.0,0,0,0,226,2,594,34,4,28,0,3,6,5,1,0,0,0,0,0,0,0,PhD,Single,2013-03-24
907398,1962,55300.0,0,1,46,290,2,31,18,1,30,3,4,5,5,5,0,0,0,0,0,1,0,Master,Married,2013-04-11
907399,1969,38000.0,0,2,48,638,0,81,11,0,52,3,12,2,8,6,0,0,0,0,0,0,0,Master,Married,2014-05-20
907400,1985,94200.0,0,2,38,262,1,25,5,34,177,3,4,3,12,6,0,0,0,0,0,0,0,Graduation,Married,2012-09-14
907401,1976,13700.0,1,1,52,13,1,5,1,0,1,2,1,0,2,13,0,0,0,0,0,0,0,Master,Married,2012-11-01
907402,1978,26800.0,1,0,66,8,0,6,3,1,7,1,1,0,4,6,0,0,0,0,0,0,0,2n Cycle,Together,2012-12-25
907403,1971,51100.0,1,0,56,124,9,69,37,27,34,2,5,1,5,9,0,0,0,0,0,0,0,Master,Single,2014-03-25
907404,1965,49600.0,0,1,74,90,4,53,14,13,34,2,5,2,4,5,0,0,0,1,0,0,0,Graduation,Together,2013-07-11
907405,1965,27900.0,1,0,84,111,0,37,0,1,75,5,4,1,3,8,0,0,0,0,0,0,0,Graduation,Single,2013-01-07
907406,1959,68500.0,0,1,99,67,3,47,8,7,18,2,3,1,5,4,0,0,0,1,0,0,0,Graduation,Married,2013-05-27
907407,1955,69800.0,0,0,68,448,197,1366,123,18,7,0,5,3,13,2,0,0,0,0,0,0,0,Graduation,Together,2012-07-31
907408,1955,56400.0,0,0,81,101,101,502,17,13,17,2,1,8,7,0,0,0,0,0,0,0,0,Master,Divorced,2012-11-04
907409,1967,103400.0,0,0,30,401,4,414,3,55,11,0,5,4,5,3,0,0,0,0,0,1,0,Graduation,Widow,2013-04-22
907410,1955,105500.0,0,0,36,452,10,716,253,12,15,0,4,6,8,1,1,0,1,0,1,0,1,Graduation,Widow,2013-06-06
907411,1969,43800.0,0,0,46,147,24,94,105,9,43,1,7,1,4,6,0,0,0,0,0,0,0,Graduation,Single,2013-07-15
907412,1955,53600.0,0,1,29,416,8,90,5,9,3,2,3,2,8,3,0,0,0,0,0,0,0,PhD,Together,2013-08-31
907413,1965,46400.0,0,1,35,204,19,81,35,4,79,1,7,3,6,7,0,0,0,0,0,0,0,Graduation,Together,2012-10-07
907414,1987,25000.0,1,1,54,1,4,2,4,3,10,1,1,1,2,6,0,0,0,0,0,0,0,PhD,Married,2013-06-08
907415,1988,86300.0,1,1,70,810,101,267,56,7,175,2,5,8,9,4,0,0,0,0,0,0,0,Graduation,Single,2014-05-11
907416,1965,43300.0,1,1,78,41,4,81,34,2,28,2,6,1,4,6,0,0,0,0,0,0,0,PhD,Together,2014-04-11
907417,1967,28000.0,0,0,16,77,23,40,25,3,20,2,3,1,4,6,0,0,0,0,0,0,0,Graduation,Together,2013-05-19
907418,1986,29100.0,1,0,37,60,8,35,4,14,12,1,4,1,3,9,0,0,0,1,0,0,0,PhD,Married,2013-06-13
907419,1974,49600.0,2,1,75,26,0,12,0,0,4,1,2,0,4,3,0,0,0,0,0,0,0,PhD,Married,2012-10-06
907420,1982,68800.0,0,0,50,148,135,124,12,14,9,0,4,3,7,1,0,0,0,0,0,0,0,Master,Married,2013-12-25
907421,1982,16100.0,2,0,78,7,0,4,1,0,3,3,1,0,3,6,0,0,0,0,0,0,0,Graduation,Single,2014-03-23
907422,1982,48000.0,0,0,80,246,152,893,259,35,13,3,2,9,7,1,0,0,0,0,0,0,0,2n Cycle,Single,2014-03-14
907423,1969,37800.0,0,0,0,148,6,47,6,5,69,3,6,2,3,6,0,0,0,0,0,1,0,Basic,Together,2013-03-20
907424,1976,37200.0,0,1,63,344,51,252,259,24,125,2,6,4,12,3,0,0,0,0,0,0,1,Graduation,Divorced,2013-09-21
907425,1979,45400.0,1,1,9,30,2,17,7,6,41,2,2,1,3,5,0,0,0,0,0,0,0,Graduation,Single,2014-02-06
907426,1957,45500.0,1,1,50,90,1,17,4,0,39,4,4,1,4,9,0,0,0,0,0,1,0,Master,Married,2012-08-28
907427,1956,22900.0,1,1,77,13,0,17,4,0,1,4,3,0,2,5,0,0,0,0,0,1,0,Graduation,Single,2012-11-28
907428,1983,36400.0,2,1,36,24,0,5,0,1,7,2,1,0,3,8,0,0,0,0,0,0,0,Basic,Married,2012-11-16
907429,1962,72700.0,0,0,16,133,46,254,59,36,89,1,3,7,6,1,0,0,0,0,0,0,0,Graduation,Together,2012-10-19
907430,1962,67200.0,0,0,31,454,26,130,145,118,245,0,2,6,9,2,0,0,0,1,1,0,0,Graduation,Divorced,2013-08-28
907431,1951,67700.0,0,0,21,46,20,125,10,5,8,2,1,2,3,1,0,0,0,0,0,0,0,Graduation,Together,2014-02-19
907432,1966,56100.0,1,0,63,68,9,199,5,32,10,3,5,0,7,5,0,1,0,1,0,0,0,PhD,Married,2012-10-02
907433,1972,89900.0,0,1,0,481,51,395,45,39,12,1,4,5,6,2,0,0,0,0,1,0,0,Graduation,Single,2012-10-29
907434,1977,84500.0,0,0,41,607,27,397,50,198,36,1,4,5,6,3,1,0,0,0,1,0,0,Graduation,Together,2012-08-13
907435,1984,14800.0,1,0,53,3,21,16,19,8,20,2,2,0,3,4,0,0,0,0,0,0,0,Graduation,Married,2013-05-18
907436,1987,35000.0,1,0,50,33,15,17,2,4,3,2,4,1,3,5,0,0,0,0,0,0,0,2n Cycle,Married,2013-02-23
907437,1944,62800.0,0,1,55,144,1,16,0,1,15,5,4,1,7,6,0,0,0,0,0,0,0,PhD,Married,2013-07-02
907438,1977,105500.0,0,1,35,1206,193,981,253,198,40,1,5,7,6,1,0,0,0,0,0,1,0,PhD,Married,2013-11-21
907439,1959,51200.0,0,1,86,1083,34,156,39,42,57,4,9,3,8,6,0,0,0,0,0,0,0,Graduation,Married,2013-06-08
907440,1965,31900.0,1,0,10,3,0,7,3,6,16,2,1,1,2,5,0,0,0,0,0,0,0,Graduation,Married,2013-11-14
907441,1943,37400.0,0,1,5,148,12,107,51,2,38,3,5,2,8,5,0,0,0,0,0,0,0,Graduation,Together,2012-08-25
907442,1972,75400.0,0,0,63,795,22,378,11,12,209,3,4,6,8,2,0,0,0,0,0,0,0,Master,Unknown,2012-09-20
907443,1969,79100.0,1,1,39,204,12,95,16,22,5,3,5,3,7,5,0,0,0,0,0,0,0,PhD,Widow,2013-11-28
907444,1947,46000.0,0,1,73,1396,0,69,62,0,3,2,7,2,12,8,0,0,0,0,0,0,0,Graduation,Single,2013-02-18
907445,1975,63900.0,1,1,41,160,14,177,75,4,47,4,6,1,7,6,0,0,0,1,0,0,0,Graduation,Single,2013-09-10
907446,1980,36400.0,1,0,62,43,7,55,8,17,34,5,4,1,3,9,0,0,0,0,0,0,0,PhD,Married,2012-08-29
907447,1979,17100.0,1,0,69,3,4,25,4,1,8,1,1,0,2,7,0,0,0,0,0,0,0,PhD,Together,2014-05-15
907448,1986,19100.0,0,0,45,5,6,15,10,9,20,1,1,0,3,6,0,0,0,0,0,0,0,Graduation,Married,2012-12-17
907449,1962,25500.0,0,0,73,43,7,122,33,39,10,0,6,1,3,8,0,0,0,0,0,0,0,PhD,Married,2013-02-09
907450,1982,33200.0,0,0,41,30,7,15,2,0,17,1,1,1,4,5,0,0,0,0,0,0,0,Graduation,Married,2013-05-07
907451,1957,28600.0,0,0,91,103,1,42,13,1,75,2,5,2,2,7,0,0,0,1,0,1,0,Graduation,Married,2012-12-04
907452,1949,57400.0,0,0,42,218,9,182,13,15,25,2,6,3,6,5,0,0,0,0,0,0,0,Graduation,Married,2014-06-27
907453,1962,23500.0,0,1,58,7,5,10,7,5,9,2,3,0,3,8,0,0,0,0,0,0,0,Graduation,Single,2013-07-28
907454,1961,64800.0,0,1,56,520,193,201,253,10,107,2,6,4,6,4,1,0,0,0,0,1,0,Graduation,Widow,2014-05-16
907455,1984,75100.0,0,0,86,574,4,366,253,8,57,1,3,8,9,1,1,0,0,1,1,0,0,Master,Single,2013-05-02
907456,1976,49700.0,0,1,0,458,2,45,29,6,51,2,8,1,6,7,0,0,0,0,0,0,0,Master,Married,2012-12-07
907457,1970,51800.0,0,1,41,142,7,57,4,5,13,2,4,3,3,8,0,0,0,0,0,0,0,PhD,Divorced,2012-10-13
907458,1973,72000.0,0,0,85,69,4,192,17,80,4,1,4,3,5,2,0,0,0,0,0,0,0,Graduation,Single,2014-01-30
907459,1961,31400.0,2,1,46,6,0,1,0,1,3,1,0,0,3,6,0,0,0,0,0,0,0,Graduation,Married,2013-03-27
907460,1963,64600.0,1,1,69,43,1,8,0,4,4,1,2,0,4,4,0,0,0,0,0,0,0,Graduation,Single,2013-01-21
907461,1972,36800.0,1,1,92,92,3,41,4,1,19,6,6,1,4,6,0,0,0,0,0,0,0,Graduation,Married,2014-01-02
907462,1965,69700.0,0,1,53,506,47,424,183,137,96,1,7,2,11,4,0,0,0,0,0,0,0,PhD,Together,2014-06-18
907463,1976,30700.0,1,0,41,3,2,3,5,0,33,1,1,0,2,7,0,0,0,0,0,0,0,Graduation,Married,2013-11-07
907464,1962,79100.0,1,2,8,319,5,64,0,1,5,5,4,2,5,7,0,0,0,0,0,0,1,PhD,Married,2014-06-27
907465,1982,20200.0,1,0,38,0,1,6,1,0,2,1,0,0,1,6,0,0,0,0,0,1,0,Graduation,Single,2014-02-05
907466,1958,36500.0,0,1,72,9,1,3,7,6,1,1,1,0,2,6,0,0,0,0,0,0,0,PhD,Married,2013-01-24
907467,1952,79100.0,0,1,75,595,20,126,33,5,150,6,6,3,9,7,0,0,0,1,0,0,0,Graduation,Married,2013-08-22
907468,1968,41500.0,1,1,99,11,3,21,3,4,3,3,2,0,3,4,0,0,0,0,0,0,0,Master,Divorced,2014-04-27
907469,1976,89200.0,0,1,88,1493,40,251,23,121,91,1,6,7,11,3,0,0,0,1,0,1,0,PhD,Divorced,2013-01-06
907470,1978,14900.0,2,0,48,1,1,1,0,0,2,1,1,0,2,10,0,0,1,0,0,0,1,Graduation,Together,2013-03-05
907471,1982,42100.0,0,1,95,119,0,47,1,1,15,1,3,1,4,3,0,0,0,0,0,0,0,Graduation,Married,2012-09-23
907472,1959,84400.0,0,0,49,677,30,339,253,198,19,1,11,7,13,4,0,0,0,1,0,0,0,Graduation,Married,2014-03-11
907473,1980,47700.0,0,1,22,85,8,80,41,14,21,3,2,1,8,7,0,0,0,0,0,1,0,Graduation,Married,2013-12-23
907474,1953,27700.0,0,1,68,221,4,106,27,3,318,3,9,2,3,9,0,0,1,0,0,0,0,Graduation,Together,2013-01-15
907475,1966,22900.0,1,1,72,17,0,13,5,3,12,5,1,1,3,5,0,0,0,0,0,1,0,Master,Together,2013-08-11
907476,1985,15400.0,0,0,21,10,7,7,4,6,4,2,1,0,3,9,0,0,0,0,0,0,0,2n Cycle,Married,2013-06-16
907477,1959,57800.0,0,1,34,194,128,1038,90,10,240,3,1,5,5,1,0,0,0,0,0,0,0,Graduation,Divorced,2014-01-28
907478,1941,52100.0,0,1,79,934,2,164,8,5,85,1,6,7,5,6,1,0,0,0,0,0,0,Master,Divorced,2013-10-29
907479,1958,49600.0,0,1,56,76,15,25,84,106,66,3,5,4,3,3,0,0,0,0,0,0,0,2n Cycle,Married,2014-01-01
907480,1963,42000.0,1,1,68,23,1,16,4,3,7,2,3,1,1,6,0,0,0,1,0,0,0,Graduation,Married,2014-02-04
907481,1977,70900.0,0,0,44,1000,1,110,1,8,13,1,9,4,5,8,0,1,0,0,1,1,0,PhD,Married,2013-03-19
907482,1956,86900.0,0,1,40,463,14,411,42,25,245,1,3,9,5,5,1,0,0,0,0,0,0,Master,Divorced,2012-08-05
907483,1967,52500.0,0,0,39,83,27,104,60,2,62,1,1,4,4,2,0,0,0,0,0,0,0,2n Cycle,Married,2013-07-05
907484,1981,21100.0,1,0,55,12,2,7,2,3,1,3,3,0,4,5,0,0,0,0,0,0,0,Graduation,Married,2013-07-23
907485,1963,23300.0,1,1,68,4,1,6,2,2,2,2,2,0,4,6,0,0,0,0,0,0,0,Master,Single,2012-12-30
907486,1967,45000.0,0,1,62,49,3,14,1,2,8,0,3,0,3,8,0,0,0,0,0,1,0,Master,Single,2014-05-04
907487,1960,53100.0,0,1,50,526,13,97,15,2,138,3,10,2,7,9,0,0,1,0,0,0,0,PhD,Widow,2014-01-24
907488,1963,21100.0,1,1,99,10,1,11,0,1,6,2,3,0,3,7,0,0,0,0,0,0,0,Graduation,Married,2013-02-17
907489,1982,75500.0,0,1,65,554,55,199,130,228,362,1,11,4,10,8,0,0,0,0,0,0,0,Graduation,Together,2013-11-21
907490,1973,113500.0,1,1,42,1151,182,647,259,18,39,2,10,6,13,5,0,0,0,1,0,0,0,2n Cycle,Divorced,2013-05-07
907491,1975,65700.0,0,1,71,480,9,351,82,67,18,0,10,3,10,2,0,0,0,0,0,0,0,PhD,Married,2013-04-27
907492,1965,67100.0,0,1,93,435,4,31,10,4,27,1,4,3,3,5,0,0,0,0,0,0,0,PhD,Together,2014-04-17
907493,1975,22900.0,1,0,51,6,1,4,1,1,3,1,0,0,3,8,0,0,0,0,0,0,0,PhD,Divorced,2013-04-08
907494,1964,27600.0,1,1,49,28,4,12,2,3,11,2,1,0,3,7,0,0,0,0,0,0,0,Graduation,Married,2014-02-05
907495,1963,64000.0,1,1,11,291,14,107,42,26,15,3,4,2,8,5,0,0,1,0,0,1,0,PhD,Together,2013-08-28
907496,1962,58200.0,0,1,48,244,29,252,72,155,128,1,6,3,7,3,0,0,0,0,0,0,0,PhD,Together,2013-09-25
907497,1976,60100.0,0,0,27,657,25,541,4,52,80,1,3,5,8,3,1,0,0,0,1,1,0,Graduation,Divorced,2013-05-26
907498,1971,79100.0,0,1,15,401,2,124,8,8,21,2,7,5,8,6,0,0,0,0,0,0,0,Graduation,Married,2013-05-07
907499,1975,86000.0,0,1,8,276,30,440,127,63,32,4,4,7,6,4,0,0,0,0,0,0,0,Graduation,Together,2013-01-21
907500,1978,86600.0,0,0,99,1493,193,577,39,54,28,0,9,7,9,3,0,0,0,1,1,0,0,Graduation,Together,2013-10-07
907501,1996,7200.0,2,0,75,4,3,20,4,11,25,6,4,0,3,15,0,0,0,0,0,0,0,Graduation,Single,2012-12-24
907502,1966,75700.0,0,1,81,511,35,206,19,16,38,5,7,3,8,7,0,0,0,0,0,0,0,Graduation,Married,2013-06-14
907503,1956,44500.0,1,2,67,190,0,32,1,0,11,5,3,2,2,9,0,0,0,0,0,0,0,Master,Married,2013-07-09
907504,1977,41500.0,0,0,18,154,5,48,7,5,40,3,3,0,4,7,0,0,0,0,0,0,0,Graduation,Married,2014-02-14
907505,1969,131700.0,0,0,90,664,43,282,16,109,20,0,3,7,3,0,0,0,0,0,0,0,0,PhD,Single,2012-10-19
907506,1981,110800.0,0,0,24,761,27,829,42,40,12,2,4,10,12,2,0,0,0,0,0,0,0,Graduation,Married,2014-01-18
907507,1955,29200.0,0,1,27,117,34,65,18,2,84,3,4,1,4,5,0,0,0,0,0,1,0,Master,Divorced,2012-08-10
907508,1974,66200.0,0,0,53,321,25,427,230,20,51,1,4,4,5,2,0,0,0,0,0,0,0,Master,Divorced,2014-06-18
907509,1958,59000.0,1,1,61,276,0,30,4,2,8,2,3,1,5,8,0,0,0,1,0,0,0,Graduation,Married,2014-06-06
907510,1971,19000.0,1,0,66,7,2,12,11,3,18,2,2,1,3,6,0,0,0,0,0,0,0,Graduation,Widow,2013-06-18
907511,1959,57300.0,0,1,71,181,11,83,15,12,77,4,6,6,8,3,0,0,0,0,0,0,0,Master,Married,2013-12-02
907512,1947,72800.0,0,0,70,976,30,277,7,2,38,1,5,5,5,6,0,0,0,0,1,1,0,Graduation,Together,2013-05-06
907513,1967,102400.0,0,2,62,764,74,249,91,113,77,2,9,4,10,6,0,0,0,0,0,0,0,Graduation,Together,2014-03-28
907514,1970,23300.0,0,1,35,94,0,13,5,5,67,2,4,1,1,6,0,0,0,0,0,0,0,Master,Together,2012-09-05
907515,1960,70000.0,1,1,36,229,0,23,0,0,9,3,8,1,4,7,0,0,0,0,0,1,1,Graduation,Married,2013-08-31
907516,1955,59300.0,1,1,0,321,6,73,4,2,85,4,5,3,5,10,0,0,0,1,0,0,0,Graduation,Divorced,2014-06-04
907517,1967,47800.0,1,1,40,134,14,49,4,1,10,4,7,0,5,5,0,0,0,0,0,0,0,Graduation,Single,2014-01-30
907518,1972,28000.0,1,0,64,9,2,12,3,1,2,3,1,0,4,5,0,0,0,0,0,0,0,PhD,Married,2014-02-16
907519,1987,25400.0,1,0,74,28,1,44,7,6,15,3,4,0,4,7,0,0,0,0,0,0,0,Graduation,Together,2013-10-06
907520,1968,88400.0,0,1,83,982,197,501,107,20,88,3,5,5,7,1,0,0,0,0,0,0,0,2n Cycle,Together,2013-04-25
907521,1971,101500.0,0,0,57,616,40,503,2,58,128,0,4,7,11,2,0,0,0,0,1,1,0,PhD,Single,2013-09-20
907522,1956,46800.0,0,1,99,255,2,27,0,5,24,4,7,1,7,6,0,0,1,0,0,0,0,PhD,Widow,2013-11-04
907523,1961,124500.0,0,1,99,1383,9,275,10,157,134,1,15,5,8,8,0,0,0,0,0,0,0,Graduation,Married,2013-11-03
907524,1955,71200.0,0,0,0,1111,6,142,4,2,105,1,7,3,8,2,0,0,0,0,0,0,0,Graduation,Divorced,2014-05-19
907525,1972,74000.0,1,1,73,882,16,173,25,20,47,10,11,3,6,10,0,0,0,1,0,0,0,PhD,Single,2012-09-12
907526,1960,27800.0,0,1,18,5,0,2,0,1,1,1,1,0,3,5,0,0,0,0,0,0,0,2n Cycle,Together,2013-01-22
907527,1978,36300.0,1,1,26,4,2,7,4,3,26,2,1,1,3,3,0,0,1,0,0,0,0,PhD,Married,2013-02-20
907528,1961,52900.0,0,0,99,153,28,58,11,57,26,1,6,2,5,4,0,0,0,0,0,0,0,Graduation,Single,2014-01-04
907529,1972,74800.0,0,0,64,499,183,245,133,30,122,1,5,4,11,2,0,0,0,0,0,0,0,Graduation,Single,2012-10-21
907530,1992,66700.0,1,0,71,151,9,280,70,59,26,5,3,2,9,10,0,0,0,0,0,0,0,Graduation,Married,2013-05-08
907531,1967,61800.0,0,1,32,1367,83,724,259,34,191,2,8,17,12,5,0,0,0,0,0,0,0,Graduation,Divorced,2013-05-13
907532,1968,62800.0,0,0,40,676,14,345,19,18,18,1,3,7,11,3,0,0,0,0,0,0,0,Graduation,Married,2013-11-26
907533,1951,29600.0,0,1,69,11,16,28,43,28,19,2,3,1,2,9,0,0,0,0,0,0,0,PhD,Together,2014-03-22
907534,1983,41800.0,1,0,72,143,24,159,31,59,50,9,6,2,5,7,0,0,0,0,0,0,0,Master,Married,2013-11-09
907535,1977,50300.0,1,0,25,856,9,113,97,20,80,2,6,5,8,8,0,0,0,0,0,0,0,PhD,Single,2013-01-08
907536,1978,87300.0,0,0,0,1396,197,540,259,249,362,1,11,8,13,3,0,0,0,0,0,0,0,2n Cycle,Married,2014-06-04
907537,1974,15500.0,1,0,41,15,2,16,10,6,14,2,2,0,2,8,0,0,0,0,0,0,0,PhD,Together,2013-08-08
907538,1959,35100.0,1,1,81,26,1,19,7,5,16,3,2,0,5,4,0,0,0,0,0,0,0,PhD,Married,2013-03-10
907539,1949,53400.0,1,1,50,38,0,2,2,0,4,2,1,0,3,3,0,0,0,0,0,0,0,2n Cycle,Married,2013-09-12
907540,1961,72200.0,0,1,75,51,99,110,107,263,52,1,8,3,3,3,0,0,0,0,0,0,0,Graduation,Together,2014-02-22
907541,1992,28500.0,1,0,81,12,1,6,2,4,6,2,2,0,4,6,0,0,0,0,0,0,0,Master,Married,2013-01-13
907542,1987,22600.0,1,0,55,3,3,11,9,7,7,2,1,1,3,7,0,0,0,0,0,0,0,Graduation,Together,2013-01-14
907543,1957,81000.0,0,0,18,553,60,981,73,198,14,0,11,4,13,6,1,0,0,1,0,1,0,Graduation,Together,2013-08-06
907544,1943,73300.0,0,1,61,589,7,70,7,6,66,1,5,3,8,1,0,0,0,0,0,0,0,Graduation,Single,2014-06-18
907545,1961,46700.0,0,0,28,273,9,478,36,34,33,0,2,2,13,2,0,0,0,0,0,0,0,Graduation,Together,2014-04-15
907546,1982,55300.0,0,1,78,197,8,53,4,12,84,3,4,7,5,5,0,0,0,0,0,0,0,PhD,Single,2013-10-25
907547,1963,59100.0,0,1,11,272,85,307,14,27,37,5,3,9,5,1,0,0,0,0,0,0,0,PhD,Married,2013-11-10
907548,1971,62000.0,1,2,52,59,3,24,2,0,6,3,4,1,2,7,0,0,0,0,0,0,0,Master,Married,2012-10-08
907549,1957,49100.0,1,1,68,158,8,81,9,21,23,5,8,1,8,5,0,0,0,0,0,0,0,Master,Divorced,2013-04-18
907550,1955,36600.0,0,1,67,30,1,13,1,0,8,1,3,0,2,6,0,0,0,0,0,0,0,Basic,Together,2012-12-17
907551,1977,45000.0,1,1,49,371,1,32,0,1,4,3,4,0,6,6,0,0,0,0,0,0,0,Graduation,Divorced,2014-01-23
907552,1957,43900.0,1,0,48,208,2,58,6,39,133,5,7,3,5,6,0,0,0,0,0,0,0,Master,Single,2013-07-17
907553,1975,55300.0,1,1,45,6,2,12,3,0,9,1,1,0,3,5,0,0,0,0,0,0,0,Graduation,Widow,2013-10-17
907554,1971,54300.0,0,1,49,543,28,77,37,66,362,2,4,4,5,6,0,0,0,0,0,0,0,Graduation,Married,2014-01-19
907555,1981,34500.0,1,1,40,92,2,106,49,2,18,5,5,1,5,6,0,0,0,0,0,0,0,Master,Divorced,2013-02-28
907556,1985,17700.0,0,0,53,15,1,8,6,1,3,2,2,1,3,10,0,0,0,0,0,0,0,2n Cycle,Divorced,2014-06-15
907557,1987,20000.0,1,0,42,1,6,12,18,11,32,2,1,0,2,10,0,0,0,0,0,0,0,PhD,Single,2013-06-17
907558,1954,44900.0,1,1,98,97,9,54,7,4,12,2,4,1,3,6,0,0,1,0,0,0,0,Graduation,Together,2013-08-07
907559,1946,20400.0,0,1,0,9,4,9,16,9,16,2,2,0,3,9,0,0,0,0,0,0,0,PhD,Together,2012-08-28
907560,1965,50800.0,0,0,25,153,13,124,29,10,23,1,2,2,4,1,0,0,0,0,0,0,0,PhD,Married,2013-01-22
907561,1959,29800.0,1,1,73,43,2,12,0,3,11,4,3,0,3,9,0,0,0,0,0,0,0,Graduation,Single,2014-02-24
907562,1958,30400.0,1,1,0,21,0,8,1,2,7,3,3,1,3,5,0,0,0,0,0,1,0,Master,Together,2014-03-09
907563,1951,29700.0,1,1,38,21,7,12,3,0,16,2,3,0,3,8,0,0,0,0,0,0,0,PhD,Married,2014-01-05
907564,1983,24000.0,1,1,33,16,3,7,1,0,4,1,1,0,3,5,0,0,0,0,0,0,0,PhD,Divorced,2012-08-03
907565,1986,69100.0,0,0,18,548,126,454,253,198,36,1,4,6,6,2,0,0,0,0,0,1,0,PhD,Together,2013-11-27
907566,1990,58300.0,0,1,70,787,154,630,89,7,51,6,7,17,12,8,0,0,0,0,0,0,0,2n Cycle,Together,2013-12-26
907567,1979,35800.0,0,0,72,52,7,78,50,18,30,1,3,1,5,8,0,0,0,0,0,0,0,Graduation,Together,2014-04-06
907568,1966,64600.0,1,0,63,31,2,17,6,3,7,1,2,1,2,6,0,0,0,0,0,0,0,Master,Married,2013-01-05
907569,1947,73600.0,0,0,61,815,79,524,28,198,26,1,9,8,6,3,0,0,0,1,1,1,0,PhD,Together,2014-04-27
907570,1970,30500.0,2,0,59,56,0,26,6,1,3,3,1,0,4,5,0,0,0,0,0,0,0,Master,Married,2012-08-10
907571,1970,62000.0,1,1,48,223,40,90,32,157,22,7,7,6,6,4,0,0,0,0,0,0,0,Master,Single,2014-03-01
907572,1972,73200.0,0,0,20,754,57,102,11,137,19,1,5,4,12,2,0,0,0,0,0,0,0,Graduation,Together,2013-07-01
907573,1982,24300.0,1,0,1,41,1,18,2,2,1,2,2,1,2,8,0,0,0,0,0,0,0,Graduation,Single,2012-08-25
907574,1966,22300.0,1,1,23,7,0,8,7,0,3,1,1,0,2,9,0,0,0,0,0,0,0,PhD,Together,2012-11-25
907575,1975,38800.0,1,1,49,18,9,42,12,1,18,2,4,0,3,5,0,0,0,0,0,0,0,Graduation,Divorced,2012-09-03
907576,1971,51600.0,1,1,46,369,17,92,101,88,188,2,12,4,13,8,0,0,0,0,0,0,0,Master,Married,2014-05-05
907577,1960,30200.0,0,0,61,127,1,32,2,0,22,2,4,2,2,7,0,0,0,1,0,1,0,2n Cycle,Single,2013-05-29
907578,1969,54300.0,0,0,69,61,24,39,20,21,6,3,3,0,8,4,0,0,0,0,0,0,0,PhD,Together,2014-05-31
907579,1969,46600.0,0,1,57,9,5,4,1,4,1,1,1,0,2,6,0,0,0,0,0,1,0,Graduation,Married,2012-11-27
907580,1958,46800.0,0,0,63,67,15,37,2,3,20,2,3,2,5,7,0,0,0,0,0,1,0,Master,Married,2013-02-18
907581,1942,57400.0,1,1,41,50,7,52,45,13,31,3,3,1,4,6,0,0,1,0,0,1,0,2n Cycle,Together,2012-09-21
907582,1966,24700.0,1,0,65,7,7,16,13,22,7,3,2,0,4,7,0,0,0,0,0,0,0,PhD,Single,2013-01-11
907583,1953,87800.0,0,1,8,1396,13,197,39,20,27,1,12,4,7,5,0,0,0,0,0,0,0,Master,Married,2013-04-06
907584,1973,38300.0,1,1,5,38,1,5,1,1,5,1,1,0,3,6,0,0,0,0,0,0,0,Graduation,Together,2013-10-29
907585,1972,75900.0,1,1,41,244,4,10,4,0,9,1,3,1,6,6,0,0,0,0,0,0,0,2n Cycle,Widow,2013-09-24
907586,1983,54300.0,0,0,68,126,25,140,33,53,11,1,4,5,3,3,0,0,0,0,0,0,0,2n Cycle,Married,2014-01-30
907587,1972,56900.0,0,1,35,328,79,251,32,6,189,2,2,4,7,4,0,0,0,0,1,1,0,Master,Divorced,2013-04-21
907588,1983,22400.0,1,0,79,19,5,38,3,9,11,4,3,1,4,7,0,0,0,0,0,1,0,Master,Married,2014-04-29
907589,1959,64400.0,0,1,12,454,16,80,24,20,15,3,5,2,9,2,0,0,0,0,0,0,0,Graduation,Married,2014-03-24
907590,1953,79100.0,0,2,2,1171,4,91,9,2,30,10,11,2,13,9,0,0,0,1,0,0,0,Graduation,Single,2013-03-16
907591,1945,57000.0,0,1,65,649,28,211,16,14,213,3,9,4,9,6,0,0,0,0,0,0,0,Master,Together,2013-08-19
907592,1961,35100.0,1,0,85,98,0,19,2,0,31,2,2,1,3,5,0,0,0,0,0,0,0,Graduation,Divorced,2013-08-29
907593,1946,32400.0,1,1,30,13,0,7,0,1,6,1,3,0,2,5,0,0,0,0,0,0,0,Graduation,Together,2013-12-16
907594,1957,46000.0,1,1,99,135,0,25,1,0,17,5,6,0,4,8,0,0,0,0,0,1,0,Graduation,Widow,2013-01-22
907595,1962,87300.0,0,0,0,560,156,200,58,15,13,1,4,2,5,1,1,0,0,0,0,0,0,PhD,Married,2013-03-09
907596,1983,31000.0,1,0,0,47,8,67,2,14,13,1,3,1,2,10,0,0,0,0,0,0,0,Master,Married,2012-08-22
907597,1949,60700.0,0,0,94,530,73,457,86,28,16,3,3,4,11,2,0,0,0,0,0,0,0,Graduation,Together,2013-06-11
907598,1996,33000.0,1,0,0,14,0,9,1,1,5,2,1,0,4,5,0,0,0,0,0,0,0,Graduation,Married,2012-09-26
907599,1965,57400.0,1,0,26,202,27,107,14,17,13,2,3,1,7,5,0,0,0,0,0,0,0,Graduation,Married,2012-09-16
907600,1982,61900.0,1,1,30,42,11,14,0,5,5,1,1,1,4,4,0,0,0,0,0,0,0,Graduation,Together,2013-05-03
907601,1962,74400.0,0,1,8,237,9,79,5,7,11,5,2,1,9,7,0,0,0,0,0,0,0,Graduation,Married,2014-01-23
907602,1980,38000.0,1,1,26,44,3,28,5,9,6,5,3,0,5,4,0,0,1,0,0,0,0,Graduation,Single,2014-05-30
907603,1946,64600.0,0,1,37,19,6,7,7,3,8,1,1,0,3,4,0,0,0,0,0,0,0,PhD,Together,2012-10-23
907604,1987,32500.0,0,0,7,7,5,14,26,6,2,2,1,1,3,8,0,0,0,0,0,0,0,Master,Married,2013-12-07
907605,1975,54500.0,1,1,63,155,2,37,16,1,20,4,4,1,4,7,0,0,0,0,0,0,0,Graduation,Divorced,2012-09-26
907606,1964,25400.0,1,0,43,28,25,34,11,14,24,1,3,1,2,11,0,0,0,0,0,0,0,Graduation,Widow,2013-10-15
907607,1945,101300.0,0,0,37,1137,53,792,259,263,23,1,4,8,13,2,0,0,0,0,0,0,0,Graduation,Married,2012-08-02
907608,1972,78200.0,0,0,22,351,10,261,79,100,6,1,4,8,12,2,0,0,1,0,1,1,0,Graduation,Single,2013-05-22
907609,1977,94900.0,0,0,34,1079,47,385,40,58,15,1,5,4,13,2,1,0,0,0,0,1,0,Graduation,Divorced,2013-09-07
907610,1961,29600.0,1,1,53,4,1,10,1,0,0,2,2,0,3,7,0,0,0,0,0,1,0,Master,Together,2013-11-15
907611,1978,31500.0,0,0,71,4,6,5,3,3,7,0,1,0,3,6,0,0,0,1,0,0,0,PhD,Married,2013-05-29
907612,1969,32300.0,1,1,46,16,0,5,0,0,6,1,1,0,2,5,0,0,0,0,0,0,0,Graduation,Together,2013-07-22
907613,1963,35400.0,0,1,92,501,3,150,9,3,122,5,14,5,6,5,0,0,0,0,0,0,0,Graduation,Married,2013-01-29
907614,1969,34500.0,0,0,9,82,1,34,10,14,70,1,5,2,2,8,0,0,1,0,0,0,0,Graduation,Married,2013-09-20
907615,1969,28300.0,1,0,7,52,5,115,2,4,189,5,4,2,4,10,0,0,0,1,0,0,0,Graduation,Married,2014-06-27
907616,1973,48700.0,1,0,53,126,13,55,25,8,97,3,5,2,4,5,0,0,1,0,0,0,0,Graduation,Together,2013-01-12
907617,1959,66500.0,0,1,34,1404,9,171,15,130,21,3,6,5,6,9,0,0,1,0,1,1,0,Master,Divorced,2012-12-12
907618,1961,77900.0,0,0,76,339,145,1185,20,23,8,2,4,7,5,1,0,0,0,0,0,0,0,Graduation,Together,2013-09-02
907619,1955,53500.0,0,1,99,135,105,96,12,49,29,5,2,4,8,2,0,0,0,0,0,0,0,2n Cycle,Married,2013-08-29
907620,1973,78000.0,0,0,32,476,12,556,156,26,22,1,11,4,10,4,1,0,1,0,0,0,0,PhD,Married,2012-09-29
907621,1952,73900.0,0,0,81,960,4,133,15,3,62,1,3,4,4,4,0,0,0,0,0,0,0,2n Cycle,Married,2013-01-09
907622,1993,74000.0,0,0,26,469,41,628,42,24,64,2,5,4,10,2,0,0,0,0,0,0,0,Master,Married,2014-05-19
907623,1977,64600.0,1,0,11,10,1,4,10,2,5,1,1,0,3,4,0,0,0,0,0,0,0,PhD,Married,2012-12-11
907624,1973,28100.0,0,0,28,4,0,7,1,0,4,1,1,0,2,9,0,0,0,0,0,0,0,Master,Together,2013-01-30
907625,1970,40200.0,0,1,50,51,1,4,3,1,8,2,2,1,3,4,0,0,0,0,0,0,0,Graduation,Married,2013-08-28
907626,1974,60600.0,0,0,91,1068,12,171,7,5,41,2,4,6,13,1,0,0,0,0,1,1,0,PhD,Married,2013-07-24
907627,1972,64600.0,1,1,54,27,0,19,3,0,19,3,2,0,4,4,0,0,0,0,0,0,0,PhD,Together,2012-12-16
907628,1983,81500.0,0,1,72,503,1,103,35,20,22,1,3,5,13,4,0,0,0,0,0,0,0,Master,Together,2014-02-08
907629,1949,59200.0,0,2,32,114,40,22,1,6,5,3,2,1,3,5,0,0,0,0,0,0,0,2n Cycle,Married,2013-03-14
907630,1961,46900.0,0,0,33,586,3,445,7,39,3,3,6,8,7,4,0,0,0,0,0,0,0,Graduation,Married,2013-06-29
907631,1972,85200.0,0,0,27,888,4,354,19,60,76,1,6,7,9,4,0,0,0,1,0,0,0,Graduation,Together,2012-10-25
907632,1963,75700.0,0,1,38,993,17,282,26,198,31,1,5,5,4,5,0,0,1,0,0,1,0,Graduation,Married,2013-04-15
907633,1987,21400.0,1,0,59,1,1,4,5,3,0,1,1,0,3,5,0,0,0,0,0,0,0,2n Cycle,Married,2013-03-11
907634,1972,27900.0,1,0,18,60,0,13,0,0,5,1,2,0,2,12,0,0,0,0,0,0,0,2n Cycle,Married,2013-05-07
907635,1958,60400.0,0,1,68,311,3,63,3,1,81,4,7,6,5,4,0,0,0,0,0,0,0,Graduation,Single,2013-02-04
907636,1974,62300.0,0,0,20,312,18,149,47,11,53,2,2,10,9,2,0,0,0,0,0,0,0,PhD,Married,2014-02-23
907637,1943,51200.0,0,1,99,689,69,177,259,263,15,4,10,6,11,2,0,0,0,0,0,0,0,PhD,Married,2014-06-26
907638,1953,41200.0,0,1,99,469,58,89,69,89,31,3,10,4,8,8,0,0,0,0,0,0,0,PhD,Together,2012-10-26
907639,1974,83000.0,0,0,54,351,42,201,166,38,170,0,6,9,11,1,0,0,0,1,0,1,0,Graduation,Widow,2013-05-16
907640,1972,41000.0,1,1,60,4,4,4,6,1,4,0,0,0,3,6,0,0,0,0,0,0,0,Basic,Single,2013-04-09
907641,1973,25900.0,1,0,50,1,2,3,5,4,1,1,1,0,2,5,0,0,0,0,0,0,0,Graduation,Married,2012-12-07
907642,1968,75700.0,1,0,53,277,10,355,33,7,15,2,2,5,13,4,1,0,0,1,1,1,0,Master,Single,2012-12-02
907643,1960,18400.0,1,0,63,8,1,11,4,2,7,2,3,0,3,11,0,0,0,0,0,0,0,Graduation,Married,2012-09-06
907644,1970,102800.0,0,0,45,1227,34,981,60,111,43,1,4,9,6,3,0,1,0,1,1,1,0,Master,Divorced,2014-06-11
907645,1972,79700.0,0,0,78,524,49,981,19,7,34,1,6,5,9,2,1,0,0,0,0,0,0,Graduation,Married,2014-03-25
907646,1964,69200.0,0,0,65,317,197,213,17,37,119,2,8,4,11,2,0,0,0,0,0,0,0,Graduation,Together,2013-08-04
907647,1965,71400.0,0,1,76,517,197,132,5,106,26,2,4,2,13,4,0,0,0,0,0,0,0,Graduation,Single,2014-04-14
907648,1963,65700.0,0,1,10,292,75,187,259,263,362,1,3,3,6,2,0,0,0,0,0,0,0,Master,Single,2014-03-10
907649,1979,75500.0,0,0,30,196,197,668,49,30,79,1,3,4,13,2,0,0,0,0,0,0,0,PhD,Married,2014-01-27
907650,1978,49100.0,0,1,32,170,14,21,101,4,46,2,2,0,13,6,0,0,0,0,0,0,0,Graduation,Single,2013-09-05
907651,1958,89400.0,0,1,69,633,96,353,109,34,22,3,4,4,11,5,0,0,0,0,0,0,0,PhD,Together,2013-01-23
907652,1973,74600.0,0,2,62,562,14,86,1,7,17,5,7,4,6,6,0,0,0,0,0,1,0,Graduation,Widow,2013-05-15
907653,1962,59100.0,0,1,22,372,0,56,2,9,2,8,8,2,6,8,0,0,0,0,0,0,0,Graduation,Single,2012-08-03
907654,1973,30100.0,0,0,55,412,21,225,133,72,321,5,11,5,4,6,0,0,0,0,0,0,0,Graduation,Married,2013-08-06
907655,1962,33500.0,1,1,32,118,96,322,85,157,321,1,8,1,4,7,0,0,0,0,0,1,0,PhD,Married,2012-12-29
907656,1969,45300.0,1,1,70,30,1,19,2,1,24,1,2,1,2,6,0,0,0,1,0,0,0,Master,Divorced,2014-06-17
907657,1966,57300.0,2,1,66,73,2,26,6,0,4,2,2,0,3,5,0,0,0,0,0,0,0,Graduation,Single,2012-12-09
907658,1941,64000.0,0,0,30,389,13,170,16,12,82,2,5,8,13,6,1,0,0,0,0,1,0,PhD,Together,2012-11-09
907659,1940,79100.0,0,1,79,1171,4,82,5,0,19,4,13,3,13,6,0,0,0,0,0,0,0,2n Cycle,Widow,2013-11-07
907660,1966,68400.0,0,1,60,251,4,65,3,7,5,2,4,1,7,8,0,0,0,0,0,0,0,2n Cycle,Single,2014-02-16
907661,1964,61500.0,0,1,35,1396,14,146,48,40,42,1,4,1,11,5,0,0,0,0,0,0,0,Graduation,Together,2014-05-07
907662,1983,98300.0,1,0,59,1370,197,961,259,263,100,1,13,6,12,5,0,0,0,0,0,0,0,Graduation,Married,2014-05-14
907663,1975,39700.0,0,1,13,32,0,8,2,1,11,1,1,0,3,6,0,0,0,0,0,0,0,Graduation,Married,2013-12-26
907664,1976,47500.0,0,0,39,239,1,46,14,24,25,1,3,2,6,4,0,0,0,0,0,0,0,PhD,Together,2014-04-03
907665,1965,46900.0,2,1,41,7,1,7,2,3,3,1,1,1,2,7,0,0,0,0,0,0,0,2n Cycle,Single,2013-02-24
907666,1971,43300.0,0,1,48,130,16,26,5,1,29,1,3,2,3,4,0,0,0,0,0,0,0,Master,Divorced,2014-01-29
907667,1974,41300.0,1,2,39,208,13,76,6,1,67,7,6,1,5,9,0,0,0,0,0,0,0,Graduation,Single,2012-09-04
907668,1951,66400.0,0,1,99,1194,16,280,5,13,5,3,5,5,12,5,1,0,0,1,0,1,0,Graduation,Married,2013-07-15
907669,1976,64900.0,0,0,79,510,26,261,150,26,27,3,6,6,4,3,0,0,0,0,0,0,0,PhD,Together,2012-10-23
907670,1971,39900.0,1,0,3,6,7,25,1,11,3,2,1,1,2,7,0,0,0,0,0,0,0,2n Cycle,Together,2013-05-15
907671,1959,77500.0,0,1,50,148,16,86,17,5,33,1,4,1,5,3,0,0,0,0,0,0,1,Graduation,Together,2013-02-10
907672,1952,82200.0,0,0,59,494,101,245,56,242,5,2,10,4,9,4,0,0,0,0,0,0,0,Graduation,Together,2013-01-30
907673,1960,41900.0,0,1,50,174,10,200,17,11,258,6,8,1,6,7,0,0,1,0,0,0,0,Graduation,Widow,2012-08-29
907674,1967,35500.0,1,1,62,50,0,3,4,0,2,2,2,1,2,6,0,0,0,0,0,0,0,Graduation,Single,2014-03-05
907675,1986,64600.0,1,1,60,16,0,6,0,0,12,1,1,0,2,4,0,0,0,0,0,0,0,Master,Married,2014-04-04
907676,1986,20200.0,1,0,77,3,6,19,18,20,24,2,2,0,3,9,0,0,0,0,0,0,0,Graduation,Married,2012-10-05
907677,1950,68200.0,0,1,29,396,57,420,253,111,15,5,5,6,6,3,0,0,0,1,0,1,0,PhD,Together,2012-09-21
907678,1986,71000.0,0,0,37,241,102,93,11,188,28,2,4,10,7,3,1,0,1,1,0,1,0,PhD,Divorced,2013-12-05
907679,1948,54900.0,0,1,2,64,1,7,0,0,6,1,1,0,3,9,0,0,1,0,0,0,0,Graduation,Single,2012-12-03
907680,1979,13300.0,1,0,40,3,0,5,2,1,2,1,1,0,2,6,0,0,0,0,0,0,0,Basic,Divorced,2014-01-10
907681,1982,61000.0,0,0,24,334,31,306,1,36,30,1,4,8,8,5,1,0,0,0,0,1,0,Graduation,Single,2013-08-13
907682,1959,35600.0,1,1,5,24,4,14,1,4,5,4,2,0,4,9,0,0,0,0,0,0,0,Master,Married,2013-02-14
907683,1974,71700.0,1,1,20,121,0,21,0,0,39,2,3,1,3,5,0,0,0,0,0,0,0,PhD,Married,2013-02-22
907684,1974,63700.0,0,0,42,661,73,295,150,42,73,1,4,8,5,2,1,0,0,1,0,1,0,Graduation,Married,2014-01-16
907685,1966,56100.0,2,1,94,20,0,13,1,2,3,2,2,0,4,4,0,0,0,0,0,1,0,PhD,Together,2013-07-30
907686,1970,45600.0,0,1,44,423,5,61,11,7,101,1,6,1,6,7,0,0,0,0,0,0,0,2n Cycle,Married,2014-05-12
907687,1985,44700.0,1,0,25,126,7,96,29,17,40,4,6,1,5,7,0,0,0,0,0,1,0,2n Cycle,Widow,2013-11-12
907688,1955,33400.0,1,1,23,18,1,4,0,0,0,2,1,0,2,8,0,0,0,0,0,0,0,Graduation,Married,2014-05-08
907689,1947,35000.0,0,1,24,253,0,26,7,2,22,1,6,1,7,5,0,0,0,0,0,0,0,Master,Divorced,2012-11-09
907690,1953,79100.0,1,0,22,598,2,88,6,2,17,5,6,3,12,7,0,0,0,0,0,0,0,Graduation,Divorced,2014-06-10
907691,1972,34500.0,1,1,66,4,0,4,0,0,4,1,0,0,2,4,0,0,0,0,0,0,0,Graduation,Together,2013-12-02
907692,1966,39900.0,0,1,65,55,3,17,2,1,321,2,4,0,4,6,0,0,0,1,0,0,0,Graduation,Together,2013-06-28
907693,1993,49300.0,1,0,83,35,0,26,1,2,5,2,3,0,4,6,0,0,0,0,0,0,0,PhD,Married,2013-08-21
907694,1952,62800.0,0,1,69,517,140,246,42,5,34,2,3,5,13,2,0,0,0,0,0,0,0,Master,Together,2013-04-16
907695,1967,48200.0,2,1,37,19,0,12,0,0,11,3,2,0,3,7,0,0,0,0,0,0,0,2n Cycle,Together,2014-03-10
907696,1974,18900.0,1,1,90,6,1,4,3,0,3,1,1,0,2,5,0,0,0,0,0,0,0,Graduation,Single,2012-11-21
907697,1979,30700.0,0,0,14,41,11,40,23,9,32,1,6,1,4,4,0,0,0,0,0,0,0,Master,Married,2013-10-02
907698,1972,75200.0,0,0,35,1288,21,250,12,6,35,2,5,5,11,5,1,0,0,0,1,1,0,Graduation,Single,2013-05-24
907699,1984,57100.0,0,1,66,276,17,138,53,20,18,6,4,6,9,5,0,0,0,0,0,0,0,2n Cycle,Married,2012-10-11
907700,1966,64600.0,1,1,73,56,0,6,0,0,1,1,1,0,3,7,0,0,0,0,0,0,0,PhD,Married,2013-04-23
907701,1959,26700.0,0,1,65,4,19,6,7,5,9,1,1,1,2,8,0,0,0,0,0,0,0,Graduation,Widow,2014-03-06
907702,1969,29200.0,1,0,40,33,6,39,1,5,13,4,4,1,3,5,0,0,0,0,0,0,0,Graduation,Single,2013-04-19
907703,1978,66600.0,0,0,51,589,11,258,11,46,19,0,3,4,4,3,0,0,0,0,0,1,0,Graduation,Together,2013-02-24
907704,1965,80000.0,0,0,51,527,8,237,21,2,210,1,1,6,6,3,0,0,0,0,0,0,0,Graduation,Married,2013-03-26
907705,1981,28300.0,1,0,30,12,1,24,1,0,15,0,1,0,2,7,0,0,0,0,0,0,0,Master,Married,2013-05-17
907706,1970,60000.0,0,1,43,170,1,30,1,0,7,2,5,1,4,8,0,0,0,1,0,0,0,Master,Married,2014-03-07
907707,1969,23800.0,2,0,48,17,0,42,1,8,3,5,2,1,3,10,0,0,0,0,0,0,0,PhD,Married,2013-10-09
907708,1971,37000.0,1,1,72,33,4,14,4,2,52,3,4,0,3,7,0,0,0,0,0,0,0,Graduation,Single,2013-01-30
907709,1972,64600.0,1,1,50,22,0,3,0,1,3,2,1,0,3,5,0,0,0,0,0,0,0,Basic,Married,2012-12-15
907710,1981,15500.0,1,0,58,4,15,13,6,9,8,1,1,1,2,5,0,0,0,0,0,0,0,PhD,Married,2014-02-23
907711,1960,76000.0,0,0,48,441,55,303,103,12,54,2,8,4,11,4,0,0,0,0,0,0,0,Master,Single,2012-11-05
907712,1963,33300.0,0,1,3,24,3,32,6,7,7,4,3,1,4,6,0,0,0,0,0,0,0,2n Cycle,Married,2012-08-28
907713,1966,96300.0,0,1,84,1493,8,176,6,2,43,0,4,3,6,3,0,0,0,0,0,0,0,PhD,Together,2013-08-26
907714,1977,81700.0,0,1,48,414,3,215,14,62,13,3,6,5,4,5,0,0,0,0,0,0,0,Graduation,Single,2014-03-18
907715,1959,63800.0,0,0,82,734,5,157,36,42,19,1,5,5,11,3,1,0,1,0,0,0,0,Graduation,Married,2014-03-14
907716,1975,54100.0,1,1,0,571,36,358,60,94,30,2,11,7,5,5,0,0,0,0,0,0,0,Graduation,Married,2014-01-28
907717,1943,59900.0,0,2,36,553,49,335,36,11,18,5,7,4,11,5,0,0,0,0,0,0,0,Graduation,Divorced,2012-12-09
907718,1964,57100.0,0,1,56,312,1,40,29,2,111,2,9,6,5,6,0,0,1,0,0,1,0,2n Cycle,Widow,2013-11-08
907719,1974,51200.0,0,1,27,348,56,173,12,49,18,2,3,6,8,2,0,0,0,0,0,0,0,Graduation,Single,2012-12-30
907720,1969,32800.0,1,1,63,125,2,92,4,17,63,3,6,1,4,5,0,0,0,0,0,1,0,Graduation,Single,2013-11-22
907721,1948,77100.0,0,1,42,955,100,595,253,7,65,1,11,8,5,3,1,0,0,0,1,0,0,Master,Married,2014-04-16
907722,1961,46500.0,0,0,42,516,53,1269,11,263,75,1,3,10,6,3,0,0,0,0,0,0,0,PhD,Together,2014-04-20
907723,1949,41800.0,2,1,56,82,1,30,1,0,4,4,1,1,2,6,0,0,0,0,0,0,0,PhD,Married,2013-11-10
907724,1971,20700.0,0,1,51,8,5,12,8,2,14,3,2,1,4,5,0,0,0,0,0,0,0,Graduation,Single,2012-10-07
907725,1968,22100.0,1,1,74,8,0,2,0,0,4,2,0,0,2,4,0,0,0,0,0,1,0,PhD,Married,2014-02-25
907726,1978,30400.0,1,0,52,3,5,17,2,4,9,1,1,0,2,5,0,0,0,0,0,0,0,Graduation,Together,2013-04-03
907727,1958,61800.0,1,1,54,177,0,20,3,0,26,6,4,2,3,8,0,0,0,0,0,0,0,Graduation,Married,2013-12-28
907728,1973,64800.0,0,1,35,342,20,200,41,51,72,2,8,6,12,5,0,1,0,0,0,0,0,Graduation,Together,2014-05-02
907729,1996,29300.0,0,0,67,11,4,10,2,2,7,2,1,1,3,7,0,0,0,0,0,0,0,PhD,Married,2014-02-15
907730,1970,79500.0,0,0,13,565,21,556,41,17,32,1,5,4,12,3,0,0,0,1,0,1,0,PhD,Single,2013-06-22
907731,1959,68800.0,0,0,99,604,17,476,253,198,74,1,4,9,8,1,0,0,0,0,1,1,0,PhD,Married,2012-10-13
907732,1966,34600.0,0,0,77,8,4,17,1,11,21,1,2,0,3,6,0,0,1,0,0,0,0,Graduation,Divorced,2014-01-21
907733,1967,71800.0,0,1,43,130,76,170,55,230,74,3,5,7,6,2,0,0,0,0,0,0,0,Graduation,Divorced,2014-04-09
907734,1986,65500.0,1,1,38,109,8,127,38,16,19,3,7,2,3,8,0,0,0,1,0,0,0,Graduation,Together,2012-09-06
907735,1970,74400.0,0,0,59,61,14,199,94,50,57,1,1,2,4,1,0,0,0,0,0,0,0,PhD,Married,2014-02-04
907736,1982,21700.0,1,0,69,89,4,35,3,10,5,3,2,1,3,7,0,0,0,0,0,0,0,2n Cycle,Single,2014-05-27
907737,1959,54700.0,1,1,52,256,4,55,14,9,4,4,6,1,5,8,0,0,1,0,0,1,0,PhD,Married,2012-08-03
907738,1977,40900.0,1,0,0,115,1,29,4,0,26,4,3,1,5,7,0,0,0,1,0,0,0,PhD,Together,2013-03-25
907739,1953,32000.0,1,1,8,8,2,3,0,1,1,2,1,1,2,6,0,0,0,0,0,0,0,Graduation,Married,2013-10-09
907740,1978,65900.0,0,1,53,144,17,29,13,9,22,2,4,3,3,3,0,0,0,0,0,0,0,Graduation,Married,2013-09-20
907741,1992,24400.0,1,0,99,5,6,14,1,3,2,2,1,1,4,6,0,0,0,0,0,0,0,2n Cycle,Single,2014-04-05
907742,1976,22100.0,1,1,60,0,4,2,1,1,6,0,0,0,2,10,0,0,0,0,0,0,0,PhD,Married,2013-12-30
907743,1975,19100.0,0,0,40,1,14,6,16,27,41,1,1,0,3,7,0,0,0,0,0,0,0,Basic,Together,2014-03-24
907744,1955,84000.0,0,0,57,209,197,1308,73,129,24,1,6,6,8,0,0,0,0,0,0,0,0,Graduation,Single,2013-05-18
907745,1975,44800.0,1,0,15,52,2,58,17,4,7,3,5,2,3,8,0,0,0,0,0,1,0,Master,Married,2012-11-17
907746,1964,53200.0,0,1,72,26,4,18,6,7,22,2,1,2,3,4,0,0,0,0,0,0,0,Graduation,Married,2013-04-21
907747,1961,72700.0,0,1,68,56,127,214,117,263,128,0,5,4,5,0,0,0,0,0,0,0,0,Master,Married,2012-10-23
907748,1969,43000.0,0,0,34,129,6,111,77,92,14,4,5,1,6,8,0,0,0,0,0,0,0,Graduation,Together,2014-03-28
907749,1976,80100.0,0,1,60,1025,23,433,22,22,32,2,11,4,13,3,0,0,0,0,0,0,0,Graduation,Married,2013-03-23
907750,1977,49000.0,1,1,13,290,3,117,6,7,48,6,9,3,6,8,0,0,0,1,0,0,0,PhD,Together,2012-09-18
907751,1976,14300.0,0,0,7,1,2,8,15,3,7,2,2,0,2,11,0,0,0,0,0,0,0,Graduation,Single,2013-03-11
907752,1966,103700.0,0,0,73,1341,13,611,143,98,1,1,7,8,10,3,1,0,1,1,1,0,0,PhD,Married,2013-03-22
907753,1971,19600.0,1,0,0,19,0,6,0,2,6,2,1,1,3,6,0,0,0,0,0,1,0,Graduation,Married,2013-03-19
907754,1972,58000.0,0,0,45,434,102,374,214,192,201,2,6,5,13,5,0,0,0,0,0,0,0,2n Cycle,Single,2012-12-30
907755,1945,61900.0,0,1,72,485,29,247,41,25,55,2,8,10,5,5,0,0,0,0,0,0,0,Master,Single,2013-02-01
907756,1960,40900.0,0,1,4,80,4,25,1,13,9,2,6,2,3,6,0,0,1,0,0,0,0,Master,Together,2013-12-07
907757,1959,34800.0,0,1,28,315,5,60,0,7,93,6,5,1,7,13,0,0,0,0,0,0,0,Graduation,Together,2012-10-25
907758,1959,66800.0,0,1,69,247,4,164,2,60,8,1,4,3,11,6,0,0,0,0,0,0,0,Master,Married,2014-04-16
907759,1975,48900.0,1,0,0,232,12,58,15,23,23,4,6,2,7,6,0,0,0,0,0,1,0,Graduation,Married,2013-06-29
907760,1982,34300.0,2,0,5,35,3,7,0,22,14,2,2,2,3,5,0,0,0,0,0,0,0,PhD,Single,2013-08-05
907761,1965,38800.0,1,1,73,18,0,11,1,2,18,2,1,0,2,6,0,0,0,0,0,0,0,Graduation,Married,2013-09-05
907762,1962,54900.0,0,0,60,252,197,564,68,43,190,5,5,4,7,5,0,0,0,0,0,0,0,PhD,Single,2013-02-07
907763,1960,31300.0,1,1,53,67,11,69,0,21,10,3,6,1,3,7,0,0,0,0,0,1,0,Master,Single,2012-11-18
907764,1968,48600.0,0,0,54,68,0,4,0,1,3,1,1,0,3,9,0,0,0,0,0,0,0,Master,Married,2013-04-29
907765,1975,56500.0,1,1,66,383,4,46,14,11,43,3,4,1,5,7,0,0,0,0,0,0,0,Graduation,Married,2013-07-19
907766,1957,26300.0,1,1,27,10,0,9,0,1,4,3,2,0,2,9,0,0,0,0,0,0,0,Graduation,Married,2013-05-10
907767,1950,20000.0,0,1,34,32,8,18,3,1,13,2,2,0,2,8,0,0,0,0,0,0,0,Graduation,Together,2012-10-14
907768,1969,82400.0,0,1,12,1077,124,191,46,6,53,3,5,4,13,3,0,0,0,0,0,0,0,2n Cycle,Married,2012-08-28
907769,1958,52900.0,0,1,49,118,47,190,21,116,125,2,10,1,5,8,0,0,0,0,0,0,0,Graduation,Married,2013-05-24
907770,1953,54600.0,1,1,47,483,3,49,2,2,54,4,8,2,9,8,0,0,0,0,0,0,0,PhD,Together,2014-02-11
907771,1970,28700.0,0,1,58,45,17,37,9,9,6,1,3,0,3,7,0,0,0,0,0,1,0,PhD,Married,2013-03-08
907772,1971,55200.0,0,0,87,135,50,358,23,59,20,3,3,6,6,3,0,0,0,0,0,0,0,Master,Married,2013-05-10
907773,1958,67700.0,0,0,0,984,91,641,5,49,56,1,5,6,11,3,1,0,0,1,0,0,0,Master,Married,2013-04-11
907774,1972,59500.0,0,1,46,422,4,104,6,5,13,7,6,2,6,6,0,0,0,0,0,0,0,Master,Married,2012-09-04
907775,1984,28900.0,1,0,79,45,16,95,54,10,12,5,3,1,5,7,0,0,0,0,0,0,0,2n Cycle,Married,2013-01-14
907776,1986,53500.0,0,0,68,37,44,34,12,13,21,1,2,1,4,1,0,0,0,0,0,0,0,PhD,Single,2014-03-16
907777,1957,63600.0,0,0,99,743,4,534,253,48,30,2,4,8,12,3,0,0,0,0,0,1,0,Master,Single,2012-08-30
907778,1966,28300.0,0,1,69,15,1,36,0,3,16,1,1,0,3,10,0,0,0,0,0,0,0,Graduation,Divorced,2012-09-23
907779,1961,46700.0,0,1,95,276,5,154,34,5,120,1,8,2,9,6,0,0,0,0,0,0,0,PhD,Married,2013-03-19
907780,1957,37500.0,1,0,11,98,0,47,9,0,5,5,4,0,5,6,0,0,0,0,0,0,0,Graduation,Married,2013-08-22
907781,1972,24700.0,0,0,46,25,5,42,0,1,4,1,2,1,2,10,0,0,1,0,0,0,0,Graduation,Together,2013-01-12
907782,1949,74800.0,0,1,55,436,2,103,13,11,105,1,3,7,9,3,0,0,0,1,0,1,0,Graduation,Married,2014-02-04
907783,1974,45000.0,1,1,30,229,1,80,16,5,31,9,6,4,4,7,0,0,1,1,0,1,0,Master,Single,2012-12-08
907784,1958,90400.0,1,0,57,329,26,178,46,15,71,3,7,4,4,3,0,0,0,0,0,0,0,Graduation,Married,2012-12-04
907785,1971,38900.0,1,0,54,9,2,7,2,1,4,3,1,0,3,4,0,0,0,0,0,0,0,Graduation,Married,2014-04-10
907786,1970,75200.0,0,2,35,287,17,367,33,75,58,3,2,4,8,2,0,0,0,0,0,0,0,PhD,Together,2012-08-22
907787,1964,55400.0,0,0,49,313,20,687,32,24,72,3,5,10,7,3,0,0,0,0,0,0,0,Graduation,Widow,2013-04-03
907788,1961,25300.0,1,1,51,11,1,11,4,8,9,1,1,0,2,4,0,0,0,0,0,0,0,PhD,Together,2012-11-26
907789,1965,76300.0,0,0,27,202,4,213,11,34,226,1,3,6,5,2,0,0,0,0,1,0,0,Graduation,Divorced,2012-11-14
907790,1982,14000.0,1,0,84,1,11,14,14,35,12,3,2,1,3,6,0,0,0,0,0,0,0,Basic,Together,2014-05-17
907791,1972,27300.0,1,1,99,209,63,81,198,10,174,5,7,3,5,7,0,0,0,0,0,0,0,2n Cycle,Together,2014-05-04
907792,1955,79100.0,1,1,22,661,5,53,6,13,112,6,7,3,9,9,0,0,0,0,0,0,0,2n Cycle,Single,2014-01-16
907793,1975,74700.0,1,1,93,127,42,98,14,20,7,3,5,4,11,4,0,0,0,0,0,0,0,PhD,Together,2012-12-04
907794,1949,72100.0,0,2,37,1493,34,162,32,7,43,4,7,6,10,5,1,0,0,1,1,1,0,Graduation,Single,2012-10-13
907795,1983,23000.0,1,0,4,22,12,28,43,5,4,4,4,0,4,8,0,0,0,0,0,0,0,Graduation,Single,2014-01-21
907796,1977,29400.0,1,0,54,43,5,51,7,2,11,1,4,1,2,6,0,0,0,0,0,0,0,Graduation,Married,2013-04-04
907797,1963,79800.0,0,0,5,177,42,206,59,110,4,2,2,5,10,1,0,0,0,0,0,0,0,Master,Married,2013-11-21
907798,1961,75900.0,0,1,31,737,119,423,11,99,66,3,10,2,13,4,0,0,0,0,0,0,0,PhD,Single,2012-10-13
907799,1971,73900.0,0,0,23,129,26,250,5,3,36,1,3,3,4,2,0,0,0,0,0,0,0,PhD,Married,2014-05-10
907800,1967,55500.0,1,0,57,237,36,140,259,27,83,4,7,8,8,4,0,0,0,0,0,0,0,Graduation,Married,2014-01-26
907801,1961,65100.0,0,1,79,141,4,138,14,14,29,2,5,2,5,5,0,0,0,0,0,0,0,PhD,Married,2014-05-30
907802,1964,12400.0,0,1,61,5,1,9,3,2,26,1,0,0,2,7,0,0,0,0,0,0,0,Graduation,Together,2013-05-13
907803,1944,43900.0,0,1,37,251,34,49,2,5,296,4,2,2,8,3,0,0,0,0,0,0,0,Master,Married,2013-01-20
907804,1967,30500.0,0,0,91,86,4,101,6,34,55,3,12,1,6,8,0,0,0,0,0,0,0,Graduation,Married,2012-08-14
907805,1955,49800.0,0,1,60,459,43,99,54,7,8,2,2,1,9,2,0,0,0,0,0,0,0,Graduation,Married,2013-12-26
907806,1984,51300.0,1,0,78,75,14,48,25,9,17,1,5,1,3,6,0,0,0,0,0,0,0,Master,Single,2013-05-29
907807,1968,39200.0,0,1,68,82,25,90,234,23,74,4,5,4,4,6,0,0,0,0,0,1,0,Master,Single,2013-11-02
907808,1957,42200.0,1,1,46,466,6,59,1,22,10,2,5,1,13,8,0,0,0,0,0,0,0,PhD,Divorced,2012-09-18
907809,1955,61900.0,1,2,91,71,0,9,0,0,3,1,1,0,3,6,0,0,0,0,0,0,0,Graduation,Single,2013-05-28
907810,1956,51200.0,0,1,33,530,12,86,1,1,98,1,8,9,5,3,1,0,0,0,0,1,0,Graduation,Married,2014-03-29
907811,1965,31500.0,1,1,30,90,51,44,19,8,150,3,5,1,4,6,0,0,0,0,0,0,0,PhD,Together,2012-10-09
907812,1962,52300.0,0,1,69,52,1,10,3,0,7,1,2,0,4,5,0,0,0,0,0,0,0,PhD,Divorced,2013-08-20
907813,1983,25100.0,1,0,74,3,12,9,8,16,19,1,1,1,3,8,0,0,0,0,0,0,0,Graduation,Married,2012-11-06
907814,1970,39700.0,0,0,7,104,12,75,63,35,27,0,6,1,4,5,0,0,0,0,0,1,0,Master,Single,2012-08-26
907815,1980,42200.0,1,0,19,23,0,8,2,4,3,1,1,0,4,7,0,0,0,0,0,0,0,Graduation,Divorced,2013-07-07
907816,1964,58400.0,0,0,84,256,10,92,5,1,5,1,1,3,5,2,0,0,0,0,0,0,0,Graduation,Married,2014-06-23
907817,1975,23400.0,1,1,89,18,1,10,3,0,14,5,4,1,3,5,0,0,0,0,0,0,0,Graduation,Married,2014-05-28
907818,1973,31900.0,0,0,84,102,12,32,20,2,26,2,4,2,4,4,0,0,0,0,0,0,0,Graduation,Single,2013-12-08
907819,1986,19000.0,1,0,56,4,3,9,8,1,14,1,1,1,2,7,0,0,0,0,0,0,0,PhD,Married,2013-06-15
907820,1956,94000.0,0,0,2,441,7,287,26,12,47,1,1,7,4,2,0,0,0,0,0,0,0,Graduation,Widow,2013-03-31
907821,1971,24500.0,1,0,66,25,1,35,6,0,4,2,2,1,3,9,0,0,0,0,0,0,0,Graduation,Single,2013-12-01
907822,1960,63100.0,1,1,47,1171,2,70,1,0,91,4,11,4,6,8,0,0,0,0,0,1,0,Master,Together,2013-12-04
907823,1976,51800.0,0,0,98,184,138,303,13,25,16,1,3,2,9,3,0,0,0,0,0,0,0,PhD,Single,2013-03-18
907824,1959,117700.0,0,0,43,444,26,278,18,65,63,1,3,6,7,2,0,0,0,0,0,0,0,Graduation,Married,2014-04-18
907825,1961,21300.0,0,1,81,15,1,5,1,0,4,2,2,1,2,5,0,0,0,0,0,0,0,Graduation,Married,2013-02-06
907826,1969,45700.0,0,0,32,519,34,352,259,106,204,2,2,5,8,1,0,0,0,0,0,0,0,Graduation,Divorced,2014-05-18
907827,1965,21500.0,1,1,76,18,6,17,3,0,5,2,3,0,3,8,0,0,0,0,0,0,0,PhD,Divorced,2012-09-19
907828,1952,67900.0,0,1,99,1009,15,169,35,20,209,4,12,5,12,3,0,0,0,0,0,0,0,PhD,Together,2013-08-07
907829,1966,65600.0,0,0,45,499,34,97,259,15,86,0,5,1,11,2,0,0,0,0,0,0,0,Graduation,Together,2013-06-22
907830,1951,56700.0,1,1,46,384,10,40,3,1,47,2,4,2,13,4,0,0,0,0,0,0,0,PhD,Single,2014-01-29
907831,1952,41600.0,1,1,0,11,2,4,3,2,19,1,1,1,3,3,0,0,0,0,0,0,0,Basic,Together,2013-03-06
907832,1961,39500.0,1,0,77,9,0,8,1,0,3,1,1,0,3,4,0,0,0,0,0,0,0,PhD,Married,2012-10-04
907833,1978,29000.0,0,0,25,3,10,18,25,9,19,1,1,1,3,6,0,0,0,0,0,0,0,Graduation,Married,2013-07-07
907834,1968,54400.0,1,1,37,500,0,53,0,0,26,4,4,1,6,7,0,0,0,0,0,0,0,Graduation,Married,2014-01-04
907835,1981,22100.0,2,0,87,34,0,25,3,0,3,4,2,0,4,6,0,0,1,0,0,0,0,PhD,Single,2013-04-02
907836,1975,29800.0,1,0,98,9,1,2,0,0,2,1,0,0,3,5,0,0,0,0,0,0,0,Master,Together,2012-10-07
907837,1961,28300.0,2,0,79,7,4,18,3,8,4,3,2,1,3,10,0,0,0,0,0,0,0,2n Cycle,Married,2013-06-08
907838,1965,88300.0,0,0,54,607,8,432,40,10,4,1,2,8,7,1,0,0,0,0,0,0,0,Graduation,Married,2013-05-08
907839,1969,37100.0,0,1,19,13,1,8,2,3,3,2,2,0,3,7,0,1,0,0,0,0,0,Graduation,Single,2014-05-27
907840,1968,78400.0,0,2,98,1078,197,404,90,74,49,3,14,7,9,8,0,0,0,0,0,0,0,Master,Married,2013-03-30
907841,1949,65000.0,0,1,61,143,38,46,15,21,19,3,3,2,8,2,0,0,0,0,0,0,0,2n Cycle,Married,2013-04-04
907842,1957,35200.0,0,1,41,74,0,22,0,0,13,2,2,0,3,6,0,0,0,0,0,0,0,PhD,Together,2013-12-13
907843,1991,61200.0,0,0,59,1373,92,489,9,23,37,1,7,4,8,5,0,0,0,0,0,0,0,Master,Together,2013-04-25
907844,1985,60700.0,1,0,12,26,1,11,0,0,3,1,1,0,3,6,0,0,0,0,0,0,0,Graduation,Together,2014-03-29
907845,1960,50000.0,1,1,65,157,2,209,33,22,11,10,5,2,7,7,0,0,0,0,0,1,0,Graduation,Single,2012-12-17
907846,1958,32600.0,1,1,39,18,1,9,4,1,4,2,2,0,3,8,0,0,0,0,0,0,0,Graduation,Together,2014-06-17
907847,1976,24800.0,1,1,0,10,3,13,1,7,7,3,1,1,3,5,0,0,0,0,0,0,0,Graduation,Divorced,2014-04-19
907848,1976,73500.0,0,1,24,475,193,723,253,12,99,2,4,9,7,6,0,0,1,0,0,0,0,2n Cycle,Single,2014-01-10
907849,1958,77700.0,0,0,99,833,193,981,192,101,34,1,4,5,6,2,1,0,0,0,0,1,0,PhD,Single,2012-10-30
907850,1971,51500.0,1,1,94,319,1,36,0,18,64,12,8,3,6,8,1,0,0,0,0,0,0,PhD,Together,2013-07-01
907851,1965,47700.0,1,1,41,143,0,18,2,1,14,4,6,2,4,7,0,0,0,0,0,0,0,PhD,Married,2013-03-23
907852,1948,49100.0,0,1,53,146,14,286,13,18,24,3,2,4,5,3,0,0,0,0,0,0,0,Graduation,Single,2013-10-15
907853,1976,90100.0,0,0,33,787,8,249,142,19,71,1,11,6,11,4,0,0,0,0,0,0,0,Master,Single,2012-09-01
907854,1987,22100.0,0,0,39,20,10,16,19,3,29,2,3,1,3,7,0,0,0,0,0,0,0,Graduation,Divorced,2013-10-24
907855,1965,53100.0,0,1,58,184,52,499,89,20,32,2,2,8,4,2,0,0,0,0,0,0,0,Graduation,Married,2012-09-04
907856,1986,51800.0,1,0,74,318,35,551,84,29,111,1,5,9,6,3,0,0,0,0,0,0,0,Master,Married,2013-08-02
907857,1985,44000.0,0,1,39,145,0,66,3,11,60,4,7,1,4,7,0,0,0,0,0,1,0,2n Cycle,Single,2013-06-23
907858,1970,42500.0,2,1,87,5,1,11,1,1,20,1,2,0,2,4,0,0,0,0,0,0,0,Graduation,Married,2012-12-15
907859,1968,77600.0,0,0,93,1043,19,594,50,20,73,1,7,5,5,4,0,1,0,1,0,1,0,PhD,Single,2014-01-21
907860,1983,35300.0,2,0,6,107,4,41,6,5,23,8,4,1,4,7,0,0,0,0,0,0,0,Graduation,Single,2013-06-30
907861,1977,42100.0,0,1,63,28,0,11,2,0,10,1,1,0,4,3,0,0,0,0,0,1,0,Graduation,Married,2013-05-10
907862,1980,77700.0,0,0,99,676,193,981,195,139,25,1,6,5,4,2,0,0,1,0,0,1,0,PhD,Married,2013-05-27
907863,1972,21500.0,0,0,81,10,5,12,4,5,9,2,1,1,2,8,0,0,0,0,0,0,0,Master,Single,2014-02-18
907864,1952,65500.0,0,1,63,985,61,210,22,6,106,1,4,6,3,2,1,0,0,1,0,0,0,Master,Divorced,2013-07-07
907865,1965,15200.0,1,1,10,22,2,8,3,4,3,3,1,0,3,7,0,0,0,0,0,0,0,PhD,Married,2014-02-01
907866,1954,21600.0,1,1,54,9,1,2,3,0,5,1,1,0,2,5,0,0,0,0,0,0,0,Graduation,Single,2014-06-17
907867,1963,56600.0,0,2,23,599,3,83,3,5,77,4,5,5,4,8,0,0,0,0,0,1,0,Graduation,Married,2012-12-23
907868,1967,62800.0,1,1,80,184,0,28,1,3,12,2,3,1,3,7,0,0,0,0,0,0,0,Basic,Divorced,2012-10-02
907869,1965,81600.0,0,1,76,390,193,121,64,42,77,1,8,4,6,2,0,0,0,0,0,0,0,Master,Single,2013-09-27
907870,1996,55600.0,1,1,41,31,1,22,0,3,1,2,1,1,3,5,0,0,0,0,0,0,0,Graduation,Married,2013-09-14
907871,1980,20700.0,1,0,89,4,2,24,4,2,9,2,2,0,3,10,0,0,0,0,0,0,0,Basic,Together,2013-09-10
907872,1952,37600.0,0,1,54,149,3,56,4,7,84,2,7,2,4,8,0,0,0,0,0,0,0,Graduation,Single,2013-10-19
907873,1992,64800.0,1,1,72,765,4,68,1,5,41,5,6,1,11,7,0,0,0,0,0,0,0,PhD,Married,2012-10-05
907874,1969,64600.0,2,1,70,84,0,23,0,0,0,3,2,0,4,5,0,0,0,0,0,0,0,PhD,Married,2014-05-04
907875,1957,55100.0,1,1,55,33,0,9,0,2,3,1,1,0,2,5,0,0,0,0,0,0,0,Graduation,Together,2013-12-11
907876,1987,30200.0,1,0,4,32,12,64,6,3,201,3,8,1,3,6,0,0,1,0,0,0,0,PhD,Married,2013-05-14
907877,1964,13400.0,1,0,55,5,3,19,9,4,12,3,2,1,3,5,0,0,1,0,0,0,0,2n Cycle,Single,2013-09-13
907878,1961,34800.0,1,2,83,32,1,10,4,3,2,4,3,0,4,5,0,0,0,0,0,0,0,Basic,Together,2014-05-17
907879,1967,24600.0,1,0,77,27,2,38,5,3,7,4,2,1,2,8,0,0,0,0,0,1,0,Graduation,Married,2014-03-19
907880,1970,20200.0,0,0,69,13,0,12,9,0,3,1,1,0,2,9,0,0,0,0,0,0,0,Graduation,Single,2014-04-07
907881,1947,69800.0,0,2,30,1171,15,138,12,59,60,8,10,2,13,6,0,0,0,0,0,0,0,Graduation,Single,2014-03-01
907882,1952,47600.0,0,0,33,30,3,15,1,6,13,1,1,0,3,5,0,0,0,0,0,0,0,PhD,Together,2014-05-04
907883,1958,66600.0,0,0,27,107,5,222,11,20,19,1,3,2,6,3,0,0,0,0,0,0,0,PhD,Single,2013-11-21
907884,1959,82800.0,0,1,8,581,54,529,44,124,32,4,4,8,13,3,0,0,0,0,0,0,0,Graduation,Single,2013-03-08
907885,1974,20300.0,1,0,36,2,9,9,4,3,4,1,1,0,3,5,0,0,0,0,0,0,0,2n Cycle,Single,2013-06-18
907886,1979,25600.0,1,1,48,4,1,7,20,2,3,4,2,1,4,3,0,0,0,0,0,0,0,PhD,Married,2012-11-23
907887,1961,67500.0,0,1,45,520,12,23,0,2,22,5,5,4,8,6,0,0,0,0,0,0,0,PhD,Divorced,2014-05-05
907888,1982,37100.0,2,0,52,11,0,27,6,3,3,1,1,0,5,4,0,0,0,0,0,0,0,Basic,Married,2013-01-16
907889,1970,17200.0,0,0,15,35,1,24,0,0,153,1,5,1,1,9,0,0,0,0,0,0,0,Graduation,Divorced,2013-02-02
907890,1996,13700.0,1,0,0,2,12,11,31,6,17,2,3,0,3,8,0,0,0,0,0,0,0,Graduation,Married,2012-09-21
907891,1976,50600.0,1,1,28,112,70,170,96,38,137,4,7,3,5,6,0,0,0,0,0,0,0,Graduation,Divorced,2013-12-23
907892,1983,66300.0,0,0,55,626,67,265,23,8,245,2,6,7,8,6,0,0,0,0,1,0,0,PhD,Together,2012-08-11
907893,1973,44000.0,1,0,15,231,11,55,46,6,81,4,7,1,6,5,0,0,0,0,0,0,0,Graduation,Together,2012-08-17
907894,1960,19600.0,1,0,44,11,8,13,2,6,10,2,2,0,3,10,0,0,0,0,0,0,0,PhD,Single,2013-05-22
907895,1958,92800.0,0,0,29,1367,197,893,259,29,127,2,3,13,13,1,0,0,0,0,0,0,0,Graduation,Single,2013-03-26
907896,1973,67000.0,0,0,52,186,33,156,62,62,81,2,6,3,5,4,0,0,0,0,0,0,0,PhD,Married,2012-08-21
907897,1955,85600.0,0,1,63,417,6,70,15,12,64,2,5,2,7,6,0,0,0,0,0,0,0,PhD,Married,2014-02-16
907898,1973,65800.0,0,0,57,132,12,33,3,18,97,1,10,0,8,5,0,0,0,0,0,0,0,PhD,Together,2013-09-14
907899,1960,42000.0,1,0,77,25,0,8,2,1,8,1,0,1,2,7,0,0,0,0,0,1,0,Master,Together,2014-03-17
907900,1977,36900.0,1,1,45,11,6,20,19,2,11,1,2,0,3,6,0,0,0,0,0,0,0,Graduation,Married,2013-09-08
907901,1973,14000.0,1,0,71,2,0,7,6,1,6,3,2,1,2,10,0,0,0,0,0,1,0,PhD,Married,2013-03-16
907902,1963,35600.0,1,1,53,80,20,184,49,157,114,4,10,1,4,7,0,0,0,0,0,0,0,Graduation,Single,2013-07-22
907903,1964,65000.0,0,1,28,335,8,141,5,9,9,4,3,2,7,5,0,0,0,0,0,0,0,Graduation,Single,2013-08-06
907904,1945,39200.0,0,2,26,845,13,79,39,0,124,3,9,4,5,5,0,0,0,0,0,0,0,Graduation,Married,2012-10-06
907905,1954,80100.0,0,0,82,1493,11,898,236,36,101,1,4,6,10,3,0,0,1,1,1,0,0,PhD,Divorced,2014-02-12
907906,1971,15100.0,1,0,99,7,4,8,2,2,14,2,3,1,1,14,0,0,0,0,0,1,0,Graduation,Married,2013-02-03
907907,1953,81000.0,0,1,8,140,4,152,11,64,7,2,2,4,6,1,0,0,0,0,0,0,0,Graduation,Married,2013-10-04
907908,1941,51300.0,0,1,91,251,1,21,3,0,49,4,7,3,6,5,0,0,0,0,0,1,0,Graduation,Married,2014-03-11
907909,1963,50200.0,2,1,55,111,6,90,38,10,3,7,5,1,5,7,0,0,1,0,0,1,0,Graduation,Single,2012-11-01
907910,1972,37700.0,0,0,47,100,11,103,6,109,13,2,5,1,7,7,0,0,0,1,0,0,0,Graduation,Divorced,2014-03-25
907911,1978,90700.0,0,1,68,510,169,232,4,70,5,0,3,6,11,2,0,0,0,0,0,0,0,Graduation,Single,2012-11-21
907912,1950,74600.0,0,0,28,360,9,133,8,2,38,2,9,10,12,8,1,1,1,1,1,0,0,PhD,Single,2012-11-11
907913,1970,44100.0,0,0,53,241,5,75,88,2,26,2,5,1,9,8,0,0,0,1,0,0,0,Master,Married,2013-10-15
907914,1984,26400.0,1,0,0,3,2,1,0,0,3,2,1,0,2,7,0,0,0,0,0,0,0,Master,Married,2012-09-19
907915,1993,35900.0,1,0,72,11,4,9,34,3,4,2,3,0,4,4,0,0,0,0,0,0,0,2n Cycle,Married,2012-08-22
907916,1975,41800.0,0,0,35,59,0,13,4,5,7,2,2,0,5,3,0,0,1,0,0,0,0,Graduation,Single,2013-09-21
907917,1944,89400.0,0,1,36,724,35,461,12,30,26,2,6,11,13,1,0,0,0,0,0,0,0,PhD,Married,2013-01-27
907918,1984,27800.0,1,0,64,6,1,10,2,2,7,2,1,0,3,6,0,0,0,0,0,0,0,2n Cycle,Together,2013-05-16
907919,1949,58500.0,0,1,51,453,16,147,72,19,72,2,10,2,9,5,0,0,0,0,0,0,0,PhD,Married,2013-01-05
907920,1957,58000.0,0,1,17,318,3,247,8,40,107,7,5,4,6,14,0,0,0,1,0,1,0,Graduation,Together,2012-09-10
907921,1967,59000.0,0,0,33,730,58,449,48,26,66,3,10,9,13,3,0,0,0,0,0,0,0,2n Cycle,Married,2012-10-12
907922,1981,25100.0,1,0,38,3,2,8,4,0,0,1,1,0,2,5,0,0,0,0,0,0,0,Graduation,Married,2014-06-28
907923,1972,36800.0,0,1,21,110,1,43,16,14,24,2,4,1,5,6,0,0,0,0,0,0,0,Graduation,Married,2012-12-10
907924,1965,33200.0,1,1,33,52,2,10,0,2,5,6,1,1,4,5,0,0,1,0,0,0,0,PhD,Divorced,2014-02-15
907925,1981,41300.0,0,0,99,166,1,465,32,21,68,2,4,5,5,5,0,0,0,0,0,1,0,2n Cycle,Married,2012-10-31
907926,1973,92000.0,0,0,94,229,17,295,149,156,8,2,4,4,6,1,0,0,0,0,0,0,0,PhD,Married,2012-09-01
907927,1971,48300.0,1,1,36,8,2,7,2,5,10,2,1,1,3,4,0,0,0,0,0,0,0,2n Cycle,Single,2013-02-21
907928,1981,76700.0,0,0,37,321,9,239,205,128,238,2,4,3,4,2,0,0,1,1,0,1,0,2n Cycle,Single,2013-01-16
907929,1973,19900.0,0,0,66,9,7,11,7,7,38,3,2,0,4,5,0,0,0,0,0,0,0,Master,Together,2014-03-13
907930,1974,37200.0,0,1,50,239,6,50,7,32,101,2,6,2,6,8,0,0,0,0,0,0,0,Graduation,Together,2013-12-27
907931,1971,86600.0,0,0,35,364,41,981,14,33,40,1,4,7,6,3,1,0,0,0,0,0,0,Graduation,Married,2013-11-13
907932,1992,47200.0,1,0,99,50,13,59,17,46,6,3,4,1,5,8,0,0,0,0,0,0,0,Master,Together,2013-10-26
907933,1971,34200.0,1,1,48,62,4,37,6,6,11,4,3,1,4,7,0,0,0,0,0,0,0,PhD,Married,2014-03-15
907934,1978,18000.0,1,0,12,8,2,8,1,4,8,2,2,0,3,4,0,0,0,0,0,0,0,2n Cycle,Together,2013-12-16
907935,1976,30500.0,0,0,63,302,1,46,4,1,54,4,9,2,4,10,0,0,0,0,0,1,0,Graduation,Together,2013-09-05
907936,1980,26300.0,1,0,55,4,4,10,3,3,13,2,1,0,3,8,0,0,0,0,0,0,0,Graduation,Married,2013-03-01
907937,1975,91600.0,0,0,1,1493,115,981,253,125,68,0,9,11,10,4,0,0,0,0,1,0,0,2n Cycle,Married,2013-10-13
907938,1961,20500.0,1,1,98,46,4,38,4,9,24,5,4,0,5,6,0,0,0,0,0,0,0,Graduation,Together,2013-04-06
907939,1963,86800.0,0,1,83,146,153,219,32,101,96,2,5,4,3,1,0,0,0,0,0,0,0,Graduation,Divorced,2014-01-18
907940,1965,66800.0,0,0,26,623,51,547,14,96,245,2,6,6,6,2,0,0,0,1,1,0,0,Graduation,Together,2013-04-09
907941,1976,45000.0,1,0,12,52,4,33,10,13,46,4,3,1,5,7,0,0,0,0,0,0,0,Graduation,Married,2014-03-29
907942,1975,89200.0,0,1,64,456,25,508,6,3,35,1,3,11,6,1,0,0,0,0,0,0,0,Graduation,Married,2013-11-19
907943,1984,25500.0,1,0,20,4,1,6,8,1,2,1,1,0,2,10,0,0,0,0,0,0,0,Master,Married,2013-02-16
907944,1979,79100.0,1,1,4,681,3,56,8,4,16,10,9,2,6,7,0,0,0,0,0,0,0,Graduation,Single,2014-02-18
907945,1969,88500.0,0,0,12,948,163,1725,259,37,139,1,3,15,7,1,0,0,0,0,0,0,0,Graduation,Married,2013-05-25
907946,1973,20900.0,1,0,35,3,0,5,2,2,13,1,1,0,2,6,0,0,1,0,0,0,0,2n Cycle,Married,2014-02-10
907947,1995,29300.0,2,0,54,2,5,13,14,9,4,1,1,0,3,4,0,0,0,0,0,0,0,Graduation,Married,2012-12-01
907948,1962,69100.0,0,1,77,258,5,431,23,2,6,2,1,6,3,1,0,0,0,0,0,0,0,Graduation,Widow,2014-06-15
907949,1967,58800.0,0,1,41,991,91,547,259,39,362,3,6,8,9,5,0,0,0,0,0,0,0,PhD,Married,2012-08-22
907950,1951,66000.0,0,0,52,668,193,431,253,137,41,3,9,9,5,5,1,0,1,0,1,1,0,Graduation,Single,2012-10-29
907951,1974,71800.0,0,0,75,465,16,253,154,35,63,1,4,5,12,2,0,0,0,0,0,0,0,Graduation,Together,2013-07-21
907952,1983,16100.0,1,0,11,6,0,6,1,1,1,2,1,0,3,10,0,0,0,0,0,0,0,Graduation,Married,2013-08-10
907953,1966,42400.0,1,1,18,136,86,49,36,27,183,4,6,2,2,5,0,0,0,0,0,0,0,Graduation,Widow,2013-11-16
907954,1963,27000.0,1,1,0,16,0,5,0,1,0,2,1,0,2,10,0,0,0,0,0,0,0,Graduation,Married,2013-04-23
907955,1964,23400.0,0,1,64,14,5,2,3,2,10,1,1,0,3,6,0,0,0,0,0,0,0,PhD,Single,2014-05-15
907956,1946,45200.0,1,2,68,29,6,28,3,4,4,3,3,1,3,6,0,0,0,0,0,0,0,Master,Together,2013-01-15
907957,1974,64600.0,1,1,26,5,1,6,0,0,3,0,0,0,2,4,0,0,1,0,0,1,0,2n Cycle,Single,2013-10-17
907958,1979,34500.0,1,0,84,103,10,84,1,7,32,2,6,2,4,9,0,0,1,0,0,0,0,Graduation,Divorced,2013-08-04
907959,1956,71000.0,0,1,56,786,20,121,32,6,86,2,8,6,7,7,0,0,0,0,0,0,0,Graduation,Together,2013-03-23
907960,1976,28300.0,0,1,62,26,2,5,1,13,1,2,2,0,3,5,0,0,0,0,0,0,0,Graduation,Together,2014-04-17
907961,1957,39100.0,0,1,57,236,11,78,4,5,18,2,5,2,5,8,0,0,1,0,0,0,0,Graduation,Widow,2012-08-28
907962,1972,27100.0,1,0,26,49,1,19,1,3,7,2,4,0,3,8,0,0,0,0,0,0,0,Master,Single,2013-05-07
907963,1972,55800.0,0,1,78,287,32,142,18,44,321,4,11,3,9,6,0,0,1,0,0,0,0,Graduation,Together,2013-02-20
907964,1964,20700.0,1,1,57,9,3,13,6,14,4,3,2,0,4,6,0,0,0,0,0,0,0,PhD,Single,2013-01-20
907965,1962,34300.0,2,0,40,15,0,14,0,1,0,1,1,0,3,7,0,0,0,0,0,0,0,Basic,Widow,2013-10-13
907966,1959,81200.0,0,0,66,1115,10,133,19,2,73,1,4,6,7,2,0,0,0,0,0,0,0,PhD,Married,2013-03-25
907967,1974,40900.0,1,1,77,41,46,140,11,7,11,5,5,2,3,8,0,0,0,0,0,0,0,Graduation,Together,2013-01-31
907968,1995,69300.0,0,1,43,149,197,589,259,120,362,4,7,10,5,5,0,0,0,0,0,0,0,Graduation,Single,2013-01-02
907969,1968,82800.0,0,0,17,637,19,325,106,36,87,0,10,11,8,4,0,1,1,1,1,1,0,Master,Married,2013-02-04
907970,1952,40600.0,1,1,45,43,2,14,0,0,6,1,1,0,3,6,0,0,0,0,0,0,0,Graduation,Together,2013-09-23
907971,1964,31300.0,0,0,64,17,6,29,4,9,12,3,4,0,3,8,0,0,0,0,0,0,0,Graduation,Single,2014-01-28
907972,1981,57400.0,0,0,85,466,3,51,3,5,14,0,8,1,8,6,0,0,1,0,0,0,0,PhD,Widow,2013-03-27
907973,1971,41800.0,1,1,77,59,0,12,1,0,4,3,3,0,3,9,0,0,0,0,0,0,0,2n Cycle,Married,2013-05-16
907974,1964,86100.0,0,0,21,378,74,573,253,50,129,1,7,4,5,2,0,0,0,1,0,1,0,PhD,Single,2013-08-22
907975,1943,90200.0,0,0,16,479,137,454,190,180,58,2,5,5,11,3,0,0,0,0,0,0,0,Graduation,Married,2014-01-25
907976,1972,23400.0,1,1,67,49,6,25,2,3,52,3,2,0,5,4,0,0,0,0,0,0,0,Graduation,Married,2014-05-12
907977,1980,22800.0,1,0,35,11,28,18,9,4,52,3,3,1,3,6,0,0,0,0,0,0,0,2n Cycle,Single,2013-01-25
907978,1963,46000.0,2,0,72,184,1,79,2,1,19,3,4,1,2,7,0,0,0,0,0,1,0,Graduation,Married,2013-02-17
907979,1972,34000.0,1,1,54,15,6,37,12,2,15,2,3,0,2,7,0,0,0,1,0,0,0,PhD,Married,2014-06-11
907980,1967,71000.0,0,1,32,697,3,304,4,4,31,1,5,5,10,5,0,0,1,1,0,0,0,Graduation,Single,2014-03-11
907981,1957,21700.0,1,1,69,23,24,11,10,1,12,1,1,1,2,6,0,0,0,0,0,0,0,Master,Single,2013-04-04
907982,1964,75500.0,0,1,58,444,4,103,3,3,33,1,8,2,9,6,0,0,0,0,0,0,0,Graduation,Single,2013-03-20
907983,1969,37200.0,1,1,62,86,10,84,3,2,7,4,3,1,4,7,0,0,0,0,0,0,0,Master,Married,2014-03-23
907984,1978,29300.0,1,0,79,9,2,15,13,0,0,3,4,0,3,9,0,0,0,0,0,0,0,2n Cycle,Married,2013-12-29
907985,1958,78300.0,0,1,73,1396,22,973,54,25,348,0,10,5,13,4,0,0,0,0,0,0,0,PhD,Married,2013-01-12
907986,1965,51600.0,1,1,79,504,9,73,13,0,102,11,9,3,7,8,0,0,1,0,0,0,0,Graduation,Single,2013-05-17
907987,1993,35400.0,0,1,13,51,2,12,1,1,15,2,1,1,2,7,0,0,0,0,0,0,0,Graduation,Married,2012-10-28
907988,1976,60500.0,0,0,60,292,112,265,259,25,13,1,8,5,7,2,0,0,0,0,0,0,0,Graduation,Married,2013-02-26
907989,1980,15400.0,1,0,89,9,3,6,3,4,5,1,1,0,2,11,0,0,0,0,0,0,0,2n Cycle,Single,2013-03-08
907990,1987,30100.0,1,0,41,18,14,25,43,13,41,4,4,1,4,5,0,0,0,0,0,0,0,Graduation,Single,2012-08-10
907991,1974,25900.0,2,0,26,31,1,27,9,2,7,5,4,0,4,8,0,0,0,0,0,0,0,Graduation,Together,2013-07-12
907992,1957,84500.0,0,0,3,468,15,165,14,23,50,1,2,5,5,1,0,0,0,0,0,0,0,Graduation,Together,2014-01-19
907993,1972,78500.0,0,0,29,472,193,895,66,91,49,1,6,3,5,6,0,0,0,0,0,0,0,PhD,Single,2014-03-10
907994,1960,64000.0,0,1,45,260,4,170,6,20,44,3,10,2,7,9,0,0,0,0,0,1,0,Graduation,Divorced,2013-09-04
907995,1967,42100.0,1,1,43,45,0,10,1,6,9,2,1,0,3,4,0,0,0,0,0,0,0,Graduation,Together,2013-09-01
907996,1981,20800.0,1,0,47,6,13,34,43,28,47,3,2,2,3,4,0,0,0,0,0,0,0,Basic,Married,2012-08-01
907997,1969,40000.0,0,1,32,145,10,60,46,4,6,3,3,2,3,6,0,0,0,0,0,1,0,Graduation,Married,2014-06-27
907998,1965,84300.0,0,1,62,1175,15,328,87,11,16,1,6,5,5,4,1,1,0,1,1,1,0,2n Cycle,Married,2013-10-27
907999,1958,35000.0,2,1,65,6,4,24,2,4,52,5,4,1,4,6,0,0,0,0,0,0,0,PhD,Single,2013-09-12
908000,1945,48400.0,0,1,28,184,6,17,2,2,25,1,3,3,4,3,0,0,0,0,0,0,0,Master,Divorced,2014-01-16
908001,1973,88900.0,0,1,25,759,32,214,23,3,21,2,4,4,7,5,1,0,0,0,0,1,0,Graduation,Widow,2012-11-04
908002,1962,63500.0,0,1,88,499,3,177,25,14,18,1,5,6,7,4,0,0,0,0,0,0,0,Master,Together,2013-01-31
908003,1992,42500.0,2,0,50,84,11,69,11,14,20,5,5,1,4,8,0,0,0,0,0,1,0,2n Cycle,Together,2012-08-02
908004,1961,32900.0,1,1,32,15,1,8,1,4,4,3,2,1,3,6,0,0,0,0,0,0,0,Graduation,Single,2013-06-04
908005,1981,71600.0,0,1,81,699,11,645,19,31,13,1,5,6,5,3,0,0,0,0,1,0,0,Graduation,Divorced,2012-11-20
908006,1970,29800.0,0,0,69,97,16,230,93,157,51,6,9,3,6,5,0,0,0,0,0,0,0,PhD,Single,2013-06-03
908007,1971,47300.0,1,1,0,338,15,155,234,128,185,7,5,3,9,8,0,0,0,1,0,0,0,Master,Married,2013-05-01
908008,1978,61600.0,1,1,70,64,3,26,3,5,11,2,2,0,3,6,0,0,0,0,0,0,0,Master,Together,2012-10-24
908009,1982,14900.0,1,0,68,1,1,2,1,2,3,0,0,0,2,7,0,0,0,0,0,0,0,PhD,Single,2014-02-10
908010,1965,52300.0,1,0,57,24,2,13,2,1,2,2,3,0,3,8,0,0,0,0,0,0,0,Master,Together,2012-09-10
908011,1960,84800.0,0,0,56,905,106,856,139,198,19,1,8,4,7,1,0,0,1,0,0,0,0,Graduation,Single,2013-10-09
908012,1960,62600.0,0,0,40,129,33,114,39,23,19,1,5,3,4,4,0,0,0,0,0,0,0,Master,Single,2014-03-17
908013,1978,20800.0,1,0,57,1,0,4,2,0,0,1,1,0,2,7,0,0,0,0,0,0,0,Graduation,Married,2012-08-10
908014,1971,60700.0,0,1,60,322,45,220,13,62,254,3,6,6,11,4,0,0,0,0,0,0,0,Graduation,Married,2013-12-31
908015,1967,62600.0,0,1,0,93,15,95,14,7,19,1,4,2,11,2,0,0,0,0,0,0,0,PhD,Married,2013-08-14
908016,1985,81400.0,0,0,52,331,94,493,13,185,245,0,2,6,9,2,0,0,0,0,1,0,0,PhD,Divorced,2013-11-16
908017,1982,10400.0,1,0,0,3,0,4,0,0,1,1,1,0,2,9,0,0,0,0,0,0,0,Graduation,Single,2014-01-28
908018,1957,45400.0,0,1,66,321,127,614,259,55,65,3,4,6,6,2,0,0,0,0,0,0,0,Graduation,Together,2012-08-27
908019,1943,68300.0,0,2,56,392,9,60,22,2,8,2,6,4,10,4,0,0,0,0,0,0,0,Graduation,Together,2013-03-04
908020,1969,44500.0,0,1,77,97,12,56,8,8,11,4,7,1,6,5,0,0,0,0,0,0,1,Master,Married,2014-06-07
908021,1970,71700.0,0,1,41,681,5,91,57,17,84,2,1,5,8,2,0,0,0,0,0,0,0,Graduation,Together,2013-09-11
908022,1970,53700.0,0,1,89,300,27,90,3,20,42,2,6,1,6,5,0,0,0,0,0,0,0,Graduation,Widow,2013-05-02
908023,1964,54900.0,0,2,87,636,48,70,6,4,124,4,2,7,6,6,0,0,0,0,1,1,0,Graduation,Together,2014-01-22
908024,1974,64600.0,1,1,44,50,1,10,0,2,1,2,3,0,4,5,0,0,0,0,0,0,0,Master,Divorced,2014-05-25
908025,1971,64400.0,0,1,29,1099,5,204,144,27,93,3,8,7,13,7,0,0,0,0,0,0,0,Graduation,Single,2014-01-16
908026,1957,59100.0,0,2,67,233,9,56,22,80,321,4,8,3,7,4,0,0,0,0,0,0,0,PhD,Married,2014-03-03
908027,1967,68700.0,0,0,63,476,115,192,17,12,81,1,5,4,6,6,0,1,0,0,1,1,0,Graduation,Married,2013-10-30
908028,1961,84200.0,0,0,75,151,10,306,6,0,3,1,0,3,4,0,0,0,0,0,0,0,0,PhD,Single,2014-01-14
908029,1973,80200.0,1,0,59,956,11,569,59,20,54,1,3,4,12,2,1,0,0,1,0,0,0,Graduation,Married,2013-03-01
908030,1993,20700.0,1,0,4,12,11,26,13,23,52,3,2,2,3,6,0,0,1,0,0,0,0,Graduation,Married,2014-04-28
908031,1947,84900.0,0,2,98,1259,18,385,29,34,97,2,5,2,13,6,0,0,0,0,0,0,0,Graduation,Single,2013-04-11
908032,1969,55300.0,0,0,88,394,37,312,62,77,34,3,5,5,8,3,1,0,0,0,0,0,0,Graduation,Single,2013-04-24
908033,1953,41700.0,1,2,26,22,0,9,0,3,6,2,2,1,2,5,0,0,0,0,0,0,0,Master,Married,2013-06-20
908034,1965,31800.0,0,0,63,16,4,9,14,3,6,3,3,1,4,4,0,0,0,0,0,0,0,Graduation,Married,2014-04-12
908035,1963,96500.0,1,1,22,1307,18,414,190,3,79,3,4,7,7,3,0,0,0,0,0,0,0,Graduation,Single,2013-07-03
908036,1960,55900.0,0,0,49,606,3,185,8,55,7,1,4,4,13,4,1,0,0,1,1,1,0,PhD,Married,2013-01-24
908037,1977,76000.0,0,0,68,231,186,1572,156,263,304,1,3,7,7,1,0,0,0,0,0,0,0,Master,Married,2014-04-23
908038,1973,26800.0,0,0,12,174,0,14,0,0,18,3,5,1,3,9,0,0,1,0,0,1,0,2n Cycle,Married,2012-10-27
908039,1960,58800.0,0,1,56,24,1,20,25,1,2,1,2,0,4,4,0,0,0,0,0,0,0,2n Cycle,Married,2013-07-31
908040,1974,95600.0,0,0,99,1493,12,315,2,97,14,1,6,4,7,4,0,0,0,0,0,1,0,PhD,Together,2014-02-08
908041,1977,53600.0,0,1,51,411,13,54,3,6,20,2,7,1,9,5,0,0,0,0,0,0,0,2n Cycle,Married,2012-11-10
908042,1949,63600.0,0,0,0,72,17,127,17,20,2,2,5,3,4,1,0,0,0,0,0,0,0,Graduation,Widow,2013-12-04
908043,1949,95800.0,0,1,13,638,53,104,32,19,60,2,10,2,13,4,0,0,0,0,0,0,0,Master,Single,2013-07-09
908044,1974,67900.0,0,0,29,105,23,147,7,9,7,2,2,1,7,2,0,0,0,0,0,0,0,PhD,Married,2013-11-01
908045,1968,51000.0,0,2,81,351,3,74,1,5,15,6,9,1,8,5,0,0,0,0,0,1,0,Master,Married,2013-05-01
908046,1975,34200.0,1,0,40,26,5,27,5,4,59,3,3,1,3,7,0,0,0,0,0,1,0,Graduation,Single,2014-03-17
908047,1969,72500.0,0,0,7,562,4,123,87,1,8,3,5,5,12,4,1,0,0,0,0,0,0,Graduation,Married,2013-09-22
908048,1978,60400.0,0,0,44,1493,67,465,8,93,245,1,9,3,4,7,0,0,0,0,1,1,0,Graduation,Divorced,2014-04-09
908049,1970,52200.0,1,0,99,21,1,15,4,2,2,1,1,1,2,7,0,0,0,0,0,1,0,Graduation,Single,2013-05-27
908050,1964,68400.0,0,0,84,90,192,1122,259,263,170,0,6,5,9,3,0,0,0,0,0,0,0,PhD,Widow,2014-04-28
908051,1961,30600.0,1,1,99,17,3,14,2,1,6,2,2,1,3,4,0,0,0,0,0,0,0,2n Cycle,Single,2013-04-11
908052,1962,63900.0,1,1,28,772,0,37,0,5,42,9,5,2,8,12,0,0,0,0,0,0,0,Master,Single,2014-04-27
908053,1967,79100.0,0,0,24,1493,14,101,56,23,40,2,6,5,11,5,1,1,0,0,1,0,0,Master,Widow,2013-01-22
908054,1966,25500.0,0,0,26,14,1,24,3,2,28,2,2,1,3,7,0,0,0,0,0,0,0,Graduation,Divorced,2014-03-10
908055,1966,43700.0,0,1,4,247,39,144,52,43,109,2,8,3,6,6,0,0,0,0,0,0,0,Graduation,Together,2014-06-24
908056,1975,26400.0,0,1,51,5,7,6,1,2,12,1,1,1,2,9,0,0,0,0,0,0,0,Master,Together,2014-06-19
908057,1952,97100.0,0,0,41,1059,193,981,156,95,62,0,4,9,6,2,0,0,0,0,1,0,0,2n Cycle,Single,2014-02-15
908058,1960,43900.0,1,0,55,114,9,32,17,19,321,2,5,2,4,4,0,0,0,0,0,1,0,Master,Married,2013-03-04
908059,1962,59800.0,0,0,81,932,51,743,172,48,11,1,3,8,10,5,0,0,0,0,0,0,0,Graduation,Married,2013-04-15
908060,1975,38200.0,0,1,80,24,4,12,5,3,1,1,1,0,4,7,0,0,0,0,0,0,0,PhD,Married,2013-01-03
908061,1945,68300.0,0,0,31,461,17,138,7,14,6,1,8,8,8,4,1,0,0,0,0,0,0,Graduation,Married,2013-09-25
908062,1981,24500.0,1,0,0,4,2,12,10,12,4,2,1,0,4,7,0,0,0,0,0,0,0,Graduation,Single,2013-02-24
908063,1962,14500.0,1,1,50,0,5,2,3,6,9,1,1,0,2,6,0,0,0,0,0,1,0,Graduation,Together,2014-04-04
908064,1953,52800.0,0,0,53,66,7,57,2,3,18,2,3,2,3,5,0,0,0,0,0,0,0,2n Cycle,Single,2013-04-14
908065,1976,72500.0,0,0,87,379,61,999,259,59,23,2,7,8,13,4,0,0,0,0,0,0,0,Graduation,Single,2012-09-10
908066,1978,27400.0,1,0,68,19,27,41,11,35,29,3,4,1,4,4,0,0,1,0,0,0,0,Master,Married,2014-05-04
908067,1959,74900.0,0,2,80,1171,3,23,2,1,5,1,9,2,10,4,0,0,0,0,0,1,0,Graduation,Married,2013-03-05
908068,1969,101400.0,0,1,25,485,24,981,26,86,19,1,3,4,6,2,1,0,1,0,0,1,0,PhD,Together,2012-08-09
908069,1958,66100.0,0,0,73,122,184,125,37,31,52,3,3,1,7,1,0,0,0,0,0,0,0,Graduation,Divorced,2014-04-17
908070,1988,51000.0,0,1,56,1117,8,34,31,74,265,3,3,1,13,6,0,0,0,0,0,0,0,Graduation,Married,2013-01-28
908071,1986,46800.0,0,1,62,189,52,104,129,131,40,4,6,2,9,7,0,0,0,0,0,0,0,Graduation,Married,2013-01-05
908072,1964,41200.0,0,2,71,133,6,15,5,3,20,1,5,1,3,5,0,0,1,0,0,0,0,PhD,Together,2013-06-16
908073,1970,71800.0,0,1,28,253,1,273,5,6,42,1,3,4,4,3,0,0,0,0,0,0,0,Graduation,Married,2013-03-29
908074,1968,72100.0,0,0,59,103,4,282,80,58,35,3,3,5,7,2,0,0,0,0,0,0,0,Graduation,Single,2013-11-12
908075,1968,42100.0,1,1,89,15,1,7,2,2,5,2,1,0,2,6,0,0,0,0,0,0,0,Graduation,Married,2013-03-09
908076,1967,52800.0,1,1,58,241,0,86,2,3,264,5,4,4,5,6,0,0,1,0,0,1,0,Graduation,Divorced,2013-09-18
908077,1958,23300.0,0,0,9,2,5,7,1,2,1,1,1,0,3,7,0,0,1,0,0,0,0,Graduation,Single,2012-10-25
908078,1955,59900.0,1,2,33,1171,1,52,0,0,17,7,7,3,7,7,0,0,0,1,0,0,0,Master,Together,2014-06-17
908079,1970,69300.0,0,0,82,723,4,125,19,64,16,1,6,4,11,3,0,0,0,0,0,0,0,PhD,Single,2013-05-02
908080,1950,34800.0,0,1,9,176,0,42,4,0,69,2,7,0,3,7,0,0,0,1,0,0,0,Graduation,Married,2013-05-20
908081,1960,42700.0,0,1,72,755,21,193,23,33,31,4,7,4,12,7,0,0,0,0,0,0,0,Graduation,Together,2014-03-24
908082,1985,15700.0,0,0,37,12,1,2,2,1,5,0,1,0,2,8,0,0,0,0,0,0,0,2n Cycle,Single,2012-09-02
908083,1970,27100.0,0,0,50,79,16,52,38,4,74,1,5,1,4,3,0,0,0,0,0,0,0,Graduation,Together,2013-02-03
908084,1960,17900.0,0,0,36,1,23,3,20,10,52,1,1,1,3,4,0,0,0,0,0,0,0,Graduation,Single,2013-04-23
908085,1961,48400.0,0,2,41,89,1,23,0,5,0,2,2,0,4,5,0,0,0,0,0,0,0,Graduation,Together,2013-03-21
908086,1973,38400.0,1,1,62,16,0,5,2,4,14,2,1,1,3,5,0,0,0,0,0,0,0,Master,Single,2012-12-13
908087,1964,58300.0,0,1,60,535,9,42,13,7,59,1,7,2,10,6,0,0,0,0,0,0,0,Graduation,Single,2013-02-28
908088,1968,43800.0,0,1,0,178,10,70,4,157,31,2,8,0,9,6,0,0,0,0,0,0,0,Graduation,Together,2013-05-06
908089,1996,63300.0,0,0,83,22,4,27,28,4,8,0,1,0,4,4,0,0,0,0,0,0,0,Graduation,Married,2012-11-13
908090,1963,66600.0,0,1,37,308,6,77,8,1,40,3,7,1,9,6,0,0,0,0,0,0,0,Master,Together,2013-07-02
908091,1947,52300.0,0,1,66,577,0,22,1,0,7,5,7,2,8,5,0,0,0,0,0,0,0,Graduation,Single,2013-02-17
908092,1972,37300.0,1,1,21,3,3,9,9,2,7,0,1,0,2,6,0,0,0,0,0,0,0,Graduation,Single,2014-05-04
908093,1978,36100.0,1,0,65,146,8,114,20,1,12,2,3,1,4,6,0,0,0,0,0,1,0,2n Cycle,Divorced,2013-01-26
908094,1970,76300.0,0,0,20,654,36,541,253,198,48,2,7,7,5,5,1,0,0,0,0,0,0,PhD,Single,2012-11-20
908095,1974,60500.0,0,0,84,986,14,358,33,30,43,3,8,6,13,8,0,0,0,0,0,0,0,Graduation,Divorced,2013-01-13
908096,1976,82200.0,0,0,11,776,27,981,22,83,10,1,5,8,8,1,0,0,0,0,0,0,0,Graduation,Divorced,2013-07-24
908097,1974,34700.0,0,0,14,14,1,15,1,2,7,1,1,0,3,6,0,0,0,0,0,0,0,Graduation,Married,2013-03-13
908098,1993,51900.0,0,0,79,124,7,248,32,8,48,1,1,5,4,1,0,0,0,0,0,0,0,PhD,Married,2014-05-27
908099,1964,85900.0,0,0,23,324,193,432,253,144,245,0,7,4,8,4,0,0,0,1,0,0,0,Graduation,Together,2012-12-07
908100,1968,70600.0,0,0,99,248,14,546,259,19,95,1,5,7,8,3,0,0,0,0,0,0,0,Graduation,Together,2013-09-06
908101,1968,33200.0,0,1,63,12,2,9,0,2,10,2,1,0,3,9,0,0,0,0,0,0,0,Graduation,Together,2012-12-16
908102,1955,80900.0,0,1,0,546,68,186,6,10,245,0,8,5,8,5,0,0,1,1,0,1,0,Graduation,Married,2012-08-16
908103,1977,19500.0,1,1,99,4,0,4,2,0,1,2,1,0,1,9,0,0,0,0,0,0,0,Graduation,Divorced,2013-01-10
908104,1966,16400.0,0,1,85,8,1,11,0,2,3,2,2,0,2,10,0,0,0,0,0,0,0,Master,Widow,2014-02-14
908105,1949,81700.0,0,0,72,889,43,495,13,89,114,1,4,5,7,1,0,0,0,0,1,1,0,PhD,Together,2013-02-17
908106,1951,57800.0,0,1,83,493,57,296,228,18,26,3,9,2,9,6,0,0,0,0,0,0,0,Graduation,Married,2012-10-18
908107,1977,25000.0,1,0,54,34,49,49,71,53,104,4,3,2,3,9,0,0,0,0,0,0,0,Graduation,Married,2014-04-21
908108,1962,73700.0,1,2,5,768,0,18,0,0,33,7,5,2,5,7,0,0,0,0,0,0,0,Master,Together,2014-05-20
908109,1963,24100.0,0,1,29,3,1,3,3,2,26,1,1,0,3,4,0,0,0,0,0,0,0,Master,Married,2013-10-16
908110,1979,20100.0,1,0,44,6,0,6,7,0,4,1,1,0,3,8,0,0,0,0,0,0,0,Graduation,Together,2014-02-01
908111,1970,24500.0,1,0,18,1,1,5,5,1,12,0,1,1,2,7,0,0,0,0,0,0,0,2n Cycle,Divorced,2013-03-19
908112,1969,13900.0,0,1,38,0,2,0,8,3,11,1,0,0,2,6,0,0,0,0,0,1,0,Graduation,Married,2013-10-23
908113,1960,69600.0,0,1,49,1196,6,256,12,18,10,3,10,7,13,5,0,0,0,0,0,0,0,Graduation,Single,2014-06-12
908114,1954,43500.0,0,1,62,116,23,44,4,0,57,2,7,1,4,5,0,0,0,0,0,1,0,Graduation,Widow,2013-01-18
908115,1979,80600.0,0,1,52,837,12,263,155,93,40,1,4,6,9,2,0,0,0,0,0,0,0,Master,Single,2012-09-03
908116,1977,43300.0,1,1,42,87,1,46,1,5,8,3,2,1,4,5,0,0,0,0,0,0,0,Master,Married,2013-02-09
908117,1987,68100.0,0,0,65,730,2,572,37,22,36,1,4,4,8,4,1,0,0,0,1,1,0,Master,Widow,2014-01-13
908118,1975,43100.0,2,0,64,16,6,26,1,2,4,4,2,0,4,3,0,0,0,0,0,0,0,Graduation,Single,2014-02-19
908119,1960,112600.0,0,1,53,822,105,573,259,60,23,2,6,8,9,2,0,0,0,0,0,0,0,PhD,Together,2013-03-26
908120,1957,44100.0,1,0,0,133,17,56,96,43,54,4,6,3,4,6,0,0,0,0,0,0,0,PhD,Divorced,2014-02-17
908121,1972,32400.0,1,1,4,79,0,30,2,0,10,2,5,1,4,7,0,0,0,0,0,0,0,PhD,Married,2014-02-13
908122,1968,15800.0,1,0,25,44,3,18,4,3,8,3,2,0,4,7,0,0,0,0,0,1,0,PhD,Married,2012-08-02
908123,1984,20700.0,1,0,99,4,2,11,2,7,7,1,2,0,3,5,0,0,0,0,0,0,0,2n Cycle,Married,2014-06-08
908124,1956,40300.0,0,0,66,25,7,35,14,5,1,2,1,0,4,3,0,0,0,0,0,0,0,Graduation,Married,2012-11-17
908125,1977,56000.0,0,0,86,210,1,71,40,3,15,5,1,4,4,2,0,0,0,0,0,0,0,Graduation,Single,2013-08-01
908126,1965,23900.0,0,0,82,31,6,6,1,3,31,3,2,1,4,3,0,0,0,0,0,1,0,Graduation,Married,2013-11-12
908127,1968,64700.0,0,0,67,420,1,712,82,30,8,3,4,10,8,3,0,0,0,0,0,0,0,PhD,Single,2013-06-11
908128,1964,60100.0,0,0,0,348,61,183,21,84,69,2,7,6,9,3,0,0,0,0,1,1,0,Graduation,Married,2014-01-18
908129,1954,69800.0,0,0,40,1493,27,371,33,16,46,3,5,4,8,2,0,0,0,0,0,1,0,Graduation,Married,2012-09-23
908130,1971,24600.0,1,1,80,13,0,5,3,0,1,1,1,0,2,9,0,0,0,0,0,0,0,Basic,Single,2014-02-23
908131,1972,103200.0,0,0,90,1061,18,1009,177,77,162,1,6,10,11,3,0,0,0,0,0,0,0,Graduation,Single,2013-06-23
908132,1957,77300.0,0,0,36,358,36,456,253,57,239,1,5,11,10,4,0,0,0,1,1,1,0,Master,Single,2014-05-27
908133,1972,70000.0,0,0,99,191,4,73,14,23,5,0,3,2,5,1,0,0,0,1,0,0,0,Master,Married,2013-04-30
908134,1971,37900.0,1,1,64,50,3,15,6,2,5,3,3,1,4,4,0,0,0,0,0,0,0,Graduation,Single,2012-11-16
908135,1964,30000.0,0,1,60,3,3,21,4,11,3,2,1,0,3,6,0,0,0,0,0,0,0,Master,Divorced,2014-02-12
908136,1947,42300.0,0,1,40,355,1,48,2,0,26,1,8,3,5,7,0,0,0,0,0,0,0,PhD,Together,2013-11-25
908137,1959,69200.0,0,1,76,491,115,87,50,263,171,2,3,2,13,4,0,0,0,0,0,0,0,2n Cycle,Divorced,2013-05-19
908138,1970,64100.0,0,1,0,100,15,257,1,115,71,1,1,6,4,1,0,0,0,0,0,0,0,Graduation,Single,2013-06-02
908139,1991,18900.0,1,1,55,13,9,17,12,28,27,4,2,1,3,5,0,0,0,0,0,0,0,PhD,Together,2013-12-03
908140,1947,78000.0,1,1,40,698,43,423,133,45,40,2,4,4,8,6,0,0,0,0,0,0,0,Graduation,Married,2013-07-24
908141,1953,122400.0,0,2,79,1053,197,206,55,11,59,2,6,2,12,4,0,0,0,0,0,0,0,PhD,Together,2012-12-27
908142,1970,56000.0,1,1,0,263,7,78,1,13,84,8,7,1,7,8,0,0,0,0,0,1,0,Graduation,Married,2012-10-12
908143,1967,51400.0,1,1,49,49,13,30,2,9,25,2,2,1,4,3,0,0,0,0,0,0,0,PhD,Married,2013-01-28
908144,1958,69000.0,0,0,52,220,15,330,48,116,8,1,5,4,9,2,0,0,1,0,1,0,0,Graduation,Divorced,2013-09-21
908145,1974,22800.0,1,0,49,1,1,3,0,1,1,1,1,1,2,6,0,0,0,1,0,0,0,Graduation,Divorced,2013-08-24
908146,1948,74800.0,0,1,14,274,43,371,230,135,73,4,4,7,7,3,1,0,0,0,0,1,0,Graduation,Divorced,2014-02-12
908147,1976,23500.0,1,0,51,11,1,19,37,17,21,2,1,1,3,5,0,0,0,0,0,0,0,PhD,Widow,2013-02-08
908148,1978,80000.0,0,0,48,666,193,935,18,168,88,2,5,11,4,4,0,0,0,0,1,0,0,PhD,Divorced,2014-02-21
908149,1949,80000.0,0,0,40,595,34,187,6,9,8,1,6,8,12,3,0,0,0,1,1,1,0,PhD,Divorced,2012-08-08
908150,1968,46700.0,1,0,21,20,2,16,5,1,3,2,2,0,4,4,0,0,0,0,0,0,1,Graduation,Divorced,2013-10-08
908151,1959,62300.0,0,0,21,274,15,428,259,172,49,0,6,5,7,2,0,0,0,0,0,0,0,Graduation,Married,2012-09-07
908152,1957,39400.0,0,1,99,70,0,47,8,4,60,5,6,1,4,8,0,0,1,1,0,0,0,Graduation,Together,2012-10-20
908153,1955,67800.0,0,0,54,1493,25,139,4,9,245,1,3,2,13,2,0,0,0,0,0,0,0,Master,Single,2013-11-23
908154,1963,40400.0,1,1,12,53,9,28,21,2,9,5,3,1,4,8,0,0,0,0,0,0,0,PhD,Together,2013-10-15
908155,1990,27200.0,1,0,74,8,3,10,13,7,16,1,1,0,3,7,0,0,0,0,0,0,0,Graduation,Single,2013-05-19
908156,1951,54300.0,0,0,55,698,21,140,259,76,20,1,5,5,11,2,0,0,0,0,0,0,0,Graduation,Married,2012-09-29
908157,1963,52200.0,1,1,40,288,16,70,10,4,17,3,5,2,6,7,0,0,0,0,0,0,0,Graduation,Together,2014-04-29
908158,1978,35100.0,2,1,45,32,0,13,7,2,2,3,2,1,3,4,0,0,0,0,0,0,0,2n Cycle,Married,2013-11-26
908159,1992,77000.0,0,1,0,221,6,84,7,32,49,1,3,2,10,4,0,0,0,0,0,0,0,Graduation,Married,2013-04-10
908160,1966,35500.0,0,1,44,149,2,25,1,0,40,3,7,1,5,6,0,0,0,0,0,0,0,Graduation,Widow,2014-03-14
908161,1963,57200.0,0,1,50,290,23,140,46,90,241,2,6,9,9,7,0,0,0,0,0,0,0,Graduation,Married,2013-08-07
908162,1943,61500.0,0,0,41,276,11,238,44,6,7,0,3,4,7,2,0,0,0,0,0,0,0,Graduation,Together,2012-12-28
908163,1972,56700.0,0,1,26,447,5,88,26,3,56,8,9,3,7,6,0,0,0,0,0,0,0,Graduation,Together,2014-03-28
908164,1972,83500.0,0,1,60,988,56,423,126,15,124,0,7,6,8,3,1,0,1,1,1,1,0,Graduation,Married,2014-01-05
908165,1966,23400.0,1,1,48,76,4,54,6,5,17,3,4,0,4,6,0,0,0,0,0,0,0,Graduation,Together,2014-02-21
908166,1976,76900.0,0,0,30,1201,141,519,34,42,44,1,8,6,6,2,1,0,0,0,0,0,0,PhD,Together,2013-01-19
908167,1958,30500.0,0,1,58,70,2,16,0,1,6,3,3,1,4,8,0,0,0,0,0,0,0,PhD,Married,2012-12-19
908168,1964,61600.0,0,1,82,518,10,92,2,2,6,3,10,1,8,7,1,0,0,0,0,1,0,PhD,Together,2013-11-05
908169,1981,62100.0,0,0,3,497,94,255,9,7,162,1,8,6,3,5,1,0,0,0,0,0,0,Graduation,Together,2012-10-05
908170,1969,61900.0,0,1,17,385,5,252,33,65,34,2,8,5,6,5,0,0,1,0,0,1,0,Graduation,Divorced,2013-01-30
908171,1976,23900.0,1,0,48,1,4,4,7,0,26,0,1,0,2,5,0,0,0,0,0,0,0,Graduation,Married,2014-02-07
908172,1995,72200.0,1,0,99,160,74,350,202,32,108,1,2,2,3,2,0,0,0,0,0,0,0,Graduation,Married,2014-03-23
908173,1959,111000.0,0,0,61,353,38,184,60,83,19,1,5,2,10,2,0,0,0,0,0,0,0,Graduation,Together,2013-10-04
908174,1959,26800.0,1,1,68,4,8,16,15,11,10,2,1,0,3,5,0,0,1,0,0,0,0,2n Cycle,Married,2014-03-02
908175,1979,50000.0,0,1,52,388,5,75,4,10,34,4,6,3,6,6,0,0,1,0,0,0,0,Graduation,Together,2013-06-11
908176,1970,51400.0,0,1,35,217,4,49,4,11,8,4,5,3,2,5,0,0,0,0,0,0,0,Graduation,Together,2013-05-17
908177,1978,79100.0,0,0,73,1493,107,709,236,11,218,1,6,4,9,3,1,0,0,0,1,0,0,2n Cycle,Married,2012-11-05
908178,1987,16300.0,1,0,47,24,32,45,5,0,9,4,3,1,4,8,0,0,0,0,0,0,0,Graduation,Together,2013-10-06
908179,1963,60000.0,0,1,64,518,19,92,8,8,6,4,7,2,8,8,0,0,0,1,0,0,0,Master,Together,2012-10-29
908180,1966,44100.0,2,1,52,21,0,6,2,1,3,2,1,0,3,5,0,0,0,0,0,0,0,Basic,Married,2013-06-23
908181,1973,87500.0,0,1,35,1066,36,226,38,48,77,1,3,8,4,3,1,0,0,0,0,0,0,Graduation,Single,2013-05-19
908182,1982,25600.0,1,1,18,51,33,65,17,10,99,2,8,1,3,4,0,0,0,0,0,0,0,2n Cycle,Single,2014-05-27
908183,1975,69900.0,0,0,31,604,72,281,142,11,14,2,6,3,13,3,0,0,0,1,1,0,0,Graduation,Married,2013-08-26
908184,1972,46900.0,1,1,77,84,3,86,38,85,126,7,3,3,4,7,0,0,0,0,0,0,0,Graduation,Widow,2012-09-02
908185,1975,61500.0,0,0,75,620,11,686,55,39,47,6,6,7,10,4,0,0,0,0,0,0,0,Graduation,Divorced,2013-06-27
908186,1978,90400.0,0,1,70,928,74,229,9,27,42,1,10,3,13,2,0,0,0,0,0,0,0,Graduation,Married,2013-11-24
908187,1953,27000.0,1,1,35,6,0,1,2,1,13,2,1,1,2,4,0,0,0,0,0,0,0,Graduation,Together,2013-09-16
908188,1994,20000.0,0,0,70,3,13,13,4,8,26,2,1,1,2,7,0,0,0,0,0,0,0,PhD,Together,2013-05-27
908189,1961,19300.0,1,0,59,29,23,56,3,8,9,5,4,1,4,8,0,0,0,0,0,1,0,Graduation,Together,2013-07-07
908190,1968,43100.0,0,1,99,736,27,152,12,3,42,3,3,2,13,6,0,0,0,0,0,0,0,Graduation,Single,2013-02-25
908191,1974,24500.0,0,0,38,85,0,19,4,1,21,1,1,1,3,9,0,0,0,0,0,0,0,PhD,Married,2013-03-30
908192,1975,26000.0,1,1,76,12,0,9,2,1,8,2,1,0,3,4,0,0,0,0,0,0,0,Graduation,Widow,2013-12-29
908193,1970,63100.0,1,0,22,194,5,39,13,12,69,5,7,1,5,12,0,0,0,1,0,0,0,Master,Married,2013-03-26
908194,1970,41900.0,0,0,57,122,0,13,1,0,2,1,2,0,3,8,0,0,0,0,0,0,0,Graduation,Married,2013-01-06
908195,1989,38600.0,1,0,50,55,4,111,7,94,14,5,6,1,4,7,0,0,1,0,0,0,0,PhD,Together,2013-05-27
908196,1975,89000.0,0,0,0,1493,193,530,22,55,49,1,4,5,4,2,0,0,1,0,1,1,0,Master,Together,2013-01-15
908197,1969,50800.0,1,0,72,129,13,85,7,6,30,3,5,1,8,8,0,0,0,0,0,0,0,Graduation,Married,2013-12-11
908198,1964,76100.0,0,1,45,970,2,102,5,3,23,6,6,4,7,6,0,0,0,0,0,1,0,Master,Single,2014-02-12
908199,1959,66000.0,0,0,34,326,3,374,80,2,26,2,3,7,8,1,0,0,0,0,0,0,0,PhD,Together,2014-03-11
908200,1975,22400.0,1,1,99,26,2,8,5,3,4,2,2,1,3,7,0,0,0,0,0,0,0,2n Cycle,Married,2014-03-27
908201,1967,27200.0,0,1,95,10,0,4,2,0,0,1,1,0,3,8,0,0,0,0,0,0,0,Master,Married,2013-02-05
908202,1970,41600.0,1,0,54,24,3,15,3,1,23,2,2,0,3,6,0,0,0,0,0,0,0,Graduation,Married,2013-04-11
908203,1976,59300.0,0,1,46,376,7,127,47,46,17,1,5,1,13,4,0,0,0,0,0,0,0,Graduation,Together,2013-09-08
908204,1976,87600.0,0,0,57,856,6,339,21,1,22,1,9,7,9,4,0,0,0,0,1,0,0,2n Cycle,Single,2013-10-03
908205,1989,42300.0,0,0,0,112,1,63,5,3,56,1,5,1,5,6,0,0,0,0,0,0,0,PhD,Married,2013-08-07
908206,1957,29500.0,1,1,48,14,2,18,24,1,4,2,3,0,4,7,0,0,0,0,0,0,0,Graduation,Together,2013-05-06
908207,1950,60900.0,0,1,12,716,10,136,43,4,52,2,12,4,7,8,0,0,0,0,0,0,0,Graduation,Married,2012-10-02
908208,1967,49700.0,0,0,33,184,8,87,204,2,9,3,4,1,8,8,0,0,1,0,0,0,0,PhD,Married,2012-09-26
908209,1977,55000.0,0,1,53,795,16,535,17,32,19,1,4,6,9,5,0,0,0,0,0,0,0,Graduation,Together,2014-03-06
908210,1961,56100.0,0,1,47,312,8,142,20,1,31,1,9,2,9,4,0,0,0,0,0,0,0,Graduation,Married,2013-02-17
908211,1960,66900.0,1,1,30,521,105,191,133,52,121,5,6,5,8,7,0,0,0,1,0,1,0,Graduation,Married,2014-05-22
908212,1945,49900.0,0,1,78,159,3,31,0,2,38,4,4,2,5,11,0,0,0,0,0,0,0,PhD,Married,2013-04-04
908213,1960,41700.0,1,0,38,313,10,138,31,4,33,2,6,2,5,4,0,0,0,0,0,0,0,Graduation,Together,2013-05-31
908214,1962,45500.0,0,0,99,370,16,539,7,5,54,2,1,4,9,2,0,0,0,0,0,0,0,Graduation,Married,2013-05-19
908215,1969,62200.0,0,1,84,136,2,43,8,5,34,1,5,1,3,5,0,0,0,0,0,0,0,Graduation,Married,2014-01-22
908216,1984,69900.0,0,1,30,832,70,89,16,94,51,1,9,4,11,5,0,0,0,0,0,1,0,Graduation,Single,2013-05-26
908217,1996,14900.0,0,0,36,22,8,37,3,7,12,2,3,0,4,6,0,0,0,0,0,0,0,Graduation,Married,2013-06-20
908218,1967,69500.0,0,0,51,291,16,382,4,16,108,1,3,3,10,1,0,0,0,0,0,0,0,Master,Married,2012-08-03
908219,1951,72400.0,0,0,63,649,66,127,253,31,245,1,2,5,5,2,0,0,0,1,1,0,0,Graduation,Single,2013-07-07
908220,1971,47200.0,1,0,27,71,14,96,11,13,83,4,3,2,6,6,0,0,0,0,0,0,0,Master,Married,2013-12-01
908221,1978,23100.0,1,1,68,32,5,42,3,34,82,2,4,1,2,6,0,0,0,0,0,0,0,Graduation,Widow,2013-01-10
908222,1989,90300.0,0,1,71,830,58,174,259,7,161,3,4,2,9,4,0,0,0,0,0,0,0,PhD,Married,2013-05-14
908223,1977,96400.0,0,0,36,281,14,315,58,7,71,1,3,3,9,2,0,0,0,0,0,0,0,Graduation,Together,2013-06-27
908224,1985,15700.0,0,0,42,14,13,5,13,0,7,2,1,0,5,4,0,0,0,0,0,1,0,2n Cycle,Married,2013-07-06
908225,1966,36000.0,2,0,48,22,4,64,43,12,37,3,2,0,6,5,0,0,1,0,0,0,0,PhD,Together,2013-04-14
908226,1988,19300.0,1,0,42,9,2,24,13,17,10,1,3,0,2,9,0,0,0,0,0,0,0,2n Cycle,Single,2014-04-26
908227,1969,69600.0,0,1,89,1396,65,149,37,3,101,5,5,4,13,7,0,0,0,0,0,0,0,Graduation,Married,2012-11-19
908228,1953,67600.0,0,1,14,681,2,116,27,0,7,3,3,4,7,4,0,0,1,0,1,1,0,PhD,Divorced,2013-07-01
908229,1966,13600.0,0,0,86,3,5,4,8,10,8,1,2,0,2,11,0,0,0,0,0,0,0,2n Cycle,Single,2013-12-02
908230,1946,75300.0,0,1,2,1105,3,189,22,3,11,1,8,1,13,5,0,0,0,0,0,0,0,Graduation,Together,2013-05-07
908231,1978,30500.0,1,0,73,3,0,4,0,1,12,2,1,1,3,6,0,0,0,1,0,0,0,PhD,Together,2014-02-22
908232,1962,79700.0,0,0,45,398,117,261,28,198,14,1,4,5,13,2,1,0,0,0,1,1,0,PhD,Married,2013-10-12
908233,1970,26100.0,1,0,13,10,1,13,0,3,8,2,2,0,3,5,0,0,0,0,0,1,1,Master,Single,2013-02-26
908234,1967,20300.0,1,0,51,16,5,10,0,4,10,2,2,0,2,7,0,0,1,0,0,0,0,PhD,Single,2013-05-13
908235,1982,58900.0,1,0,14,13,0,3,3,0,1,0,0,0,3,3,0,0,0,0,0,0,0,Graduation,Together,2013-09-30
908236,1977,35700.0,0,0,19,201,1,57,32,14,27,3,6,2,5,7,0,0,0,0,0,0,0,Master,Widow,2012-11-29
908237,1985,24600.0,1,0,37,5,5,17,12,4,10,3,3,0,3,11,0,0,0,0,0,0,0,Graduation,Together,2013-01-25
908238,1961,73500.0,0,1,63,215,23,90,14,3,4,1,2,4,7,2,0,0,0,0,0,0,0,Graduation,Married,2013-07-15
908239,1963,67200.0,1,2,76,550,2,52,8,7,54,9,5,3,9,5,1,0,1,0,0,1,0,PhD,Married,2013-08-16
908240,1970,50800.0,1,0,19,31,1,13,2,3,6,2,2,0,3,8,0,0,0,0,0,0,0,Graduation,Married,2012-09-19
908241,1968,101500.0,0,0,51,1493,23,404,14,59,16,0,4,4,4,5,0,0,0,0,0,1,0,Graduation,Single,2013-01-01
908242,1976,34400.0,2,1,46,2,0,1,2,0,0,1,0,0,2,6,0,0,0,0,0,0,0,Graduation,Divorced,2013-05-30
908243,1970,18600.0,1,1,69,20,1,6,2,2,2,2,0,1,2,7,0,0,1,0,0,0,0,PhD,Single,2013-12-25
908244,1989,41100.0,1,0,57,41,144,206,173,55,39,2,6,2,5,5,0,0,0,0,0,0,0,Graduation,Married,2013-12-21
908245,1976,20700.0,1,0,62,18,8,30,8,11,52,3,4,0,3,7,0,0,0,0,0,1,0,PhD,Married,2013-05-13
908246,1967,74200.0,0,0,21,598,15,143,85,127,27,1,8,5,12,1,1,1,0,0,0,1,0,Graduation,Divorced,2013-07-21
908247,1975,90300.0,0,0,12,912,83,529,15,118,143,0,8,7,10,1,0,0,0,0,0,1,0,Graduation,Widow,2013-06-23
908248,1974,22300.0,0,0,30,9,1,5,1,1,6,1,1,0,2,9,0,0,0,0,0,1,0,2n Cycle,Single,2013-11-26
908249,1956,66900.0,0,0,31,878,170,363,104,198,87,1,7,6,4,4,0,0,0,1,0,1,0,Master,Married,2014-01-30
908250,1957,49800.0,0,1,11,128,1,29,16,0,15,2,3,1,3,3,0,0,0,0,0,0,0,PhD,Together,2013-12-18
908251,1972,55000.0,0,0,34,289,38,430,52,1,12,3,4,10,5,2,0,0,0,0,0,0,0,2n Cycle,Married,2013-06-16
908252,1979,60700.0,2,1,41,66,11,69,12,26,18,5,2,1,4,8,0,0,0,0,0,0,0,PhD,Together,2013-01-27
908253,1958,67200.0,0,1,42,365,0,38,2,0,19,2,4,3,6,7,0,0,0,0,0,0,0,PhD,Married,2012-09-23
908254,1979,38300.0,0,0,2,104,2,38,25,7,7,0,5,0,4,5,0,0,0,0,0,0,0,Basic,Together,2013-06-10
908255,1970,82100.0,0,0,99,1493,18,197,2,25,13,2,5,2,13,8,0,0,0,0,0,1,0,Graduation,Married,2013-06-27
908256,1975,31600.0,0,1,50,32,1,17,11,11,10,3,3,0,4,6,0,0,0,0,0,0,0,Master,Single,2014-01-04
908257,1955,65300.0,0,0,50,1084,37,104,29,54,201,1,7,5,7,5,0,0,1,0,0,1,0,Graduation,Together,2012-09-13
908258,1949,80400.0,0,0,30,971,13,247,252,59,130,0,4,7,7,1,0,0,1,1,1,0,0,Graduation,Single,2012-08-24
908259,1969,38300.0,1,1,80,6,0,7,0,0,4,1,1,0,2,8,0,0,0,0,0,1,0,Graduation,Married,2013-09-24
908260,1964,53900.0,1,2,36,87,1,18,0,0,1,3,2,0,4,5,0,0,0,0,0,0,0,Graduation,Together,2013-05-15
908261,1970,96500.0,0,1,75,258,6,357,58,5,30,2,2,13,3,2,0,0,0,0,0,0,0,PhD,Married,2013-04-06
908262,1948,74000.0,0,0,60,685,9,141,39,12,5,1,5,6,7,3,0,0,0,0,0,0,0,Master,Together,2013-01-03
908263,1979,44800.0,1,0,53,5,4,7,2,1,1,1,1,0,2,4,0,0,0,0,0,0,0,Graduation,Married,2012-12-16
908264,1977,22100.0,1,1,3,5,0,2,1,1,1,2,1,0,3,5,0,0,0,0,0,0,0,Graduation,Together,2012-10-26
908265,1992,43500.0,1,0,17,155,0,43,2,0,15,2,6,0,4,6,1,0,0,0,0,0,0,Graduation,Together,2013-08-02
908266,1995,79500.0,0,0,47,257,17,317,17,17,47,2,6,4,5,5,1,0,0,0,0,1,0,PhD,Married,2014-01-19
908267,1985,15300.0,1,0,38,2,13,12,5,8,16,2,1,0,3,7,0,0,0,0,0,0,0,Graduation,Together,2014-05-28
908268,1977,91900.0,0,0,15,741,25,580,50,16,47,1,4,4,9,1,0,0,0,0,0,0,0,Graduation,Married,2014-01-31
908269,1970,32200.0,0,1,40,283,15,244,28,1,87,9,15,1,9,5,0,0,0,1,0,0,0,Master,Divorced,2014-05-05
908270,1984,81500.0,0,1,23,579,2,172,11,7,30,1,7,4,10,4,1,0,0,1,0,0,0,Master,Single,2013-08-01
908271,1987,52800.0,1,0,69,61,3,37,17,10,15,3,4,1,6,7,0,0,0,0,0,0,0,PhD,Married,2013-12-13
908272,1976,65300.0,0,1,87,233,12,504,42,31,114,4,4,5,9,3,0,0,0,0,0,0,0,Graduation,Single,2012-09-17
908273,1977,34100.0,0,0,47,192,7,225,17,15,10,3,6,3,4,9,0,0,0,0,0,0,0,Master,Together,2014-04-16
908274,1978,46100.0,1,1,99,16,1,12,1,0,3,2,1,1,3,5,0,0,0,0,0,0,0,2n Cycle,Married,2014-04-13
908275,1972,68800.0,0,0,13,575,101,866,138,198,39,0,5,7,6,1,1,0,0,0,0,0,0,Graduation,Married,2013-04-17
908276,1966,39900.0,0,1,69,172,50,149,12,63,113,3,10,6,7,5,0,0,0,0,0,0,0,Graduation,Married,2013-02-16
908277,1972,69300.0,0,0,99,264,88,243,19,20,3,2,4,5,8,2,0,0,0,0,0,0,0,Graduation,Together,2012-09-13
908278,1967,56000.0,1,0,30,138,2,70,9,2,22,2,5,3,3,8,0,0,1,0,0,0,0,Graduation,Single,2014-04-03
908279,1975,59200.0,1,0,67,275,1,24,5,8,16,2,5,1,5,7,0,0,1,0,0,0,0,PhD,Together,2012-12-10
908280,1973,68700.0,0,1,70,1060,12,238,2,5,9,2,11,4,10,5,1,0,0,1,1,1,0,Graduation,Single,2012-12-31
908281,1975,15500.0,1,1,47,4,2,4,0,1,12,2,1,0,1,15,0,0,0,0,0,0,0,Master,Married,2013-11-14
908282,1985,44700.0,0,0,54,236,24,460,259,22,127,1,6,3,8,2,0,0,0,0,0,0,0,Graduation,Together,2014-06-03
908283,1975,34500.0,1,0,0,297,48,227,13,4,115,8,7,1,5,9,0,0,0,0,0,0,0,Master,Married,2013-07-06
908284,1956,37100.0,0,1,52,253,19,180,23,39,15,2,5,3,9,3,0,0,0,0,0,0,0,Graduation,Married,2013-06-28
908285,1961,51500.0,0,0,57,1036,4,122,173,72,132,2,3,5,7,3,0,0,0,0,1,0,0,Graduation,Married,2014-04-18
908286,1965,86100.0,0,0,33,1242,122,981,253,41,113,1,6,5,5,2,0,0,0,1,0,0,0,2n Cycle,Together,2013-12-29
908287,1963,42400.0,0,1,37,144,6,111,22,14,45,2,4,3,7,3,0,0,0,0,0,0,0,Graduation,Married,2012-09-01
908288,1972,43200.0,1,1,50,129,0,18,5,5,6,4,3,1,5,6,0,0,0,0,0,0,0,Graduation,Married,2012-08-07
908289,1967,86800.0,0,0,93,444,43,981,253,198,45,1,10,11,10,2,1,0,0,0,0,1,0,Graduation,Married,2014-03-11
908290,1965,65800.0,0,1,65,746,4,86,3,48,23,3,2,8,9,3,0,0,0,0,0,0,0,Graduation,Married,2014-01-17
908291,1959,77100.0,0,1,42,400,3,125,12,47,97,1,3,7,4,1,0,0,1,0,1,0,0,Graduation,Married,2013-10-09
908292,1981,45300.0,1,0,46,90,6,82,10,1,31,1,4,2,5,7,0,0,0,0,0,0,0,Graduation,Widow,2014-02-25
908293,1973,88500.0,0,1,0,305,75,812,63,92,33,1,4,3,8,0,0,0,0,0,0,0,0,Graduation,Together,2013-03-24
908294,1963,27600.0,1,1,67,7,2,5,0,4,32,3,1,1,2,4,0,0,0,0,0,0,0,Graduation,Single,2013-07-13
908295,1972,29700.0,1,1,57,12,0,2,0,0,1,1,0,0,2,8,0,0,0,0,0,0,1,Master,Single,2014-06-28
908296,1958,28200.0,1,1,97,12,2,11,0,2,30,2,1,1,1,7,0,0,0,0,0,0,0,PhD,Single,2013-11-18
908297,1976,72200.0,0,0,51,113,23,759,19,138,64,1,4,2,5,2,0,0,0,0,0,0,0,Graduation,Together,2014-01-16
908298,1967,43100.0,0,1,45,337,0,35,2,0,10,3,6,1,6,7,0,0,0,0,0,0,0,Master,Divorced,2012-09-05
908299,1969,69100.0,0,0,99,516,117,198,85,16,77,1,7,10,8,1,0,0,0,0,0,0,0,Master,Married,2013-11-06
908300,1964,66200.0,1,1,62,324,1,61,3,0,27,6,8,1,5,7,0,0,0,0,0,0,0,Master,Widow,2014-01-16
908301,1979,21600.0,0,0,35,7,2,22,9,5,4,2,2,0,3,7,0,0,0,0,0,0,1,Graduation,Single,2014-05-09
908302,1966,38300.0,1,0,3,61,23,134,39,5,8,4,5,2,7,7,0,0,0,0,0,0,0,Basic,Married,2014-06-07
908303,1973,50500.0,0,1,14,205,3,66,0,0,3,3,6,1,5,8,0,0,1,0,0,0,0,PhD,Single,2014-03-19
908304,1979,55300.0,1,1,0,212,11,111,22,4,20,5,4,2,5,6,0,0,0,0,0,1,0,Master,Married,2014-05-17
908305,1960,18600.0,0,0,28,7,4,23,12,3,3,2,3,0,3,7,0,0,0,0,0,0,0,Graduation,Married,2014-04-15
908306,1974,55100.0,0,1,40,245,25,117,14,20,40,2,2,2,3,2,0,0,0,0,0,0,0,2n Cycle,Together,2013-02-05
908307,1955,78200.0,0,1,72,281,38,168,23,7,94,2,3,3,6,2,0,0,0,0,0,0,0,2n Cycle,Together,2013-05-22
908308,1961,73800.0,0,1,58,307,6,215,3,30,44,1,6,4,6,3,0,0,0,0,0,0,0,Master,Married,2014-03-21
908309,1972,38400.0,1,1,76,27,1,39,6,4,6,3,4,0,4,6,0,0,0,0,0,1,0,Graduation,Together,2013-12-18
908310,1966,61400.0,0,1,28,445,17,177,26,28,245,3,7,6,8,5,0,0,0,0,0,1,0,Graduation,Single,2013-06-30
908311,1968,83900.0,0,0,38,267,3,113,1,42,22,1,6,2,7,3,0,0,0,0,0,0,0,PhD,Together,2012-10-11
908312,1969,36200.0,1,1,26,15,0,6,0,1,1,1,2,0,3,6,0,0,0,0,0,0,0,PhD,Single,2012-09-10
908313,1984,22800.0,1,0,30,15,4,6,1,2,13,2,2,0,3,7,0,0,0,0,0,0,0,Master,Together,2013-01-08
908314,1949,28200.0,1,1,69,11,0,9,1,0,1,2,3,0,2,7,0,0,0,0,0,0,0,Master,Single,2013-05-08
908315,1944,68800.0,0,2,79,1339,2,312,9,26,22,7,6,4,9,9,1,0,0,1,1,1,0,PhD,Together,2013-08-26
908316,1975,52100.0,0,0,74,490,139,150,43,50,32,3,7,5,6,6,0,0,0,0,0,0,0,PhD,Married,2014-05-17
908317,1951,56000.0,0,0,37,195,12,97,15,27,88,4,4,1,8,6,0,0,0,0,0,0,0,PhD,Married,2014-03-09
908318,1991,43600.0,0,0,0,1171,8,99,0,20,62,4,11,2,11,8,0,0,0,0,0,0,0,Graduation,Married,2014-01-26
908319,1973,47200.0,0,0,68,88,1,134,6,12,32,1,1,2,3,1,0,0,0,0,0,0,0,Graduation,Married,2014-03-05
908320,1974,33700.0,1,0,97,87,3,57,3,4,6,3,3,1,4,6,0,0,0,0,0,0,0,Master,Single,2014-04-03
908321,1968,50800.0,1,0,57,142,0,32,1,0,9,7,4,1,5,9,0,0,0,0,0,0,0,PhD,Together,2013-07-14
908322,1975,56700.0,1,1,57,672,6,203,0,4,171,10,9,5,6,8,0,0,0,0,0,0,0,Graduation,Single,2012-10-25
908323,1976,18700.0,1,0,61,4,2,3,5,7,11,1,1,0,2,9,0,0,0,0,0,0,0,Basic,Together,2014-04-18
908324,1958,56800.0,0,0,40,513,8,210,21,31,57,1,4,8,9,4,0,0,0,0,0,0,0,2n Cycle,Single,2013-04-07
908325,1968,75600.0,0,1,0,611,8,311,174,3,95,1,4,6,7,3,0,0,0,0,0,0,0,Graduation,Married,2013-01-22
908326,1983,38500.0,0,1,37,12,1,6,6,1,3,1,0,1,4,3,0,0,0,0,0,0,0,Basic,Together,2012-11-08
908327,1953,47600.0,0,1,96,921,46,824,20,18,14,4,4,13,11,3,0,0,0,0,0,0,0,Graduation,Single,2013-12-24
908328,1964,90500.0,0,0,38,1396,10,246,165,19,15,1,6,6,10,6,1,0,1,0,0,0,0,PhD,Married,2014-05-01
908329,1983,94200.0,0,0,46,736,27,258,73,198,14,1,8,5,7,4,1,0,0,0,1,1,0,PhD,Together,2014-03-10
908330,1988,12400.0,1,0,55,5,2,7,6,3,2,2,2,0,2,10,0,0,1,0,0,0,0,Graduation,Married,2014-06-07
908331,1991,27900.0,1,1,32,11,7,8,39,3,13,2,2,0,2,7,0,0,0,0,0,0,0,Graduation,Married,2012-12-02
908332,1975,79200.0,0,1,87,276,10,322,9,49,33,5,3,4,8,5,0,0,0,0,0,0,0,Graduation,Married,2013-03-12
908333,1965,95800.0,0,0,70,900,193,981,29,174,72,0,8,9,11,4,1,0,0,1,0,0,0,Graduation,Single,2014-06-03
908334,1955,64600.0,0,2,7,1171,1,133,0,3,13,9,17,2,11,7,0,0,0,0,0,0,0,PhD,Together,2012-08-08
908335,1978,88900.0,1,1,54,1396,76,234,46,120,230,3,8,5,13,8,0,0,0,0,0,0,0,Graduation,Together,2013-04-03
908336,1962,21800.0,0,0,43,24,0,8,4,1,12,1,1,0,3,6,0,0,0,1,0,0,0,Graduation,Together,2012-09-06
908337,1979,74900.0,0,0,46,1341,0,82,2,3,3,1,4,3,4,3,1,0,0,1,0,1,0,2n Cycle,Single,2013-06-18
908338,1972,20200.0,0,1,41,1,6,6,2,9,52,1,1,0,2,12,0,0,0,0,0,0,0,Master,Married,2013-10-02
908339,1962,74500.0,0,1,31,332,17,679,215,34,30,4,2,7,11,1,0,0,0,0,0,0,0,Graduation,Married,2013-08-08
908340,1988,44700.0,1,0,56,224,9,55,5,39,39,3,3,1,9,5,0,0,0,1,0,0,0,Graduation,Together,2013-01-21
908341,1960,55800.0,0,0,21,685,6,76,0,10,36,3,9,2,13,7,0,0,0,0,0,0,0,Graduation,Married,2013-09-26
908342,1970,42300.0,0,0,38,124,2,60,5,1,58,2,7,2,3,7,0,0,0,0,0,0,0,PhD,Single,2013-01-31
908343,1961,34500.0,1,0,99,48,2,17,2,1,3,3,2,0,5,6,0,0,0,0,0,0,0,Graduation,Divorced,2012-12-27
908344,1973,33000.0,2,0,34,28,2,19,3,3,8,2,4,0,3,9,0,0,0,0,0,0,0,2n Cycle,Married,2012-11-25
908345,1965,31600.0,1,0,99,8,2,21,3,2,3,2,3,0,2,6,0,0,0,0,0,0,0,Graduation,Single,2013-06-19
908346,1982,50200.0,1,0,55,12,4,8,2,0,13,1,1,1,3,5,0,0,0,0,0,0,0,2n Cycle,Together,2013-04-04
908347,1948,45100.0,0,1,94,742,12,161,84,47,233,9,12,5,7,7,0,0,0,0,0,1,0,Master,Married,2012-10-04
908348,1954,68200.0,0,1,27,1096,8,55,13,4,9,5,5,6,9,5,0,0,0,0,0,0,0,Graduation,Married,2012-08-29
908349,1984,25900.0,1,0,67,13,5,9,4,8,16,1,1,0,4,5,0,0,0,0,0,0,0,Master,Divorced,2013-01-17
908350,1984,19200.0,1,0,55,6,5,31,7,12,14,1,2,0,2,9,0,0,0,0,0,0,0,Master,Single,2012-12-24
908351,1972,63400.0,0,1,69,903,47,146,3,11,4,4,5,4,11,4,1,0,0,0,1,0,0,Graduation,Single,2013-08-28
908352,1980,69700.0,0,0,59,499,66,196,3,90,80,1,5,9,5,3,0,0,0,1,0,0,0,Graduation,Single,2013-08-14
908353,1973,68000.0,0,1,19,295,11,81,53,38,21,3,5,2,7,5,0,0,0,0,0,0,0,Graduation,Married,2013-11-22
908354,1962,26400.0,0,1,73,17,10,5,7,2,13,1,1,0,4,6,0,0,1,0,0,0,0,Graduation,Together,2013-03-21
908355,1956,69400.0,0,1,74,102,26,41,10,5,11,2,3,0,4,3,0,0,0,0,0,0,0,Graduation,Single,2012-08-27
908356,1957,69600.0,0,0,39,514,197,448,259,147,90,1,10,5,13,4,0,0,0,0,0,0,0,Graduation,Together,2013-05-07
908357,1961,59000.0,1,1,44,35,1,12,0,1,5,2,2,0,4,6,0,0,0,0,0,0,0,PhD,Single,2013-03-14
908358,1968,69800.0,0,0,48,154,27,429,89,13,72,2,1,7,6,2,0,0,0,0,0,0,0,Graduation,Married,2013-11-30
908359,1981,71700.0,0,0,50,446,193,173,253,198,40,1,3,6,9,3,1,0,1,1,0,1,0,PhD,Married,2012-08-24
908360,1989,49700.0,1,1,94,198,78,133,23,121,72,6,8,1,7,6,0,0,0,0,0,0,0,Master,Married,2013-12-05
908361,1945,44500.0,0,1,28,595,5,121,1,2,21,5,4,1,7,9,0,0,0,0,0,0,0,Graduation,Married,2014-01-02
908362,1968,76900.0,0,0,31,159,197,505,259,28,118,2,8,7,8,3,0,0,0,0,0,0,0,Master,Married,2012-11-03
908363,1968,25200.0,2,0,54,14,1,23,2,2,12,3,3,1,3,9,0,0,0,0,0,1,0,Graduation,Married,2012-12-30
908364,1971,71100.0,0,1,99,432,36,286,23,57,38,2,7,8,8,3,0,0,0,0,0,0,0,Graduation,Single,2014-02-09
908365,1963,68200.0,0,1,16,831,17,98,15,26,142,2,5,5,10,5,0,0,0,1,1,1,0,Graduation,Married,2013-08-07
908366,1957,49700.0,1,1,74,127,5,53,22,6,5,4,3,1,7,9,0,0,0,1,0,0,0,PhD,Single,2014-04-22
908367,1970,70800.0,0,0,0,454,10,118,41,2,88,2,3,6,4,2,0,0,0,1,1,0,0,Graduation,Together,2014-01-05
908368,1962,47400.0,0,0,20,70,6,81,20,6,7,1,5,2,5,7,0,0,1,0,0,0,0,Graduation,Together,2014-05-26
908369,1962,47800.0,2,1,44,129,1,36,4,2,14,5,3,1,5,7,0,0,0,0,0,0,0,Graduation,Married,2014-05-10
908370,1970,40400.0,1,0,90,14,0,4,2,1,6,1,1,0,3,4,0,0,0,0,0,0,0,Graduation,Single,2013-07-25
908371,1981,17000.0,1,1,92,5,6,24,6,4,15,4,2,0,2,11,0,0,0,0,0,0,0,Graduation,Single,2013-03-01
908372,1969,48100.0,0,1,44,199,50,103,20,79,94,2,9,1,6,4,0,0,0,0,0,0,0,Master,Single,2012-12-02
908373,1952,57000.0,0,1,64,77,0,22,2,2,6,2,2,0,5,4,0,0,0,0,0,0,0,PhD,Single,2012-11-04
908374,1968,44500.0,0,2,82,711,19,67,14,9,184,3,7,5,8,5,0,0,0,0,0,0,0,PhD,Married,2014-02-03
908375,1976,45700.0,0,0,71,379,42,17,24,20,6,1,3,1,13,3,0,0,0,0,0,0,0,Graduation,Married,2013-07-30
908376,1954,55900.0,0,1,46,275,0,45,0,2,121,5,7,2,4,6,0,0,0,1,0,0,0,PhD,Together,2013-07-22
908377,1976,20400.0,1,0,60,3,0,8,6,7,50,2,3,0,2,12,0,0,0,0,0,0,0,Graduation,Together,2014-03-25
908378,1969,64100.0,0,1,54,718,4,496,24,44,22,1,6,5,13,3,0,0,0,0,0,0,0,Graduation,Single,2012-08-06
908379,1957,59200.0,1,1,42,312,1,91,4,6,53,5,7,5,6,5,0,0,0,0,0,0,0,Graduation,Divorced,2014-01-31
908380,1978,100800.0,0,1,95,473,131,495,259,15,191,2,3,5,13,2,0,0,0,0,0,0,0,Graduation,Together,2012-12-01
908381,1974,78000.0,0,0,66,253,27,802,57,5,28,1,3,4,5,1,0,0,0,0,0,0,0,Graduation,Single,2014-06-28
908382,1966,58900.0,1,1,93,428,8,120,34,21,14,6,10,2,9,7,0,0,0,0,0,0,0,PhD,Married,2013-02-11
908383,1965,57400.0,0,0,50,392,193,352,213,133,88,0,6,4,7,2,0,0,0,0,0,1,0,Graduation,Divorced,2013-11-28
908384,1974,35500.0,0,1,42,329,30,37,3,1,13,2,6,1,6,7,0,0,0,0,0,0,0,Graduation,Divorced,2013-10-16
908385,1960,42600.0,1,1,56,66,4,28,1,7,19,1,3,2,2,4,0,0,0,0,0,1,0,PhD,Married,2012-12-23
908386,1977,49900.0,1,1,0,438,2,47,23,2,42,12,6,1,7,10,0,0,0,1,0,0,0,Master,Together,2014-05-18
908387,1976,22500.0,0,0,54,24,17,37,43,6,52,2,4,1,3,6,0,0,0,0,0,0,0,PhD,Single,2013-04-10
908388,1984,90800.0,0,0,46,318,29,320,5,35,7,1,2,5,8,2,0,0,0,0,0,0,0,Graduation,Married,2014-04-07
908389,1974,75300.0,0,1,63,1190,7,373,69,95,162,2,7,4,13,3,0,0,0,0,0,0,0,Graduation,Married,2013-10-23
908390,1973,53300.0,0,0,24,646,53,653,2,5,8,2,5,6,12,5,0,0,0,0,0,0,0,Graduation,Together,2012-08-22
908391,1981,23800.0,0,1,0,20,6,8,3,12,29,2,2,0,3,10,0,0,0,0,0,0,0,Graduation,Divorced,2013-05-01
908392,1972,28600.0,1,1,5,65,2,53,5,0,14,7,2,2,3,10,0,0,1,0,0,0,0,Graduation,Married,2014-01-10
908393,1979,17300.0,1,0,48,4,9,7,8,7,52,1,2,0,3,5,0,0,0,0,0,0,0,Master,Single,2014-01-19
908394,1968,40200.0,1,0,18,113,21,123,26,55,17,1,7,1,5,6,0,0,0,0,0,1,0,Graduation,Married,2013-02-20
908395,1971,73400.0,0,0,72,409,25,88,43,4,140,0,6,7,7,3,1,0,0,0,0,0,0,Graduation,Married,2013-12-13
908396,1971,62100.0,0,0,50,734,1,817,19,26,14,1,2,6,10,1,0,0,0,1,1,0,0,Graduation,Married,2012-12-22
908397,1954,79400.0,0,1,65,1396,14,58,11,92,47,2,7,3,13,8,0,0,0,0,0,0,0,Graduation,Married,2013-02-21
908398,1972,30400.0,1,1,79,3,3,10,7,3,15,2,1,0,3,8,0,0,0,1,0,0,0,Graduation,Single,2013-06-18
908399,1981,71000.0,0,1,99,411,81,118,28,39,108,3,6,5,9,5,0,0,0,0,0,0,0,PhD,Together,2014-02-03
908400,1992,62100.0,0,1,64,1041,197,831,8,10,37,2,7,10,13,2,0,0,0,0,0,0,0,Master,Married,2013-10-19
908401,1968,24800.0,1,0,57,37,5,11,4,4,7,2,2,1,3,8,0,0,0,0,0,0,0,Graduation,Together,2013-10-23
908402,1980,67700.0,0,2,67,183,15,213,259,23,42,5,3,7,7,2,0,0,0,0,0,0,0,PhD,Together,2013-10-21
908403,1953,39200.0,0,1,26,445,0,28,3,0,14,3,6,3,5,6,0,0,0,0,0,0,0,Graduation,Married,2013-03-14
908404,1979,47200.0,1,0,99,75,77,98,6,17,119,2,3,3,3,6,0,0,0,0,0,0,0,PhD,Married,2013-05-09
908405,1977,50600.0,0,1,42,244,27,255,34,5,41,2,5,7,7,4,0,0,0,0,0,0,0,Graduation,Widow,2013-06-16
908406,1954,42000.0,0,1,21,254,4,131,10,10,12,5,6,5,9,6,0,0,0,0,0,0,0,PhD,Together,2014-05-07
908407,1950,66300.0,0,0,60,410,22,244,253,46,13,2,3,5,12,3,0,0,0,0,1,0,0,PhD,Married,2013-10-13
908408,1974,24000.0,2,0,54,4,0,5,0,0,1,2,1,1,2,5,0,0,0,0,0,0,0,2n Cycle,Married,2013-01-20
908409,1965,42500.0,0,0,53,252,8,115,10,3,62,3,9,1,7,9,0,0,0,0,0,0,0,Master,Divorced,2013-03-28
908410,1978,16000.0,1,0,65,1,15,9,8,3,15,2,1,1,2,7,0,0,1,0,0,0,0,Graduation,Single,2012-10-01
908411,1969,68100.0,0,0,23,1148,40,404,14,5,77,5,10,4,9,13,0,0,0,1,0,0,0,Graduation,Married,2014-04-03
908412,1983,54000.0,1,0,30,194,14,75,3,4,27,4,5,2,7,4,0,0,0,0,0,0,0,Graduation,Married,2012-10-29
908413,1965,46100.0,1,1,89,66,4,36,1,3,24,2,4,1,3,8,0,0,0,0,0,0,0,PhD,Married,2013-08-07
908414,1982,20700.0,1,0,85,4,35,18,9,2,42,3,4,0,4,6,0,0,1,0,0,0,0,PhD,Together,2012-08-03
908415,1965,34400.0,1,1,94,22,0,14,0,1,4,2,1,0,3,6,0,0,0,0,0,0,0,Graduation,Divorced,2013-02-11
908416,1963,29400.0,1,1,0,53,1,8,2,1,3,3,3,0,2,9,0,0,0,0,0,0,0,Graduation,Married,2012-09-26
908417,1992,67800.0,0,0,25,1059,16,423,3,18,29,1,3,6,11,3,0,1,0,0,1,0,0,Graduation,Together,2013-11-07
908418,1959,79100.0,1,2,76,470,6,54,4,1,21,4,7,2,6,6,0,0,0,0,0,0,0,Graduation,Divorced,2014-04-10
908419,1965,53600.0,1,1,43,186,10,82,4,1,10,2,4,2,7,3,0,0,0,0,0,1,0,Graduation,Married,2014-01-24
908420,1991,95800.0,0,0,77,262,13,178,20,27,36,2,3,5,4,2,0,0,0,0,0,0,0,Graduation,Single,2012-08-22
908421,1974,23100.0,1,0,35,1,3,4,4,3,7,1,1,0,2,7,0,0,1,0,0,0,0,Graduation,Single,2013-04-12
908422,1967,57000.0,0,1,66,377,1,53,7,3,24,3,10,4,5,6,0,0,0,0,0,0,0,Graduation,Together,2013-01-22
908423,1966,78600.0,0,1,78,747,129,613,253,198,80,1,5,7,9,4,0,0,0,0,1,1,0,Master,Married,2014-06-16
908424,1955,61100.0,0,0,94,1396,5,219,30,1,16,2,4,6,10,4,0,0,0,0,0,0,0,PhD,Married,2013-01-04
908425,1977,26600.0,1,1,44,10,0,6,3,0,1,2,1,0,3,7,0,0,0,0,0,0,0,Graduation,Married,2013-02-05
908426,1967,22100.0,0,1,16,39,4,23,6,5,6,4,4,2,3,6,0,0,0,0,0,0,0,Graduation,Single,2013-09-10
908427,1946,77800.0,0,1,55,443,142,102,42,0,21,1,4,1,5,3,0,0,0,0,0,0,0,Graduation,Together,2013-11-11
908428,1962,44300.0,0,0,34,190,1,24,1,6,35,1,6,1,5,4,0,0,0,0,0,0,0,PhD,Together,2013-01-11
908429,1974,40900.0,1,1,21,488,3,56,4,39,92,4,5,2,5,7,0,0,0,0,0,0,0,PhD,Single,2014-01-16
908430,1977,36900.0,1,0,80,125,130,212,179,27,77,7,7,2,6,10,0,0,0,0,0,0,0,Graduation,Married,2012-09-12
908431,1964,83600.0,0,0,67,1063,45,334,38,198,52,0,6,2,7,1,0,0,0,0,1,0,0,Graduation,Married,2012-08-08
908432,1974,89400.0,0,0,92,339,19,292,44,14,9,2,6,3,11,5,0,0,0,0,0,0,0,Master,Widow,2012-10-08
908433,1967,18000.0,1,1,98,3,6,12,9,3,23,2,2,0,4,4,0,0,0,0,0,0,0,Master,Married,2013-09-15
908434,1964,44500.0,1,0,53,87,24,74,13,8,8,4,4,0,4,7,0,0,0,0,0,1,0,Graduation,Single,2014-03-21
908435,1957,40200.0,0,1,75,22,2,10,4,2,13,2,1,0,4,5,0,0,0,0,0,1,0,Graduation,Divorced,2014-04-11
908436,1957,33000.0,0,1,89,174,5,53,1,1,18,1,7,1,4,6,0,0,0,0,0,0,0,Graduation,Married,2014-05-16
908437,1965,61900.0,0,1,45,452,112,227,4,4,61,6,5,5,5,2,0,0,0,0,0,0,0,Master,Single,2012-09-12
908438,1977,29400.0,2,0,92,32,6,19,3,7,3,3,2,0,5,6,0,0,1,0,0,0,0,Master,Married,2013-07-27
908439,1947,64800.0,0,1,40,303,0,14,0,0,61,3,3,2,4,7,0,0,0,0,0,0,0,PhD,Single,2012-11-02
908440,1958,65700.0,0,1,94,330,87,78,11,25,73,2,6,8,7,5,0,0,0,0,1,1,0,Graduation,Single,2013-01-16
908441,1979,40600.0,1,0,64,3,0,5,0,0,2,1,1,0,3,5,0,0,0,0,0,0,0,Graduation,Single,2012-11-30
908442,1967,44400.0,1,1,74,20,2,14,0,0,8,2,2,0,3,8,0,0,0,0,0,0,0,Graduation,Divorced,2013-05-13
908443,1993,57800.0,0,0,30,325,11,215,66,18,16,2,7,5,11,4,0,0,0,0,0,0,0,PhD,Together,2014-02-03
908444,1972,41500.0,1,0,48,28,1,21,2,4,11,1,1,0,3,4,0,0,0,0,0,0,0,Basic,Single,2013-02-03
908445,1966,35200.0,0,1,77,194,16,172,4,105,47,3,6,2,10,5,0,0,0,0,0,0,0,Graduation,Married,2014-03-24
908446,1994,95000.0,0,0,6,1489,193,981,253,198,40,1,7,4,11,2,0,0,0,0,0,0,0,Graduation,Married,2014-06-15
908447,1954,40000.0,0,1,53,75,63,178,13,33,197,2,6,3,5,6,0,0,1,0,0,0,0,PhD,Single,2014-02-28
908448,1958,57000.0,0,1,58,670,10,259,111,63,50,3,12,3,13,8,0,0,0,0,0,0,0,PhD,Single,2012-10-07
908449,1967,68200.0,0,0,79,492,159,750,32,43,22,2,5,7,9,4,0,0,0,0,0,0,0,PhD,Single,2013-10-26
908450,1961,50600.0,0,1,35,864,5,97,10,7,17,4,10,3,6,9,1,0,0,0,1,1,0,Graduation,Single,2013-11-16
908451,1994,25000.0,1,1,61,25,2,6,0,4,10,2,1,0,4,7,0,0,0,0,0,0,0,PhD,Divorced,2012-08-03
908452,1980,18200.0,1,0,99,5,25,18,43,3,31,2,2,0,3,5,0,0,0,0,0,0,0,PhD,Married,2013-11-15
908453,1964,74200.0,0,1,36,573,18,192,5,91,12,1,8,2,13,6,0,0,0,0,0,0,0,PhD,Married,2013-10-04
908454,1954,53200.0,1,1,54,60,0,27,0,0,6,1,1,1,2,8,0,0,0,0,0,0,0,2n Cycle,Together,2013-11-29
908455,1970,15200.0,1,1,44,4,9,17,10,10,3,2,2,0,3,9,0,0,0,0,0,0,0,Graduation,Married,2012-12-30
908456,1966,31500.0,1,0,99,68,9,74,25,1,41,2,6,1,6,6,0,0,0,0,0,0,0,PhD,Single,2014-03-11
908457,1950,76100.0,0,1,53,603,3,304,90,5,114,2,6,8,7,4,1,0,0,1,1,1,0,PhD,Single,2012-08-21
908458,1975,37300.0,1,0,58,12,2,14,3,3,16,2,2,1,3,7,0,0,0,0,0,0,0,Basic,Together,2013-01-25
908459,1970,27700.0,1,1,17,19,3,38,15,0,25,2,2,0,3,11,0,0,1,0,0,0,0,PhD,Together,2012-12-02
908460,1966,72200.0,0,0,46,607,34,680,26,198,91,2,3,6,6,3,1,0,0,0,1,1,0,2n Cycle,Single,2013-06-21
908461,1983,21600.0,1,0,73,13,2,11,14,1,2,2,1,0,3,11,0,0,0,0,0,1,0,Master,Married,2014-06-19
908462,1977,99700.0,0,0,72,1157,16,834,82,10,104,0,5,6,11,2,0,0,0,0,0,0,0,Graduation,Widow,2012-10-16
908463,1973,69800.0,0,0,99,372,174,1242,137,40,51,3,2,7,6,3,0,0,0,0,0,0,0,Graduation,Together,2014-05-27
908464,1975,70000.0,0,0,20,318,12,981,30,129,42,1,6,11,7,2,0,0,0,0,1,1,0,Graduation,Married,2013-07-05
908465,1944,49400.0,0,1,81,186,5,73,6,3,191,3,7,4,9,8,0,0,0,0,0,0,0,Master,Single,2013-12-20
908466,1979,97100.0,0,0,8,1228,72,771,253,64,245,1,4,7,8,2,1,0,1,0,0,1,0,Graduation,Married,2013-01-04
908467,1956,64600.0,1,2,55,184,0,51,0,0,0,2,2,0,6,5,0,0,0,0,0,0,0,2n Cycle,Together,2012-09-09
908468,1958,86900.0,0,0,44,454,19,266,60,10,29,0,3,2,11,1,0,0,0,0,0,0,0,Master,Married,2013-08-10
908469,1969,29000.0,1,1,0,37,0,8,0,0,5,3,2,1,3,5,0,0,0,0,0,0,0,Graduation,Married,2014-05-13
908470,1969,24300.0,1,0,46,60,0,14,4,3,12,3,3,1,4,3,0,0,0,0,0,0,0,Graduation,Single,2012-12-15
908471,1970,34000.0,1,0,2,132,5,78,2,1,37,3,6,3,3,9,0,0,1,0,0,0,0,Graduation,Married,2013-02-28
908472,1956,54600.0,0,1,49,73,0,5,0,0,1,2,0,0,6,3,0,0,0,0,0,1,0,Graduation,Single,2013-01-28
908473,1979,27500.0,1,1,57,12,1,41,23,3,5,2,3,0,4,7,0,0,0,0,0,0,0,Graduation,Together,2013-08-08
908474,1946,83300.0,0,1,23,953,78,192,43,116,57,3,9,2,13,7,0,0,0,0,0,0,0,PhD,Together,2013-07-01
908475,1959,79100.0,0,1,62,899,1,22,1,0,69,7,8,2,6,6,0,0,0,0,0,0,0,Master,Married,2014-05-28
908476,1961,54400.0,1,0,26,120,0,12,0,0,42,5,4,1,4,9,0,0,0,0,0,0,0,PhD,Divorced,2013-07-12
908477,1972,46700.0,1,1,61,181,4,64,4,2,41,4,6,2,4,6,0,0,0,0,0,0,0,Master,Single,2014-01-27
908478,1963,27100.0,1,1,57,9,5,10,4,2,6,2,1,0,3,8,0,0,0,0,0,0,0,2n Cycle,Single,2013-07-15
908479,1946,50000.0,1,1,11,76,0,23,1,4,9,4,2,1,2,5,0,0,0,0,0,0,0,Graduation,Married,2013-12-12
908480,1959,48300.0,2,1,11,45,1,14,1,1,0,3,2,0,4,7,0,0,0,0,0,0,0,Graduation,Married,2012-08-02
908481,1959,31400.0,1,1,36,20,9,33,7,7,9,3,3,0,4,4,0,0,0,0,0,0,0,2n Cycle,Divorced,2014-04-14
908482,1978,34700.0,1,0,33,11,2,8,2,0,6,0,1,0,2,5,0,0,0,0,0,0,0,Graduation,Married,2013-12-18
908483,1983,58200.0,0,0,30,1493,50,150,13,1,72,2,10,6,7,9,1,0,1,0,1,1,0,Master,Single,2012-11-01
908484,1972,44300.0,0,1,39,23,2,12,0,4,2,2,2,0,3,4,0,0,0,0,0,0,0,Master,Divorced,2014-02-12
908485,1955,90500.0,0,0,66,501,5,563,11,23,17,1,4,10,7,2,0,0,0,1,1,1,0,Graduation,Single,2013-05-25
908486,1972,38500.0,2,0,75,27,2,82,12,6,27,3,2,2,2,8,0,0,0,0,0,1,0,Master,Married,2013-05-01
908487,1995,45700.0,0,0,33,86,5,26,5,1,2,2,2,1,4,6,0,0,0,0,0,0,0,Graduation,Together,2012-08-02
908488,1961,47900.0,1,1,2,262,1,54,0,1,38,5,5,1,4,7,0,0,0,1,0,0,0,Graduation,Divorced,2013-11-15
908489,1971,56200.0,0,1,2,435,1,23,1,2,6,2,9,2,7,5,0,0,0,0,0,0,0,PhD,Single,2013-02-16
908490,1956,55000.0,0,1,41,449,86,120,28,10,85,4,9,6,12,4,1,0,1,1,1,0,0,PhD,Single,2014-03-10
908491,1992,38300.0,1,0,11,49,2,97,71,82,36,2,4,0,8,5,0,0,1,1,0,1,0,Master,Together,2012-10-06
908492,1986,19500.0,1,1,88,29,6,16,7,4,3,3,1,0,4,4,0,0,0,0,0,0,0,Graduation,Together,2013-08-04
908493,1968,32000.0,1,1,33,10,11,6,8,2,52,2,1,0,3,7,0,0,0,0,0,0,0,Graduation,Married,2012-10-02
908494,1959,67000.0,0,1,65,324,6,86,3,0,7,3,9,1,7,5,0,0,0,0,0,0,0,Graduation,Single,2012-10-26
908495,1960,62300.0,0,0,50,333,6,213,10,24,66,1,3,6,5,4,0,0,0,0,1,1,0,2n Cycle,Married,2014-04-21
908496,1982,35300.0,1,0,27,74,11,215,76,157,127,5,4,3,6,9,0,0,1,0,0,0,0,2n Cycle,Married,2014-04-21
908497,1946,64600.0,0,2,94,184,0,33,0,0,5,1,1,0,4,6,0,0,0,0,0,0,0,PhD,Single,2013-09-02
908498,1976,12900.0,1,0,9,2,3,16,17,7,10,3,2,0,3,8,0,0,0,0,0,0,0,Graduation,Married,2014-03-01
908499,1967,56400.0,1,0,65,173,0,18,6,0,18,5,3,1,3,9,0,0,0,0,0,0,0,PhD,Together,2012-08-24
908500,1985,87500.0,0,1,45,123,18,82,8,8,14,1,2,5,7,1,0,0,0,0,0,0,0,PhD,Single,2013-10-05
908501,1979,64000.0,0,1,2,1208,103,253,14,14,22,2,6,6,9,4,1,0,1,0,1,1,0,PhD,Together,2013-11-16
908502,1984,72100.0,0,0,43,925,193,831,150,92,242,1,6,7,13,3,0,0,0,1,0,1,0,Master,Widow,2013-09-09
908503,1976,56600.0,0,1,36,174,1,50,65,4,22,3,4,4,3,4,0,0,0,0,0,0,0,PhD,Married,2012-10-30
908504,1959,82700.0,0,0,30,731,13,120,4,22,44,2,9,1,13,4,0,0,0,0,0,0,0,Graduation,Divorced,2013-08-31
908505,1950,93800.0,0,0,41,182,2,76,5,4,11,1,2,2,8,2,0,0,0,0,0,0,0,PhD,Divorced,2013-04-09
908506,1958,55400.0,0,1,46,1396,35,239,65,3,104,2,6,4,13,8,0,0,0,0,0,0,0,Master,Married,2013-08-13
908507,1965,57400.0,0,0,44,397,24,273,20,83,8,1,3,5,13,4,0,0,0,0,0,0,0,Graduation,Divorced,2013-10-02
908508,1961,24700.0,0,0,66,2,1,5,2,3,25,0,1,0,2,5,0,0,0,0,0,0,0,Graduation,Married,2013-03-12
908509,1964,40600.0,1,1,23,155,16,69,7,25,260,10,9,2,5,10,0,0,0,0,0,0,0,Graduation,Married,2013-10-10
908510,1947,112500.0,0,1,27,393,31,240,58,10,7,1,2,8,5,1,0,0,0,1,0,0,0,Graduation,Divorced,2013-01-19
908511,1972,44300.0,0,0,76,59,2,65,2,12,42,3,3,1,5,7,0,0,0,0,0,0,0,PhD,Married,2014-03-09
908512,1986,96900.0,1,0,49,500,35,753,229,36,211,2,5,9,9,4,0,0,0,0,0,0,0,Graduation,Together,2012-11-22
908513,1975,73100.0,0,0,77,469,64,142,259,263,362,0,14,3,13,2,0,0,0,0,0,0,0,Master,Together,2013-09-05
908514,1962,73900.0,0,1,72,292,169,388,28,7,54,2,3,4,7,4,0,0,0,0,0,0,0,Graduation,Married,2013-01-28
908515,1963,49700.0,2,1,56,52,2,13,0,0,0,2,1,0,3,7,0,0,0,0,0,0,0,Graduation,Single,2013-01-22
908516,1969,74500.0,0,0,7,307,141,899,19,67,48,1,6,11,4,3,0,0,0,1,0,0,0,PhD,Married,2014-06-19
908517,1960,79100.0,1,1,64,444,17,59,20,5,49,3,6,2,8,8,0,0,0,0,0,0,0,Master,Married,2014-04-29
908518,1970,38100.0,0,1,41,631,27,224,31,2,134,4,11,4,4,10,0,0,0,1,0,0,0,Graduation,Widow,2012-10-08
908519,1951,79700.0,0,0,28,1040,25,971,169,19,34,1,4,3,11,2,0,0,1,1,1,1,0,Graduation,Single,2012-12-25
908520,1978,60300.0,0,1,19,410,58,85,83,58,35,11,11,2,9,7,0,0,0,0,0,0,0,2n Cycle,Divorced,2013-06-10
908521,1992,34600.0,1,0,77,73,28,129,26,30,12,2,3,2,5,6,0,0,0,0,0,0,0,PhD,Single,2014-03-21
908522,1965,84400.0,0,0,89,821,193,981,230,198,110,1,6,8,9,1,0,0,0,0,0,0,0,Graduation,Together,2012-09-08
908523,1943,59700.0,0,1,53,367,30,206,45,3,79,11,9,5,7,6,0,0,0,0,0,0,0,Master,Married,2014-02-19
908524,1963,41800.0,1,1,67,23,0,3,0,0,2,1,1,0,3,6,0,0,0,0,0,0,0,PhD,Divorced,2014-05-13
908525,1965,30700.0,0,1,22,126,3,104,15,7,22,0,5,2,4,4,0,0,0,0,0,0,0,2n Cycle,Married,2014-02-18
908526,1971,41100.0,0,1,49,78,20,120,48,18,113,0,3,1,3,5,1,0,1,0,0,0,0,Graduation,Married,2014-06-14
908527,1959,57600.0,1,2,0,139,0,8,0,0,2,1,1,0,2,8,0,0,0,0,0,0,0,Master,Married,2013-08-17
908528,1953,51700.0,0,1,48,140,9,158,28,68,58,2,6,1,5,6,0,0,0,0,0,0,0,PhD,Single,2013-03-30
908529,1976,63500.0,0,1,11,210,23,265,7,64,34,1,4,6,8,1,0,0,0,0,0,0,0,Graduation,Married,2014-05-03
908530,1969,22700.0,1,0,61,5,1,7,4,3,10,1,1,0,3,8,0,0,0,0,0,0,0,Graduation,Single,2013-03-17
908531,1969,67400.0,1,0,52,371,1,76,3,3,8,2,4,3,8,6,0,0,0,0,0,0,0,Graduation,Divorced,2013-10-31
908532,1962,98100.0,0,0,54,767,21,593,32,33,16,0,8,7,8,2,0,0,0,0,0,0,0,Master,Single,2014-04-24
908533,1983,67500.0,0,0,99,727,4,127,11,6,27,2,6,3,13,5,0,0,0,0,0,1,0,Graduation,Married,2014-03-06
908534,1963,73400.0,0,1,51,1240,18,294,117,37,54,2,5,5,11,2,0,1,0,1,0,1,0,PhD,Single,2014-01-24
908535,1965,57500.0,1,1,24,237,0,14,4,1,30,9,3,1,5,6,0,0,0,0,0,0,0,Graduation,Married,2014-02-24
908536,1970,48600.0,0,1,0,391,13,96,1,8,28,3,7,3,4,8,0,0,0,0,0,0,0,Graduation,Together,2012-08-17
908537,1973,27900.0,1,0,55,25,1,32,1,6,3,3,4,0,3,10,0,0,0,0,0,0,0,Master,Single,2013-11-18
908538,1979,60300.0,1,1,75,1086,19,103,10,11,62,3,2,3,11,5,0,0,0,0,1,1,0,Graduation,Married,2013-09-30
908539,1996,16600.0,1,0,40,5,1,7,4,1,13,1,1,0,3,9,0,0,0,0,0,0,0,Graduation,Divorced,2012-08-08
908540,1973,21200.0,1,1,35,23,2,13,0,0,14,2,1,1,2,7,0,0,0,0,0,0,0,Graduation,Married,2013-10-13
908541,1956,45900.0,0,1,45,799,29,99,15,2,93,5,13,3,8,5,0,0,0,0,0,0,0,Graduation,Married,2013-09-28
908542,1972,34700.0,1,0,42,19,2,30,5,4,3,2,3,0,4,6,0,0,0,0,0,0,0,2n Cycle,Together,2012-11-27
908543,1973,47600.0,1,0,99,24,4,15,0,2,20,3,4,0,3,7,0,0,0,0,0,0,0,Graduation,Together,2013-12-05
908544,1978,18900.0,0,0,62,2,6,12,39,7,12,1,1,1,2,6,0,0,0,0,0,0,0,Graduation,Married,2014-04-02
908545,1984,40900.0,1,1,61,13,2,22,5,16,17,4,2,0,4,8,0,0,0,0,0,0,0,2n Cycle,Single,2014-05-29
908546,1980,58300.0,0,1,46,1348,29,981,36,18,108,4,11,3,5,9,0,0,1,0,1,1,0,Graduation,Together,2013-01-18
908547,1952,81300.0,0,1,78,1396,94,518,90,23,235,2,4,6,11,3,0,0,0,0,0,0,0,Graduation,Married,2013-04-12
908548,1964,78400.0,0,0,49,387,197,1032,37,31,159,2,2,8,5,3,0,0,0,0,0,0,0,Master,Single,2012-11-27
908549,1971,52200.0,0,0,31,845,31,255,201,42,57,1,5,2,8,7,0,0,0,0,0,0,0,Graduation,Together,2014-02-26
908550,1981,72400.0,0,0,0,664,6,430,129,17,51,1,7,3,8,3,0,0,0,1,0,0,0,Graduation,Married,2012-08-22
908551,1990,28700.0,1,0,14,34,0,5,5,0,9,3,3,0,3,8,0,0,0,0,0,0,0,PhD,Married,2014-03-05
908552,1960,76900.0,0,0,61,614,3,981,56,76,26,0,4,8,6,2,0,0,0,0,0,1,0,PhD,Married,2014-03-09
908553,1965,47700.0,0,2,99,374,7,75,4,13,104,3,6,2,5,4,0,0,0,0,0,0,0,PhD,Single,2014-06-09
908554,1968,26500.0,1,1,44,34,0,11,1,1,8,4,1,1,3,6,0,0,0,0,0,0,0,Master,Married,2012-10-31
908555,1965,71400.0,0,1,1,858,14,193,141,92,16,1,5,4,13,3,0,0,0,1,0,0,0,Graduation,Married,2013-11-24
908556,1979,96200.0,0,0,67,97,14,718,22,15,64,0,1,3,3,0,0,0,0,0,0,0,0,Graduation,Together,2013-06-02
908557,1975,33000.0,1,0,10,68,1,29,4,0,140,4,3,2,3,5,0,0,0,0,0,0,0,PhD,Together,2014-06-20
908558,1978,88200.0,0,1,52,238,95,981,253,36,57,1,3,5,5,1,0,0,1,1,0,1,0,Graduation,Married,2012-12-04
908559,1975,81700.0,0,0,0,354,9,1048,41,72,20,0,4,7,8,2,0,0,0,0,0,0,0,Master,Together,2013-08-22
908560,1952,74200.0,0,0,0,589,21,787,43,97,44,3,4,7,11,2,0,0,0,0,0,0,0,PhD,Married,2014-02-04
908561,1970,63900.0,0,0,22,171,50,176,28,97,13,1,11,4,13,3,0,0,0,0,0,0,0,Graduation,Single,2014-06-06
908562,1972,48200.0,0,2,41,413,30,177,72,11,69,5,4,3,13,5,0,0,0,0,0,0,0,Graduation,Divorced,2013-03-27
908563,1988,22500.0,0,0,10,13,1,15,4,11,32,2,1,1,2,8,0,0,0,0,0,0,0,PhD,Together,2012-09-03
908564,1971,91900.0,0,1,30,411,6,406,234,176,362,1,11,8,7,3,0,0,0,0,0,0,0,PhD,Divorced,2013-06-15
908565,1946,37300.0,1,2,42,31,1,6,0,0,2,1,1,0,3,6,0,0,0,0,0,0,0,Graduation,Together,2012-11-17
908566,1955,42900.0,0,2,0,385,9,74,1,1,15,5,2,7,5,4,0,0,0,0,0,0,0,Master,Together,2012-11-06
908567,1962,77100.0,0,0,25,297,7,69,12,33,245,1,6,6,9,4,1,0,1,1,1,1,0,Graduation,Divorced,2014-05-31
908568,1967,73400.0,0,0,56,307,33,286,38,17,18,1,2,7,4,1,0,0,0,0,0,0,0,PhD,Married,2013-05-12
908569,1965,55800.0,0,1,65,310,15,44,7,7,14,2,4,2,7,7,0,0,0,0,0,1,0,Graduation,Married,2014-03-25
908570,1990,36700.0,0,0,53,119,8,120,41,43,321,1,6,1,4,5,0,0,0,0,0,0,0,Master,Together,2013-11-28
908571,1959,49600.0,0,1,52,286,12,76,123,25,205,2,7,2,6,6,0,0,0,1,0,0,0,Master,Single,2013-01-01
908572,1973,24000.0,1,0,0,3,0,4,2,1,11,1,1,1,3,5,0,0,0,0,0,0,0,Graduation,Married,2013-12-21
908573,1976,68100.0,0,0,36,640,11,300,68,24,4,1,7,5,11,5,0,0,0,0,1,1,0,PhD,Married,2013-02-11
908574,1958,36200.0,1,2,62,32,2,14,3,5,10,3,1,0,4,4,0,0,0,0,0,0,0,Graduation,Together,2013-02-12
908575,1983,20500.0,1,0,57,2,32,11,6,15,15,3,2,0,3,6,0,0,0,0,0,0,0,Graduation,Together,2013-08-23
908576,1952,65000.0,0,1,67,1331,1,107,8,12,12,2,6,5,6,6,1,0,0,1,0,0,0,Graduation,Unknown,2012-10-20
908577,1974,42700.0,0,0,0,134,1,32,6,2,32,2,6,2,4,5,0,0,0,0,0,0,0,Graduation,Married,2012-10-17
908578,1981,29500.0,0,0,99,211,14,165,28,53,136,8,10,3,7,10,0,0,0,0,0,0,0,Graduation,Together,2013-05-13
908579,1995,78300.0,0,0,99,946,46,527,107,30,68,1,2,8,10,5,1,0,0,1,1,0,0,Graduation,Together,2013-12-02
908580,1960,49800.0,1,1,89,447,1,19,7,1,65,6,6,2,6,8,0,0,1,1,0,0,0,2n Cycle,Married,2013-12-17
908581,1964,73600.0,0,1,31,1150,7,139,79,14,94,1,6,6,5,5,0,0,0,0,0,1,0,PhD,Married,2013-07-13
908582,1955,105500.0,0,0,56,267,154,849,103,198,107,0,4,5,9,1,1,0,0,1,1,1,0,PhD,Single,2014-05-12
908583,1963,50600.0,0,0,35,314,7,53,2,4,70,1,7,2,4,7,0,0,0,0,0,0,0,Master,Married,2012-12-23
908584,1957,33800.0,0,1,99,146,0,32,1,1,35,3,5,1,4,7,0,0,1,0,0,0,0,Master,Divorced,2013-12-16
908585,1978,16300.0,1,0,90,3,4,7,11,2,4,2,2,0,3,7,0,0,0,0,0,0,0,Graduation,Married,2013-08-29
908586,1962,58300.0,0,0,43,463,137,553,259,65,145,2,4,6,11,2,0,0,0,0,0,0,0,Graduation,Single,2012-08-23
908587,1971,28400.0,1,1,51,35,0,10,0,0,1,2,2,0,4,9,0,0,1,0,0,0,0,Graduation,Single,2014-06-19
908588,1970,66000.0,0,0,37,762,168,117,10,6,52,2,5,4,6,5,0,0,0,1,1,1,0,Graduation,Married,2014-01-29
908589,1971,57600.0,0,1,74,1493,0,96,7,0,23,3,4,4,10,6,0,0,1,0,0,1,0,Graduation,Widow,2013-02-18
908590,1959,53800.0,1,1,79,227,18,155,14,6,3,2,6,1,7,10,0,0,0,0,0,1,0,PhD,Divorced,2013-03-23
908591,1947,83900.0,0,0,42,573,27,309,9,18,25,1,10,3,8,1,0,0,0,0,1,0,0,PhD,Divorced,2013-05-01
908592,1975,32100.0,1,0,43,1,5,15,2,2,12,0,1,0,2,11,0,0,0,0,0,0,0,Basic,Single,2012-08-08
908593,1962,34800.0,1,2,28,77,0,6,0,0,12,3,1,0,3,7,0,0,0,0,0,0,0,Graduation,Married,2014-01-28
908594,1964,14300.0,1,1,31,6,3,11,7,0,7,2,2,0,2,11,0,0,0,0,0,0,0,PhD,Divorced,2013-04-17
908595,1964,49600.0,1,1,19,342,1,89,10,0,158,8,10,1,6,10,0,0,0,0,0,1,0,PhD,Married,2012-12-26
908596,1964,66000.0,1,1,81,286,30,199,5,21,65,4,5,4,9,4,0,0,0,0,0,0,0,PhD,Single,2013-07-19
908597,1983,37000.0,1,0,77,12,2,21,1,3,9,1,2,0,4,6,0,0,0,0,0,0,1,2n Cycle,Married,2013-06-06
908598,1979,60600.0,0,0,65,1493,116,981,13,145,41,2,5,5,10,8,0,0,0,1,1,0,0,Master,Together,2013-03-19
908599,1970,67200.0,0,0,99,582,193,569,92,32,245,1,4,5,7,3,1,0,0,0,0,1,0,Graduation,Together,2012-11-10
908600,1965,50100.0,1,1,16,17,0,1,0,0,1,1,1,0,2,8,0,0,1,0,0,0,0,Graduation,Together,2013-05-23
908601,1990,22000.0,1,0,35,3,6,3,7,2,52,1,1,1,2,5,0,0,0,0,0,0,0,Graduation,Together,2012-09-24
908602,1973,23600.0,1,0,39,19,5,20,11,13,24,4,2,2,3,5,0,0,0,0,0,0,0,Graduation,Together,2013-04-25
908603,1963,44200.0,0,1,72,114,197,126,4,1,49,1,3,6,6,1,0,0,0,0,0,0,0,Master,Married,2014-06-15
908604,1972,101000.0,0,1,14,546,185,125,40,234,31,1,9,3,13,6,0,0,0,0,0,0,0,Graduation,Single,2013-08-26
908605,1976,56600.0,0,2,78,574,124,255,13,4,50,7,3,6,7,6,0,0,0,0,0,0,0,Graduation,Married,2012-09-02
908606,1960,39600.0,1,1,20,54,1,31,2,0,25,5,3,0,3,6,0,0,0,0,0,0,0,Graduation,Together,2013-05-14
908607,1982,21400.0,1,0,8,19,8,13,11,12,19,3,2,0,4,9,0,0,1,0,0,0,0,Master,Divorced,2012-10-31
908608,1962,46500.0,1,1,86,429,70,309,234,46,159,5,12,8,7,6,0,0,0,0,0,1,0,Graduation,Single,2014-03-11
908609,1967,16700.0,1,1,70,13,0,2,0,0,2,2,0,1,2,7,0,0,0,0,0,1,0,Graduation,Divorced,2012-09-19
908610,1971,20300.0,1,0,68,6,2,12,8,5,4,2,2,1,3,6,0,0,0,0,0,0,0,Master,Divorced,2013-09-14
908611,1971,69200.0,1,0,66,194,13,64,61,9,10,4,5,2,6,7,0,0,0,0,0,1,0,Graduation,Married,2013-10-23
908612,1961,49600.0,0,1,36,67,2,8,2,1,9,2,1,0,4,4,0,0,0,0,0,0,0,PhD,Single,2012-10-20
908613,1968,30500.0,1,0,41,4,0,7,0,0,3,1,1,0,2,4,0,0,0,0,0,0,0,Graduation,Widow,2014-02-14
908614,1963,64600.0,1,1,37,2,4,15,2,8,13,1,1,0,2,6,0,0,0,0,0,0,0,Master,Together,2013-12-20
908615,1968,89200.0,0,0,60,367,10,241,65,56,13,1,7,2,10,3,0,0,0,0,0,0,0,Master,Married,2012-10-09
908616,1961,80800.0,0,0,13,370,14,503,7,77,200,2,6,3,4,2,1,1,1,0,1,1,0,Master,Single,2013-01-16
908617,1962,83300.0,0,1,39,1253,32,676,193,77,19,1,6,10,9,2,0,0,0,1,1,0,0,PhD,Single,2013-07-05
908618,1969,56100.0,1,0,30,207,11,89,6,1,9,1,5,3,2,3,0,0,0,0,0,0,0,Graduation,Together,2013-08-01
908619,1962,27100.0,1,1,59,25,2,19,2,3,12,3,1,0,4,6,0,0,0,0,0,0,0,Graduation,Single,2013-05-16
908620,1965,57900.0,2,1,69,65,0,13,1,0,3,3,3,1,3,5,0,0,0,0,0,0,0,Graduation,Together,2013-12-06
908621,1975,25100.0,0,0,94,35,8,73,12,23,1,2,3,1,4,8,0,0,0,0,0,0,0,Master,Together,2013-05-02
908622,1983,46300.0,1,1,88,692,83,324,18,3,84,6,6,7,13,5,0,0,0,0,0,0,0,Graduation,Single,2014-04-06
908623,1972,91500.0,0,1,28,1396,30,349,14,5,85,3,6,3,13,5,0,0,0,0,0,0,0,PhD,Together,2014-04-23
908624,1983,67700.0,0,1,55,475,9,740,50,9,19,2,2,12,7,3,0,0,0,0,0,0,0,Graduation,Divorced,2012-10-09
908625,1961,50300.0,1,0,17,309,1,66,9,2,32,3,7,2,7,5,0,0,0,0,0,0,0,Graduation,Together,2013-05-24
908626,1959,81500.0,0,1,31,226,39,332,5,253,22,3,6,4,13,2,0,0,0,0,0,0,0,Graduation,Single,2013-07-11
908627,1975,69400.0,0,0,27,548,129,267,129,9,86,2,3,8,11,5,0,0,0,1,0,1,0,Graduation,Married,2013-09-08
908628,1982,39800.0,0,0,99,103,17,80,75,42,14,1,9,2,5,6,1,0,1,0,0,0,0,PhD,Divorced,2013-03-26
908629,1992,46300.0,2,0,2,92,4,59,3,0,8,3,3,1,4,8,0,0,1,0,0,0,0,Graduation,Single,2013-11-27
908630,1953,51300.0,0,1,17,119,10,57,20,43,27,1,3,2,2,2,0,0,0,0,0,0,0,PhD,Divorced,2014-03-30
908631,1972,43000.0,0,0,99,131,12,83,3,2,27,2,5,1,4,9,0,0,0,0,0,0,0,Graduation,Single,2014-05-07
908632,1972,57300.0,0,0,21,141,19,97,33,42,11,3,7,0,7,8,0,0,0,0,0,0,0,Graduation,Together,2013-07-13
908633,1996,16000.0,1,0,76,13,7,15,7,5,11,2,1,1,2,7,0,0,0,0,0,0,0,Master,Divorced,2013-08-24
908634,1976,30300.0,1,0,14,16,9,11,2,3,42,2,1,1,2,9,0,0,0,0,0,0,0,Graduation,Divorced,2013-05-26
908635,1963,57600.0,0,1,3,318,3,54,32,5,103,4,3,3,8,4,0,0,0,0,0,0,0,Master,Married,2013-06-18
908636,1996,9400.0,1,0,70,0,9,29,43,33,17,3,4,0,6,10,0,0,0,0,0,0,0,Graduation,Married,2014-02-26
908637,1970,99200.0,0,0,36,608,112,524,4,65,22,0,7,6,8,3,0,0,1,0,0,1,0,Master,Together,2012-12-19
908638,1986,81400.0,0,1,16,737,11,447,8,10,34,2,6,5,3,5,1,0,0,0,1,0,0,Master,Married,2014-05-10
908639,1975,38800.0,1,1,40,28,3,23,0,2,3,4,2,0,3,10,0,0,0,0,0,0,0,Graduation,Married,2012-12-16
908640,1975,85600.0,0,1,70,1010,4,519,133,263,19,2,9,5,13,4,0,0,0,0,0,0,0,Graduation,Divorced,2013-07-07
908641,1965,56500.0,1,0,33,257,157,206,259,63,99,2,3,4,7,4,0,0,0,0,0,0,0,PhD,Together,2012-12-12
908642,1953,98500.0,0,0,32,424,8,305,187,149,25,1,3,9,4,1,0,0,0,0,0,0,0,PhD,Together,2013-12-08
908643,1970,81900.0,0,0,56,630,193,244,19,198,245,1,5,5,9,1,1,0,0,0,0,0,0,Graduation,Single,2012-09-27
908644,1987,53400.0,1,0,30,5,2,6,5,0,4,1,1,0,4,4,0,0,0,0,0,0,0,PhD,Married,2013-07-28
908645,1965,47200.0,0,0,44,303,9,142,14,4,39,3,11,5,5,6,0,0,1,0,0,0,0,Graduation,Married,2013-02-27
908646,1950,65400.0,0,2,95,280,3,37,7,0,26,3,6,1,3,8,0,0,0,0,0,0,0,Graduation,Together,2012-10-17
908647,1970,18100.0,0,1,20,14,1,12,1,1,3,1,1,0,2,11,0,0,0,0,0,0,0,PhD,Single,2013-05-24
908648,1967,81200.0,0,0,38,933,19,981,64,94,124,1,6,7,4,3,0,0,0,1,1,0,0,Graduation,Married,2012-12-05
908649,1975,23500.0,1,0,95,19,0,12,2,0,3,1,2,0,4,7,0,0,0,0,0,0,0,Graduation,Single,2012-10-24
908650,1976,48400.0,1,2,0,669,0,39,0,1,33,9,4,0,5,8,0,0,0,1,0,0,0,Master,Together,2013-01-07
908651,1957,73500.0,0,0,35,138,7,80,2,14,27,1,4,1,7,5,0,0,0,0,0,0,0,Graduation,Together,2014-05-11
908652,1971,46000.0,0,1,26,323,1,29,1,18,8,3,2,3,13,2,0,0,0,0,0,0,0,2n Cycle,Married,2012-12-04
908653,1967,47700.0,0,1,51,9,1,4,3,1,1,1,1,0,2,6,0,0,0,0,0,0,0,2n Cycle,Married,2014-01-04
908654,1975,35400.0,1,1,72,13,4,4,0,3,5,2,1,1,2,5,0,0,1,0,0,0,0,2n Cycle,Single,2012-12-20
908655,1959,38300.0,0,1,46,266,12,167,10,2,250,4,7,4,5,8,0,0,0,1,0,0,0,PhD,Single,2013-12-21
908656,1964,28700.0,0,0,49,12,22,18,6,9,30,2,2,2,2,6,0,0,0,0,0,0,0,PhD,Married,2013-01-20
908657,1943,90700.0,0,1,45,564,29,559,37,193,24,3,6,8,11,6,0,0,0,0,0,0,0,Graduation,Married,2013-10-06
908658,1969,82600.0,0,0,5,590,44,1172,219,13,17,2,2,14,12,2,0,0,0,0,0,0,0,PhD,Together,2013-04-27
908659,1962,47900.0,0,0,5,379,26,127,66,2,12,2,6,6,13,6,0,0,0,0,0,0,0,Graduation,Married,2012-08-07
908660,1954,29800.0,0,1,59,102,0,35,4,2,18,5,2,1,4,3,0,0,0,0,0,0,0,Master,Together,2013-05-06
908661,1967,32000.0,1,1,59,18,1,6,1,5,13,4,3,0,5,5,0,0,0,0,0,0,0,PhD,Divorced,2014-03-18
908662,1965,52700.0,0,0,36,249,65,528,259,81,131,4,6,3,13,4,0,0,0,0,0,0,0,2n Cycle,Divorced,2013-07-19
908663,1969,51900.0,0,1,51,230,3,50,1,17,22,3,4,3,4,9,0,0,0,0,0,0,0,Master,Married,2013-02-01
908664,1962,20700.0,0,1,16,8,6,13,0,1,3,2,2,0,2,9,0,0,0,0,0,0,0,Master,Single,2012-11-20
908665,1958,43400.0,0,2,66,14,4,5,1,1,9,2,1,0,3,5,0,0,0,0,0,0,0,Graduation,Single,2014-02-16
908666,1964,52300.0,0,1,76,94,0,48,3,11,174,2,5,2,3,7,0,0,0,0,0,1,0,Graduation,Together,2014-02-10
908667,1983,36800.0,0,0,87,76,4,26,0,1,24,1,3,1,3,5,0,0,0,1,0,0,0,Master,Married,2012-11-01
908668,1985,47000.0,1,0,24,148,19,144,24,1,7,2,8,1,4,6,0,0,0,0,0,1,0,PhD,Single,2012-12-03
908669,1975,23900.0,0,1,0,1,0,3,2,1,0,1,0,0,2,5,0,0,1,0,0,0,0,Master,Single,2012-09-10
908670,1975,46600.0,1,0,49,118,32,65,4,3,52,2,2,2,4,7,0,0,0,0,0,0,0,Graduation,Single,2013-06-01
908671,1963,82200.0,0,0,85,1203,7,981,41,9,6,1,5,2,10,3,1,0,0,1,0,1,0,Graduation,Married,2013-08-07
908672,1968,25000.0,1,1,65,293,7,25,1,2,27,3,6,1,4,7,0,0,0,0,0,0,0,PhD,Married,2012-11-09
908673,1969,78200.0,1,0,88,217,48,259,125,5,29,1,2,5,10,1,0,0,0,0,0,0,0,Graduation,Together,2013-02-24
908674,1950,83300.0,0,0,82,823,68,759,208,22,21,1,3,4,9,1,1,0,0,0,0,1,0,Graduation,Married,2013-10-18
908675,1975,64600.0,2,1,47,28,7,31,4,7,16,2,1,0,4,5,0,0,0,0,0,0,0,Graduation,Married,2014-06-21
908676,1971,25800.0,1,0,64,35,1,26,3,2,20,3,4,1,3,7,0,0,0,0,0,0,0,Graduation,Single,2014-01-26
908677,1973,32600.0,0,1,74,83,4,37,3,5,19,3,2,1,4,4,0,0,0,0,0,0,0,Graduation,Married,2013-08-07
908678,1958,63200.0,0,1,28,724,1,236,177,25,97,4,2,4,8,4,0,0,0,0,0,0,0,Graduation,Divorced,2013-11-30
908679,1972,50300.0,0,1,68,859,5,74,26,0,41,3,4,3,7,9,0,0,0,1,1,1,0,Master,Together,2013-04-17
908680,1968,21600.0,0,0,99,7,10,15,4,10,18,2,2,1,3,6,0,0,1,0,0,0,0,PhD,Single,2013-12-26
908681,1972,38800.0,1,1,85,99,4,49,4,4,56,6,4,3,2,5,0,0,0,0,0,0,0,Graduation,Married,2013-04-02
908682,1972,28100.0,1,1,84,15,2,2,2,0,5,3,3,1,3,7,0,0,0,0,0,0,0,Master,Together,2012-09-14
908683,1962,53800.0,1,1,0,327,0,31,1,0,21,5,5,2,3,6,0,0,0,0,0,0,0,Graduation,Married,2013-01-09
908684,1953,78500.0,0,1,30,639,37,90,11,10,10,1,6,5,9,1,1,0,0,0,0,0,0,Graduation,Married,2012-11-14
908685,1972,68600.0,0,1,93,1173,6,319,29,30,65,2,10,8,9,5,0,0,0,0,0,1,0,PhD,Together,2014-03-02
908686,1974,18700.0,0,0,15,1,0,4,4,2,2,1,1,0,2,6,0,0,0,0,0,0,0,Basic,Together,2013-01-06
908687,1966,31200.0,0,1,7,94,8,25,9,7,11,2,3,1,4,6,0,0,0,0,0,0,1,PhD,Together,2013-12-15
908688,1961,43000.0,1,1,17,10,0,11,0,1,6,1,1,0,3,6,0,0,0,0,0,0,0,Master,Together,2013-03-17
908689,1955,67200.0,0,0,43,291,23,212,56,98,50,1,9,7,8,2,0,0,0,0,0,0,0,Graduation,Married,2013-04-25
908690,1956,68000.0,1,1,45,134,21,79,72,46,22,4,5,2,5,9,0,0,0,0,0,0,0,Graduation,Single,2014-03-23
908691,1975,64100.0,0,1,25,298,16,226,46,41,6,4,4,1,10,7,0,0,0,0,0,0,0,Graduation,Divorced,2014-04-23
908692,1976,68400.0,0,0,48,191,66,658,81,14,36,2,5,8,6,4,0,0,0,0,0,0,0,PhD,Single,2014-05-15
908693,1968,49800.0,1,1,0,331,0,18,0,0,7,5,4,1,6,7,0,0,0,0,0,1,0,Master,Divorced,2013-01-24
908694,1972,32600.0,0,0,55,13,1,12,7,3,3,1,1,0,3,7,0,0,0,0,0,0,0,Basic,Together,2013-04-02
908695,1973,71800.0,0,1,51,351,4,56,7,2,16,2,5,5,7,5,0,0,0,0,0,0,0,2n Cycle,Married,2013-04-02
908696,1992,111900.0,0,1,66,1000,29,753,188,12,11,1,4,12,7,1,0,0,0,0,0,0,0,Graduation,Together,2014-04-20
908697,1968,37900.0,0,1,1,62,21,26,8,3,43,3,4,1,3,6,0,0,0,1,0,0,0,Master,Together,2013-09-04
908698,1969,18400.0,1,0,39,0,10,7,8,9,10,1,2,0,4,4,0,0,0,0,0,0,0,Basic,Together,2014-03-19
908699,1953,53500.0,0,0,57,446,82,743,181,146,348,2,3,8,8,2,0,0,0,0,0,0,0,PhD,Married,2013-02-23
908700,1953,37100.0,1,2,70,34,0,3,1,3,5,1,1,0,2,6,0,0,0,0,0,0,0,Master,Together,2013-09-05
908701,1955,67500.0,0,2,15,184,3,22,6,0,7,4,4,2,5,6,0,0,1,0,0,0,0,Graduation,Unknown,2013-06-25
908702,1987,44500.0,1,1,91,189,7,105,2,9,51,4,7,2,6,7,0,0,0,0,0,0,0,PhD,Married,2013-10-19
908703,1983,75700.0,0,0,0,170,53,368,89,66,99,1,4,4,3,3,1,0,0,0,0,0,0,Graduation,Together,2013-12-02
908704,1963,75200.0,0,1,69,854,13,219,30,49,130,2,4,8,9,2,0,0,0,0,0,0,0,Graduation,Married,2014-05-23
908705,1983,20000.0,1,1,66,20,3,5,7,3,22,5,2,2,3,4,0,0,0,0,0,0,0,Graduation,Single,2012-08-01
908706,1967,99600.0,0,1,24,480,65,206,220,35,56,2,6,3,9,2,0,0,0,0,0,0,0,PhD,Widow,2013-12-01
908707,1949,34300.0,0,1,94,7,0,4,1,0,3,0,0,0,2,5,0,0,0,0,0,0,0,PhD,Single,2012-11-20
908708,1960,65900.0,0,1,93,244,51,207,38,214,52,2,7,4,13,3,0,0,0,0,0,0,0,PhD,Single,2013-12-02
908709,1965,46400.0,1,1,2,79,2,53,5,4,25,5,2,2,4,2,0,0,0,0,0,0,0,Graduation,Divorced,2014-06-14
908710,1956,45700.0,0,1,62,138,1,47,0,0,38,2,4,1,5,8,0,0,0,0,0,1,0,Graduation,Married,2013-09-17
908711,1984,30200.0,1,0,68,19,7,10,4,6,7,1,1,0,3,7,0,0,0,0,0,0,0,PhD,Married,2013-12-27
908712,1986,77800.0,0,0,2,535,145,981,253,68,245,1,4,7,8,1,1,0,0,1,0,1,0,PhD,Together,2012-11-27
908713,1973,19400.0,2,0,37,11,5,19,2,2,3,2,2,1,2,9,0,0,0,0,0,0,0,Graduation,Married,2013-05-10
908714,1963,68800.0,0,1,70,719,31,993,91,263,145,3,3,10,7,3,0,0,0,0,0,0,0,Graduation,Divorced,2013-04-24
908715,1978,25100.0,1,0,54,16,4,48,4,4,3,3,2,0,4,6,0,0,0,0,0,0,0,Graduation,Married,2013-05-29
908716,1970,32700.0,1,1,55,4,1,4,0,0,0,2,1,0,3,6,0,0,0,0,0,0,0,2n Cycle,Married,2013-09-16
908717,1947,71500.0,0,1,74,406,3,25,6,4,165,4,3,3,7,5,0,0,0,0,0,0,0,PhD,Married,2013-01-08
908718,1970,33400.0,1,0,63,66,5,42,1,3,10,5,4,0,4,9,0,0,0,0,0,0,0,Graduation,Single,2012-12-30
908719,1988,83500.0,0,0,41,815,39,275,24,29,2,1,4,5,10,1,1,0,0,0,0,1,0,Graduation,Married,2012-09-15
908720,1975,35100.0,1,0,86,2,8,11,27,13,11,2,1,0,3,6,0,0,0,0,0,0,0,PhD,Married,2012-08-21
908721,1956,87300.0,0,0,27,358,81,527,68,174,89,2,6,3,9,5,0,0,0,1,1,0,0,Graduation,Married,2012-11-25
908722,1954,57900.0,0,0,40,177,14,229,56,3,23,1,2,3,5,2,0,0,0,0,0,0,0,Graduation,Single,2013-10-14
908723,1979,34000.0,1,0,19,134,0,21,1,2,181,4,5,1,3,5,0,0,0,0,0,0,0,PhD,Single,2014-06-17
908724,1988,57100.0,0,0,62,333,62,356,259,75,19,3,4,5,9,3,0,0,0,0,0,0,0,Graduation,Together,2013-05-11
908725,1964,89600.0,0,0,21,1250,6,1056,73,227,5,0,8,15,12,2,0,0,0,0,0,0,0,Master,Together,2014-01-14
908726,1967,86100.0,0,0,39,718,2,891,45,7,25,0,6,3,5,4,0,0,0,1,1,1,0,Graduation,Married,2012-09-18
908727,1965,45800.0,1,1,37,325,2,112,24,51,20,6,9,1,5,5,0,0,0,0,0,0,0,Graduation,Married,2013-07-31
908728,1950,65700.0,0,1,81,1396,43,303,13,22,17,4,8,5,13,5,0,0,0,0,0,0,0,Graduation,Widow,2014-01-23
908729,1989,81100.0,0,0,55,102,8,298,61,7,25,3,1,7,6,2,0,0,0,0,0,0,0,Graduation,Together,2012-09-15
908730,1973,54000.0,0,1,33,225,5,146,12,25,206,2,5,5,7,3,0,0,0,0,0,0,0,Graduation,Together,2012-10-17
908731,1984,13700.0,1,0,70,11,4,13,1,1,9,2,3,0,3,7,0,0,0,0,0,0,0,Graduation,Together,2014-04-12
908732,1949,54800.0,0,1,71,708,69,157,22,2,62,5,5,9,6,9,0,0,0,0,1,1,0,PhD,Single,2013-10-19
908733,1962,72900.0,0,1,45,1396,197,835,117,117,60,1,7,20,13,3,0,0,0,0,0,0,0,Master,Married,2012-10-29
908734,1982,12100.0,1,0,75,3,4,10,6,5,22,2,2,0,2,8,0,0,0,0,0,0,0,Master,Single,2013-08-27
908735,1971,45000.0,1,0,37,13,3,7,3,2,20,1,1,0,3,7,0,0,0,0,0,0,0,Graduation,Together,2014-05-30
908736,1968,78100.0,0,0,99,438,33,142,32,21,13,1,3,6,9,1,0,0,0,0,0,0,0,PhD,Single,2013-07-27
908737,1978,28400.0,1,0,66,7,3,5,3,1,17,1,1,0,3,5,0,0,0,0,0,0,0,Graduation,Married,2013-04-30
908738,1977,59600.0,0,0,54,505,28,473,216,38,47,2,3,4,13,2,0,0,0,0,1,0,0,Graduation,Single,2013-01-12
908739,1957,31700.0,0,2,47,119,11,38,4,1,143,7,4,2,7,7,0,0,0,0,0,0,0,Graduation,Married,2014-05-19
908740,1981,6500.0,0,0,47,7,8,13,9,8,36,5,4,0,4,10,0,0,0,0,0,0,0,PhD,Together,2013-09-29
908741,1976,34300.0,0,1,69,174,40,104,50,10,22,2,10,2,4,7,0,0,0,0,0,1,0,2n Cycle,Single,2013-01-13
908742,1966,74200.0,0,0,46,183,2,300,9,0,3,0,2,5,2,0,0,0,0,0,0,0,0,Graduation,Single,2014-05-21
908743,1960,37300.0,0,1,63,11,2,9,4,1,28,1,1,0,3,6,0,0,0,0,0,0,0,Basic,Married,2014-05-08
908744,1960,38100.0,1,1,68,7,2,18,4,6,3,2,2,0,3,5,0,0,0,0,0,1,0,Master,Divorced,2012-10-16
908745,1967,68400.0,0,0,64,1283,18,582,71,92,3,2,2,7,5,3,0,0,0,0,0,0,0,Graduation,Together,2014-03-19
908746,1968,68100.0,0,0,14,411,26,296,13,198,32,0,7,8,11,2,0,0,0,0,1,0,0,PhD,Divorced,2014-06-24
908747,1965,79400.0,0,1,53,584,84,778,57,263,61,2,6,7,12,3,0,0,0,0,0,0,0,Graduation,Divorced,2014-03-14
908748,1982,70700.0,0,0,35,552,123,261,160,7,110,1,3,6,4,2,0,0,0,0,0,1,0,Graduation,Married,2013-07-25
908749,1957,14100.0,1,0,24,3,8,7,4,3,8,2,2,0,3,10,0,0,0,0,0,0,0,Graduation,Married,2014-05-04
908750,1959,87400.0,0,0,45,116,5,124,23,88,61,1,5,2,3,1,0,0,0,0,0,0,0,Master,Together,2014-04-20
908751,1955,65800.0,0,1,75,1493,2,187,11,7,45,2,3,5,5,6,1,0,0,1,1,1,0,PhD,Married,2013-10-16
908752,1961,30000.0,1,1,99,58,0,18,10,1,0,3,2,1,4,6,0,0,0,0,0,0,0,Graduation,Single,2014-03-27
908753,1984,38900.0,2,0,20,64,4,24,1,4,12,3,3,1,4,5,0,0,0,0,0,0,0,PhD,Single,2013-05-19
908754,1964,39900.0,1,1,82,30,1,12,1,1,10,2,2,1,4,8,0,0,0,0,0,0,0,Graduation,Single,2014-01-22
908755,1985,26300.0,1,0,9,1,1,7,1,1,1,1,2,0,2,10,0,0,0,0,0,0,0,Basic,Married,2012-12-01
908756,1969,53400.0,0,2,81,764,1,89,0,10,22,7,4,4,4,6,1,0,0,0,0,1,0,PhD,Married,2012-09-05
908757,1973,71900.0,0,0,88,716,110,981,253,198,94,0,8,5,6,1,1,0,0,1,1,0,0,Graduation,Married,2013-08-01
908758,1972,19400.0,1,1,87,89,3,8,1,0,15,5,4,1,3,12,0,0,0,0,0,0,0,Graduation,Single,2013-02-25
908759,1963,86500.0,0,0,38,463,27,345,90,132,113,0,4,3,7,1,0,0,0,0,0,0,0,Graduation,Single,2012-10-31
908760,1957,70200.0,0,0,21,407,4,80,93,11,30,1,5,3,5,2,0,0,0,0,0,0,0,Graduation,Single,2013-01-06
908761,1970,51800.0,1,0,23,41,4,22,7,14,11,2,1,1,4,3,0,0,0,0,0,0,0,PhD,Married,2013-01-27
908762,1975,66100.0,1,1,72,545,41,226,54,49,38,9,11,7,7,6,0,0,0,0,0,1,0,Graduation,Married,2013-03-08
908763,1963,50900.0,0,1,73,182,114,197,35,153,127,2,6,4,8,3,0,0,0,0,0,0,0,Graduation,Married,2013-01-08
908764,1981,36200.0,0,0,31,8,3,9,3,5,6,1,1,0,3,6,0,0,0,0,0,0,0,Graduation,Single,2013-02-27
908765,1979,38800.0,0,0,45,150,0,54,3,1,171,2,6,1,4,9,0,0,0,0,0,0,0,PhD,Together,2013-10-11
908766,1973,64100.0,0,1,19,870,43,262,16,48,9,3,7,3,13,9,1,1,0,1,0,1,0,2n Cycle,Together,2014-04-17
908767,1960,57300.0,0,0,54,366,197,123,8,146,9,2,6,3,10,5,0,0,0,0,0,0,0,Graduation,Together,2013-01-27
908768,1971,34900.0,1,2,99,20,1,15,3,9,9,2,1,0,5,3,0,0,0,0,0,0,0,Basic,Divorced,2012-10-04
908769,1955,58800.0,1,2,69,272,7,95,6,24,204,5,7,2,8,6,0,0,0,0,0,0,0,Graduation,Married,2014-05-07
908770,1951,50900.0,1,1,72,220,4,37,5,2,18,6,6,3,4,8,0,0,0,0,0,0,0,PhD,Married,2013-07-06
908771,1965,40400.0,0,1,71,21,8,21,16,10,38,3,2,1,3,5,0,0,0,0,0,1,0,Master,Married,2013-08-21
908772,1961,26900.0,1,1,56,17,5,23,2,4,0,3,2,0,3,5,0,0,0,0,0,0,0,Graduation,Together,2012-11-07
908773,1953,65000.0,1,1,54,77,11,64,24,1,18,2,5,0,6,6,0,0,0,0,0,1,0,Graduation,Together,2014-04-24
908774,1971,66400.0,0,1,43,311,5,159,21,124,28,6,6,2,11,6,0,0,0,1,0,0,0,PhD,Divorced,2012-10-27
908775,1972,49900.0,0,1,41,16,2,12,1,10,28,2,2,0,6,3,0,0,0,0,0,0,0,Basic,Single,2014-04-01
908776,1974,48100.0,1,1,30,32,1,29,1,3,5,2,1,0,3,8,0,0,0,0,0,0,0,2n Cycle,Together,2012-10-04
908777,1978,14500.0,1,0,16,4,4,11,8,3,9,1,1,0,2,5,0,0,0,0,0,0,0,Graduation,Single,2013-12-12
908778,1988,18700.0,2,0,56,11,4,16,4,4,9,4,4,0,3,8,0,0,0,0,0,1,0,PhD,Together,2014-01-20
908779,1969,49500.0,1,2,27,142,5,21,3,3,13,3,2,0,6,3,0,0,0,0,0,0,0,Graduation,Married,2013-02-20
908780,1969,75200.0,0,1,42,202,30,74,15,244,32,1,11,1,9,7,0,0,0,0,0,0,0,2n Cycle,Single,2013-03-23
908781,1964,27500.0,1,0,58,23,1,8,5,8,22,2,2,0,2,7,0,0,0,0,0,0,0,Master,Married,2013-05-13
908782,1960,65800.0,1,1,12,1254,10,271,18,94,11,3,5,5,13,5,0,0,0,0,0,0,0,Graduation,Together,2014-02-04
908783,1956,70300.0,0,0,67,73,64,662,66,263,85,3,2,3,5,0,0,0,0,0,0,0,0,PhD,Single,2014-02-09
908784,1969,25600.0,1,0,68,3,14,12,11,17,16,1,2,0,3,8,0,0,0,0,0,0,0,Graduation,Together,2013-09-07
908785,1975,38800.0,1,0,99,13,1,26,4,5,10,2,3,1,2,7,0,0,0,0,0,0,0,Graduation,Together,2012-09-22
908786,1969,52400.0,1,1,40,40,2,11,0,0,4,2,1,1,5,3,0,0,0,0,0,0,0,Graduation,Single,2013-05-01
908787,1981,52600.0,1,1,54,51,5,25,3,0,6,2,3,0,3,7,0,0,0,0,0,0,0,Master,Divorced,2012-09-30
908788,1953,42000.0,0,1,48,37,1,10,1,0,1,1,2,0,3,4,0,0,0,0,0,0,0,Master,Married,2014-01-14
908789,1967,34900.0,1,1,14,26,1,10,2,0,3,2,2,0,2,5,0,0,0,0,0,0,0,Graduation,Married,2014-05-18
908790,1949,63700.0,0,0,96,414,42,118,79,256,19,1,7,3,10,3,0,0,0,0,0,0,0,PhD,Single,2013-11-29
908791,1972,45500.0,2,0,84,21,15,24,7,9,32,4,4,1,3,6,0,0,0,0,0,0,0,Master,Single,2013-12-30
908792,1972,76300.0,1,0,99,551,42,535,40,7,38,1,6,15,2,2,0,0,0,0,0,0,0,Graduation,Married,2012-12-25
908793,1971,63800.0,0,0,4,1163,37,257,138,134,29,2,5,7,13,4,1,1,0,0,0,0,0,Graduation,Together,2013-03-25
908794,1977,27200.0,0,0,19,18,0,14,18,2,11,1,1,1,5,3,0,0,0,0,0,0,0,PhD,Married,2012-09-30
908795,1959,44600.0,0,1,63,227,83,343,160,67,23,4,6,4,7,7,0,0,1,0,0,0,0,PhD,Married,2013-02-25
908796,1967,39800.0,0,1,33,54,1,23,1,5,18,3,3,3,4,5,0,0,0,0,0,0,0,Graduation,Married,2013-03-04
908797,1982,48500.0,1,0,40,29,34,54,8,6,30,3,2,1,3,8,0,0,0,0,0,1,0,Graduation,Together,2013-10-01
908798,1980,97100.0,0,0,46,1119,47,267,181,9,7,0,4,5,9,1,1,1,0,0,0,1,0,Graduation,Married,2013-10-24
908799,1985,63300.0,0,1,7,92,6,58,49,8,24,1,3,3,8,2,0,0,0,0,0,0,0,Graduation,Together,2013-08-22
908800,1968,49800.0,1,0,44,27,5,15,0,2,2,2,2,1,3,4,0,0,0,0,0,0,0,Master,Divorced,2013-07-04
908801,1968,26800.0,2,0,56,4,9,16,1,2,1,4,3,0,4,5,0,0,0,0,0,0,0,Graduation,Married,2013-02-07
908802,1953,90000.0,0,1,73,1106,193,981,227,169,160,1,9,6,6,4,0,0,0,0,0,0,0,Master,Together,2013-09-18
908803,1953,51000.0,0,1,51,54,5,41,6,22,47,2,5,2,5,3,0,0,0,0,0,0,0,Master,Married,2013-04-23
908804,1956,24600.0,1,1,39,3,4,5,0,3,3,1,1,0,2,7,0,0,0,0,0,0,0,Graduation,Married,2013-06-29
908805,1957,46100.0,0,1,71,89,0,52,2,2,29,4,5,1,4,7,0,0,0,0,0,0,0,Master,Together,2012-10-07
908806,1967,57300.0,0,0,60,389,6,83,29,239,5,2,6,4,10,4,0,0,0,0,0,0,0,Graduation,Married,2014-04-02
908807,1964,78100.0,0,1,78,1277,10,338,46,80,53,3,9,4,8,6,0,0,0,0,0,0,1,PhD,Together,2014-04-04
908808,1965,74200.0,0,0,26,1298,93,269,11,109,56,2,4,4,10,3,0,0,1,0,0,1,0,PhD,Married,2013-08-12
908809,1955,64600.0,1,1,79,184,0,15,2,1,5,3,1,0,5,5,0,0,0,0,0,0,0,Basic,Single,2014-02-21
908810,1968,32300.0,1,1,85,12,1,2,1,0,4,2,1,0,3,5,0,0,0,0,0,0,0,Graduation,Married,2012-12-23
908811,1960,20100.0,1,1,46,46,0,5,0,1,6,2,0,1,3,9,0,0,0,0,0,0,0,Basic,Together,2013-08-25
908812,1967,25800.0,1,0,43,27,4,27,5,3,32,3,4,1,2,5,0,0,0,0,0,0,0,Master,Single,2013-12-21
908813,1960,43400.0,1,1,40,198,0,31,22,34,56,6,4,2,5,6,0,0,0,0,0,0,0,Graduation,Widow,2013-12-27
908814,1968,36300.0,1,1,86,51,1,13,2,2,6,3,2,1,3,4,0,0,0,0,0,0,0,Graduation,Single,2013-01-26
908815,1975,45000.0,1,1,99,15,1,8,2,0,6,2,1,1,3,5,0,0,0,0,0,1,0,Graduation,Divorced,2013-03-13
908816,1972,77700.0,0,0,24,451,174,331,40,13,53,1,3,5,8,4,0,0,0,0,0,0,0,PhD,Unknown,2014-06-14
908817,1964,64600.0,0,1,57,17,0,10,1,1,1,1,1,0,3,4,0,0,0,0,0,0,0,Graduation,Married,2012-09-25
908818,1979,56700.0,1,0,47,545,197,103,140,7,239,1,6,2,13,4,0,0,0,0,0,0,0,PhD,Single,2014-01-23
908819,1956,52400.0,0,0,38,1396,96,280,33,49,86,1,6,8,13,4,0,0,0,0,0,0,0,Graduation,Divorced,2013-06-13
908820,1967,70300.0,1,1,14,182,22,70,28,17,80,2,5,4,8,7,0,0,0,0,0,0,0,2n Cycle,Married,2013-06-28
908821,1977,22100.0,2,0,79,8,9,16,7,0,22,5,2,1,2,7,0,0,0,0,0,0,0,Graduation,Married,2013-11-23
908822,1969,68800.0,0,0,6,248,34,117,259,3,17,2,4,2,7,3,0,0,0,0,0,0,0,PhD,Together,2013-09-13
908823,1974,21900.0,2,1,35,15,1,19,4,2,12,4,2,0,3,7,0,0,0,0,0,0,0,Graduation,Married,2014-01-19
908824,1955,60900.0,1,2,67,187,4,129,12,2,7,9,4,2,6,6,0,0,0,0,0,0,0,2n Cycle,Married,2013-02-28
908825,1958,96200.0,0,1,37,1133,57,532,87,63,13,2,7,8,10,2,0,0,0,0,0,0,0,2n Cycle,Together,2013-03-03
908826,1964,49500.0,0,0,66,84,9,143,27,53,35,1,5,1,5,5,0,0,0,0,0,0,0,Master,Married,2013-04-08
908827,1953,37200.0,0,1,15,13,3,16,3,1,13,1,2,1,3,6,0,0,0,0,0,0,0,PhD,Widow,2012-09-03
908828,1960,99700.0,0,0,72,661,96,473,58,111,122,4,7,7,5,3,0,0,0,0,0,0,0,Master,Together,2014-05-09
908829,1974,62600.0,1,2,30,54,1,4,5,0,1,2,1,1,3,4,0,0,0,0,0,0,0,Graduation,Married,2014-03-17
908830,1959,97100.0,0,1,99,668,22,459,30,123,41,1,4,4,5,1,0,0,0,1,0,1,1,PhD,Together,2014-02-02
908831,1945,60100.0,0,1,99,519,1,116,0,0,62,9,5,2,6,10,0,0,0,0,0,0,0,Graduation,Together,2012-08-03
908832,1975,16000.0,1,0,49,14,5,11,8,9,30,3,3,1,3,7,0,0,0,0,0,0,0,2n Cycle,Together,2013-07-08
908833,1969,41400.0,2,0,51,21,0,13,0,2,6,2,2,1,2,5,0,0,0,0,0,0,0,Graduation,Single,2013-11-06
908834,1968,79100.0,1,1,43,307,3,39,10,0,25,4,4,1,10,6,0,0,0,0,0,0,0,Graduation,Together,2014-01-11
908835,1991,24000.0,1,0,74,8,1,8,9,2,33,1,2,1,2,7,0,0,0,0,0,0,0,Graduation,Together,2014-04-16
908836,1948,27700.0,2,1,22,26,1,22,7,0,14,4,3,1,3,11,0,0,1,0,0,0,0,Graduation,Married,2013-02-10
908837,1970,66400.0,0,1,95,117,16,54,20,11,28,2,2,6,8,2,0,0,0,0,0,0,0,Graduation,Single,2014-03-31
908838,1974,19200.0,0,0,32,3,3,9,1,3,8,1,1,0,3,10,0,0,0,0,0,0,0,PhD,Married,2014-06-26
908839,1989,27700.0,1,0,41,14,3,10,14,2,12,1,1,0,3,6,0,0,0,0,0,0,0,2n Cycle,Single,2012-12-30
908840,1963,40900.0,0,1,52,81,1,295,26,6,4,2,2,5,5,4,0,0,0,0,0,0,0,PhD,Married,2013-01-09
908841,1967,32300.0,1,1,40,10,0,4,0,0,0,1,1,0,1,9,0,0,0,0,0,0,0,Graduation,Married,2012-11-05
908842,1972,59700.0,0,1,72,260,115,153,79,23,39,4,5,4,11,6,0,0,0,1,0,0,0,Master,Married,2013-05-20
908843,1973,40300.0,0,1,26,338,18,87,9,10,27,3,9,3,4,9,0,0,0,0,0,0,0,Master,Married,2013-06-06
908844,1970,38200.0,0,1,53,56,0,9,2,0,2,2,2,0,4,4,0,0,0,0,0,0,0,PhD,Together,2013-08-06
908845,1981,46600.0,0,1,38,321,14,75,23,1,42,7,9,3,6,10,0,0,0,0,0,0,0,Graduation,Married,2012-08-13
908846,1963,64600.0,0,1,78,52,2,6,1,0,3,1,2,0,3,9,0,0,0,0,0,0,0,Graduation,Single,2013-07-23
908847,1955,87000.0,0,1,75,953,7,347,22,31,24,3,6,4,7,3,1,0,0,0,1,0,0,Graduation,Single,2013-10-13
908848,1973,9000.0,1,1,37,3,1,8,12,4,10,5,3,0,2,11,0,0,0,0,0,0,0,Graduation,Together,2014-02-18
908849,1973,28500.0,1,0,72,2,6,6,19,3,7,3,1,0,3,5,0,0,0,0,0,0,0,2n Cycle,Together,2014-01-26
908850,1983,45200.0,1,1,23,685,49,137,1,65,3,2,6,5,9,8,0,0,0,0,0,0,0,Graduation,Together,2014-02-17
908851,1961,88000.0,1,0,36,235,6,144,4,15,5,2,5,3,6,3,0,0,0,0,0,0,0,Graduation,Married,2014-04-11
908852,1975,40900.0,1,1,39,117,28,101,20,9,85,10,7,2,6,7,0,0,0,0,0,1,0,Graduation,Divorced,2013-04-30
908853,1956,78900.0,0,1,48,551,5,578,85,46,50,2,4,5,8,2,0,0,0,0,0,0,0,PhD,Married,2014-01-22
908854,1971,46600.0,1,1,37,146,20,46,144,22,67,4,2,2,4,2,0,0,0,0,0,0,0,Graduation,Single,2014-01-15
908855,1971,45000.0,0,1,21,136,132,129,34,3,165,3,7,4,5,9,0,0,1,0,0,0,0,Graduation,Single,2014-01-09
908856,1992,20800.0,1,0,47,16,3,17,2,3,14,2,2,1,2,11,0,0,0,0,0,0,0,Graduation,Single,2014-01-20
908857,1974,67800.0,0,1,30,772,4,509,8,4,42,1,7,5,9,6,1,0,0,0,1,0,0,Graduation,Together,2013-01-23
908858,1981,36000.0,1,1,15,67,0,12,1,0,38,2,1,1,3,6,0,0,0,0,0,0,0,PhD,Divorced,2012-10-09
908859,1980,67100.0,0,1,23,282,6,169,1,56,9,3,6,2,10,5,0,0,0,0,0,1,0,PhD,Single,2013-07-10
908860,1966,133900.0,0,0,0,331,23,308,100,7,14,1,4,3,4,2,0,0,0,0,0,0,0,Graduation,Married,2012-08-30
908861,1974,45400.0,0,0,50,254,0,56,5,0,17,2,4,1,7,7,0,0,0,0,0,0,0,2n Cycle,Married,2012-11-25
908862,1974,74000.0,1,0,8,1005,1,42,0,5,12,5,6,1,9,9,0,0,0,1,0,0,0,Graduation,Married,2014-04-28
908863,1953,40900.0,0,0,69,36,64,246,93,23,35,3,5,1,5,6,0,0,0,0,0,0,0,PhD,Married,2012-09-16
908864,1981,26600.0,1,1,44,61,1,18,0,0,25,1,4,0,3,7,0,0,0,0,0,0,0,Master,Married,2014-02-15
908865,1976,101900.0,0,0,30,1370,65,413,59,75,29,1,9,4,12,2,0,0,0,0,1,1,0,Graduation,Together,2013-01-21
908866,1965,33400.0,0,1,69,40,2,18,1,1,7,2,1,0,4,9,0,0,0,0,0,0,0,Graduation,Single,2013-11-07
908867,1973,39400.0,0,1,9,525,4,82,1,3,62,7,7,1,6,9,0,0,1,0,0,0,0,PhD,Divorced,2012-10-05
908868,1976,31700.0,1,0,61,11,2,10,12,1,15,2,3,0,4,5,0,0,0,0,0,0,0,Master,Married,2013-12-30
908869,1971,70500.0,0,1,11,503,35,179,41,22,53,2,5,4,13,8,0,0,0,0,0,0,0,PhD,Single,2014-02-08
908870,1943,80000.0,0,1,34,1493,2,160,145,3,40,2,3,6,6,4,0,0,0,0,1,0,0,2n Cycle,Divorced,2013-05-20
908871,1963,64200.0,1,0,72,253,17,167,34,15,33,5,8,3,7,9,0,0,0,0,0,0,0,Graduation,Single,2012-11-08
908872,1952,80800.0,0,1,47,926,197,777,181,37,17,2,3,5,9,1,0,0,0,0,0,0,0,Graduation,Single,2012-09-29
908873,1974,35500.0,0,0,45,84,1,17,12,9,23,1,5,1,4,6,0,0,0,0,0,0,0,Graduation,Single,2013-11-11
908874,1982,41900.0,1,0,43,3,5,6,1,8,6,0,1,0,3,4,0,0,0,0,0,0,0,Master,Married,2014-01-06
908875,1975,59900.0,0,0,63,490,13,160,17,23,153,2,6,3,8,4,0,0,0,0,0,0,0,Graduation,Single,2012-11-08
908876,1960,83900.0,0,0,96,574,61,832,82,45,151,1,3,10,7,1,0,0,0,0,0,1,0,Graduation,Married,2012-11-08
908877,1957,31400.0,1,1,18,2,0,2,1,1,9,1,1,0,2,7,0,0,0,0,0,0,0,2n Cycle,Married,2013-09-17
908878,1986,35000.0,1,0,57,231,8,89,19,10,17,4,8,0,9,7,0,0,0,0,0,1,0,PhD,Single,2012-11-28
908879,1989,47500.0,1,0,64,289,25,57,29,2,25,5,5,2,13,5,0,0,0,0,0,0,0,PhD,Married,2012-10-31
908880,1981,59800.0,0,0,15,651,22,548,138,198,77,0,10,4,5,5,1,0,0,1,0,0,0,Graduation,Married,2013-06-09
908881,1977,32400.0,1,1,21,73,12,129,19,78,195,6,7,1,4,6,0,0,0,0,0,0,0,Master,Single,2014-04-03
908882,1968,72000.0,0,1,53,611,34,128,64,2,52,3,11,1,9,5,1,0,0,0,0,0,0,Master,Married,2014-01-17
908883,1965,73100.0,0,1,41,1059,6,888,108,29,43,2,6,4,6,5,1,0,0,0,0,1,0,Graduation,Divorced,2012-09-12
908884,1979,62600.0,0,1,46,246,1,120,2,9,20,2,4,2,5,5,0,0,0,0,0,0,0,Master,Single,2014-01-25
908885,1966,39600.0,1,1,66,20,2,23,3,13,13,3,3,0,3,6,0,0,0,0,0,0,0,Graduation,Married,2012-09-07
908886,1974,50700.0,0,1,34,110,30,38,9,26,61,2,4,4,4,3,0,0,0,0,0,0,0,Graduation,Together,2013-08-09
908887,1974,12500.0,1,0,64,7,1,23,2,2,27,2,1,1,2,6,0,0,0,0,0,0,0,Graduation,Married,2012-10-11
908888,1965,47300.0,1,1,4,278,1,87,1,0,26,5,9,1,6,8,0,0,0,1,0,0,0,Graduation,Married,2013-05-18
908889,1982,68100.0,0,0,60,974,31,349,28,167,23,1,9,5,6,5,1,0,0,0,1,1,0,Master,Widow,2013-06-22
908890,1946,45900.0,0,1,10,226,3,24,5,0,43,1,5,3,3,5,0,0,0,0,0,0,0,Graduation,Together,2013-02-08
908891,1955,52100.0,0,1,55,683,74,184,5,22,246,4,4,6,5,3,0,0,0,0,0,0,0,Graduation,Together,2014-06-18
908892,1955,46000.0,1,1,35,17,3,15,3,4,13,2,1,1,3,4,0,0,0,0,0,1,0,PhD,Married,2013-12-27
908893,1947,58500.0,0,2,46,286,0,65,9,3,27,4,5,2,5,6,0,0,0,0,0,1,0,Graduation,Together,2014-02-05
908894,1960,82400.0,0,1,24,203,67,181,76,29,24,0,2,2,10,1,0,0,0,0,0,0,0,2n Cycle,Divorced,2013-01-31
908895,1972,99200.0,0,0,33,1493,101,981,7,74,40,1,3,5,11,1,0,0,0,1,1,1,0,Graduation,Together,2013-02-21
908896,1978,21300.0,1,0,35,4,0,2,1,1,2,1,0,0,2,7,0,0,0,0,0,0,0,Graduation,Together,2013-04-04
908897,1976,53900.0,0,1,25,12,3,10,3,3,1,1,1,0,4,4,0,0,0,0,0,0,0,PhD,Divorced,2014-02-01
908898,1958,69300.0,1,1,20,175,12,66,83,8,193,3,4,1,7,7,0,0,0,0,0,0,0,PhD,Single,2013-07-10
908899,1976,51200.0,1,0,60,17,6,12,0,2,13,2,2,1,2,7,0,0,0,0,0,0,0,Graduation,Divorced,2012-10-04
908900,1986,77200.0,0,0,55,224,182,139,170,148,102,1,12,2,6,4,0,0,0,0,0,0,0,2n Cycle,Married,2012-09-01
908901,1970,36900.0,1,1,19,13,0,19,21,1,9,2,2,0,3,6,0,0,0,0,0,0,0,2n Cycle,Married,2012-12-05
908902,1955,48600.0,0,0,34,194,160,56,64,14,6,0,5,2,8,4,0,0,0,0,0,0,0,Graduation,Married,2012-12-06
908903,1975,54600.0,0,1,96,420,6,119,22,32,40,4,10,5,6,3,0,0,0,0,0,0,0,Graduation,Married,2014-06-13
908904,1978,34800.0,0,1,86,56,89,49,13,5,7,1,4,0,5,5,0,0,0,0,0,0,0,Graduation,Together,2013-10-04
908905,1966,64800.0,0,0,75,1349,197,1021,60,4,30,1,4,12,12,2,0,0,0,0,0,0,0,Graduation,Widow,2013-05-14
908906,1964,80900.0,0,0,0,1195,95,914,30,59,40,1,3,5,10,2,0,1,0,0,1,1,0,PhD,Together,2014-06-26
908907,1978,90600.0,0,0,68,1132,41,120,81,40,52,0,5,8,5,1,1,0,0,0,1,1,0,Graduation,Divorced,2013-05-15
908908,1971,37500.0,1,1,32,15,7,9,1,1,1,1,1,0,3,7,0,0,0,0,0,0,0,Graduation,Divorced,2013-12-20
908909,1955,66200.0,0,0,63,440,21,284,28,7,32,2,3,10,5,2,0,0,0,0,0,0,0,Graduation,Single,2013-03-07
908910,1979,63300.0,0,0,45,327,197,213,51,25,232,1,4,8,4,4,0,0,0,0,0,0,0,Master,Single,2013-04-17
908911,1984,49300.0,0,1,54,448,20,402,83,21,123,2,4,4,11,4,0,0,0,0,0,0,0,Graduation,Together,2013-01-27
908912,1978,40400.0,0,1,79,75,13,117,16,10,56,2,6,3,7,4,0,0,0,1,0,0,0,Master,Single,2013-08-23
908913,1984,21900.0,2,0,59,17,4,13,0,4,32,3,2,1,1,11,1,0,0,0,0,1,0,PhD,Together,2013-11-11
908914,1996,20300.0,1,0,0,7,0,19,2,5,16,2,2,0,2,9,0,0,0,0,0,0,0,2n Cycle,Single,2013-01-22
908915,1955,65400.0,1,1,57,142,2,22,1,12,5,2,4,2,3,6,0,0,0,1,0,0,0,Graduation,Married,2014-01-26
908916,1977,38200.0,0,0,48,11,5,14,0,2,7,1,1,0,2,7,0,0,0,0,0,0,0,Graduation,Married,2013-12-28
908917,1958,95200.0,0,0,54,411,1,1240,14,28,3,1,2,6,5,1,0,0,0,0,0,0,0,Master,Together,2012-11-02
908918,1986,58500.0,0,1,99,101,197,329,105,32,102,2,5,3,3,2,0,0,0,0,0,0,0,Master,Together,2013-01-11
908919,1969,59700.0,0,0,46,642,78,215,15,67,34,1,6,5,3,6,0,0,0,0,1,1,0,Graduation,Widow,2013-04-09
908920,1974,63700.0,0,1,72,689,59,101,183,4,53,1,7,7,11,4,0,0,0,1,0,1,0,PhD,Divorced,2014-05-03
908921,1970,39000.0,1,1,4,15,1,5,0,1,1,1,0,0,3,6,0,0,0,0,0,0,0,Master,Together,2014-04-09
908922,1976,9800.0,1,0,85,4,0,3,2,1,3,1,1,0,2,9,0,0,0,0,0,0,0,PhD,Single,2012-11-08
908923,1973,60600.0,0,0,59,1493,5,198,8,7,13,2,8,4,5,9,1,0,0,1,1,0,0,Graduation,Together,2013-06-25
908924,1965,54800.0,0,1,49,146,25,172,7,35,42,3,3,4,8,3,0,0,0,0,0,0,0,Graduation,Married,2013-01-21
908925,1964,51200.0,0,1,46,290,17,240,151,72,47,3,5,3,12,2,0,0,0,0,0,0,0,PhD,Together,2013-11-14
908926,1989,21300.0,1,0,38,12,14,38,11,20,30,3,3,1,3,8,0,0,0,0,0,0,0,Basic,Together,2014-06-03
908927,1973,48400.0,1,1,86,199,3,120,48,3,74,6,5,3,4,7,0,0,0,0,0,0,0,Graduation,Together,2013-04-11
908928,1982,20000.0,1,0,97,16,47,72,11,11,19,4,4,0,5,9,0,0,0,0,0,0,0,2n Cycle,Married,2013-08-22
908929,1977,80000.0,0,0,16,865,16,269,8,14,63,2,2,7,13,4,0,0,0,0,0,0,0,PhD,Together,2013-01-05
908930,1986,31500.0,1,1,57,53,1,14,0,1,4,2,2,0,2,8,0,0,0,0,0,0,0,Master,Together,2014-04-03
908931,1957,46200.0,0,2,37,118,197,116,36,15,48,6,5,3,5,7,0,0,0,0,0,0,0,Graduation,Divorced,2014-01-23
908932,1977,39200.0,1,0,47,103,27,154,26,28,130,7,5,1,8,6,0,0,1,0,0,0,0,PhD,Together,2013-12-19
908933,1966,86900.0,0,0,27,129,44,849,206,91,61,2,5,12,4,1,0,0,0,0,0,0,0,PhD,Married,2014-05-23
908934,1948,76300.0,0,1,56,552,3,107,16,17,12,4,3,2,8,3,0,0,0,0,0,0,0,Graduation,Divorced,2014-06-25
908935,1968,44200.0,1,0,76,68,0,11,3,0,1,2,3,0,3,5,0,0,0,0,0,0,0,Graduation,Together,2012-09-03
908936,1969,70900.0,0,0,96,548,60,238,107,11,245,1,3,7,9,2,1,0,0,1,1,0,0,Graduation,Single,2012-09-24
908937,1962,41500.0,0,0,64,39,47,111,63,20,110,2,4,1,4,5,0,0,0,0,0,0,0,PhD,Together,2012-08-28
908938,1960,63600.0,0,0,38,618,46,364,27,4,117,1,2,10,9,2,0,0,0,0,0,0,0,Master,Together,2012-12-13
908939,1957,63200.0,0,2,72,245,0,143,3,14,4,3,5,4,11,4,0,0,0,0,0,0,0,Graduation,Married,2013-02-28
908940,1974,25800.0,0,1,27,59,1,4,0,1,13,1,1,0,3,5,0,0,0,0,0,0,0,Graduation,Single,2012-10-04
908941,1975,79400.0,0,0,63,501,91,693,13,41,141,1,6,6,13,2,0,0,0,0,1,1,0,Graduation,Married,2012-09-09
908942,1966,45200.0,0,0,99,61,48,89,33,16,51,2,6,2,5,7,0,0,0,0,0,1,0,PhD,Single,2012-11-30
908943,1977,46600.0,0,1,18,9,1,1,0,0,3,0,1,0,2,6,0,0,0,0,0,0,0,PhD,Married,2014-06-29
908944,1975,28600.0,1,0,14,29,3,27,7,8,22,3,2,0,1,8,0,0,0,0,0,0,0,Master,Married,2012-08-14
908945,1967,65300.0,0,1,90,186,103,153,10,134,66,2,6,4,11,2,0,0,0,0,0,0,0,Graduation,Single,2013-06-25
908946,1979,14000.0,1,0,57,9,0,12,8,2,1,2,3,0,3,12,0,0,0,0,0,0,0,Graduation,Together,2014-04-22
908947,1949,65500.0,0,1,69,757,1,26,0,0,30,4,9,2,5,7,0,0,0,0,0,0,0,Graduation,Married,2013-03-04
908948,1964,78800.0,0,0,49,1493,2,602,4,1,4,1,10,4,5,9,1,0,0,0,1,1,0,2n Cycle,Married,2013-03-25
908949,1976,23900.0,1,0,72,78,3,84,2,10,14,2,3,0,5,8,0,0,0,0,0,0,0,Graduation,Together,2014-04-06
908950,1989,38900.0,1,0,60,83,24,85,19,24,49,3,5,1,4,7,0,0,0,0,0,1,0,Graduation,Married,2013-09-25
908951,1968,50700.0,0,1,22,123,4,107,64,53,9,6,5,1,6,6,0,0,0,0,0,0,0,Graduation,Together,2012-12-29
908952,1968,56500.0,1,0,57,92,8,51,0,2,1,2,4,1,3,7,0,0,0,0,0,0,0,Graduation,Single,2013-02-13
908953,1957,25500.0,1,1,80,27,18,36,9,19,47,3,3,1,2,8,0,0,0,0,0,0,0,Master,Together,2013-12-20
908954,1966,34800.0,1,1,20,16,2,4,2,2,7,1,1,0,2,10,0,0,0,0,0,0,0,PhD,Single,2012-08-21
908955,1968,44100.0,1,1,8,252,5,98,10,4,105,7,6,2,4,9,0,0,0,0,0,0,0,Graduation,Married,2013-08-26
908956,1965,39900.0,1,0,36,287,1,38,1,0,12,4,6,1,7,11,0,0,0,0,0,0,0,Graduation,Married,2013-02-04
908957,1969,57600.0,0,1,16,496,21,469,62,9,245,2,9,8,9,5,0,0,0,1,0,1,0,Graduation,Together,2012-08-17
908958,1971,40200.0,0,0,13,143,0,26,1,1,7,2,8,1,5,6,0,0,0,0,0,0,0,Graduation,Widow,2013-12-06
908959,1964,17000.0,0,0,66,34,0,20,4,1,6,1,2,0,3,8,0,0,1,0,0,0,0,Master,Together,2013-07-03
908960,1948,98300.0,0,1,0,1101,197,414,93,76,52,2,10,11,12,3,0,0,0,0,0,0,0,2n Cycle,Married,2013-07-19
908961,1967,44500.0,1,0,54,8,4,13,4,2,7,1,1,0,3,5,0,0,0,0,0,0,0,Graduation,Together,2014-06-18
908962,1977,58000.0,0,0,66,252,1,104,52,28,15,2,2,6,4,3,0,0,0,0,0,0,0,Graduation,Married,2012-09-01
908963,1962,36200.0,0,1,13,9,3,10,0,7,17,0,1,0,3,6,0,0,0,0,0,0,0,Basic,Widow,2013-06-02
908964,1973,18300.0,0,0,2,7,0,1,0,0,1,1,0,0,3,4,0,0,0,0,0,0,0,2n Cycle,Together,2014-04-02
908965,1968,22800.0,1,1,65,14,4,18,14,2,4,4,2,0,5,4,0,0,0,0,0,0,0,Graduation,Married,2012-09-03
908966,1964,66500.0,0,0,75,848,12,176,4,85,142,1,3,8,11,3,0,0,0,1,1,1,0,Master,Married,2014-02-12
908967,1973,24000.0,0,0,84,4,47,44,18,23,42,2,2,1,4,5,0,0,0,0,0,0,0,Graduation,Single,2013-12-16
908968,1967,80800.0,0,0,34,371,28,468,29,186,9,2,9,5,11,5,0,0,0,0,1,1,0,Graduation,Together,2012-08-13
908969,1977,36900.0,1,1,99,22,1,11,5,12,1,2,1,0,4,3,0,0,0,0,0,0,0,Graduation,Together,2013-10-01
908970,1957,91600.0,0,1,28,412,74,981,16,17,197,1,4,6,9,1,1,0,0,0,1,0,0,Graduation,Divorced,2013-02-13
908971,1983,54700.0,1,0,63,11,0,7,1,4,5,0,1,0,3,5,0,0,1,0,0,0,0,Basic,Divorced,2013-12-30
908972,1977,64700.0,0,0,40,827,162,168,30,25,49,1,4,4,10,4,0,0,1,0,1,0,0,Master,Married,2014-05-10
908973,1963,74100.0,0,0,31,704,40,946,253,198,43,1,3,8,9,1,1,0,1,0,0,1,0,2n Cycle,Married,2013-08-15
908974,1958,64700.0,0,0,65,248,197,570,43,10,96,4,4,6,7,2,0,0,0,0,0,0,0,Graduation,Married,2012-08-14
908975,1974,19500.0,0,0,33,4,1,3,0,1,7,0,0,0,2,6,0,0,0,0,0,0,0,Graduation,Together,2013-09-15
908976,1979,29900.0,2,0,27,53,12,29,5,1,24,4,3,0,5,8,0,0,0,0,0,0,0,PhD,Married,2013-03-18
908977,1971,66800.0,1,1,68,100,5,194,139,15,34,6,4,2,8,6,0,0,0,0,0,0,0,2n Cycle,Married,2012-11-28
908978,1965,42300.0,0,1,49,22,2,11,1,2,15,2,1,0,2,7,0,0,0,0,0,0,0,Graduation,Single,2012-09-17
908979,1989,15300.0,1,0,67,2,4,8,3,7,8,2,1,0,3,7,0,1,0,0,0,0,0,Graduation,Married,2013-08-19
908980,1976,34800.0,1,1,98,6,3,2,3,1,6,1,1,0,4,5,0,0,1,0,0,0,0,Basic,Together,2013-02-28
908981,1985,76500.0,0,0,37,774,18,433,59,17,193,0,7,9,12,5,0,0,1,1,0,0,0,Master,Single,2013-07-24
908982,1988,42800.0,1,0,58,12,10,46,17,2,24,3,4,0,4,6,0,0,0,0,0,0,0,PhD,Together,2013-03-01
908983,1965,49800.0,0,0,50,180,5,56,1,5,12,3,5,0,5,10,0,0,0,0,0,0,0,PhD,Together,2013-09-18
908984,1944,63000.0,0,0,36,446,32,732,21,18,29,4,4,10,4,2,0,0,0,0,0,0,0,PhD,Together,2012-08-23
908985,1986,38300.0,2,0,43,4,2,6,8,1,8,1,1,0,3,5,0,0,0,0,0,0,0,Graduation,Divorced,2013-08-09
908986,1966,35000.0,1,0,40,13,4,27,0,3,10,3,2,1,3,6,0,0,0,0,0,0,0,PhD,Single,2014-02-27
908987,1968,47200.0,0,0,61,250,17,345,81,16,12,1,2,4,9,4,0,0,0,0,0,0,0,Graduation,Single,2013-11-02
908988,1968,77800.0,0,0,99,932,14,342,46,85,98,1,6,11,9,2,1,0,0,0,0,1,0,PhD,Married,2013-10-28
908989,1994,45300.0,1,0,0,67,1,20,7,1,4,1,2,0,3,8,0,0,0,0,0,0,0,Basic,Single,2013-04-05
908990,1968,29200.0,0,0,5,44,34,52,101,42,23,2,3,1,4,5,0,0,0,0,0,0,0,Graduation,Married,2014-06-09
908991,1975,59700.0,1,0,49,59,22,39,6,8,50,2,3,2,4,7,0,0,0,1,0,0,0,Master,Together,2012-08-17
908992,1969,55500.0,0,1,63,531,40,207,104,41,115,5,11,1,9,7,0,0,0,0,0,0,0,Graduation,Together,2014-03-10
908993,1957,64600.0,1,1,32,86,0,13,0,1,7,1,2,0,3,7,0,0,0,0,0,0,0,Graduation,Together,2013-06-12
908994,1988,12400.0,0,0,36,18,17,69,21,36,52,4,4,0,4,9,0,0,1,0,0,0,0,PhD,Married,2013-09-16
908995,1979,18800.0,0,0,58,1,13,9,7,18,52,1,2,0,3,8,0,0,0,0,0,0,0,PhD,Married,2013-01-14
908996,1961,33300.0,1,1,58,39,0,19,0,1,1,1,1,0,3,5,0,0,0,0,0,1,0,Graduation,Single,2013-03-28
908997,1956,65500.0,1,1,60,429,9,85,22,0,7,4,13,1,9,9,0,0,0,0,0,0,0,PhD,Married,2014-04-18
908998,1978,35400.0,0,0,5,129,6,70,4,59,32,2,7,1,7,6,0,0,0,0,0,0,0,PhD,Widow,2014-03-09
908999,1992,31200.0,1,0,0,24,9,21,3,11,34,1,6,0,1,9,0,0,1,0,0,0,0,Graduation,Together,2012-12-01
909000,1959,50800.0,0,1,11,576,2,189,28,3,8,2,3,4,8,4,0,0,0,0,0,0,0,Graduation,Widow,2012-11-12
909001,1973,26800.0,1,1,33,9,2,10,0,0,4,2,3,0,3,8,0,0,0,0,0,0,0,PhD,Married,2012-08-08
909002,1974,61200.0,1,1,73,7,3,7,0,1,13,3,2,0,5,5,0,0,0,0,0,0,0,Graduation,Single,2012-11-19
909003,1980,29200.0,1,0,54,3,23,12,13,1,4,2,2,0,3,4,0,0,0,0,0,0,0,Master,Widow,2014-03-28
909004,1965,48400.0,1,1,75,24,4,29,12,3,10,1,2,0,3,9,0,0,1,0,0,0,0,PhD,Single,2013-10-24
909005,1992,41300.0,2,0,65,38,51,98,40,13,11,3,4,1,4,8,0,0,0,0,0,0,0,Graduation,Together,2013-09-06
909006,1942,71300.0,0,0,24,838,5,180,59,127,65,3,3,2,4,4,0,0,1,0,0,1,0,Master,Married,2012-10-24
909007,1972,39900.0,0,1,55,391,0,18,0,0,41,5,5,2,3,6,0,0,0,0,0,0,0,Graduation,Married,2014-06-12
909008,1972,99900.0,0,0,37,605,193,981,253,198,10,1,7,10,13,2,0,0,0,1,0,1,0,Graduation,Married,2014-04-06
909009,1993,23600.0,1,0,90,14,14,38,43,9,37,1,3,0,3,10,0,0,0,0,0,0,0,Master,Single,2012-10-28
909010,1971,65200.0,0,1,94,600,13,499,31,47,14,2,3,5,8,4,0,0,0,1,0,0,0,Master,Single,2014-06-01
909011,1970,17100.0,1,0,27,0,3,5,2,3,8,1,1,0,2,6,0,0,0,0,0,0,0,PhD,Together,2012-12-23
909012,1952,67800.0,0,0,0,413,81,464,21,22,29,2,5,5,8,3,1,0,1,0,1,1,0,Graduation,Married,2012-12-09
909013,1969,50400.0,0,1,58,365,12,70,1,1,265,4,5,3,6,5,0,0,0,1,0,0,0,Graduation,Divorced,2013-05-12
909014,1979,42900.0,1,1,79,352,197,203,103,180,219,4,4,8,11,4,0,0,0,0,0,0,0,Master,Married,2014-03-25
909015,1982,44200.0,1,1,61,81,10,87,14,3,13,8,3,2,3,10,0,0,0,1,0,0,0,Master,Divorced,2013-09-01
909016,1971,97100.0,0,0,65,816,197,907,75,263,99,0,7,6,13,1,0,0,0,0,0,0,0,PhD,Together,2014-02-20
909017,1977,72800.0,0,0,5,429,19,572,17,25,113,0,5,7,7,2,0,0,0,0,0,0,0,2n Cycle,Married,2014-06-06
909018,1987,26700.0,0,0,50,17,6,22,1,6,10,3,2,1,2,7,0,0,0,0,0,0,0,Master,Married,2013-01-16
909019,1962,47300.0,1,1,57,133,4,27,2,1,26,1,5,0,4,6,0,0,0,0,0,0,0,Graduation,Married,2013-03-06
909020,1950,93900.0,0,1,15,1352,197,151,17,88,53,1,11,4,10,5,0,0,0,0,0,0,0,Graduation,Married,2013-12-24
909021,1970,28900.0,0,1,92,5,23,13,23,9,7,2,2,0,4,6,0,0,0,0,0,0,0,Graduation,Married,2014-02-28
909022,1978,22500.0,1,0,33,4,2,5,3,2,19,1,1,0,2,5,0,0,0,0,0,0,0,Master,Together,2013-08-01
909023,1965,75200.0,0,1,39,30,2,33,21,5,48,2,3,0,7,2,0,0,0,0,0,0,0,Graduation,Together,2012-08-23
909024,1953,42500.0,0,1,47,261,6,52,85,8,190,3,7,1,4,9,0,0,0,0,0,0,0,Master,Married,2012-08-10
909025,1970,21100.0,1,0,30,4,3,11,6,2,11,2,1,1,2,5,0,0,0,0,0,0,0,2n Cycle,Widow,2013-05-28
909026,1985,27100.0,1,1,59,56,5,60,3,2,70,3,4,1,5,6,0,0,0,0,0,0,0,Master,Single,2014-03-25
909027,1955,112900.0,0,0,63,670,31,327,17,15,12,1,3,7,13,1,0,0,0,0,0,0,0,Master,Widow,2014-05-23
909028,1963,55400.0,1,1,31,336,0,51,4,2,8,2,5,2,3,6,0,0,0,0,0,0,0,2n Cycle,Single,2012-08-27
909029,1947,47900.0,0,0,27,74,8,148,2,4,18,2,1,5,5,0,0,0,0,0,0,0,0,Graduation,Single,2012-12-21
909030,1987,75900.0,0,0,24,128,24,74,3,19,22,1,4,4,6,1,0,0,0,0,0,0,0,Master,Single,2013-07-24
909031,1966,51400.0,0,1,51,103,6,37,8,23,89,1,1,2,7,3,0,0,0,0,0,0,0,Graduation,Married,2012-12-09
909032,1960,63100.0,0,0,98,407,31,378,82,56,94,1,3,5,10,2,0,0,0,0,0,0,0,PhD,Married,2013-08-03
909033,1971,28000.0,1,1,65,3,3,6,3,2,2,2,1,0,3,5,0,0,0,0,0,0,0,PhD,Married,2013-09-24
909034,1974,95100.0,0,0,22,1493,32,492,61,13,48,0,8,4,13,4,0,0,0,0,1,1,0,Graduation,Married,2013-02-12
909035,1991,13500.0,1,0,55,17,15,29,8,6,32,2,3,0,2,9,0,0,1,0,0,0,0,2n Cycle,Single,2013-01-04
909036,1977,20400.0,1,0,53,2,13,12,19,9,10,1,1,0,3,6,0,0,0,0,0,0,0,PhD,Married,2013-12-29
909037,1963,37900.0,1,1,14,8,0,13,2,0,1,3,2,0,3,7,0,0,1,0,0,0,0,Graduation,Together,2013-01-02
909038,1960,35600.0,0,1,16,294,21,151,46,27,43,2,11,2,5,7,0,0,0,0,0,0,0,Graduation,Married,2013-07-16
909039,1980,35900.0,0,0,61,18,3,16,7,3,9,1,2,1,4,6,0,0,1,0,0,0,0,PhD,Together,2013-07-06
909040,1976,57900.0,0,1,66,372,1,123,8,3,16,1,2,2,7,3,0,0,0,0,0,0,0,Graduation,Married,2014-02-13
909041,1945,56000.0,0,1,51,145,5,46,4,9,10,1,4,2,9,4,0,0,0,0,0,0,0,Graduation,Married,2013-03-04
909042,1971,84600.0,0,0,53,1075,10,416,7,198,21,1,4,5,11,1,0,0,0,0,0,1,0,Master,Single,2013-06-29
909043,1962,76900.0,0,1,43,213,8,298,8,4,21,2,2,3,9,2,0,0,0,0,0,0,0,Graduation,Single,2013-04-19
909044,1968,65000.0,0,0,5,617,77,341,239,257,41,0,4,11,13,2,0,0,0,0,0,0,0,Graduation,Single,2014-02-13
909045,1962,85300.0,0,1,15,969,16,87,105,4,21,2,4,7,9,6,0,1,0,0,0,1,0,Master,Married,2012-11-09
909046,1965,77100.0,0,0,84,93,26,257,22,32,9,0,3,5,3,1,0,0,0,0,0,0,0,Graduation,Widow,2013-02-07
909047,1989,13900.0,1,0,54,3,3,4,3,7,24,1,1,0,2,10,0,0,0,0,0,0,0,PhD,Single,2014-02-05
909048,1973,44900.0,1,1,0,67,2,34,0,2,11,4,4,0,5,5,0,0,0,0,0,0,0,PhD,Together,2013-11-03
909049,1982,32000.0,1,0,65,13,7,19,2,9,16,2,3,0,3,9,0,0,1,0,0,0,0,Graduation,Married,2013-04-03
909050,1959,42700.0,1,0,41,276,3,160,16,3,65,4,8,2,5,7,0,0,0,0,0,0,0,PhD,Together,2012-08-29
909051,1949,45500.0,0,1,74,273,7,32,28,28,10,2,5,1,6,5,0,0,0,0,0,0,0,Graduation,Together,2013-01-27
909052,1978,13400.0,1,0,45,6,3,21,18,4,10,2,2,0,3,11,0,0,0,0,0,0,0,Master,Together,2012-11-17
909053,1969,62800.0,0,0,72,667,40,131,50,8,23,2,6,3,11,3,0,0,0,0,0,0,0,Master,Single,2012-09-25
909054,1954,52500.0,0,1,5,234,16,100,58,14,55,7,5,5,12,6,0,0,0,0,0,0,0,Graduation,Widow,2013-03-29
909055,1975,32200.0,2,1,25,48,10,25,8,0,23,3,3,1,2,6,0,0,0,0,0,0,0,Master,Married,2013-07-20
909056,1962,19100.0,0,0,54,2,1,4,3,0,7,1,0,1,2,5,0,0,0,0,0,0,0,Graduation,Married,2013-08-18
909057,1971,70500.0,0,0,38,935,7,329,27,3,27,3,4,6,8,2,0,0,0,0,1,0,0,Graduation,Widow,2012-10-12
909058,1977,41200.0,1,0,71,136,2,73,7,145,14,4,4,0,7,7,0,0,0,0,0,1,0,2n Cycle,Married,2014-02-10
909059,1981,88200.0,0,0,99,1006,68,264,10,12,34,0,6,5,13,2,1,0,0,0,0,1,0,PhD,Widow,2013-02-12
909060,1969,87500.0,0,0,65,248,43,1546,259,121,84,0,4,11,4,1,0,0,0,0,0,0,0,Graduation,Married,2013-01-22
909061,1964,102400.0,0,0,59,517,105,832,253,24,24,1,3,9,4,1,1,0,0,1,1,0,0,Master,Widow,2013-09-24
909062,1981,31800.0,1,0,30,4,2,8,4,0,2,1,1,0,3,7,0,0,0,0,0,0,0,Master,Together,2013-10-05
909063,1966,44000.0,0,1,47,113,4,19,1,1,14,2,2,1,4,4,0,0,0,0,0,0,0,Graduation,Married,2013-03-25
909064,1954,34700.0,1,1,33,27,0,10,2,0,0,2,2,0,2,7,0,0,0,0,0,0,0,Graduation,Single,2013-02-14
909065,1974,60300.0,1,0,81,20,3,19,22,4,15,1,2,1,3,5,0,0,0,0,0,0,0,Master,Single,2014-01-05
909066,1993,20600.0,1,0,63,2,4,9,7,14,9,2,2,0,4,7,0,0,0,0,0,0,0,Master,Divorced,2012-08-09
909067,1961,89900.0,0,0,96,787,47,539,115,8,4,4,3,5,13,3,0,0,0,0,0,0,0,Graduation,Married,2014-06-26
909068,1962,30600.0,0,0,18,61,2,72,10,1,32,2,3,0,6,9,0,0,0,0,0,0,0,Graduation,Married,2013-09-30
909069,1969,43700.0,0,1,99,294,7,62,2,0,19,1,12,1,6,6,0,0,0,0,0,0,0,Master,Divorced,2014-03-26
909070,1972,74600.0,0,1,79,675,40,476,259,49,108,2,3,5,8,1,0,0,0,0,0,0,0,Master,Married,2013-09-14
909071,1990,34200.0,1,0,38,2,3,22,1,3,3,3,3,0,4,6,0,0,0,0,0,0,0,2n Cycle,Married,2013-09-04
909072,1975,50400.0,0,1,43,188,6,107,1,6,23,3,2,3,7,3,0,0,0,0,0,0,0,Graduation,Together,2012-08-20
909073,1977,19400.0,1,0,0,9,3,11,8,6,2,2,3,0,4,5,0,0,0,0,0,0,0,Graduation,Together,2014-02-27
909074,1982,27900.0,2,0,5,4,3,19,33,12,15,1,2,1,3,7,0,0,0,0,0,0,0,Graduation,Married,2012-11-08
909075,1992,34000.0,1,1,53,4,10,7,0,2,3,2,1,0,2,12,0,0,0,0,0,0,0,Master,Married,2013-04-09
909076,1967,45700.0,0,1,49,291,11,76,2,13,83,4,4,3,4,5,0,0,0,0,0,0,0,Graduation,Together,2013-10-03
909077,1963,39600.0,1,0,32,148,1,53,1,1,12,4,3,0,10,6,0,0,0,0,0,0,0,Graduation,Divorced,2012-12-11
909078,1974,28600.0,1,0,78,69,6,67,12,14,4,4,6,1,6,7,0,0,0,0,0,1,0,Master,Married,2014-03-01
909079,1969,98500.0,0,0,37,297,55,289,55,8,48,1,5,5,6,3,0,0,0,0,0,0,0,Master,Married,2013-08-26
909080,1941,78700.0,0,0,12,864,193,259,73,53,40,1,6,7,7,2,0,0,0,0,0,0,0,Graduation,Married,2013-06-15
909081,1947,68900.0,0,1,45,673,18,113,118,4,12,1,9,2,8,2,0,0,0,0,0,0,0,Graduation,Together,2012-11-11
909082,1975,57700.0,0,0,61,183,33,289,119,46,7,0,5,2,9,2,0,0,0,0,0,0,0,Master,Together,2012-09-30
909083,1966,79800.0,0,0,0,1355,55,556,142,198,110,0,11,3,6,5,0,0,1,0,0,1,0,Master,Together,2013-05-29
909084,1965,85300.0,0,0,24,690,11,561,253,174,245,0,2,5,12,1,0,0,0,1,1,0,0,Graduation,Together,2014-02-07
909085,1984,23900.0,1,0,25,3,3,30,5,2,12,2,2,1,2,8,0,0,0,0,0,0,0,Graduation,Together,2013-10-15
909086,1946,40400.0,1,1,59,8,0,7,1,0,2,2,1,0,3,5,0,0,0,0,0,0,0,Master,Together,2012-09-23
909087,1973,30400.0,0,1,49,8,8,16,7,5,6,2,0,1,5,3,0,0,0,0,0,0,0,2n Cycle,Married,2013-03-03
909088,1953,60300.0,0,1,69,290,9,56,10,11,92,3,3,3,5,5,0,0,0,0,0,0,0,Graduation,Widow,2013-07-17
909089,1973,63200.0,0,0,99,1034,25,373,70,16,13,2,5,3,10,8,0,1,0,0,1,1,0,Master,Widow,2013-01-19
909090,1962,63000.0,1,1,85,220,5,28,14,0,51,3,7,4,3,10,0,0,0,0,0,0,0,Graduation,Together,2014-03-10
909091,1980,72900.0,0,0,64,949,19,858,92,29,9,1,5,2,7,7,0,1,0,0,0,1,0,Graduation,Divorced,2013-05-15
909092,1974,54800.0,0,0,50,38,7,18,4,7,7,1,2,0,5,4,0,0,0,0,0,0,0,Basic,Single,2012-08-04
909093,1976,33300.0,1,0,85,32,2,17,1,2,6,2,2,0,3,10,0,0,0,0,0,0,0,Master,Married,2013-09-09
909094,1963,68800.0,0,1,0,421,17,61,2,10,28,7,4,2,6,7,0,0,0,0,0,0,0,Graduation,Together,2013-12-26
909095,1960,51500.0,0,1,23,129,11,173,55,27,139,2,5,7,5,2,0,0,0,0,0,0,0,Master,Married,2012-11-30
909096,1985,53300.0,0,1,99,314,28,100,2,19,142,3,6,3,6,9,1,1,0,0,0,1,0,PhD,Married,2013-07-26
909097,1983,56000.0,1,0,99,160,19,184,18,18,91,2,8,4,4,8,0,0,0,1,0,0,0,Master,Married,2012-09-17
909098,1972,25400.0,0,0,95,4,1,4,21,12,9,2,2,0,3,7,0,0,0,0,0,0,0,Graduation,Together,2012-10-06
909099,1959,65400.0,1,1,85,505,8,154,3,12,14,6,6,6,6,7,0,0,0,0,0,1,0,Graduation,Single,2013-06-15
909100,1974,33500.0,1,1,77,71,1,17,3,2,17,3,2,1,3,8,0,0,0,0,0,1,0,Graduation,Together,2012-10-13
909101,1977,52700.0,1,0,33,148,2,402,215,39,15,2,4,6,11,2,0,0,0,0,0,0,0,Master,Together,2013-03-02
909102,1976,26200.0,1,0,52,14,0,18,0,0,3,1,2,0,1,16,0,0,0,0,0,0,0,Master,Married,2012-08-29
909103,1982,51200.0,0,0,30,24,3,32,10,0,11,1,2,0,3,6,0,0,0,0,0,0,0,2n Cycle,Married,2013-09-15
909104,1970,63700.0,0,1,48,773,139,584,21,198,32,2,5,5,7,4,0,0,1,0,1,0,0,Graduation,Together,2013-10-13
909105,1951,75600.0,0,1,59,456,175,265,103,20,162,2,8,10,8,5,0,0,0,1,0,1,0,Graduation,Married,2014-06-17
909106,1960,47300.0,0,0,7,15,6,20,11,2,3,0,1,0,3,5,0,0,0,0,0,0,0,Master,Single,2013-10-03
909107,1960,60000.0,0,1,82,217,5,42,3,0,55,3,5,2,4,6,0,0,1,0,0,0,0,Master,Married,2013-05-11
909108,1961,60200.0,1,1,43,20,8,3,0,2,5,1,1,0,3,5,0,0,0,0,0,0,0,Graduation,Married,2013-06-23
909109,1961,109000.0,0,1,45,420,11,335,83,10,44,1,8,6,3,3,0,0,0,0,0,0,0,Master,Married,2013-03-13
909110,1969,93000.0,0,0,49,705,37,613,213,39,11,1,11,7,8,1,0,0,0,0,0,0,0,Graduation,Single,2012-08-20
909111,1960,54700.0,1,1,76,62,3,22,3,0,6,2,1,1,3,4,0,0,0,0,0,0,0,PhD,Together,2012-12-27
909112,1977,52500.0,0,1,8,395,5,133,6,8,49,3,7,3,6,7,0,0,0,0,0,0,0,Graduation,Together,2012-12-04
909113,1953,54000.0,0,1,95,98,93,366,6,5,14,4,6,2,9,8,0,0,0,0,0,0,0,Graduation,Married,2013-07-05
909114,1940,72200.0,0,2,36,332,1,51,0,0,18,4,5,2,6,8,0,0,1,0,0,0,0,2n Cycle,Single,2013-02-07
909115,1956,45900.0,1,1,52,67,0,33,1,0,77,2,4,1,1,9,0,0,1,0,0,0,0,Graduation,Married,2014-02-23
909116,1952,65800.0,0,1,88,326,8,175,10,10,40,5,6,3,11,8,0,0,0,0,0,0,0,Graduation,Together,2014-06-02
909117,1993,78400.0,0,1,47,1137,5,453,37,29,64,2,6,9,9,4,0,0,0,0,0,0,0,PhD,Divorced,2013-02-16
909118,1949,54600.0,0,0,79,121,10,182,14,84,33,2,3,6,7,2,0,0,0,0,0,0,0,Graduation,Single,2012-09-30
909119,1966,39600.0,0,1,29,120,28,137,29,3,35,3,4,7,7,4,0,0,0,0,0,0,0,Graduation,Married,2012-12-09
909120,1975,26800.0,1,0,37,7,20,33,3,8,9,2,3,1,3,13,0,0,0,0,0,0,0,PhD,Single,2013-02-18
909121,1974,40000.0,1,1,34,103,2,71,4,1,16,6,4,1,4,7,0,0,0,0,0,0,0,Graduation,Married,2014-06-03
909122,1959,59800.0,0,2,52,27,2,12,0,1,5,1,2,0,4,7,0,0,0,0,0,0,0,Graduation,Together,2013-10-10
909123,1976,44800.0,2,0,72,384,3,123,8,1,28,12,9,3,6,6,0,0,0,0,0,0,0,PhD,Married,2013-06-22
909124,1972,59300.0,0,1,15,182,23,79,15,12,41,1,4,2,8,6,0,0,0,0,0,0,0,2n Cycle,Single,2013-09-23
909125,1987,96400.0,0,0,45,642,197,310,259,234,61,0,4,10,8,2,0,0,0,0,0,0,0,PhD,Married,2013-10-31
909126,1967,93500.0,0,0,53,192,13,185,8,5,32,2,3,12,6,3,0,0,0,0,0,0,0,PhD,Married,2013-04-05
909127,1966,23200.0,1,0,99,10,0,6,1,1,2,2,2,0,3,6,0,0,0,0,0,0,0,Graduation,Divorced,2013-06-26
909128,1960,63400.0,0,0,18,912,14,214,61,3,73,1,4,5,10,3,1,0,0,1,0,1,0,PhD,Divorced,2013-03-09
909129,1972,88000.0,0,0,34,340,193,620,253,179,245,0,5,8,8,1,0,0,0,0,0,0,0,Graduation,Divorced,2014-05-10
909130,1973,70800.0,0,1,74,157,31,43,11,3,13,1,1,1,5,1,0,0,0,0,0,0,0,Graduation,Divorced,2012-09-17
909131,1955,67500.0,0,0,52,890,149,180,67,53,245,2,7,3,7,3,1,0,1,0,1,1,0,PhD,Together,2013-01-19
909132,1974,29100.0,1,1,59,12,1,4,2,0,4,1,1,0,2,6,0,0,0,0,0,0,0,2n Cycle,Married,2014-01-18
909133,1969,52200.0,0,1,27,744,15,140,25,27,31,1,10,5,13,7,0,0,0,0,0,0,0,Graduation,Together,2013-02-09
909134,1963,86800.0,0,1,94,720,33,759,253,26,133,1,7,7,7,3,1,0,0,1,1,1,0,Graduation,Together,2013-11-22
909135,1975,19600.0,1,1,68,3,3,2,3,4,4,3,2,0,3,5,0,0,0,0,0,0,0,Graduation,Married,2013-02-27
909136,1967,70700.0,0,0,41,251,27,305,134,28,39,1,4,2,12,2,0,0,0,0,0,0,0,Master,Single,2013-06-05
909137,1974,45000.0,2,1,61,96,0,16,0,0,0,1,2,0,4,6,0,0,0,0,0,0,0,Graduation,Divorced,2014-01-21
909138,1948,95100.0,0,1,20,414,45,528,94,40,10,1,5,6,6,1,0,0,0,0,0,0,0,Master,Together,2014-02-26
909139,1974,57900.0,0,0,11,9,3,28,8,22,1,0,1,2,1,0,0,0,0,0,0,0,0,PhD,Married,2014-04-15
909140,1954,84900.0,0,0,68,1080,36,246,81,80,31,1,4,6,7,3,0,0,0,0,0,0,0,Master,Together,2012-11-09
909141,1988,23400.0,0,1,38,231,34,218,12,21,157,2,5,2,5,7,0,0,0,0,0,0,0,2n Cycle,Married,2013-01-17
909142,1972,58600.0,0,1,51,175,3,325,259,85,23,3,6,4,11,4,0,0,0,0,0,0,0,Graduation,Married,2013-04-01
909143,1979,11100.0,1,0,52,0,8,4,7,5,3,0,1,0,2,7,0,0,0,0,0,0,0,Graduation,Together,2013-01-15
909144,1972,77500.0,0,1,52,329,5,178,48,29,110,2,1,3,5,3,0,0,0,0,0,0,0,PhD,Married,2014-02-18
909145,1964,31600.0,2,0,83,19,8,22,17,4,11,3,2,0,5,6,0,0,0,0,0,0,0,2n Cycle,Married,2013-04-09
909146,1977,20200.0,1,1,89,7,1,3,0,0,16,2,1,0,3,6,0,0,0,0,0,0,0,2n Cycle,Together,2012-09-28
909147,1982,58300.0,0,1,63,229,8,38,7,32,15,2,4,2,7,5,0,0,0,0,0,0,0,PhD,Divorced,2013-12-25
909148,1955,55900.0,0,0,49,471,71,84,64,263,89,2,9,4,12,5,0,0,0,0,0,0,0,Graduation,Married,2013-12-12
909149,1968,72700.0,0,1,25,538,197,299,34,42,155,6,8,4,12,6,0,0,0,0,0,0,0,PhD,Together,2013-05-01
909150,1966,64000.0,1,1,14,125,12,112,12,2,16,4,4,1,5,5,0,0,0,0,0,0,0,Graduation,Together,2013-08-28
909151,1969,72100.0,0,0,26,512,193,981,123,198,99,1,8,8,9,2,0,0,1,0,0,0,0,Graduation,Divorced,2013-11-28
909152,1956,56600.0,1,0,46,197,5,52,5,1,10,3,3,1,8,6,0,0,0,0,0,0,0,Master,Married,2013-06-07
909153,1971,74200.0,0,0,29,540,160,981,61,24,26,0,4,6,11,2,0,0,0,0,1,0,0,Master,Together,2014-03-28
909154,1978,56500.0,0,1,98,226,1,16,0,0,72,2,4,1,5,9,0,0,0,0,0,0,0,PhD,Married,2014-02-04
909155,1953,48800.0,1,1,65,32,4,21,6,1,23,2,1,1,3,5,0,0,0,0,0,0,0,PhD,Divorced,2013-07-20
909156,1948,62000.0,0,1,54,921,10,103,25,23,11,5,10,3,11,6,0,0,0,0,0,0,0,Master,Married,2014-01-03
909157,1970,82400.0,0,1,30,711,3,185,5,28,241,2,7,4,9,6,0,0,0,0,1,1,0,PhD,Married,2013-07-19
909158,1960,79100.0,0,2,0,1171,1,73,1,4,47,5,5,3,13,4,0,0,0,0,0,0,0,Master,Married,2013-08-11
909159,1956,59800.0,0,0,44,437,90,275,48,193,362,0,5,5,8,1,0,0,0,0,0,0,0,Graduation,Single,2012-10-26
909160,1964,69700.0,1,0,39,1396,14,144,63,6,46,3,3,2,12,4,0,0,0,0,0,0,0,Graduation,Married,2013-07-31
909161,1964,64800.0,0,1,62,447,51,156,29,33,37,3,8,2,7,6,0,0,0,0,0,0,0,Graduation,Widow,2013-04-03
909162,1956,91600.0,0,0,26,597,30,229,56,5,73,1,3,11,12,3,0,0,0,0,1,1,0,Graduation,Widow,2013-02-06
909163,1975,31900.0,1,1,60,7,4,21,1,0,0,3,2,0,4,5,0,0,0,0,0,0,0,Graduation,Together,2012-12-23
909164,1966,80300.0,1,1,60,1310,12,139,48,41,80,3,9,2,12,6,0,0,0,0,0,0,0,Graduation,Single,2012-12-02
909165,1951,50600.0,1,1,45,15,3,10,2,3,6,2,1,0,5,4,0,0,0,0,0,0,0,Graduation,Together,2014-04-11
909166,1982,16300.0,1,0,85,8,10,17,4,3,4,2,3,0,2,12,0,0,0,0,0,0,0,Basic,Divorced,2014-06-13
909167,1976,111200.0,0,0,24,231,11,180,11,88,73,1,3,9,6,0,0,0,0,0,0,0,0,Graduation,Married,2013-11-08
909168,1958,63800.0,0,1,65,133,197,403,162,124,104,3,8,7,6,3,0,0,0,0,0,0,0,PhD,Together,2013-05-31
909169,1968,59100.0,0,1,58,584,12,137,16,4,15,4,12,2,10,9,0,0,0,0,0,0,0,PhD,Single,2013-11-19
909170,1953,44200.0,1,0,23,343,3,77,65,60,158,3,9,2,5,8,0,0,0,0,0,0,0,Master,Married,2014-04-20
909171,1979,24100.0,0,0,47,4,7,14,4,3,9,1,2,0,2,10,0,0,0,0,0,0,0,PhD,Divorced,2013-10-03
909172,1970,72800.0,0,0,31,258,42,175,22,16,18,2,9,2,7,2,1,1,0,1,1,0,0,Master,Together,2014-01-14
909173,1963,35900.0,0,0,17,21,0,10,1,0,1,1,2,0,3,5,0,0,0,0,0,0,0,PhD,Together,2012-12-17
909174,1976,26300.0,0,0,99,30,9,38,1,3,23,2,2,1,3,9,0,0,0,0,0,0,0,PhD,Single,2013-01-30
909175,1961,40500.0,1,1,90,68,0,9,0,0,8,1,2,1,2,5,0,0,0,0,0,0,0,Master,Married,2013-02-27
909176,1983,17900.0,1,0,61,9,1,29,4,19,31,2,3,1,2,10,0,0,0,0,0,0,1,PhD,Single,2013-04-29
909177,1969,71200.0,0,1,40,258,2,155,3,15,25,1,10,1,11,6,0,0,0,1,0,0,0,Graduation,Single,2012-09-08
909178,1973,36600.0,1,0,97,53,0,8,0,0,9,1,0,0,3,5,0,0,0,0,0,0,0,Graduation,Together,2014-04-03
909179,1973,23300.0,1,0,99,16,7,34,10,22,28,2,4,0,5,5,0,0,0,0,0,0,0,2n Cycle,Single,2013-03-23
909180,1970,23900.0,2,0,49,10,2,9,3,3,4,4,2,0,3,7,0,0,1,0,0,0,0,Master,Married,2013-10-03
909181,1968,39000.0,2,0,99,46,23,73,13,1,11,9,8,2,2,9,0,0,0,0,0,0,0,2n Cycle,Single,2013-02-14
909182,1959,32200.0,0,1,55,159,15,39,40,14,13,1,5,3,7,5,0,0,0,0,0,0,0,PhD,Married,2012-11-22
909183,1969,56700.0,0,0,55,355,23,113,5,23,21,2,6,5,7,3,0,0,0,0,0,0,0,Graduation,Together,2013-09-26
909184,1952,94100.0,0,0,64,483,197,119,13,16,16,1,10,1,8,3,0,0,0,0,0,0,0,PhD,Married,2013-03-03
909185,1948,19400.0,0,1,59,5,6,8,17,3,6,2,1,1,2,5,0,0,0,0,0,0,0,Basic,Together,2012-09-28
909186,1965,27200.0,1,0,48,6,2,7,3,5,3,1,1,0,4,7,0,0,1,0,0,1,0,Graduation,Together,2013-08-30
909187,1977,30700.0,0,0,0,4,2,5,5,2,5,1,1,1,2,4,0,0,1,0,0,0,0,2n Cycle,Single,2013-08-22
909188,1981,28000.0,1,0,59,39,170,131,23,6,34,4,4,1,4,9,0,0,0,0,0,0,0,2n Cycle,Together,2012-11-27
909189,1941,73100.0,0,0,37,658,193,303,7,11,56,1,10,7,3,5,1,0,0,1,0,1,0,Graduation,Married,2013-02-02
909190,1965,56000.0,1,0,46,33,1,20,1,3,1,1,1,0,3,5,0,0,0,0,0,0,0,Graduation,Married,2014-03-29
909191,1973,67900.0,0,1,43,355,26,173,11,46,19,2,8,4,11,2,0,0,0,0,0,0,0,Graduation,Single,2013-03-19
909192,1956,51000.0,0,2,90,199,14,22,13,4,11,3,3,2,7,5,0,0,0,0,0,0,0,PhD,Together,2013-07-21
909193,1977,26900.0,1,1,60,10,1,15,0,4,7,3,2,0,3,6,0,0,0,0,0,0,0,Master,Together,2012-11-04
909194,1949,64400.0,0,1,70,321,4,74,7,6,59,2,5,2,7,5,0,0,0,0,0,0,0,Graduation,Married,2012-09-08
909195,1979,20900.0,1,0,49,15,2,20,23,3,20,3,1,1,4,6,0,0,0,0,0,0,0,Graduation,Together,2013-04-14
909196,1951,81500.0,0,1,7,498,17,449,13,4,71,2,3,5,5,3,0,0,0,0,0,0,0,PhD,Together,2012-12-10
909197,1980,20000.0,1,0,67,3,3,17,3,12,1,1,2,0,2,12,0,0,0,0,0,0,0,Graduation,Married,2014-01-07
909198,1948,62400.0,0,0,0,478,83,661,259,44,91,3,8,3,9,4,0,0,0,0,0,0,0,Graduation,Married,2014-05-29
909199,1975,50200.0,0,0,61,120,21,132,13,13,26,1,4,6,4,3,0,0,0,0,0,0,0,Graduation,Together,2013-04-04
909200,1970,12300.0,0,1,45,10,2,4,4,4,15,2,1,1,3,6,0,0,0,0,0,0,0,Graduation,Married,2014-04-30
909201,1979,53700.0,2,1,43,184,0,54,1,0,6,4,4,1,3,6,0,0,0,0,0,0,1,PhD,Divorced,2012-11-03
909202,1967,66700.0,0,0,27,209,125,260,25,97,14,1,8,1,8,8,0,0,0,0,0,0,0,Master,Together,2012-08-16
909203,1977,17400.0,1,0,99,7,15,28,17,10,42,4,3,1,2,10,0,0,0,0,0,0,0,Graduation,Married,2013-03-22
909204,1969,74500.0,0,0,99,1493,3,731,24,44,0,0,4,5,8,3,1,0,0,0,1,0,0,Master,Single,2014-04-15
909205,1968,38800.0,1,1,97,11,2,43,3,8,6,2,2,0,3,6,0,0,0,0,0,1,0,Graduation,Married,2013-12-22
909206,1981,9300.0,1,0,63,3,4,9,3,2,39,2,2,0,2,9,0,0,0,0,0,0,0,PhD,Married,2013-01-19
909207,1951,71000.0,0,1,66,151,31,213,182,263,30,2,4,10,5,2,0,0,0,0,0,0,0,PhD,Married,2013-12-18
909208,1969,62500.0,0,0,38,280,26,269,15,6,11,1,4,3,13,2,0,0,0,0,0,0,0,Graduation,Married,2013-03-20
909209,1960,29800.0,1,1,2,38,2,11,0,0,4,1,1,0,2,8,0,0,0,0,0,0,0,PhD,Married,2013-09-09
909210,1976,13200.0,0,0,90,7,1,4,17,3,14,1,2,0,3,7,0,0,0,0,0,0,0,PhD,Single,2013-09-20
909211,1989,16500.0,1,0,85,19,10,27,13,14,21,2,3,1,2,10,0,0,0,0,0,0,0,Graduation,Married,2013-06-26
909212,1973,56400.0,0,0,43,483,41,122,17,8,7,1,6,6,5,3,0,0,0,0,0,0,0,Graduation,Single,2012-12-14
909213,1960,49800.0,1,1,43,241,13,58,28,0,77,9,7,3,5,12,0,0,0,0,0,0,0,Master,Married,2013-03-26
909214,1979,68900.0,0,1,49,251,4,158,5,2,30,2,5,3,10,6,0,0,0,0,0,0,0,Master,Married,2012-09-25
909215,1958,91200.0,0,0,74,112,39,258,244,68,43,0,3,3,8,1,0,0,0,0,0,0,0,Graduation,Single,2014-01-19
909216,1964,25700.0,1,1,42,54,1,24,2,3,9,3,1,1,3,8,0,0,0,0,0,0,0,Graduation,Single,2013-06-01
909217,1980,61400.0,0,1,34,259,2,49,3,13,3,3,7,0,9,7,0,0,0,0,0,1,0,Master,Married,2013-03-02
909218,1965,58300.0,0,1,19,302,66,49,11,24,25,2,5,3,7,7,0,0,0,0,0,0,0,PhD,Single,2013-09-03
909219,1969,49600.0,1,0,56,55,4,49,14,17,3,3,4,0,8,6,0,0,1,0,0,0,0,Graduation,Together,2014-05-08
909220,1977,87400.0,1,0,28,383,58,304,90,26,22,2,2,5,7,2,0,0,0,0,0,0,0,Graduation,Divorced,2012-08-28
909221,1969,81000.0,0,0,43,563,63,792,253,198,63,0,4,7,10,1,0,1,0,1,0,1,0,PhD,Married,2013-06-14
909222,1989,31900.0,1,0,50,6,0,6,1,0,9,0,0,0,2,6,0,0,0,0,0,0,0,Master,Divorced,2014-06-14
909223,1949,25800.0,0,0,28,6,0,8,6,4,12,2,3,1,4,3,0,0,0,0,0,0,0,Master,Married,2013-08-02
909224,1982,35900.0,1,0,44,5,2,26,3,5,9,1,1,0,4,5,0,0,0,0,0,0,0,PhD,Together,2013-01-24
909225,1972,28600.0,0,1,73,43,5,23,12,1,128,2,2,1,3,7,0,0,0,0,0,1,0,Graduation,Together,2013-05-04
909226,1968,33600.0,1,1,91,20,2,4,6,3,2,3,1,1,3,5,0,0,0,0,0,0,0,PhD,Together,2013-03-01
909227,1979,67800.0,0,1,32,182,11,383,38,10,49,2,7,7,12,6,0,0,0,0,0,0,0,Master,Widow,2013-01-06
909228,1968,50900.0,0,0,25,53,0,47,6,9,2,2,0,2,4,0,0,0,0,0,0,0,0,Graduation,Divorced,2014-05-25
909229,1983,82800.0,0,0,62,432,13,150,56,139,133,2,4,5,13,5,0,0,0,1,0,1,0,Master,Together,2013-05-15
909230,1992,25700.0,1,0,45,62,1,57,0,13,66,2,5,1,3,6,0,0,0,0,0,0,1,Master,Single,2012-11-15
909231,1961,34200.0,1,1,96,21,0,5,0,0,6,2,1,1,3,6,0,0,0,0,0,0,0,Graduation,Married,2013-11-18
909232,1948,52300.0,0,1,80,401,15,73,2,0,153,4,9,2,5,5,0,0,1,0,0,0,0,Graduation,Married,2012-11-30
909233,1980,72200.0,0,1,0,1002,8,352,20,10,44,1,3,4,7,4,0,0,0,0,0,0,0,Graduation,Married,2013-09-01
909234,1957,74900.0,0,1,0,542,9,191,49,12,16,3,6,7,5,2,0,0,0,0,0,0,0,Graduation,Married,2013-02-16
909235,1961,71600.0,0,1,68,316,3,256,10,9,7,1,4,1,13,3,0,0,0,0,0,0,0,Master,Together,2014-06-21
909236,1943,46400.0,0,2,96,517,18,437,2,8,56,2,8,7,7,5,0,0,0,0,0,0,0,2n Cycle,Single,2013-09-28
909237,1995,66300.0,0,1,61,472,45,77,207,10,134,2,4,12,13,5,0,0,0,0,0,0,0,Master,Married,2014-05-10
909238,1955,54700.0,0,0,69,158,92,367,8,75,35,1,3,4,5,3,0,0,0,0,0,0,0,2n Cycle,Married,2014-01-15
909239,1978,99400.0,0,1,38,790,68,554,19,26,245,1,4,6,4,4,0,0,0,0,1,0,0,Graduation,Married,2012-08-07
909240,1976,55600.0,0,0,14,649,8,380,2,11,47,1,5,5,6,3,0,1,0,0,0,0,0,Graduation,Single,2012-09-12
909241,1943,63200.0,0,0,25,1396,5,298,6,14,54,3,6,5,9,5,0,0,0,0,0,0,0,PhD,Single,2013-05-27
909242,1947,73700.0,0,1,66,1048,161,275,253,54,21,1,5,5,12,2,1,0,0,1,0,1,0,Graduation,Married,2013-01-06
909243,1979,24600.0,1,0,32,5,2,6,1,0,2,2,2,0,2,8,0,0,0,0,0,0,0,Graduation,Single,2012-08-25
909244,1975,31400.0,1,0,40,9,4,8,2,7,6,1,2,0,2,8,0,0,1,0,0,0,0,Graduation,Married,2014-04-10
909245,1980,87500.0,0,0,42,461,138,464,41,198,14,0,9,5,3,4,0,0,0,0,1,0,0,Graduation,Single,2012-12-26
909246,1967,77100.0,0,0,99,608,140,374,152,20,25,2,8,6,8,4,1,0,0,0,1,0,0,Graduation,Married,2012-09-03
909247,1973,34800.0,1,0,0,128,0,7,0,0,57,3,5,0,4,6,0,0,0,0,0,0,0,Graduation,Married,2013-04-21
909248,1976,79100.0,1,1,3,673,0,107,0,4,39,4,7,2,8,7,0,0,0,0,0,0,0,Graduation,Divorced,2013-02-05
909249,1962,50200.0,0,1,20,220,51,124,11,6,14,1,9,1,5,6,0,0,0,0,0,1,0,Graduation,Widow,2013-08-15
909250,1994,62900.0,0,1,2,1493,8,112,9,4,12,3,6,2,13,9,0,0,0,0,1,0,0,Graduation,Married,2014-05-27
909251,1959,52000.0,0,0,65,266,39,391,1,7,45,2,4,5,5,3,0,0,0,0,0,0,0,Graduation,Together,2013-01-24
909252,1959,63500.0,0,0,13,1144,4,145,5,197,16,1,6,8,7,3,1,0,0,0,1,0,0,Graduation,Together,2013-11-22
909253,1970,91400.0,0,0,55,521,48,1276,169,77,68,1,2,8,13,0,0,0,0,0,0,0,0,Graduation,Married,2013-10-31
909254,1976,20800.0,1,0,79,8,3,14,6,4,5,2,2,0,3,4,0,0,0,0,0,0,0,Master,Widow,2012-08-10
909255,1978,81900.0,0,1,52,585,17,308,117,64,6,2,6,11,7,4,0,0,0,0,0,0,0,PhD,Married,2012-11-12
909256,1978,60200.0,0,1,35,611,12,519,41,10,362,2,6,8,6,4,0,0,0,0,0,0,0,2n Cycle,Together,2013-10-10
909257,1982,64600.0,0,0,58,1396,25,354,22,2,68,1,7,4,11,5,0,0,0,0,0,0,0,Graduation,Together,2014-02-07
909258,1968,41100.0,1,1,13,165,0,14,0,2,12,3,2,0,4,4,0,0,1,0,0,0,0,Graduation,Together,2012-11-23
909259,1966,32700.0,0,0,56,85,2,52,1,0,1,2,2,0,5,5,0,0,0,0,0,0,0,2n Cycle,Widow,2012-12-18
909260,1982,29800.0,1,0,55,73,0,12,0,2,11,1,2,0,3,8,0,0,0,0,0,0,0,2n Cycle,Single,2014-01-10
909261,1972,70200.0,1,0,29,76,29,284,25,6,28,4,5,1,8,5,0,0,0,0,0,1,0,Graduation,Married,2013-09-21
909262,1966,29900.0,1,1,92,13,3,14,18,7,25,2,2,0,4,5,0,0,0,0,0,0,0,Graduation,Single,2014-02-12
909263,1961,79100.0,1,2,53,846,44,157,32,15,18,11,7,3,11,7,0,0,0,0,0,1,0,PhD,Single,2013-11-09
909264,1972,77700.0,0,1,0,1377,30,643,259,19,353,1,5,9,12,3,0,0,0,0,0,0,0,PhD,Single,2014-03-22
909265,1960,64100.0,0,1,72,497,197,57,191,24,110,2,12,2,13,4,0,0,0,0,0,0,0,2n Cycle,Married,2012-07-31
909266,1971,70300.0,0,0,8,616,171,663,253,198,42,1,3,11,8,1,0,0,0,0,1,1,0,Master,Together,2013-08-18
909267,1967,18300.0,0,0,64,18,9,26,16,7,52,3,2,1,3,7,0,0,0,0,0,0,0,Graduation,Married,2014-03-08
909268,1980,17700.0,1,0,54,28,1,22,2,2,6,1,2,1,3,8,0,0,0,0,0,0,1,Graduation,Widow,2013-11-19
909269,1970,72900.0,0,0,35,291,8,652,55,76,9,3,2,3,9,2,0,0,0,1,1,0,0,Graduation,Single,2013-06-29
909270,1972,71200.0,0,1,99,113,3,21,3,2,31,2,3,1,4,8,0,0,0,0,0,0,0,PhD,Together,2014-05-29
909271,1985,56900.0,0,1,32,201,1,84,7,6,114,2,6,1,7,5,0,0,0,0,0,1,0,Graduation,Together,2014-06-22
909272,1980,77200.0,0,1,48,130,10,32,7,34,17,1,6,2,3,1,0,0,0,0,0,0,0,Graduation,Married,2013-03-19
909273,1956,40800.0,0,1,23,161,4,54,36,8,43,7,5,2,5,9,0,0,0,0,0,0,0,2n Cycle,Married,2013-10-20
909274,1961,81100.0,0,0,58,102,21,292,49,48,17,1,7,3,5,2,0,0,0,0,0,0,0,Graduation,Married,2013-05-13
909275,1957,25200.0,1,1,39,47,3,30,6,2,9,6,3,1,4,5,0,0,0,0,0,0,0,Graduation,Married,2014-05-30
909276,1994,26400.0,1,0,6,0,10,15,25,19,20,0,1,0,3,6,0,0,0,0,0,1,0,Basic,Divorced,2012-10-15
909277,1978,28500.0,1,0,20,116,31,70,63,14,11,3,6,0,7,4,0,0,0,0,0,0,0,Graduation,Divorced,2012-12-01
909278,1948,66700.0,0,1,28,403,197,406,224,85,132,1,7,5,13,3,0,0,0,0,0,0,0,Graduation,Together,2013-05-10
909279,1975,62900.0,1,1,56,344,30,151,34,194,41,2,7,3,9,5,0,0,0,0,0,0,0,Graduation,Married,2013-11-27
909280,1974,47300.0,0,1,23,927,2,47,1,16,22,2,7,1,7,8,0,0,0,0,0,0,0,2n Cycle,Married,2013-03-29
909281,1967,39200.0,1,1,35,115,15,131,16,14,52,5,5,2,4,6,0,0,0,1,0,0,0,Master,Single,2014-05-16
909282,1971,32000.0,1,1,28,28,2,14,2,1,5,2,1,0,3,6,0,0,0,0,0,0,0,Graduation,Married,2013-01-31
909283,1943,89600.0,0,1,0,1396,9,231,43,20,8,2,5,3,13,2,0,0,0,0,0,0,0,Graduation,Married,2013-03-16
909284,1971,63000.0,0,1,69,470,197,444,259,100,24,5,6,12,6,4,0,0,0,0,0,0,0,2n Cycle,Married,2012-12-05
909285,1971,49400.0,0,0,68,235,99,240,59,133,77,1,8,1,8,7,0,0,0,0,0,1,0,Master,Together,2013-10-02
909286,1962,30200.0,1,0,99,7,0,6,4,0,1,2,1,0,3,5,0,0,0,0,0,0,0,Graduation,Married,2013-11-21
909287,1982,66100.0,0,1,52,670,16,174,56,5,23,3,8,4,7,3,0,0,0,0,1,1,0,PhD,Married,2013-09-20
909288,1954,64200.0,0,1,0,1171,0,28,0,0,10,1,7,2,6,6,0,0,0,0,0,0,0,Master,Married,2013-04-20
909289,1944,97000.0,0,0,5,382,58,404,122,18,71,0,2,5,6,1,0,0,0,0,0,0,0,PhD,Divorced,2013-01-16
909290,1996,23500.0,1,0,7,0,1,8,3,9,24,1,1,0,2,8,0,0,0,0,0,0,0,Graduation,Married,2013-09-23
909291,1967,105500.0,0,0,19,908,21,981,253,97,9,0,5,6,9,2,0,0,0,0,1,0,0,PhD,Married,2012-12-05
909292,1980,39100.0,1,0,72,189,3,81,61,29,85,4,6,2,8,10,1,0,0,0,0,0,0,Master,Single,2012-09-01
909293,1993,48400.0,0,1,99,98,197,686,17,133,223,2,4,5,11,2,0,0,0,0,0,0,0,PhD,Together,2013-09-13
909294,1979,43100.0,1,0,56,152,1,96,4,34,161,2,5,2,4,10,0,0,0,0,0,0,0,Graduation,Single,2013-03-09
909295,1985,12400.0,0,0,28,6,18,33,10,16,10,2,4,1,3,6,0,0,0,0,0,0,0,Graduation,Single,2013-04-07
909296,1979,53100.0,1,0,48,185,3,69,25,2,9,7,5,4,5,8,0,0,0,1,0,0,0,PhD,Single,2013-08-09
909297,1961,106400.0,0,0,68,896,112,373,259,142,41,0,11,5,7,3,0,0,0,0,0,0,0,PhD,Single,2013-10-05
909298,1960,32900.0,1,2,56,5,6,6,2,0,4,2,1,0,3,4,0,0,0,0,0,0,0,Master,Together,2014-04-13
909299,1955,41100.0,0,1,44,394,47,99,33,2,35,6,9,2,9,8,0,0,0,0,0,0,0,Master,Divorced,2013-12-11
909300,1974,49200.0,0,1,62,4,0,3,3,0,1,1,1,0,2,6,0,0,0,0,0,0,0,Graduation,Married,2013-09-23
909301,1968,79100.0,1,1,52,579,50,127,20,74,130,6,4,4,8,5,0,0,0,1,0,0,0,Graduation,Single,2012-08-05
909302,1969,36500.0,1,0,37,252,27,145,41,26,243,14,6,2,12,7,0,0,0,0,0,0,0,Graduation,Married,2012-10-15
909303,1964,39000.0,1,0,19,120,30,87,16,3,7,4,5,1,8,7,0,0,0,0,0,0,0,PhD,Single,2013-04-12
909304,1972,58400.0,1,1,22,103,7,50,35,4,39,2,6,1,5,5,0,0,0,0,0,0,0,Graduation,Married,2013-08-02
909305,1956,44000.0,0,1,48,128,5,393,97,9,52,6,5,7,6,2,0,0,0,0,0,0,0,PhD,Single,2013-11-13
909306,1970,92600.0,0,0,31,195,193,981,253,198,106,0,5,11,6,1,0,0,1,1,1,0,0,Graduation,Married,2012-10-01
909307,1969,56000.0,0,0,99,255,62,336,26,145,59,2,4,3,4,3,0,0,0,0,0,0,0,Master,Single,2012-10-16
909308,1968,51400.0,0,0,99,215,3,405,259,41,92,1,3,9,5,2,0,0,0,0,0,0,0,Master,Married,2013-03-10
909309,1969,38200.0,1,0,30,46,5,26,3,1,5,3,2,1,5,4,0,0,0,0,0,0,0,Graduation,Divorced,2013-08-04
909310,1975,28600.0,0,0,41,2,7,7,15,3,28,1,1,0,2,4,0,0,0,0,0,0,0,Graduation,Single,2013-03-15
909311,1965,77800.0,0,0,61,670,10,1242,62,250,163,1,5,8,8,3,0,0,0,0,0,0,0,Graduation,Together,2013-03-09
909312,1960,47500.0,0,1,83,171,18,152,40,33,25,7,7,1,5,9,0,0,0,0,0,0,0,2n Cycle,Married,2013-05-25
909313,1966,25700.0,0,1,61,15,2,11,3,2,13,2,2,1,3,6,0,0,1,0,0,0,0,PhD,Together,2014-05-03
909314,1981,28100.0,1,0,31,14,13,16,31,10,10,3,3,0,4,6,0,0,0,0,0,0,0,PhD,Married,2013-04-13
909315,1983,73300.0,1,1,34,666,124,330,49,127,165,3,5,8,7,3,0,0,0,0,0,0,0,Graduation,Married,2013-02-17
909316,1968,40900.0,1,1,49,5,2,4,0,0,3,1,1,0,2,6,0,0,0,0,0,0,0,Graduation,Married,2013-09-05
909317,1953,64600.0,1,1,67,113,1,29,0,1,8,3,2,1,5,3,0,0,0,0,0,0,0,PhD,Together,2013-05-04
909318,1969,54300.0,0,1,32,355,37,56,18,14,20,3,8,1,8,5,0,0,0,0,0,0,0,Graduation,Together,2013-05-23
909319,1986,25300.0,1,0,53,4,1,6,7,11,25,2,3,2,3,4,0,0,0,0,0,0,0,Graduation,Together,2012-12-28
909320,1985,53500.0,1,1,46,226,0,47,4,0,16,4,3,1,8,9,0,0,0,1,0,1,0,Graduation,Married,2012-08-18
909321,1995,24500.0,1,0,0,4,1,4,10,2,2,1,0,0,3,6,0,0,0,0,0,0,0,Master,Together,2013-07-19
909322,1974,21500.0,1,1,93,15,12,28,3,9,11,2,1,0,4,5,0,0,0,0,0,1,0,Graduation,Single,2013-12-20
909323,1960,55100.0,0,1,57,158,5,29,1,0,40,2,4,0,4,5,0,0,0,0,0,0,0,PhD,Together,2013-11-22
909324,1964,56400.0,0,1,83,936,2,60,22,0,80,12,8,5,9,5,0,0,0,0,0,0,0,Master,Married,2013-10-21
909325,1972,58700.0,0,1,28,149,199,134,30,13,24,1,6,1,9,6,0,0,0,0,0,1,0,PhD,Divorced,2014-05-28
909326,1971,37700.0,1,0,15,111,36,49,33,10,9,3,6,2,3,9,0,0,0,0,0,0,0,PhD,Married,2013-02-13
909327,1960,42500.0,0,1,63,222,3,58,4,4,33,2,2,3,7,2,0,0,0,0,0,0,0,PhD,Single,2012-10-14
909328,1974,64700.0,0,1,93,682,5,75,3,11,8,2,6,1,7,8,0,0,0,0,0,1,0,Master,Together,2013-03-24
909329,1971,30300.0,1,0,68,65,1,33,3,4,10,1,4,0,3,6,0,0,0,0,0,0,0,Master,Together,2014-02-11
909330,1951,69000.0,0,0,75,1493,69,522,232,136,15,2,6,6,7,2,1,0,0,1,1,0,0,Graduation,Married,2014-05-10
909331,1968,57800.0,1,0,14,551,2,61,1,2,10,2,6,2,4,6,0,0,1,0,0,0,0,Master,Divorced,2014-06-23
909332,1970,85300.0,0,1,88,184,197,252,105,128,115,2,4,3,5,1,0,0,0,0,0,0,0,Graduation,Together,2014-06-21
909333,1963,81900.0,0,2,77,1396,9,232,259,142,311,4,14,6,7,5,0,0,0,0,0,0,0,PhD,Single,2013-02-19
909334,1973,67400.0,0,1,79,214,5,53,8,1,57,2,5,1,6,6,0,0,0,0,0,0,0,Graduation,Married,2012-09-12
909335,1967,29600.0,2,0,99,9,3,22,10,5,40,2,1,1,4,5,0,0,1,0,0,0,0,Graduation,Single,2012-12-25
909336,1961,70600.0,0,1,70,800,64,225,47,11,49,2,6,6,7,2,0,0,0,0,0,0,0,PhD,Together,2014-03-16
909337,1983,30500.0,1,0,58,88,32,42,9,4,33,1,5,3,2,5,0,0,0,0,0,0,0,Master,Widow,2013-02-25
909338,1975,59000.0,0,0,21,995,91,295,42,62,63,3,4,4,7,5,0,0,0,0,1,0,0,Graduation,Together,2014-02-21
909339,1966,27200.0,1,1,22,73,2,8,2,0,2,3,2,0,2,10,0,0,0,0,0,0,0,Graduation,Together,2012-09-16
909340,1976,24300.0,1,0,38,9,7,26,1,11,36,3,2,1,2,8,0,0,1,0,0,0,0,Graduation,Single,2013-06-05
909341,1968,52100.0,0,1,30,252,16,72,2,7,74,4,7,1,6,4,0,0,0,0,0,0,0,PhD,Divorced,2014-06-11
909342,1959,76100.0,0,0,9,593,2,563,4,8,11,2,4,4,12,3,0,0,1,1,0,1,0,PhD,Single,2013-02-13
909343,1972,38400.0,1,1,43,28,0,8,1,1,3,2,1,1,2,6,0,0,1,0,0,0,0,Graduation,Married,2014-01-31
909344,1967,84000.0,0,0,45,1144,120,981,99,22,5,1,9,5,10,1,1,0,0,0,1,1,0,Graduation,Married,2012-11-20
909345,1947,79100.0,1,2,41,393,6,60,12,1,12,3,6,1,7,7,0,0,0,0,0,1,0,Master,Unknown,2013-05-30
909346,1977,33100.0,1,0,30,13,1,18,5,1,6,3,2,1,2,11,0,0,0,0,0,0,0,2n Cycle,Together,2013-09-23
909347,1970,63100.0,0,1,60,556,15,236,14,5,10,1,2,8,4,1,0,0,0,0,0,0,0,PhD,Married,2014-01-27
909348,1968,28500.0,1,0,30,9,2,9,0,0,14,1,2,1,2,7,0,0,0,0,0,0,0,Graduation,Single,2013-11-14
909349,1977,26100.0,2,0,99,36,8,17,15,32,14,3,3,1,4,6,0,0,0,0,0,0,0,Basic,Single,2012-09-07
909350,1980,38400.0,0,0,49,14,0,3,0,1,4,1,0,0,3,5,0,0,0,0,0,0,0,2n Cycle,Married,2012-10-02
909351,1970,61600.0,1,1,50,835,31,151,27,20,83,4,6,2,9,5,0,0,1,0,0,0,0,Graduation,Single,2014-04-15
909352,1951,63800.0,0,1,67,271,2,55,12,0,7,6,8,2,7,6,0,0,0,0,0,0,0,Graduation,Single,2014-01-22
909353,1977,30800.0,1,1,46,10,0,6,0,0,2,2,2,0,3,5,0,0,0,0,0,0,0,2n Cycle,Married,2013-10-05
909354,1965,59800.0,0,0,99,248,18,91,58,198,31,2,6,8,6,4,1,0,0,1,0,1,0,Graduation,Married,2013-07-29
909355,1966,15800.0,0,0,91,1,16,15,24,25,52,2,3,0,3,6,0,0,0,0,0,0,0,Basic,Together,2013-12-30
909356,1969,28900.0,1,0,64,94,4,45,13,6,53,2,6,2,4,8,0,0,0,1,0,1,0,Master,Together,2014-02-01
909357,1969,28100.0,1,1,41,5,3,29,8,5,52,3,1,1,3,5,0,0,0,0,0,0,0,Graduation,Single,2014-01-18
909358,1974,70700.0,0,0,24,277,10,96,24,263,19,1,2,3,9,1,0,0,0,0,0,0,0,Graduation,Together,2014-05-28
909359,1958,37800.0,0,1,31,132,3,15,6,5,79,0,5,1,6,5,0,0,0,0,0,0,0,Graduation,Single,2013-09-04
909360,1946,28200.0,2,1,35,23,2,6,0,0,6,2,1,0,3,8,0,0,0,0,0,0,0,2n Cycle,Together,2013-10-28
909361,1955,100300.0,0,1,60,395,197,336,37,206,200,1,8,9,13,3,0,0,0,0,0,0,0,Graduation,Together,2014-06-09
909362,1972,58600.0,0,1,66,1122,7,201,16,17,28,2,4,8,13,5,0,0,0,0,0,1,0,PhD,Divorced,2012-09-30
909363,1966,11800.0,0,0,26,2,0,6,3,2,2,1,1,0,3,6,0,0,0,0,0,0,0,Master,Widow,2014-05-20
909364,1965,76300.0,0,1,41,1171,27,476,31,21,50,4,9,3,10,7,0,0,0,0,0,1,0,PhD,Together,2013-10-22
909365,1987,68100.0,0,1,17,1493,1,220,47,166,29,2,4,4,5,9,1,0,0,1,1,0,0,Graduation,Married,2014-05-26
909366,1962,78400.0,0,0,34,532,57,913,253,22,245,1,4,4,5,2,0,0,0,0,0,1,0,Master,Together,2013-07-11
909367,1984,21200.0,1,0,53,18,11,18,19,13,50,4,2,1,4,6,0,0,0,0,0,0,0,Master,Married,2014-01-25
909368,1969,30300.0,1,0,38,3,2,6,7,5,25,1,1,0,3,4,0,0,0,0,0,0,1,Graduation,Married,2013-10-02
909369,1964,39500.0,1,1,24,252,16,33,16,1,24,3,5,2,4,6,0,0,0,0,0,0,0,PhD,Married,2013-08-30
909370,1980,39500.0,1,1,99,38,4,62,14,8,31,1,5,1,3,7,0,0,0,0,0,0,0,Graduation,Married,2013-09-22
909371,1965,54700.0,0,1,96,362,14,107,4,3,82,1,8,1,7,5,1,0,0,0,0,0,0,Master,Single,2013-05-23
909372,1970,58200.0,0,0,91,455,197,787,131,8,61,1,3,5,6,7,0,0,0,0,0,0,0,PhD,Together,2013-11-28
909373,1983,62600.0,0,1,78,664,41,244,253,2,15,2,9,5,9,3,0,0,0,1,1,0,0,Graduation,Divorced,2014-03-20
909374,1965,64600.0,1,1,96,14,3,11,1,0,6,1,2,0,3,6,0,0,0,0,0,0,0,Graduation,Married,2013-03-28
909375,1973,27400.0,1,1,45,29,4,39,9,29,6,4,3,0,3,8,0,0,0,1,0,0,0,Graduation,Together,2014-05-05
909376,1968,56500.0,0,0,44,450,1,242,7,5,21,2,4,8,8,6,0,0,0,1,1,0,0,Graduation,Single,2013-04-26
909377,1960,76000.0,1,1,35,1171,10,181,4,0,26,10,8,3,11,7,0,0,0,0,0,1,0,PhD,Together,2012-08-11
909378,1961,32100.0,0,1,50,10,3,5,30,7,35,2,1,0,3,6,0,0,1,0,0,0,0,2n Cycle,Together,2012-09-01
909379,1947,28500.0,1,0,40,35,1,10,2,2,4,2,2,0,4,6,0,0,0,0,0,0,0,Graduation,Married,2013-11-25
909380,1978,53900.0,0,0,12,393,47,140,69,17,26,2,3,8,10,1,0,0,0,0,0,0,0,Graduation,Widow,2014-06-06
909381,1968,62800.0,0,0,63,37,197,30,14,5,19,0,2,1,4,2,0,0,0,0,0,0,0,Graduation,Single,2014-06-12
909382,1983,90300.0,0,0,38,129,15,325,30,20,72,1,5,5,7,4,0,0,0,0,0,0,0,Master,Divorced,2013-11-07
909383,1961,80700.0,0,0,23,367,197,701,259,84,25,2,5,3,10,2,0,0,0,0,0,0,0,PhD,Divorced,2013-10-19
909384,1968,26400.0,1,1,38,9,1,16,3,1,4,2,2,1,3,4,0,0,1,0,0,0,0,Master,Single,2014-04-06
909385,1974,69100.0,0,1,41,322,28,111,16,51,16,2,2,4,13,2,0,0,0,0,0,0,0,PhD,Married,2012-09-18
909386,1963,29400.0,1,1,33,7,0,1,0,1,4,1,0,0,2,6,0,0,0,0,0,0,0,Graduation,Married,2012-11-05
909387,1966,26500.0,1,0,43,12,4,10,12,8,3,1,2,0,3,9,0,0,0,0,0,0,0,PhD,Widow,2014-03-15
909388,1967,64700.0,0,0,51,465,20,284,16,29,94,2,5,7,9,9,0,0,1,0,0,1,0,Graduation,Single,2014-01-09
909389,1970,57900.0,0,0,50,423,120,233,34,16,65,2,5,7,12,4,0,0,0,0,0,0,0,2n Cycle,Single,2014-05-02
909390,1965,24900.0,1,1,91,111,18,41,10,5,52,5,2,2,3,5,0,0,0,0,0,0,0,Graduation,Single,2013-07-17
909391,1965,22600.0,0,0,78,12,12,15,19,15,18,2,2,1,3,5,0,0,0,0,0,0,0,Graduation,Married,2014-01-20
909392,1969,18600.0,1,1,17,2,10,13,43,20,26,3,3,1,3,6,0,0,0,0,0,0,0,Graduation,Single,2014-01-21
909393,1958,80000.0,0,0,88,1195,27,260,18,9,22,1,3,5,7,3,1,0,1,1,1,0,0,PhD,Together,2012-11-05
909394,1980,60200.0,1,1,50,79,12,58,7,4,36,5,5,2,4,6,0,0,0,0,0,0,0,Master,Married,2013-02-09
909395,1965,103000.0,0,0,68,816,38,981,36,198,28,0,9,11,9,1,0,0,0,0,0,0,0,Graduation,Single,2014-03-04
909396,1976,29600.0,1,1,66,2,7,5,9,5,52,2,0,0,3,6,0,0,1,0,0,0,0,Graduation,Single,2014-05-14
909397,1970,47700.0,1,1,0,226,0,54,0,3,180,6,4,2,6,7,0,0,0,1,0,0,0,Master,Married,2012-11-18
909398,1970,96000.0,0,1,26,901,25,880,16,151,186,2,7,7,13,4,0,0,0,0,0,0,0,2n Cycle,Married,2012-09-22
909399,1969,23700.0,0,0,29,31,15,75,2,1,38,1,6,0,2,7,0,0,0,0,0,0,0,Master,Married,2012-12-08
909400,1986,29500.0,1,0,56,14,2,8,0,0,5,0,2,0,2,12,0,0,0,0,0,0,0,Graduation,Together,2013-05-12
909401,1960,46500.0,0,0,35,74,1,25,3,18,56,2,3,1,4,7,0,0,0,0,0,0,0,Graduation,Single,2014-04-23
909402,1973,80800.0,0,1,55,657,26,193,9,69,117,3,10,7,7,6,0,0,0,0,0,0,0,Graduation,Married,2013-12-11
909403,1975,21100.0,1,0,74,3,3,5,4,3,31,2,1,0,3,8,0,0,0,0,0,0,0,2n Cycle,Married,2014-01-16
909404,1963,76500.0,0,0,32,353,15,358,49,180,68,1,6,5,13,3,0,0,0,0,1,1,0,2n Cycle,Together,2012-09-30
909405,1958,32100.0,0,0,27,29,0,2,0,0,0,1,1,0,2,6,0,0,0,0,0,0,0,Master,Single,2012-09-05
909406,1977,37400.0,0,1,34,88,7,63,23,2,25,3,6,1,5,7,0,0,0,0,0,1,0,PhD,Married,2013-02-23
909407,1985,48900.0,1,0,56,13,0,21,0,3,19,3,4,0,3,8,0,0,0,0,0,0,0,Graduation,Married,2014-02-15
909408,1964,46900.0,0,0,65,373,13,135,77,35,4,1,7,3,9,4,0,0,0,0,0,0,0,PhD,Divorced,2013-01-16
909409,1969,19600.0,1,0,56,10,0,1,1,1,4,1,0,0,2,7,0,0,0,0,0,0,0,PhD,Married,2012-12-11
909410,1965,76200.0,0,1,77,1213,38,135,105,41,109,2,13,3,12,5,0,0,0,1,0,0,0,Graduation,Together,2014-02-12
909411,1990,28600.0,1,0,25,40,2,34,4,3,12,2,4,0,2,9,0,0,0,0,0,0,0,Graduation,Married,2013-06-26
909412,1963,45700.0,0,1,24,233,131,287,234,36,24,2,10,5,8,4,0,0,1,0,0,0,0,Master,Together,2013-01-11
909413,1943,49100.0,0,1,33,696,32,54,10,41,46,3,8,5,13,4,0,0,0,0,0,0,0,Graduation,Together,2014-05-26
909414,1965,74100.0,1,1,44,202,47,128,4,17,85,4,5,2,8,5,0,0,0,0,0,0,0,Graduation,Married,2014-06-08
909415,1976,42700.0,0,1,3,74,60,36,29,45,15,1,3,1,4,6,0,0,0,0,0,0,0,Graduation,Single,2012-12-22
909416,1966,48700.0,1,1,4,392,3,28,1,1,34,7,6,1,6,6,0,0,0,0,0,0,0,Graduation,Together,2012-09-13
909417,1976,52400.0,1,0,24,514,17,90,90,10,47,2,3,4,4,4,0,0,0,0,0,0,0,Master,Married,2013-06-09
909418,1978,59200.0,0,0,99,741,52,356,15,39,362,2,8,5,7,8,0,0,0,0,0,0,0,PhD,Married,2012-10-10
909419,1971,37300.0,1,0,55,14,8,14,7,6,24,1,3,0,3,5,0,0,0,0,0,0,0,PhD,Together,2012-12-30
909420,1960,83900.0,0,0,20,532,45,302,187,91,43,0,4,3,13,2,0,0,0,0,0,0,0,Graduation,Married,2013-08-21
909421,1975,86800.0,0,1,73,164,20,128,230,47,18,2,8,2,3,1,0,0,0,0,0,0,0,2n Cycle,Together,2012-09-07
909422,1961,52900.0,0,1,0,826,28,292,11,65,17,4,8,3,6,6,0,0,0,0,0,0,0,Graduation,Single,2014-06-10
909423,1966,83700.0,0,0,44,1333,11,313,27,12,25,2,9,7,13,4,0,0,0,0,1,1,0,Graduation,Single,2012-12-13
909424,1980,48300.0,2,0,25,17,0,9,0,4,11,1,1,0,4,5,0,0,0,0,0,0,0,Master,Together,2012-10-18
909425,1949,77600.0,0,1,66,346,0,301,163,114,48,2,5,4,6,2,0,0,0,0,0,0,0,Master,Married,2014-05-03
909426,1968,49400.0,1,0,27,35,0,20,0,0,1,1,1,0,3,6,0,0,0,0,0,0,0,Graduation,Married,2014-04-27
909427,1962,76600.0,0,0,48,199,72,259,238,10,21,1,2,6,3,1,0,0,0,0,0,0,1,Graduation,Divorced,2013-05-28
909428,1952,65200.0,0,0,94,179,7,912,17,3,35,1,4,5,3,3,0,0,0,0,0,0,0,Master,Together,2014-02-20
909429,1960,81800.0,0,0,2,269,37,1124,42,10,14,1,2,5,9,1,0,0,0,0,0,0,0,2n Cycle,Single,2014-04-10
909430,1973,53900.0,0,0,73,540,41,83,13,5,26,1,9,2,5,5,0,0,1,0,0,0,0,PhD,Together,2014-03-04
909431,1968,53500.0,1,1,41,212,4,81,14,5,177,9,3,3,4,9,0,0,0,0,0,0,0,Graduation,Together,2013-07-28
909432,1977,67300.0,0,1,4,495,24,315,3,27,95,2,3,5,8,3,1,0,0,1,1,0,0,Graduation,Divorced,2013-08-13
909433,1964,64600.0,1,0,84,33,3,15,3,1,3,1,1,0,3,5,0,0,1,0,0,0,0,Graduation,Single,2014-02-21
909434,1954,66600.0,0,1,11,1171,4,120,2,5,21,5,11,6,9,5,0,0,0,0,0,0,0,Graduation,Together,2012-10-21
909435,1967,31500.0,1,1,31,23,1,9,4,1,2,4,2,0,4,6,0,0,0,0,0,0,0,Graduation,Married,2013-03-04
909436,1983,29700.0,1,0,24,27,6,33,3,7,42,3,3,0,5,7,0,0,0,0,0,0,0,Graduation,Married,2012-11-02
909437,1965,38400.0,0,0,84,17,2,13,0,4,28,1,1,0,2,6,0,0,0,0,0,0,0,Master,Together,2012-12-20
909438,1959,68000.0,0,0,27,842,25,377,11,16,39,1,5,9,12,2,0,0,0,0,1,1,0,PhD,Single,2014-03-31
909439,1956,64600.0,1,2,99,184,1,39,1,3,24,3,1,2,4,6,0,0,1,0,0,0,0,Basic,Single,2013-01-09
909440,1971,59400.0,0,0,29,523,18,235,11,1,165,2,10,5,7,9,0,0,0,0,0,1,0,Graduation,Single,2013-11-02
909441,1970,44500.0,0,0,14,340,5,76,76,1,155,2,7,2,4,6,0,0,0,0,0,1,0,Graduation,Single,2012-10-18
909442,1983,68200.0,0,0,38,166,42,333,259,84,7,2,4,4,8,2,0,0,0,0,0,0,0,PhD,Married,2013-12-03
909443,1975,75900.0,1,1,87,136,12,246,18,63,244,2,3,11,6,3,0,0,0,0,0,0,0,Graduation,Single,2013-11-19
909444,1960,42000.0,1,1,47,2,9,6,0,1,5,0,0,0,2,7,0,0,0,0,0,0,0,Basic,Together,2013-12-26
909445,1953,39200.0,0,0,59,56,0,29,1,6,16,1,9,2,2,5,0,0,0,0,0,1,0,PhD,Single,2012-10-13
909446,1970,44400.0,0,1,59,31,1,5,0,0,2,1,0,0,2,6,0,0,0,0,0,0,0,2n Cycle,Together,2014-06-28
909447,1967,24600.0,1,1,35,9,4,5,4,2,11,2,1,1,3,5,0,0,0,0,0,0,0,Graduation,Together,2013-03-05
909448,1962,56000.0,0,1,70,502,12,133,76,171,4,2,4,3,6,5,0,0,0,0,0,1,0,Graduation,Together,2013-06-21
909449,1977,19000.0,1,0,14,12,1,9,3,1,14,2,3,1,3,5,0,0,0,0,0,0,0,Master,Divorced,2012-11-26
909450,1959,56500.0,0,0,98,507,5,152,33,25,104,1,5,5,12,3,0,0,0,0,0,0,0,Graduation,Together,2013-01-21
909451,1978,24300.0,1,0,66,10,2,6,2,0,3,2,1,0,3,6,0,0,0,0,0,0,0,Graduation,Married,2013-06-16
909452,1973,64700.0,0,1,23,205,5,53,32,13,33,3,2,2,6,3,0,0,0,0,0,0,0,PhD,Together,2013-07-30
909453,1977,37600.0,0,0,0,519,7,99,1,8,71,4,7,2,9,6,0,0,0,0,0,0,0,Graduation,Together,2013-07-05
909454,1955,78200.0,0,2,30,1171,1,36,0,0,4,4,6,2,7,7,0,0,0,0,0,0,0,Graduation,Single,2013-12-07
909455,1980,37200.0,1,1,0,31,9,6,3,0,8,1,0,1,2,4,0,0,0,0,0,0,0,Graduation,Married,2012-09-20
909456,1982,31300.0,1,1,44,2,2,7,3,3,21,1,1,0,3,4,0,0,0,0,0,0,0,PhD,Married,2014-05-30
909457,1974,80800.0,0,1,29,156,2,68,18,13,100,1,8,4,5,3,0,0,0,0,0,0,0,Graduation,Married,2013-12-25
909458,1973,23400.0,1,0,66,10,5,26,7,18,36,3,2,0,3,6,0,0,0,0,0,0,0,Graduation,Married,2012-09-15
909459,1980,85000.0,0,0,21,834,17,371,253,19,38,1,5,7,11,1,1,0,0,0,1,0,0,Graduation,Married,2013-03-19
909460,1967,20900.0,1,0,33,11,1,12,4,2,7,1,1,1,3,8,0,0,1,0,0,0,0,Graduation,Married,2013-11-14
909461,1955,66200.0,0,0,36,391,11,301,16,20,4,1,2,5,7,1,0,0,0,0,0,0,0,Master,Together,2013-10-20
909462,1960,92400.0,0,1,76,342,9,214,19,36,103,1,5,4,3,3,0,0,0,0,0,0,0,2n Cycle,Married,2014-03-04
909463,1980,62500.0,0,0,22,888,9,355,8,5,5,3,6,3,8,5,1,0,0,0,1,0,0,PhD,Together,2013-10-09
909464,1962,26700.0,0,1,28,18,5,14,4,5,4,2,2,1,4,4,0,0,1,0,0,0,0,PhD,Married,2013-11-04
909465,1954,79100.0,0,2,51,1171,7,84,13,8,33,4,8,1,8,9,0,1,0,0,0,1,0,PhD,Married,2014-05-01
909466,1964,79500.0,0,0,69,606,41,321,60,8,46,1,3,3,8,1,1,0,0,0,0,0,0,Graduation,Married,2014-06-17
909467,1953,51200.0,0,1,36,79,10,40,42,21,101,2,6,3,7,4,0,0,0,0,0,0,0,Master,Divorced,2013-07-01
909468,1951,102100.0,0,0,60,589,61,707,136,263,33,1,2,9,11,1,0,0,0,0,0,0,0,2n Cycle,Married,2014-01-08
909469,1965,52400.0,0,0,77,774,17,269,19,5,163,5,14,5,8,6,1,0,0,0,0,0,0,PhD,Together,2014-04-22
909470,1954,59600.0,0,1,72,1343,153,665,23,26,65,4,5,8,9,3,0,0,0,0,0,0,0,Master,Single,2013-10-15
909471,1967,40100.0,0,1,53,124,3,144,20,98,65,3,4,2,7,7,0,0,0,0,0,0,0,Master,Married,2014-04-08
909472,1972,91200.0,0,0,44,136,109,708,259,13,180,2,6,3,7,2,0,0,0,0,0,0,0,Graduation,Married,2013-10-02
909473,1980,81000.0,0,0,72,375,193,651,253,11,245,1,6,11,13,3,0,0,0,1,1,0,0,PhD,Married,2013-05-07
909474,1963,105500.0,0,0,34,1280,16,981,170,83,14,0,6,6,10,2,0,0,0,0,1,1,0,PhD,Together,2013-04-03
909475,1956,47000.0,0,1,99,533,16,209,37,263,72,9,8,4,13,8,0,0,0,0,0,0,0,Master,Together,2013-02-08
909476,1974,38100.0,1,0,10,35,0,15,2,0,6,2,2,0,3,8,0,0,0,0,0,0,0,Graduation,Divorced,2014-01-16
909477,1963,62600.0,0,1,91,417,4,169,39,29,31,1,9,7,7,5,1,0,0,1,1,0,0,PhD,Married,2014-01-13
909478,1981,84800.0,0,0,67,244,182,605,10,71,28,0,4,7,9,3,0,0,0,0,1,1,0,Master,Married,2014-01-22
909479,1976,39600.0,1,0,48,4,2,4,2,0,1,1,1,1,2,5,0,0,0,0,0,0,0,Master,Together,2013-08-29
909480,1972,48000.0,1,1,37,15,0,21,1,0,13,0,2,0,2,8,0,0,0,0,0,0,0,PhD,Single,2014-01-19
909481,1960,27900.0,1,1,91,3,1,16,21,1,19,2,2,0,3,5,0,0,0,0,0,0,0,Graduation,Married,2013-04-07
909482,1975,63000.0,0,0,52,610,197,1016,259,205,141,1,4,10,12,2,0,0,0,0,0,0,0,PhD,Together,2013-03-21
909483,1952,61000.0,0,2,45,326,1,14,1,0,14,3,3,1,5,6,0,0,0,0,0,0,0,PhD,Married,2014-02-27
909484,1992,38900.0,0,0,59,3,21,18,9,6,45,1,1,0,4,3,0,0,0,0,0,0,0,Graduation,Widow,2012-11-13
909485,1981,63600.0,2,0,66,78,12,34,4,1,6,8,2,1,5,8,0,0,0,0,0,0,0,Graduation,Single,2013-07-30
909486,1978,29700.0,0,0,64,7,14,27,5,30,52,1,2,0,3,6,0,0,1,0,0,0,0,PhD,Married,2013-07-24
909487,1975,17800.0,1,0,39,9,19,35,7,5,12,3,3,2,2,9,0,0,0,0,0,0,0,Graduation,Married,2012-10-06
909488,1951,91200.0,0,0,99,1014,106,448,10,37,9,0,7,10,8,3,0,1,0,0,0,0,0,PhD,Married,2013-08-26
909489,1986,27000.0,1,0,64,47,13,61,8,17,26,2,5,2,5,6,0,0,0,0,0,0,0,PhD,Together,2013-11-19
909490,1977,34400.0,0,0,88,37,2,10,14,0,9,1,1,0,3,5,0,0,0,0,0,0,0,Graduation,Widow,2013-08-27
909491,1941,65700.0,0,1,37,258,15,412,6,39,46,2,5,4,8,5,0,0,0,0,0,1,0,Graduation,Single,2012-09-16
909492,1966,65200.0,0,0,52,1493,25,277,32,75,24,1,3,5,13,2,0,1,0,0,0,0,0,Graduation,Divorced,2014-05-07
909493,1989,51400.0,2,0,47,94,38,130,43,16,54,5,7,0,5,8,0,0,0,1,0,0,0,Graduation,Married,2013-04-08
909494,1970,89400.0,0,0,52,729,55,482,253,68,16,2,8,7,13,4,1,0,0,1,1,0,0,Graduation,Divorced,2013-09-23
909495,1966,50800.0,0,0,22,271,20,111,3,0,53,1,3,3,4,1,0,0,0,0,0,0,0,PhD,Together,2014-05-25
909496,1966,18800.0,0,1,4,4,6,3,1,1,3,1,1,0,3,6,0,0,0,0,0,0,0,2n Cycle,Married,2012-12-18
909497,1969,21900.0,1,1,79,18,1,8,1,0,18,2,2,0,2,5,0,0,0,0,0,0,0,Graduation,Married,2013-10-06
909498,1971,69700.0,0,0,0,746,12,590,253,141,105,1,5,5,6,3,1,0,0,0,0,0,0,Graduation,Married,2013-04-06
909499,1985,33500.0,1,0,86,88,7,36,21,28,11,3,7,1,6,11,0,0,0,0,0,0,0,Graduation,Married,2013-07-19
909500,1981,58800.0,0,0,55,73,17,69,61,5,107,1,1,4,3,4,0,0,0,0,0,0,0,PhD,Divorced,2012-11-20
909501,1970,68000.0,0,0,16,258,91,152,162,81,43,0,4,3,9,1,0,0,0,0,0,0,0,Master,Together,2013-06-05
909502,1981,36300.0,0,1,36,249,50,62,208,16,18,1,5,1,5,6,0,0,0,0,0,0,0,Graduation,Divorced,2013-11-28
909503,1979,64600.0,0,1,22,63,1,21,2,2,2,2,2,0,4,5,0,0,0,0,0,0,0,Master,Married,2014-03-03
909504,1963,28200.0,1,1,59,10,0,3,3,0,5,0,1,0,2,7,0,0,0,0,0,1,0,Master,Single,2013-04-28
909505,1962,62800.0,0,2,24,62,27,42,43,22,105,2,5,1,6,3,0,0,0,0,0,0,0,Master,Divorced,2014-01-09
909506,1969,46800.0,0,1,51,141,3,46,6,0,3,1,5,2,4,4,0,0,0,0,0,0,0,PhD,Single,2013-03-08
909507,1949,54000.0,1,1,99,250,0,25,1,10,31,6,6,2,6,5,0,0,0,1,0,0,0,Master,Together,2014-05-11
909508,1973,34700.0,1,1,19,110,0,123,2,10,96,4,4,1,5,7,0,0,0,0,0,0,0,Master,Married,2013-07-17
909509,1976,89700.0,0,1,51,787,14,359,53,69,47,1,8,4,9,5,0,0,0,0,0,0,0,Master,Together,2012-12-31
909510,1974,61000.0,1,1,87,558,2,78,2,7,38,7,7,3,5,7,0,0,0,0,0,0,0,PhD,Together,2013-08-09
909511,1988,62000.0,0,1,44,386,3,65,10,5,23,1,5,2,10,3,0,0,0,0,0,0,0,Master,Together,2013-06-20
909512,1951,114900.0,0,0,46,986,8,418,27,3,2,1,4,6,5,1,0,0,0,1,0,0,0,Master,Widow,2013-02-10
909513,1954,84200.0,0,0,38,1195,193,399,253,15,30,0,7,5,6,1,0,0,1,1,0,0,0,Graduation,Divorced,2013-03-11
909514,1955,58800.0,0,0,0,559,42,187,16,6,40,1,6,4,8,5,0,0,0,0,0,0,0,Master,Married,2013-03-09
909515,1971,73500.0,1,0,73,230,174,501,218,11,114,5,6,2,8,9,0,0,0,0,0,1,0,Master,Divorced,2013-02-25
909516,1985,60700.0,0,1,20,292,10,136,1,2,10,1,4,1,7,4,0,0,0,0,0,0,0,PhD,Together,2012-10-23
909517,1951,50400.0,0,0,80,605,10,270,22,42,112,4,4,9,13,5,0,0,0,0,0,0,0,PhD,Together,2012-08-31
909518,1977,77200.0,0,0,40,190,2,230,49,65,23,0,2,2,2,1,0,0,0,0,0,0,0,Master,Single,2012-10-28
909519,1959,28500.0,1,1,60,19,5,7,2,13,3,2,2,0,3,7,0,0,0,0,0,0,0,Graduation,Together,2012-09-01
909520,1977,59900.0,0,0,59,562,4,280,8,33,16,1,5,7,9,4,0,0,0,0,0,0,0,Master,Widow,2013-11-17
909521,1988,19100.0,0,0,31,14,8,15,26,8,15,1,2,0,3,7,0,0,0,0,0,1,0,Graduation,Together,2012-09-18
909522,1971,25800.0,1,0,0,4,1,3,9,2,2,1,1,1,3,5,0,0,0,0,0,0,0,2n Cycle,Single,2013-09-14
909523,1943,42400.0,0,1,32,380,137,128,18,69,137,7,4,6,11,6,0,0,0,0,0,0,0,Graduation,Together,2014-01-15
909524,1966,31000.0,0,0,16,14,1,3,5,0,8,0,1,0,3,6,0,0,0,0,0,0,0,Master,Together,2013-09-07
909525,1970,62300.0,0,0,99,207,29,339,56,113,362,2,4,7,8,3,0,0,0,0,0,0,0,Graduation,Married,2013-01-12
909526,1980,57000.0,1,0,83,77,88,431,234,38,22,2,3,1,6,5,0,0,0,0,0,0,0,Graduation,Married,2014-06-07
909527,1973,50500.0,1,1,99,30,25,76,30,53,28,3,4,1,4,7,0,0,0,0,0,1,0,Master,Married,2013-09-09
909528,1980,24600.0,1,1,69,23,9,28,2,5,6,5,3,0,4,5,0,0,0,0,0,0,0,2n Cycle,Together,2013-08-21
909529,1965,21600.0,0,1,88,25,3,20,5,10,14,2,2,1,3,8,0,0,0,0,0,0,0,PhD,Married,2013-05-26
909530,1964,35000.0,1,1,47,2,0,2,1,1,9,1,1,0,2,9,0,0,0,0,0,0,0,PhD,Single,2012-09-02
909531,1967,76600.0,0,0,43,1493,12,818,78,3,18,2,7,7,10,5,0,0,0,0,0,0,0,Graduation,Single,2012-10-03
909532,1965,77500.0,0,0,17,516,10,85,16,6,69,1,9,7,9,2,1,0,0,1,1,0,0,Graduation,Divorced,2014-02-22
909533,1952,28800.0,1,1,7,17,0,1,3,0,0,1,1,0,2,4,0,0,0,0,0,0,0,Graduation,Single,2012-08-29
909534,1981,10300.0,1,0,47,4,14,28,23,15,35,2,3,0,3,10,0,0,1,0,0,0,0,Graduation,Married,2013-08-09
909535,1969,54100.0,1,0,87,107,14,205,46,24,46,6,5,2,8,9,0,0,0,0,0,0,0,Graduation,Together,2013-08-15
909536,1960,72300.0,0,0,41,173,197,100,48,66,122,0,4,3,6,1,0,0,0,0,0,0,0,Graduation,Married,2012-11-21
909537,1962,55300.0,1,1,86,61,7,46,76,1,95,8,3,1,4,11,0,0,1,0,0,1,0,Graduation,Divorced,2014-03-15
909538,1960,86300.0,0,0,43,334,36,817,30,124,60,1,3,7,8,1,0,0,0,0,0,0,0,Graduation,Married,2013-04-15
909539,1967,62500.0,0,0,99,283,100,491,33,17,49,1,4,6,6,3,0,0,0,0,0,0,0,Master,Married,2013-09-30
909540,1954,43000.0,0,1,78,118,5,154,7,20,8,6,3,2,7,3,0,0,0,0,0,0,0,Graduation,Married,2012-09-19
909541,1975,23700.0,1,0,55,13,0,7,5,2,7,2,2,0,4,6,0,0,0,0,0,0,0,Master,Married,2013-08-29
909542,1966,17500.0,2,0,42,0,5,6,4,2,11,1,1,0,2,7,0,0,0,0,0,0,0,2n Cycle,Together,2013-08-05
909543,1971,65500.0,0,0,3,466,26,269,36,7,245,2,11,6,9,6,1,0,0,1,1,0,0,Graduation,Together,2014-06-03
909544,1959,58300.0,0,0,37,546,48,85,8,81,39,1,6,2,8,5,0,0,0,0,0,0,0,PhD,Together,2013-04-24
909545,1976,79900.0,0,0,13,271,102,344,52,23,2,1,1,4,6,0,0,0,0,0,0,0,0,Graduation,Together,2013-10-13
909546,1982,45000.0,1,0,64,4,13,8,43,23,52,1,1,0,5,4,0,0,0,0,0,0,0,Graduation,Married,2013-08-14
909547,1984,82300.0,0,0,99,1493,35,763,253,57,16,1,6,7,6,1,1,0,0,0,1,0,0,Master,Together,2012-08-07
909548,1965,46500.0,0,0,0,329,6,52,9,3,15,5,5,1,5,9,0,0,1,0,0,0,0,Master,Together,2014-02-24
909549,1969,45900.0,0,1,87,187,21,66,1,4,7,2,3,3,5,2,0,0,0,0,0,0,0,Master,Married,2013-03-16
909550,1965,103200.0,0,0,0,418,44,387,14,29,116,0,9,6,11,2,0,0,1,1,0,0,0,Master,Married,2013-03-03
909551,1976,24800.0,1,1,4,6,28,16,6,27,14,2,1,0,3,6,0,0,0,0,0,0,0,PhD,Married,2013-08-23
909552,1964,22000.0,1,0,81,4,4,9,7,0,5,2,1,0,3,6,0,0,0,0,0,0,0,Graduation,Single,2013-12-04
909553,1966,26100.0,0,1,33,5,1,2,3,2,4,1,1,0,2,6,0,0,0,0,0,0,0,2n Cycle,Widow,2013-05-30
909554,1981,55800.0,0,0,71,210,197,474,259,214,157,1,6,3,6,2,0,0,0,0,0,0,0,PhD,Married,2014-03-06
909555,1971,78500.0,1,0,16,274,4,246,94,64,124,1,4,11,6,3,0,0,0,0,0,0,0,PhD,Together,2012-08-01
909556,1951,77900.0,0,0,52,1488,81,415,253,17,42,1,4,8,11,1,0,0,1,1,0,1,0,Graduation,Together,2013-07-15
909557,1980,35400.0,0,0,88,23,0,3,0,0,2,0,1,0,2,8,0,0,0,0,0,0,0,2n Cycle,Married,2014-05-17
909558,1973,65300.0,0,0,99,205,28,194,105,25,207,0,4,3,5,1,0,0,0,0,0,0,0,Graduation,Together,2014-01-20
909559,1973,99100.0,0,0,60,612,197,1725,191,18,110,1,7,28,13,1,0,0,0,0,0,0,0,Master,Divorced,2013-08-05
909560,1947,49100.0,0,1,37,413,5,46,7,0,21,5,6,3,7,6,0,0,0,0,0,0,0,Graduation,Married,2013-02-07
909561,1972,17700.0,1,1,33,18,0,12,4,1,3,2,1,0,2,10,0,0,0,0,0,0,0,Graduation,Together,2013-02-20
909562,1985,71200.0,0,0,4,672,5,275,43,263,70,2,3,3,13,3,0,0,0,0,0,0,0,Master,Married,2013-06-07
909563,1970,82000.0,0,0,87,494,193,489,253,106,166,1,7,6,9,1,0,0,1,0,0,1,0,Graduation,Together,2013-08-15
909564,1973,29900.0,0,1,67,17,2,9,2,2,7,1,1,0,3,7,0,0,0,0,0,0,0,Graduation,Single,2013-05-24
909565,1956,54600.0,0,0,55,453,39,396,72,12,36,2,5,6,13,2,0,0,0,0,0,0,0,2n Cycle,Widow,2013-06-12
909566,1973,29700.0,1,1,61,8,0,7,3,0,1,1,2,0,3,7,0,0,0,0,0,0,0,Graduation,Married,2012-10-30
909567,1988,77600.0,0,0,52,382,11,129,73,31,245,2,5,5,5,2,1,0,0,0,1,1,0,Master,Together,2012-12-01
909568,1951,36800.0,1,0,41,13,4,22,0,1,5,2,3,0,3,8,0,0,0,0,0,0,0,Graduation,Married,2012-09-09
909569,1976,69300.0,0,0,44,169,11,59,10,7,23,1,3,2,6,3,0,0,0,0,0,0,0,Graduation,Together,2013-10-11
909570,1968,56600.0,0,1,85,457,2,180,4,30,57,1,10,4,7,4,0,0,1,1,0,1,0,Graduation,Married,2012-08-20
909571,1967,101400.0,0,0,19,563,116,981,26,198,28,0,2,5,13,1,0,0,0,1,0,0,0,Graduation,Single,2013-11-10
909572,1968,89100.0,0,0,12,616,88,158,60,65,314,1,5,3,10,3,0,0,0,0,0,0,0,Graduation,Together,2014-04-21
909573,1957,46200.0,1,1,68,53,1,16,0,1,6,2,1,2,2,6,0,0,0,0,0,0,0,Master,Divorced,2014-02-16
909574,1944,58000.0,0,0,65,1226,23,446,6,5,22,2,3,5,10,3,0,0,0,0,1,0,0,PhD,Married,2014-02-15
909575,1978,87900.0,0,0,28,251,28,176,199,66,47,1,3,5,8,0,0,0,0,0,0,0,0,Graduation,Married,2012-10-29
909576,1980,27400.0,0,0,18,15,18,48,24,15,28,3,2,0,4,5,0,0,0,0,0,0,0,PhD,Single,2013-08-27
909577,1980,13500.0,1,0,65,5,12,34,43,11,12,1,1,0,4,8,0,0,0,0,0,0,0,Graduation,Married,2013-11-02
909578,1965,70400.0,0,0,57,427,35,175,53,1,18,2,3,4,8,1,0,0,0,0,0,0,0,Graduation,Divorced,2014-03-15
909579,1973,32900.0,1,0,73,5,1,6,0,3,3,1,1,0,3,6,0,0,0,0,0,0,0,Graduation,Married,2014-05-29
909580,1970,39900.0,0,0,43,32,5,18,19,6,13,2,2,0,5,3,0,0,0,0,0,0,0,Master,Single,2014-03-23
909581,1977,67300.0,0,0,16,531,55,172,174,198,59,1,4,5,7,5,0,0,0,0,0,1,0,Master,Divorced,2014-02-16
909582,1986,56300.0,1,0,78,29,6,19,0,10,16,1,2,1,3,6,0,0,0,0,0,0,0,Master,Together,2013-11-30
909583,1951,79900.0,0,0,40,741,138,981,253,198,198,0,6,11,6,2,0,0,0,0,0,0,0,Graduation,Together,2013-04-13
909584,1971,73300.0,0,0,99,876,84,703,253,198,162,1,8,10,9,2,0,0,0,1,1,0,0,Graduation,Together,2014-05-10
909585,1956,53300.0,0,0,18,1437,17,578,9,1,22,2,8,5,6,4,1,0,1,0,0,0,0,2n Cycle,Single,2013-10-09
909586,1961,95300.0,0,0,52,810,193,843,253,198,189,0,4,9,12,1,0,0,0,0,0,0,0,Master,Divorced,2013-02-25
909587,1971,20900.0,1,1,48,18,3,31,1,6,20,2,1,1,2,5,0,0,0,0,0,0,0,Master,Single,2013-09-22
909588,1949,76400.0,0,1,43,686,39,243,237,9,33,2,5,4,7,4,1,0,0,0,0,0,0,Graduation,Single,2012-11-01
909589,1953,49000.0,1,1,6,237,7,113,20,1,17,6,6,1,7,10,0,0,0,0,0,0,0,PhD,Single,2014-03-26
909590,1975,11600.0,1,0,10,4,4,17,30,2,3,3,2,1,2,12,0,0,0,0,0,0,0,Graduation,Divorced,2013-09-05
909591,1981,58200.0,0,0,45,899,26,487,12,8,27,2,6,7,10,8,0,0,0,0,1,1,0,Graduation,Single,2013-12-05
909592,1972,37300.0,1,1,9,21,0,7,2,0,0,1,1,0,3,5,0,0,0,0,0,0,0,Master,Divorced,2013-12-23
909593,1981,58700.0,1,1,43,120,9,66,9,26,28,4,6,1,6,5,0,0,0,1,0,0,0,Graduation,Married,2014-06-17
909594,1966,59900.0,0,1,15,588,0,139,6,16,10,8,8,2,11,9,0,0,0,0,0,1,0,PhD,Married,2012-10-18
909595,1969,71600.0,0,0,42,630,58,981,32,16,245,2,3,5,10,3,0,0,0,0,0,1,0,PhD,Together,2013-04-25
909596,1966,64600.0,1,1,49,61,0,0,0,0,0,0,0,0,1,5,0,0,0,0,0,0,0,Graduation,Divorced,2013-10-16
909597,1968,36100.0,0,1,64,135,1,8,0,0,65,3,6,1,3,7,0,0,1,0,0,0,0,PhD,Together,2012-09-23
909598,1944,59500.0,0,1,51,1014,2,59,1,0,61,4,11,4,5,7,0,0,0,0,0,0,0,Graduation,Married,2013-04-22
909599,1967,27300.0,0,0,64,47,7,70,5,10,45,2,4,1,3,6,0,0,0,0,0,0,0,PhD,Divorced,2014-03-08
909600,1971,68800.0,0,0,61,251,8,57,19,6,16,1,5,3,7,2,0,0,0,0,0,0,0,Graduation,Together,2014-04-21
909601,1971,35600.0,1,1,40,57,0,17,0,0,5,2,2,2,2,8,0,0,0,0,0,0,0,Graduation,Married,2013-11-21
909602,1968,39500.0,1,2,70,4,1,4,0,1,9,2,1,1,2,4,0,0,0,0,0,0,0,Graduation,Widow,2014-05-26
909603,1964,91500.0,0,0,57,600,106,399,23,21,59,1,2,8,5,1,0,0,0,0,0,0,0,Master,Together,2013-10-03
909604,1966,21100.0,1,1,50,61,0,7,0,0,10,3,3,2,2,7,0,0,0,0,0,0,0,Graduation,Married,2013-02-25
909605,1978,69900.0,0,1,64,264,41,135,58,90,61,1,4,2,7,2,0,0,0,0,0,0,0,Graduation,Together,2014-01-17
909606,1963,43900.0,0,1,53,181,0,25,0,0,8,2,4,1,4,5,0,0,0,1,0,0,0,Graduation,Single,2013-05-05
909607,1971,62900.0,0,1,0,679,87,137,72,4,12,4,13,1,13,5,0,0,1,1,0,0,0,Graduation,Together,2014-03-11
909608,1963,23400.0,1,0,0,2,5,2,3,1,2,3,1,1,2,5,0,0,1,0,0,0,0,Graduation,Together,2014-05-06
909609,1969,51700.0,1,2,76,757,0,55,26,8,5,7,3,4,9,6,0,0,0,0,0,0,0,Graduation,Single,2013-03-06
909610,1956,64600.0,1,1,32,12,2,8,0,0,0,1,1,0,3,6,0,0,0,0,0,0,0,2n Cycle,Widow,2012-10-14
909611,1954,53600.0,0,1,2,524,84,163,19,221,73,1,5,4,12,4,0,0,0,0,0,0,0,Graduation,Divorced,2014-01-11
909612,1988,66900.0,0,0,55,497,21,288,115,123,115,5,9,2,9,4,0,0,0,0,0,0,0,Graduation,Married,2014-03-09
909613,1970,86500.0,0,0,29,1396,28,331,46,117,69,1,7,6,13,4,0,0,0,0,0,0,0,PhD,Single,2014-06-04
909614,1969,79300.0,0,0,3,643,36,922,195,71,76,1,7,4,5,3,0,0,0,0,0,0,0,Graduation,Single,2013-06-03
909615,1957,61700.0,0,0,0,716,26,530,194,77,74,1,9,11,12,3,1,0,0,0,0,0,0,Master,Together,2013-01-20
909616,1974,19600.0,0,0,63,8,1,6,0,2,1,1,1,0,2,8,0,0,0,0,0,0,0,Graduation,Together,2012-09-21
909617,1963,70600.0,0,0,17,517,22,189,4,2,29,1,2,7,6,3,0,0,0,0,0,0,0,Graduation,Married,2012-12-05
909618,1970,79100.0,1,2,96,1056,12,195,10,23,14,10,9,1,13,5,0,0,0,0,0,0,0,Graduation,Married,2012-12-11
909619,1968,77500.0,0,0,25,412,16,265,72,198,245,1,7,5,11,2,0,0,0,0,0,0,0,2n Cycle,Together,2013-01-24
909620,1982,16100.0,0,0,22,2,1,4,5,0,9,2,2,1,2,7,0,0,0,0,0,0,0,2n Cycle,Single,2012-09-09
909621,1985,27300.0,1,0,99,5,1,14,1,0,1,1,1,0,3,7,0,0,0,0,0,0,0,Master,Married,2013-12-08
909622,1957,87300.0,0,1,68,206,16,208,58,107,14,1,4,4,7,3,0,0,0,0,0,0,0,PhD,Together,2012-11-13
909623,1980,36800.0,0,0,99,3,1,5,1,3,5,0,0,0,3,7,0,0,0,0,0,0,0,Graduation,Single,2014-05-06
909624,1951,31200.0,0,1,20,127,2,10,0,0,24,2,5,1,4,5,0,0,0,0,0,1,0,Graduation,Single,2013-10-09
909625,1965,50100.0,1,1,0,50,4,9,0,0,2,1,2,0,4,5,0,0,0,0,0,0,0,2n Cycle,Together,2014-06-06
909626,1946,37600.0,1,2,52,88,0,16,0,2,6,5,2,0,4,8,0,0,0,0,0,0,0,PhD,Single,2012-08-07
909627,1974,50300.0,1,1,74,55,2,25,4,1,12,2,2,0,4,5,0,0,0,0,0,0,0,2n Cycle,Single,2014-06-03
909628,1973,28500.0,1,0,52,74,0,31,0,2,17,2,6,1,2,6,0,0,0,0,0,0,0,Graduation,Married,2014-06-05
909629,1954,18500.0,0,1,99,5,3,4,0,4,15,1,1,0,4,4,0,0,0,0,0,0,0,PhD,Together,2013-09-25
909630,1961,55800.0,0,0,35,262,59,393,50,2,60,2,4,7,6,3,0,0,0,0,0,0,0,Master,Married,2013-11-30
909631,1964,69900.0,0,1,67,665,12,220,31,31,91,4,3,6,13,2,0,0,0,0,0,0,0,Graduation,Divorced,2013-03-06
909632,1967,70200.0,0,0,40,498,34,347,6,3,81,1,3,6,5,2,0,0,0,0,0,0,0,Graduation,Married,2013-09-29
909633,1983,55600.0,0,1,49,241,6,285,259,31,48,3,3,5,5,3,0,0,0,0,0,0,0,2n Cycle,Married,2013-04-08
909634,1978,82600.0,0,0,48,168,32,54,10,8,17,2,3,1,3,2,0,0,0,0,0,0,0,Graduation,Married,2013-05-06
909635,1957,50600.0,0,1,90,266,4,28,5,4,65,4,7,3,5,7,0,0,0,0,0,0,0,Graduation,Together,2014-02-14
909636,1969,71900.0,0,1,71,163,9,49,4,6,4,2,7,0,7,5,0,0,0,0,0,0,0,Graduation,Divorced,2013-02-27
909637,1975,37200.0,0,0,23,290,54,72,11,4,100,2,7,2,5,8,0,0,0,0,0,0,0,Graduation,Together,2013-08-12
909638,1961,39400.0,0,0,39,79,57,175,11,30,12,5,3,2,7,10,0,0,0,0,0,0,0,2n Cycle,Married,2014-02-03
909639,1946,44800.0,0,1,99,608,71,77,41,98,13,4,8,1,13,8,0,0,0,0,0,0,0,PhD,Single,2013-07-02
909640,1949,49200.0,0,1,64,136,2,38,23,0,43,3,3,1,6,9,0,0,0,0,0,0,0,PhD,Together,2013-06-25
909641,1970,35200.0,0,1,17,30,0,10,0,0,2,0,1,0,3,5,0,0,0,0,0,0,0,2n Cycle,Single,2012-12-09
909642,1969,59900.0,0,1,81,842,41,765,90,263,87,2,7,9,12,4,0,0,0,0,0,0,0,PhD,Together,2013-04-13
909643,1967,30900.0,1,1,87,12,0,6,0,0,19,1,1,0,2,5,0,0,0,0,0,0,0,PhD,Single,2014-01-17
909644,1960,77400.0,0,0,12,220,4,161,110,7,14,1,6,3,8,6,0,0,0,0,0,0,0,Graduation,Married,2013-07-30
909645,1957,25000.0,1,0,26,2,4,7,14,4,11,0,0,1,2,6,0,0,0,0,0,0,1,Master,Married,2014-05-17
909646,1970,92400.0,0,0,81,643,197,408,88,263,60,1,6,6,6,2,0,0,0,0,0,0,0,Graduation,Married,2012-12-18
909647,1972,36300.0,0,0,70,25,21,16,4,18,27,1,2,0,4,6,0,0,0,0,0,0,0,Graduation,Together,2013-06-02
909648,1990,62300.0,0,1,21,693,4,301,9,5,82,3,5,9,12,6,0,0,0,0,0,0,0,Master,Single,2014-03-24
909649,1967,40100.0,1,1,47,11,3,12,3,1,33,3,1,1,3,5,0,0,0,0,0,0,0,2n Cycle,Married,2013-09-22
909650,1946,74700.0,0,2,47,119,155,24,24,24,24,1,2,1,12,2,0,0,0,0,0,0,0,Graduation,Married,2013-12-18
909651,1959,61200.0,0,0,19,534,17,306,73,1,77,1,5,7,13,4,0,0,0,0,0,0,0,Graduation,Together,2014-01-11
909652,1957,82400.0,0,0,41,1332,69,672,5,198,21,2,6,7,7,7,1,0,0,0,1,1,0,Graduation,Divorced,2012-09-17
909653,1965,44500.0,0,1,27,429,5,159,10,18,83,6,10,2,8,8,0,0,0,0,0,0,0,PhD,Single,2013-01-22
909654,1958,62800.0,0,1,47,128,26,195,23,8,28,4,9,2,6,10,1,0,0,0,0,0,0,Graduation,Married,2014-02-08
909655,1962,56900.0,0,1,76,630,15,1276,50,83,20,3,4,9,12,3,0,0,0,0,0,0,0,Graduation,Single,2012-11-25
909656,1984,28700.0,1,1,0,12,2,5,2,1,11,1,1,0,2,7,0,0,1,0,0,0,1,Basic,Divorced,2013-03-23
909657,1964,36100.0,0,1,69,4,11,6,3,6,9,2,1,1,3,3,0,0,0,0,0,0,0,Master,Single,2013-02-26
909658,1966,98500.0,0,1,35,1396,28,634,259,40,284,6,5,6,13,4,0,0,0,0,0,0,0,Graduation,Widow,2014-03-18
909659,1993,23600.0,2,0,40,38,2,61,2,3,16,4,3,1,2,6,0,0,0,0,0,0,0,Master,Single,2013-10-22
909660,1962,21900.0,1,1,80,5,3,12,13,4,38,2,3,0,3,7,0,0,0,0,0,0,0,2n Cycle,Divorced,2012-10-06
909661,1950,77600.0,0,0,0,1345,75,697,149,198,67,2,9,4,6,3,0,0,1,0,0,0,0,Master,Single,2014-04-24
909662,1982,69700.0,0,1,57,856,0,64,7,42,13,2,6,4,4,7,0,0,0,0,1,1,0,Graduation,Single,2013-08-23
909663,1962,57300.0,1,1,81,82,1,17,3,1,1,1,2,1,3,3,0,0,0,0,0,0,0,Graduation,Together,2014-02-16
909664,1973,38900.0,1,0,44,13,0,3,1,0,9,1,1,1,2,4,0,0,0,0,0,0,0,PhD,Single,2014-04-06
909665,1979,54000.0,0,1,70,1396,11,104,259,77,45,2,15,4,12,7,0,0,0,0,0,0,0,PhD,Married,2012-11-07
909666,1964,38900.0,0,1,72,1171,7,131,3,2,164,7,11,8,7,5,0,0,0,0,0,1,0,Master,Married,2014-04-03
909667,1977,29000.0,0,0,46,5,3,6,1,5,4,2,1,2,2,6,0,0,0,0,0,0,0,Graduation,Married,2012-10-31
909668,1955,64600.0,0,1,22,184,0,33,0,0,1,1,2,0,4,8,0,0,0,0,0,0,0,2n Cycle,Divorced,2012-08-21
909669,1960,25000.0,1,1,82,19,2,14,3,0,2,2,2,0,3,8,0,0,0,0,0,0,0,Master,Married,2012-12-07
909670,1946,26600.0,0,1,2,15,3,9,0,5,3,3,3,0,4,5,0,0,0,0,0,0,0,PhD,Married,2014-06-27
909671,1973,77800.0,1,0,51,68,50,462,43,123,21,1,4,5,4,3,0,0,0,0,0,0,0,2n Cycle,Together,2012-09-19
909672,1968,26500.0,1,0,41,11,5,6,12,4,25,2,1,0,5,3,0,0,0,0,0,0,0,Basic,Together,2013-12-28
909673,1969,37300.0,1,1,67,116,0,12,0,0,0,1,2,1,3,8,0,0,0,0,0,0,0,Graduation,Together,2013-07-29
909674,1950,37000.0,1,1,82,69,1,40,3,4,48,3,3,2,3,8,0,0,0,0,0,0,0,Master,Single,2013-05-03
909675,1984,55300.0,0,1,37,877,64,228,32,22,11,4,10,4,9,7,0,0,0,0,1,1,0,Graduation,Married,2012-08-14
909676,1970,44200.0,1,0,79,346,1,52,3,0,3,4,7,2,5,10,0,0,0,1,0,1,0,Graduation,Single,2012-12-24
909677,1995,68300.0,0,0,56,660,37,541,38,105,58,2,7,6,4,4,0,1,1,1,1,0,0,Master,Married,2013-01-28
909678,1955,28300.0,0,1,14,6,1,6,11,0,1,1,1,0,2,8,0,0,0,0,0,0,0,Graduation,Married,2013-10-06
909679,1970,11500.0,1,0,27,5,3,24,33,8,14,2,2,0,2,13,0,0,0,0,0,0,0,Graduation,Married,2014-01-18
909680,1966,30300.0,1,0,0,113,27,93,9,34,21,5,4,2,4,9,0,0,0,0,0,0,0,PhD,Single,2012-12-10
909681,1960,51400.0,0,2,96,302,122,29,2,17,20,7,2,1,11,6,0,0,0,0,0,0,0,Graduation,Together,2013-05-29
909682,1956,64600.0,1,1,90,184,0,27,1,0,3,1,1,0,4,5,0,0,0,0,0,0,0,Graduation,Single,2014-02-25
909683,1995,74300.0,0,0,74,266,121,1588,142,263,362,0,5,4,10,2,0,0,0,0,0,0,0,Graduation,Widow,2013-08-22
909684,1945,85400.0,0,0,28,985,193,439,75,198,64,0,5,6,8,2,1,0,0,1,1,0,0,PhD,Married,2013-11-01
909685,1963,86100.0,0,0,52,1385,29,1725,8,0,5,3,4,17,9,2,0,0,0,0,0,0,0,Master,Married,2012-09-08
909686,1968,29000.0,0,1,15,21,1,9,0,0,0,1,2,0,2,6,0,0,0,0,0,0,0,Graduation,Divorced,2013-01-17
909687,1986,23500.0,1,0,19,3,3,6,8,2,10,2,2,1,3,5,0,0,0,0,0,0,0,Basic,Married,2012-12-28
909688,1975,32100.0,0,0,28,39,15,20,18,1,2,2,2,1,4,4,0,0,0,0,0,0,0,Master,Married,2012-10-09
909689,1976,58600.0,1,1,39,94,2,37,0,8,49,3,5,0,5,5,0,0,0,0,0,0,0,Master,Together,2013-09-08
909690,1996,31700.0,1,0,66,56,1,43,3,1,1,2,3,0,4,5,0,0,0,0,0,0,0,PhD,Together,2014-01-20
909691,1964,15300.0,1,0,62,16,4,27,12,1,52,4,4,1,3,7,0,0,0,0,0,0,0,Graduation,Together,2014-04-28
909692,1963,42200.0,0,2,5,180,0,46,2,1,62,9,7,2,4,6,0,0,0,0,0,0,0,Graduation,Together,2013-01-25
909693,1952,76200.0,0,1,22,903,35,966,5,65,25,3,6,9,10,3,0,0,0,0,1,1,0,Master,Divorced,2013-08-23
909694,1972,68500.0,0,1,15,250,2,39,61,53,11,2,3,2,13,1,0,0,0,0,0,0,0,PhD,Divorced,2013-12-03
909695,1993,21800.0,1,0,15,13,6,47,24,14,26,3,2,1,5,5,0,0,0,0,0,0,0,Graduation,Together,2012-10-30
909696,1961,16700.0,1,0,45,25,24,23,5,17,45,2,2,2,3,7,0,0,1,0,0,1,0,Basic,Together,2014-03-01
909697,1951,85600.0,0,0,73,582,30,537,36,11,130,0,5,3,11,2,0,0,0,0,0,0,0,2n Cycle,Single,2013-02-15
909698,1965,48800.0,1,1,59,85,2,35,3,1,36,4,5,1,5,9,0,0,0,0,0,0,0,2n Cycle,Single,2013-07-24
909699,1976,44600.0,0,0,34,243,21,101,17,3,64,3,8,1,6,6,0,0,0,0,0,0,0,Master,Married,2013-09-04
909700,1974,32200.0,1,0,70,5,1,3,2,3,4,1,1,0,2,6,0,0,0,0,0,0,0,2n Cycle,Married,2014-02-09
909701,1974,108900.0,0,1,50,649,60,213,7,124,118,2,7,3,8,2,0,0,0,0,0,0,0,Graduation,Married,2012-12-26
909702,1965,97600.0,0,0,99,1154,7,569,33,198,85,1,6,11,5,1,1,0,0,0,0,1,0,Master,Married,2012-08-19
909703,1984,44300.0,1,0,24,172,11,63,4,1,21,5,6,1,4,12,0,0,0,0,0,1,0,Master,Widow,2013-09-29
909704,1966,26800.0,2,0,57,19,1,10,0,2,4,1,0,0,3,6,0,0,0,0,0,0,0,Graduation,Together,2013-11-14
909705,1995,77000.0,0,0,60,805,5,238,144,52,41,1,9,4,10,5,1,0,0,1,0,1,0,PhD,Single,2012-11-12
909706,1977,99000.0,0,0,14,570,44,296,259,33,29,1,3,8,6,1,0,0,0,0,0,0,0,Graduation,Together,2013-04-23
909707,1965,35000.0,1,1,62,4,6,10,5,0,8,1,2,0,2,6,0,0,0,0,0,0,0,Graduation,Together,2013-12-30
909708,1965,29700.0,1,1,67,45,2,17,2,1,9,3,3,0,5,7,0,0,0,0,0,0,0,Graduation,Married,2012-10-23
909709,1977,112100.0,0,1,65,228,42,198,8,24,68,2,6,4,9,4,0,0,0,0,0,0,0,Graduation,Married,2014-01-16
909710,1963,73600.0,0,1,72,746,17,402,152,22,62,2,7,5,6,3,0,0,0,1,1,1,0,Graduation,Single,2013-07-28
909711,1953,39900.0,0,1,76,110,0,24,3,0,14,3,4,1,5,6,0,0,1,0,0,0,0,Master,Married,2012-09-03
909712,1968,16200.0,0,0,45,3,2,22,4,5,9,1,1,0,3,6,0,0,0,0,0,0,0,PhD,Together,2013-04-16
909713,1969,56900.0,0,0,43,312,11,255,15,8,81,1,4,7,11,3,0,0,0,0,0,0,0,Graduation,Married,2012-09-11
909714,1973,82600.0,0,0,42,653,16,521,253,30,19,1,5,5,11,2,0,0,0,0,1,1,0,Graduation,Married,2014-03-02
909715,1946,21800.0,0,1,20,16,0,2,1,0,3,1,1,1,2,8,0,0,0,1,0,0,0,Graduation,Married,2012-11-30
909716,1980,37300.0,2,1,68,13,0,15,0,0,6,1,2,1,2,7,0,0,0,0,0,0,0,Graduation,Together,2012-12-15
909717,1978,31300.0,0,0,72,3,2,8,1,2,7,0,0,0,2,9,0,0,0,0,0,0,0,Graduation,Married,2013-08-12
909718,1959,75800.0,0,1,60,954,6,171,9,2,17,3,4,4,11,7,1,0,0,0,0,1,0,2n Cycle,Single,2013-07-08
909719,1961,89400.0,0,0,57,521,52,935,211,191,25,0,4,11,6,1,1,0,0,0,1,0,0,Graduation,Married,2013-02-10
909720,1957,79700.0,0,0,25,802,14,981,8,39,25,1,7,7,10,4,0,0,0,0,1,0,0,Graduation,Widow,2014-04-27
909721,1951,52900.0,0,1,50,448,12,88,0,0,30,2,14,0,7,4,0,0,0,0,0,0,0,Master,Together,2013-05-23
909722,1965,53600.0,1,0,21,112,16,121,4,135,19,3,5,2,7,2,0,0,0,0,0,0,0,PhD,Married,2013-05-19
909723,1973,52800.0,0,0,39,347,22,248,46,4,8,1,7,3,9,3,0,0,0,1,0,0,0,Master,Together,2013-11-29
909724,1977,26200.0,2,0,99,7,4,26,3,2,5,3,2,0,5,7,0,0,0,0,0,0,0,Graduation,Together,2013-09-30
909725,1982,31500.0,1,0,79,184,0,57,5,4,11,4,3,2,4,9,0,0,0,0,0,0,0,Master,Married,2014-06-10
909726,1970,24800.0,1,0,46,14,6,33,10,4,9,3,2,1,4,4,0,0,0,0,0,0,0,2n Cycle,Married,2013-10-06
909727,1979,54800.0,0,1,24,184,61,20,7,5,23,1,4,1,8,4,0,0,0,0,0,0,0,Master,Together,2013-12-08
909728,1967,19300.0,2,0,0,25,9,21,17,25,22,4,4,0,3,7,0,0,0,0,0,0,0,PhD,Married,2012-09-01
909729,1970,98300.0,0,0,36,1263,193,646,41,63,64,1,5,9,13,2,1,0,0,1,1,0,0,Graduation,Single,2013-03-12
909730,1947,66300.0,0,1,14,308,6,57,13,9,42,10,7,2,12,5,0,0,0,0,0,1,0,PhD,Together,2013-03-16
909731,1964,71400.0,0,0,40,1079,19,219,197,23,37,1,4,6,9,6,1,1,1,1,0,1,0,Graduation,Together,2013-11-18
909732,1963,45200.0,0,1,22,286,6,41,27,3,12,3,5,1,7,9,0,0,0,0,0,1,0,Master,Divorced,2014-04-26
909733,1970,36600.0,0,1,58,163,10,73,11,0,37,3,6,2,4,5,0,0,0,0,0,0,0,Graduation,Divorced,2013-03-31
909734,1963,89800.0,0,0,34,671,57,981,253,189,71,1,7,10,9,1,0,0,0,1,0,0,0,Graduation,Together,2014-05-27
909735,1974,39600.0,0,1,72,108,2,24,30,13,18,1,3,1,4,6,0,0,0,1,0,0,0,Graduation,Married,2013-07-14
909736,1944,65800.0,0,1,73,177,39,394,3,12,113,3,4,3,4,5,1,0,0,0,0,1,0,2n Cycle,Married,2013-05-25
909737,1950,98400.0,0,0,72,222,3,350,124,37,25,1,2,10,7,1,0,0,0,0,0,0,0,PhD,Divorced,2013-11-09
909738,1961,76100.0,0,0,81,490,37,161,124,53,17,1,4,5,5,1,0,0,0,1,1,1,0,Graduation,Divorced,2013-08-15
909739,1991,47500.0,1,0,94,42,7,36,11,53,29,2,3,2,4,6,0,0,0,0,0,1,0,2n Cycle,Together,2013-12-11
909740,1971,29100.0,1,0,63,5,6,13,3,2,5,1,2,0,4,5,0,0,0,0,0,0,0,Master,Single,2013-04-10
909741,1959,51200.0,1,1,51,204,6,88,5,9,40,4,4,1,7,9,0,0,0,0,0,0,0,Graduation,Together,2013-03-03
909742,1965,85500.0,0,0,80,1493,48,981,253,198,4,1,4,7,12,1,0,0,0,0,0,1,0,Master,Together,2013-07-09
909743,1972,58800.0,1,1,0,278,3,45,1,6,40,3,4,1,6,6,0,0,0,0,0,0,0,PhD,Married,2013-09-12
909744,1960,58500.0,0,1,34,521,12,506,23,42,274,1,3,7,10,4,0,0,0,0,0,0,0,PhD,Married,2014-05-07
909745,1985,66500.0,0,1,70,1250,4,442,29,88,91,2,4,2,13,7,0,0,1,0,1,1,0,Graduation,Single,2012-12-28
909746,1967,44600.0,0,1,67,397,5,67,3,4,321,2,6,1,6,7,0,0,0,0,0,0,0,Graduation,Single,2013-08-12
909747,1966,61000.0,1,1,3,10,0,1,0,0,8,1,1,0,3,5,0,0,0,0,0,0,0,PhD,Together,2013-12-14
909748,1982,55400.0,0,0,45,507,0,38,26,0,43,3,11,3,7,5,0,0,0,0,0,0,0,Graduation,Together,2012-12-10
909749,1963,19100.0,1,1,9,23,5,8,5,2,6,3,2,0,3,8,0,0,0,0,0,0,0,PhD,Single,2012-09-21
909750,1954,61200.0,0,0,99,912,5,124,30,26,16,1,8,3,13,4,0,0,0,0,0,0,0,Graduation,Single,2014-01-15
909751,1991,23700.0,1,1,99,14,1,6,1,4,20,2,0,0,4,6,0,0,0,0,0,0,0,Graduation,Single,2013-07-14
909752,1968,72000.0,0,0,76,287,98,374,19,13,19,1,5,9,7,1,0,0,0,0,0,0,0,Graduation,Married,2013-06-24
909753,1978,63200.0,0,1,44,76,2,20,2,0,11,1,2,0,3,5,0,0,0,0,0,0,0,Graduation,Single,2013-04-06
909754,1965,59900.0,0,1,10,692,21,213,3,30,52,6,5,8,6,5,0,0,0,0,0,0,0,2n Cycle,Together,2014-01-19
909755,1975,77400.0,0,0,74,565,70,981,31,125,105,1,6,4,12,3,0,0,0,1,1,1,0,PhD,Divorced,2013-04-27
909756,1990,31300.0,1,0,11,15,1,5,0,0,1,1,1,0,3,11,0,0,0,0,0,0,0,Graduation,Together,2014-05-28
909757,1974,51700.0,1,0,0,376,0,38,0,2,34,2,8,2,3,8,0,0,0,0,0,0,0,PhD,Together,2013-12-13
909758,1992,39200.0,1,0,56,111,12,107,117,30,39,3,7,2,6,7,0,0,1,0,0,0,0,2n Cycle,Single,2012-08-20
909759,1951,74700.0,0,0,27,306,158,171,123,120,36,1,7,4,11,3,0,0,0,0,0,0,0,Graduation,Together,2012-11-13
909760,1984,32200.0,0,0,39,3,15,7,6,1,5,0,0,0,1,8,0,0,0,0,0,0,0,PhD,Married,2014-05-28
909761,1967,17900.0,0,0,55,65,1,17,1,0,7,2,1,1,3,6,0,0,0,0,0,0,0,PhD,Married,2012-10-31
909762,1971,42500.0,1,0,57,559,3,61,4,20,29,4,5,2,7,7,0,0,0,0,0,0,0,PhD,Married,2012-09-08
909763,1982,28000.0,1,1,59,37,33,35,14,25,12,4,2,1,4,4,0,0,0,0,0,0,0,Master,Together,2012-09-05
909764,1961,72100.0,0,1,89,405,14,64,11,7,20,2,4,5,8,6,0,0,0,0,0,0,0,PhD,Single,2014-03-26
909765,1960,60000.0,0,1,67,982,15,47,26,15,10,1,3,2,6,2,0,0,0,0,0,0,0,PhD,Single,2013-01-12
909766,1975,83300.0,0,0,24,1396,197,1030,205,95,362,3,3,9,13,3,0,0,0,0,0,0,0,Master,Together,2014-02-18
909767,1953,67800.0,0,1,51,153,115,166,11,12,14,2,2,4,4,4,0,0,0,0,0,0,0,Master,Divorced,2013-10-01
909768,1969,17600.0,1,1,23,10,0,6,1,1,0,2,1,0,3,7,0,0,0,0,0,0,0,Graduation,Married,2012-10-04
909769,1965,52500.0,0,0,41,410,7,182,22,9,81,2,8,2,4,6,0,0,0,1,1,1,0,PhD,Married,2013-09-25
909770,1948,51400.0,0,1,60,205,36,82,5,53,65,1,3,1,10,3,0,0,0,0,0,0,0,2n Cycle,Married,2013-08-04
909771,1957,73000.0,0,1,56,447,37,401,253,5,30,2,7,9,5,3,0,0,0,0,0,0,0,Graduation,Together,2013-04-24
909772,1954,58100.0,0,1,35,398,46,40,5,10,9,1,6,1,8,7,0,0,0,0,0,1,0,PhD,Together,2014-05-31
909773,1968,88100.0,0,0,22,588,193,477,241,34,27,1,3,4,10,1,0,0,0,0,1,0,0,PhD,Married,2013-12-08
909774,1977,85800.0,0,0,29,792,193,386,22,47,15,2,5,4,6,3,1,0,1,0,1,1,0,PhD,Single,2013-09-29
909775,1948,90000.0,0,2,29,550,15,350,81,12,58,3,2,7,8,2,0,0,0,0,0,0,0,PhD,Divorced,2013-04-26
909776,1963,87700.0,0,0,78,686,70,409,239,6,104,0,5,3,7,3,1,0,1,0,1,1,0,Graduation,Single,2013-10-05
909777,1958,79000.0,0,1,27,749,54,261,31,58,64,2,3,2,7,4,1,0,0,0,1,0,0,PhD,Married,2012-10-03
909778,1947,77000.0,0,1,37,183,101,120,2,2,37,2,3,1,12,2,0,0,0,0,0,0,0,Graduation,Married,2014-02-20
909779,1979,53900.0,0,1,90,815,20,110,4,6,59,4,8,2,9,5,0,0,0,0,0,0,0,Master,Divorced,2013-11-07
909780,1971,41900.0,0,1,25,372,17,179,38,13,70,6,3,9,6,6,0,0,0,0,0,0,0,2n Cycle,Married,2014-06-21
909781,1964,72000.0,0,0,20,594,36,685,83,159,362,2,4,5,10,3,0,0,0,0,0,0,0,Graduation,Together,2012-09-02
909782,1961,68000.0,0,1,38,746,11,461,47,127,245,2,4,6,5,4,0,1,0,0,0,1,0,Graduation,Married,2012-10-16
909783,1975,26400.0,1,0,33,0,3,7,4,3,2,1,0,0,4,5,0,0,1,0,0,0,0,Graduation,Married,2014-05-16
909784,1960,68300.0,0,0,30,762,16,1089,259,20,167,1,6,14,9,5,0,0,0,0,0,0,0,2n Cycle,Together,2012-10-18
909785,1978,21700.0,1,0,45,0,3,4,5,0,2,1,0,0,2,6,0,0,0,0,0,0,0,Graduation,Married,2013-01-28
909786,1955,69100.0,0,1,97,556,8,340,2,1,12,1,4,3,10,2,0,0,0,1,0,0,0,Master,Divorced,2013-01-02
909787,1954,52200.0,0,0,44,165,5,1048,18,58,8,2,2,5,5,4,0,0,0,0,0,0,0,Graduation,Together,2012-11-19
909788,1947,88000.0,0,0,2,333,33,142,53,51,37,1,4,2,7,1,0,0,0,0,0,0,0,Graduation,Single,2013-11-03
909789,1983,64800.0,0,1,43,354,59,551,31,3,71,3,6,4,5,3,0,0,0,0,0,0,0,Graduation,Widow,2014-03-06
909790,1969,50800.0,1,1,22,93,6,59,23,21,11,2,2,1,3,2,0,0,0,0,0,0,0,Graduation,Married,2012-11-07
909791,1982,13100.0,1,0,75,3,10,15,17,12,15,3,2,0,4,8,0,0,0,0,0,0,0,2n Cycle,Single,2013-10-12
909792,1977,50800.0,1,1,23,700,2,69,8,8,42,4,9,1,8,8,0,0,0,0,0,0,0,PhD,Married,2012-11-26
909793,1943,79800.0,1,0,10,377,20,233,8,7,93,2,6,6,3,4,0,0,0,0,0,0,0,Graduation,Single,2013-08-29
909794,1983,34500.0,1,0,24,18,2,18,4,11,8,1,2,0,3,7,0,0,0,0,0,0,0,2n Cycle,Married,2014-01-08
909795,1977,25900.0,1,1,54,13,1,11,3,6,9,2,1,1,3,5,0,0,0,0,0,1,0,PhD,Married,2013-12-24
909796,1987,22300.0,1,0,47,20,3,14,13,4,7,3,3,0,5,10,0,0,0,0,0,0,0,Master,Married,2013-07-25
909797,1957,36000.0,0,1,63,42,4,22,5,3,8,0,3,0,3,6,0,0,0,0,0,0,0,PhD,Married,2014-06-16
909798,1955,42800.0,0,1,42,257,14,64,15,7,41,3,6,7,5,7,0,0,0,0,0,0,0,Master,Single,2012-11-25
909799,1973,24100.0,2,0,88,6,1,7,12,2,8,3,3,0,2,8,0,0,0,0,0,0,0,PhD,Together,2014-02-13
909800,1972,39600.0,1,1,24,199,4,48,16,3,11,3,6,2,4,9,0,0,0,0,0,0,0,Master,Together,2013-11-13
909801,1970,50600.0,0,1,21,264,4,141,15,9,169,4,5,5,6,8,0,0,0,0,0,0,0,Graduation,Divorced,2012-10-03
909802,1950,60700.0,0,0,54,549,6,346,21,8,20,1,2,5,9,4,0,0,0,0,0,0,0,Graduation,Divorced,2014-03-20
909803,1964,79100.0,1,1,37,465,9,63,3,2,24,7,6,2,11,7,0,0,1,0,0,1,0,Graduation,Together,2013-08-15
909804,1961,65100.0,0,0,47,421,31,147,205,27,46,0,6,1,13,1,0,0,0,0,0,0,0,Graduation,Married,2014-05-10
909805,1981,91700.0,1,0,32,215,5,195,259,46,6,1,2,6,6,1,0,0,0,0,0,0,0,PhD,Divorced,2013-12-21
909806,1977,58900.0,0,0,77,326,38,365,14,10,52,2,3,9,4,2,0,0,0,0,0,0,0,Master,Together,2012-09-16
909807,1958,46200.0,0,1,99,1396,4,283,5,13,79,4,3,7,7,7,0,0,0,0,0,0,0,Master,Married,2013-02-22
909808,1962,38400.0,0,1,17,111,3,59,0,0,10,1,6,1,5,7,0,0,0,0,0,0,0,2n Cycle,Together,2014-03-31
909809,1973,26800.0,1,1,99,1,11,7,4,2,20,2,1,0,2,9,0,0,0,0,0,0,0,PhD,Married,2013-08-09
909810,1953,76600.0,0,0,37,1396,197,527,47,25,11,3,8,8,13,7,0,0,0,0,0,0,0,Graduation,Single,2012-12-19
909811,1976,25100.0,1,0,9,4,7,24,5,6,26,2,3,0,2,10,0,0,0,0,0,0,0,Graduation,Single,2013-06-15
909812,1969,76200.0,0,1,85,1319,47,134,128,18,84,2,15,2,13,5,0,0,0,0,0,0,0,Graduation,Together,2013-05-02
909813,1980,78500.0,0,1,42,560,193,471,23,9,161,1,8,5,9,5,1,0,0,1,1,0,0,Graduation,Married,2013-01-10
909814,1983,56400.0,0,0,99,1493,3,173,3,38,1,2,7,5,8,6,1,0,0,1,0,0,0,Graduation,Married,2013-09-03
909815,1986,22600.0,0,0,99,4,2,5,0,4,15,1,1,0,2,9,0,0,0,0,0,0,0,Graduation,Single,2014-01-10
909816,1984,13600.0,1,0,28,6,2,6,6,0,7,1,1,0,3,7,0,0,0,0,0,0,0,Graduation,Married,2013-02-17
909817,1963,42700.0,1,0,0,137,2,34,2,5,16,6,2,2,5,8,0,0,0,0,0,0,0,Master,Married,2013-09-01
909818,1971,19900.0,1,0,43,9,3,15,0,6,15,2,2,0,3,7,0,0,0,0,0,0,0,2n Cycle,Together,2012-11-01
909819,1970,32600.0,1,1,54,14,3,14,11,2,4,2,3,0,3,5,0,0,0,0,0,0,0,Master,Single,2014-05-19
909820,1972,23200.0,1,0,23,10,3,12,1,2,4,2,1,0,4,8,0,0,0,0,0,0,0,Graduation,Single,2013-01-11
909821,1957,31500.0,2,0,37,8,4,24,7,8,8,3,3,0,3,6,0,0,0,0,0,0,0,2n Cycle,Married,2014-04-21
909822,1972,24800.0,0,1,74,16,14,10,4,3,18,2,2,0,2,10,0,0,0,0,0,0,0,Graduation,Divorced,2013-07-20
909823,1967,23000.0,1,1,7,15,2,10,3,4,8,3,1,0,4,6,0,0,1,0,0,0,0,Graduation,Together,2014-04-28
909824,1966,33300.0,1,0,49,135,3,72,7,2,17,1,3,0,5,3,0,0,0,0,0,0,0,Master,Together,2013-05-13
909825,1974,66100.0,0,1,99,368,197,244,13,130,213,3,5,7,7,1,0,0,0,0,0,0,0,Graduation,Divorced,2013-09-04
909826,1971,25400.0,0,1,23,248,2,112,2,0,105,2,13,1,6,5,0,0,0,0,0,0,0,Graduation,Single,2012-10-09
909827,1971,70900.0,0,0,93,839,38,185,4,5,25,2,5,3,10,6,0,0,1,0,0,0,0,Master,Married,2013-07-23
909828,1978,51000.0,1,0,0,40,11,54,2,4,6,3,4,0,7,8,0,0,0,0,0,0,0,Graduation,Married,2012-09-04
909829,1963,25200.0,1,2,62,91,1,20,2,4,48,7,3,2,3,7,0,0,0,0,0,0,0,PhD,Married,2013-08-26
909830,1983,71400.0,0,2,38,744,6,32,30,43,14,4,6,4,7,5,0,0,0,0,0,0,0,PhD,Married,2013-10-03
909831,1959,71900.0,0,0,0,430,83,981,253,27,6,1,4,9,9,2,0,0,0,0,1,1,0,Graduation,Together,2014-06-04
909832,1982,21300.0,1,0,13,2,2,12,5,12,9,1,3,0,2,9,0,0,0,0,0,0,0,Graduation,Married,2014-01-14
909833,1975,58400.0,0,0,10,203,7,734,105,45,57,0,2,6,9,2,0,0,0,0,0,0,0,2n Cycle,Widow,2013-10-06
909834,1975,19300.0,0,0,40,58,6,25,8,1,5,2,2,0,3,10,0,0,0,0,0,0,0,Master,Single,2012-11-14
909835,1986,66700.0,0,0,53,434,1,341,15,4,83,2,5,3,3,3,0,0,0,0,0,0,0,Master,Together,2012-08-02
909836,1969,50600.0,0,0,22,139,8,98,70,31,9,0,1,5,5,1,0,0,0,0,0,0,0,Master,Married,2014-02-07
909837,1988,14000.0,1,0,0,0,6,3,3,6,3,0,0,0,2,8,0,0,0,0,0,0,0,Graduation,Widow,2013-11-12
909838,1969,49900.0,1,1,74,173,2,51,39,6,22,5,8,1,7,9,0,0,0,0,0,0,0,Graduation,Single,2014-02-16
909839,1963,40300.0,1,0,12,31,7,54,14,3,7,2,1,1,3,4,0,0,1,0,0,0,0,PhD,Single,2013-10-15
909840,1960,41300.0,0,1,55,80,2,46,5,6,54,2,5,1,5,7,0,0,0,0,0,0,0,Graduation,Single,2012-08-04
909841,1974,41700.0,1,1,84,8,2,13,0,0,7,1,1,0,2,7,0,0,0,0,0,0,0,Graduation,Together,2013-11-02
909842,1963,101100.0,0,0,35,401,40,152,98,14,362,2,11,2,5,5,0,0,0,0,0,0,0,Graduation,Divorced,2013-02-27
909843,1976,27800.0,1,0,89,3,9,10,4,2,43,2,2,0,3,7,0,0,0,0,0,0,0,Basic,Married,2013-04-01
909844,1987,67200.0,0,1,66,618,54,845,30,263,81,2,4,11,8,2,0,0,0,0,0,0,0,Graduation,Together,2012-08-19
909845,1980,12000.0,1,0,87,9,32,44,25,18,45,2,3,1,3,8,0,0,0,0,0,0,0,PhD,Single,2013-09-21
909846,1970,45300.0,0,1,79,70,4,68,22,3,9,5,4,1,7,5,0,0,0,0,0,1,0,Graduation,Married,2013-12-05
909847,1978,33600.0,1,0,60,9,5,36,5,0,42,1,2,1,2,8,0,0,0,0,0,0,0,Graduation,Together,2014-05-02
909848,1975,36600.0,1,0,51,4,1,6,7,2,24,2,2,0,4,4,0,0,0,0,0,1,0,Basic,Married,2013-01-17
909849,1965,47100.0,2,1,64,24,0,10,1,1,4,2,1,0,3,3,0,0,0,0,0,0,0,Graduation,Married,2013-12-26
909850,1950,84100.0,0,1,42,699,10,529,259,19,77,4,5,6,13,4,0,0,0,0,0,0,0,Graduation,Married,2014-01-09
909851,1953,73600.0,0,0,73,248,28,388,120,53,183,1,7,5,6,2,0,0,0,1,1,0,0,PhD,Married,2012-08-18
909852,1986,11200.0,1,0,32,5,2,9,9,3,13,2,2,0,2,12,0,0,0,0,0,0,0,Master,Married,2013-10-07
909853,1962,35700.0,1,1,33,30,0,13,0,0,2,3,2,0,3,7,0,0,0,0,0,0,0,Graduation,Divorced,2012-10-07
909854,1987,109400.0,1,0,53,456,9,221,66,34,204,1,3,2,8,5,0,0,0,0,0,0,0,Master,Single,2013-11-22
909855,1963,68700.0,1,1,42,295,46,123,34,20,9,2,4,5,5,3,0,0,0,0,0,0,0,PhD,Married,2012-12-05
909856,1979,17700.0,1,0,17,1,2,5,6,4,10,1,1,0,3,9,0,0,0,0,0,0,0,Graduation,Married,2013-12-15
909857,1973,46200.0,1,0,47,26,12,20,9,2,3,2,2,0,3,7,0,0,0,0,0,0,0,Graduation,Single,2012-10-21
909858,1977,78200.0,0,0,30,689,7,326,4,198,36,1,5,6,6,1,1,0,1,1,0,1,0,PhD,Single,2013-08-31
909859,1983,93100.0,0,0,40,985,197,220,259,263,217,2,4,5,12,2,0,0,0,0,0,0,0,Graduation,Divorced,2013-02-17
909860,1967,58100.0,0,1,60,212,4,265,27,28,154,3,4,5,10,5,0,0,0,0,0,0,0,2n Cycle,Together,2013-08-26
909861,1944,79100.0,0,2,62,595,8,47,1,3,9,1,6,3,7,5,0,0,0,0,0,0,0,Graduation,Married,2013-12-29
909862,1966,31300.0,1,0,77,5,0,10,1,2,8,1,1,0,3,7,0,0,0,0,0,0,0,Master,Together,2013-12-14
909863,1967,64800.0,0,1,51,210,2,77,14,0,9,1,7,1,6,5,0,0,0,0,0,0,0,PhD,Divorced,2013-09-12
909864,1990,31900.0,1,0,65,10,16,22,19,9,16,2,3,1,3,5,0,0,0,0,0,0,0,Master,Together,2012-08-26
909865,1973,99000.0,0,1,80,998,35,326,253,28,63,0,5,6,6,1,1,0,1,0,0,0,0,Graduation,Married,2013-08-07
909866,1972,26600.0,2,1,23,30,2,16,4,0,13,3,2,1,2,7,0,0,0,0,0,0,0,Graduation,Married,2013-09-19
909867,1966,65800.0,0,0,48,326,26,127,44,61,16,2,2,3,7,2,0,0,0,0,0,0,0,Graduation,Single,2014-05-10
909868,1973,44300.0,1,0,56,683,54,547,95,24,179,7,17,3,9,9,0,0,1,0,0,1,0,PhD,Married,2014-04-21
909869,1986,79100.0,0,2,84,667,39,315,101,8,133,5,7,5,7,5,0,0,0,0,0,1,0,2n Cycle,Together,2014-01-28
909870,1984,38100.0,1,0,0,19,1,14,0,0,3,1,2,0,3,7,0,0,0,0,0,0,0,2n Cycle,Widow,2012-09-19
909871,1976,51200.0,0,0,49,578,58,1064,114,21,3,1,4,9,9,3,0,0,0,0,0,0,0,PhD,Married,2013-01-30
909872,1961,76100.0,0,0,51,753,22,160,253,5,73,2,4,7,8,3,1,0,0,0,0,1,0,PhD,Married,2014-03-12
909873,1940,45400.0,0,1,38,584,18,34,4,0,31,2,7,2,4,7,0,0,0,0,0,0,0,Graduation,Single,2014-04-01
909874,1959,57600.0,0,2,99,315,2,30,9,2,21,5,5,1,7,4,0,0,0,0,0,0,0,Graduation,Together,2012-12-16
909875,1971,42900.0,1,1,0,36,0,5,2,0,2,2,1,0,3,6,0,0,0,0,0,0,0,Graduation,Divorced,2013-08-19
909876,1962,44600.0,0,0,45,1096,1,39,29,4,30,2,7,2,9,5,0,0,0,0,0,1,0,2n Cycle,Together,2012-11-16
909877,1984,19900.0,1,0,9,8,3,13,29,4,19,2,2,1,2,6,0,0,0,0,0,0,0,Graduation,Together,2012-11-01
909878,1974,99500.0,0,0,77,729,32,415,47,7,55,1,4,5,8,2,0,0,0,0,0,1,0,Master,Divorced,2012-09-07
909879,1956,40400.0,0,1,69,269,182,65,80,28,29,6,5,2,7,6,0,0,0,0,0,0,0,PhD,Married,2014-01-10
909880,1955,39700.0,1,1,78,34,4,20,7,2,35,4,4,2,3,3,0,0,0,0,0,0,0,Graduation,Married,2013-02-05
909881,1969,53600.0,0,0,11,715,24,171,2,9,86,1,3,5,7,9,0,0,0,0,0,1,0,Graduation,Married,2013-12-18
909882,1943,51300.0,0,1,33,200,11,130,34,28,72,3,3,4,6,3,0,0,0,0,0,0,0,Master,Together,2013-03-05
909883,1957,73000.0,0,1,76,989,10,172,29,29,37,1,7,8,7,6,0,1,0,0,1,1,0,Graduation,Together,2012-12-29
909884,1979,88700.0,0,1,26,213,65,773,253,5,245,0,4,8,7,1,0,0,0,0,1,0,0,Graduation,Single,2012-09-01
909885,1975,80000.0,0,1,24,339,42,177,21,32,52,1,9,7,13,3,1,0,0,0,0,1,0,Graduation,Married,2013-11-09
909886,1969,56600.0,0,1,53,332,14,80,36,11,29,1,4,3,11,3,0,0,0,0,0,0,0,Master,Single,2012-12-26
909887,1979,70900.0,0,0,71,1333,23,201,18,11,102,1,4,5,5,6,0,1,0,1,0,0,0,2n Cycle,Married,2013-06-01
909888,1980,26900.0,1,0,51,6,5,8,7,5,4,0,1,0,2,6,0,0,0,0,0,0,0,Graduation,Divorced,2013-05-03
909889,1958,38000.0,1,1,30,13,1,7,0,2,0,2,2,0,4,4,0,0,0,0,0,0,0,Graduation,Together,2013-04-22
909890,1972,38300.0,2,1,16,17,20,103,51,22,53,5,3,1,3,7,0,0,0,0,0,0,0,Graduation,Married,2013-02-09
909891,1972,44200.0,0,1,99,260,7,47,6,2,20,2,7,1,7,6,0,0,0,1,0,0,0,Master,Divorced,2013-04-29
909892,1966,54200.0,0,2,60,527,11,58,3,3,41,3,7,2,6,5,0,0,0,0,0,0,0,PhD,Together,2013-09-21
909893,1969,26200.0,0,1,48,8,0,11,2,1,5,2,1,0,3,6,0,0,0,0,0,0,0,PhD,Together,2014-01-14
909894,1969,47200.0,0,1,35,171,5,37,4,2,8,2,7,0,4,9,0,0,0,0,0,0,0,Graduation,Together,2014-05-23
909895,1975,81600.0,0,0,63,358,58,402,54,40,28,1,4,3,13,1,0,0,0,0,0,0,0,2n Cycle,Married,2012-08-16
909896,1977,31800.0,1,0,33,8,0,9,8,1,4,1,2,0,2,11,0,0,0,0,0,0,0,Graduation,Divorced,2013-02-13
909897,1975,24600.0,0,1,14,16,13,17,23,15,52,2,3,1,4,7,0,0,0,0,0,0,0,PhD,Married,2014-01-13
909898,1967,39600.0,1,1,89,33,2,17,11,4,23,2,3,0,5,6,0,0,0,0,0,0,0,Graduation,Together,2013-05-12
909899,1981,24000.0,1,0,75,22,15,10,12,14,50,2,2,1,3,6,0,0,0,0,0,0,0,PhD,Single,2013-03-04
909900,1977,28400.0,1,0,99,8,2,11,19,1,7,1,1,0,2,12,0,0,1,0,0,0,0,Master,Together,2013-09-25
909901,1959,66000.0,0,1,28,986,0,89,1,16,25,2,7,3,3,5,1,0,0,1,0,0,0,2n Cycle,Married,2013-02-16
909902,1968,75500.0,0,0,23,386,61,1548,181,126,30,4,4,6,9,4,0,0,0,0,0,0,0,Master,Together,2012-09-14
909903,1992,22700.0,1,0,85,2,9,5,6,3,10,1,2,0,2,7,0,0,1,0,0,0,0,Basic,Single,2012-08-14
909904,1976,59500.0,0,0,84,55,25,293,172,5,25,1,1,6,3,2,0,0,0,0,0,0,0,Graduation,Widow,2014-03-15
909905,1964,91200.0,0,0,84,1493,3,712,7,78,34,0,4,2,10,4,1,0,0,0,1,0,0,Graduation,Divorced,2013-02-05
909906,1981,28500.0,0,0,81,3,2,18,6,9,21,1,2,1,3,5,0,0,0,0,0,0,0,Graduation,Married,2013-01-30
909907,1974,31400.0,1,1,99,9,1,8,4,10,3,3,2,0,3,6,0,0,0,0,0,0,0,Graduation,Single,2012-12-18
909908,1980,39700.0,1,0,48,324,0,50,3,0,51,4,5,2,4,10,0,0,0,0,0,0,0,PhD,Married,2013-04-04
909909,1968,74400.0,0,0,41,671,102,687,253,132,16,1,5,9,4,2,1,0,0,0,0,0,0,PhD,Together,2012-08-18
909910,1967,33000.0,1,0,97,8,1,11,1,0,8,1,1,1,3,7,0,0,0,0,0,0,0,PhD,Married,2013-01-29
909911,1985,24600.0,1,0,40,43,11,67,72,54,321,1,4,1,3,5,0,0,0,0,0,1,0,Master,Together,2014-04-08
909912,1973,65800.0,1,1,36,525,28,104,125,20,51,5,9,1,8,9,0,0,0,0,0,0,0,Master,Married,2014-05-14
909913,1971,46800.0,0,1,65,334,18,95,31,3,152,5,9,2,5,6,0,0,0,0,0,0,0,Master,Married,2013-01-30
909914,1956,30500.0,1,1,49,7,0,2,0,0,1,1,1,0,3,5,0,0,0,0,0,0,0,Master,Single,2014-01-05
909915,1972,58100.0,0,0,43,864,24,105,17,15,16,2,6,5,7,5,0,0,0,0,0,0,0,Graduation,Single,2012-10-12
909916,1973,95000.0,0,0,43,1407,24,981,253,198,110,1,5,5,8,3,1,0,1,0,1,1,0,Graduation,Married,2013-05-31
909917,1956,63500.0,0,0,67,174,12,228,6,16,133,1,4,3,7,2,0,0,0,0,0,0,0,2n Cycle,Married,2013-04-02
909918,1975,25700.0,0,0,29,46,58,183,234,126,108,1,6,0,7,8,0,0,0,0,0,0,0,Graduation,Married,2014-05-23
909919,1984,66800.0,0,1,75,921,3,59,0,7,107,2,5,3,12,9,0,0,0,1,1,1,0,Master,Single,2013-10-28
909920,1971,51700.0,0,0,99,315,0,46,1,1,11,2,5,1,8,7,0,0,0,1,0,0,0,Master,Married,2013-09-16
909921,1976,21200.0,1,1,29,10,2,39,5,10,28,3,2,1,4,5,0,0,0,0,0,0,0,Graduation,Married,2012-11-30
909922,1952,76600.0,0,0,51,811,117,160,83,122,119,1,7,5,5,5,0,0,0,0,1,1,0,Graduation,Single,2013-06-04
909923,1976,66600.0,0,0,58,473,11,900,217,163,64,1,3,5,8,2,1,0,0,0,0,1,0,Graduation,Married,2013-11-30
909924,1955,36400.0,1,1,99,12,1,22,3,0,6,2,2,1,2,6,0,0,1,0,0,0,0,Graduation,Married,2014-04-01
909925,1994,76500.0,0,1,52,136,2,593,65,5,70,3,2,7,4,2,0,0,0,0,0,0,0,PhD,Together,2013-03-17
909926,1959,60900.0,1,1,19,537,3,108,2,3,7,6,4,2,7,7,0,0,0,0,0,0,0,Graduation,Married,2012-08-10
909927,1950,79400.0,0,0,29,268,46,252,253,52,143,1,7,11,7,2,0,0,0,1,0,1,0,Graduation,Married,2014-03-02
909928,1985,49800.0,0,1,8,541,13,413,201,109,74,2,4,8,6,8,1,1,0,0,1,1,0,Graduation,Single,2013-08-05
909929,1972,80700.0,0,1,45,1396,20,114,17,18,13,4,15,2,13,8,0,0,0,0,0,0,0,Master,Together,2014-01-28
909930,1980,37500.0,1,0,68,7,5,15,1,5,5,1,1,0,3,5,0,0,0,0,0,0,0,Basic,Single,2013-03-21
909931,1951,47300.0,0,0,45,143,16,123,4,5,95,2,3,5,3,3,0,0,0,0,0,0,0,Graduation,Married,2013-06-17
909932,1955,56100.0,2,1,61,1171,6,42,15,0,20,14,6,3,5,6,0,0,0,1,0,0,0,PhD,Together,2013-01-01
909933,1952,53500.0,1,1,34,323,5,115,1,27,9,2,8,2,6,7,0,0,0,0,0,1,0,Graduation,Single,2013-04-25
909934,1960,42600.0,1,1,75,15,1,14,7,2,7,2,2,1,4,3,0,0,0,0,0,0,0,PhD,Married,2012-12-15
909935,1975,66600.0,0,0,48,64,121,243,191,210,24,2,5,2,10,1,0,0,0,0,0,0,0,Graduation,Together,2014-01-19
909936,1968,56500.0,0,1,94,1087,11,150,9,0,43,2,3,2,6,5,0,0,0,0,1,1,0,Graduation,Single,2013-05-28
909937,1972,46400.0,1,1,29,110,4,60,11,2,12,5,3,1,4,7,0,0,0,1,0,0,0,Graduation,Divorced,2012-11-17
909938,1963,49900.0,1,0,14,4,0,10,1,1,2,1,2,0,2,4,0,0,0,0,0,1,0,Graduation,Married,2014-02-08
909939,1974,42700.0,1,0,14,254,33,108,31,3,31,2,8,2,3,8,0,0,1,0,0,0,0,PhD,Divorced,2012-10-13
909940,1976,31800.0,2,1,51,29,2,31,0,1,12,4,4,0,3,12,0,0,0,0,0,0,0,Basic,Single,2014-06-14
909941,1967,79100.0,0,1,47,1171,10,237,4,37,84,7,11,5,13,7,0,0,1,0,0,0,0,Master,Single,2014-05-09
909942,1975,40700.0,1,1,23,176,2,12,1,0,20,8,2,1,5,6,0,0,1,0,0,0,0,PhD,Single,2014-01-29
909943,1962,63600.0,0,1,25,315,14,78,67,43,24,3,4,1,5,5,0,0,0,0,0,0,0,2n Cycle,Together,2014-04-08
909944,1962,19100.0,0,1,62,0,6,3,7,3,5,1,2,0,2,6,0,0,0,0,0,0,0,2n Cycle,Single,2013-05-22
909945,1968,20400.0,1,0,18,7,11,5,4,0,6,3,2,0,3,7,0,0,0,0,0,0,0,PhD,Single,2013-06-07
909946,1968,30500.0,0,0,0,100,3,19,7,0,94,1,7,1,3,9,0,0,0,0,0,0,0,Graduation,Divorced,2013-07-01
909947,1990,89100.0,0,1,84,722,197,628,56,14,49,1,8,10,7,2,0,0,0,0,0,0,0,Graduation,Married,2014-06-21
909948,1970,47000.0,1,2,0,360,6,155,14,14,40,10,8,1,5,6,0,0,0,0,0,1,0,Graduation,Divorced,2013-08-12
909949,1967,53800.0,0,0,40,270,167,161,56,20,95,2,7,6,7,3,0,0,0,0,0,0,0,Graduation,Single,2013-08-06
909950,1979,74400.0,0,0,91,1235,193,827,253,58,85,2,5,5,11,3,0,0,0,0,1,1,0,Graduation,Together,2012-12-28
909951,1992,25200.0,0,1,71,106,8,29,8,3,49,2,5,1,2,5,0,0,0,0,0,0,0,Graduation,Together,2013-05-21
909952,1983,22500.0,0,0,66,3,4,6,7,4,21,1,1,0,3,7,0,0,0,0,0,0,0,Graduation,Together,2013-01-16
909953,1962,61300.0,0,1,70,690,1,80,1,1,7,4,9,1,7,7,0,0,0,0,0,0,0,Master,Widow,2013-02-13
909954,1965,29500.0,0,0,39,68,25,52,10,6,23,1,4,1,3,7,0,0,0,0,0,0,0,Graduation,Married,2013-11-06
909955,1977,55400.0,0,1,53,475,12,180,18,22,30,1,4,3,9,4,0,0,0,0,0,0,0,2n Cycle,Divorced,2013-03-10
909956,1976,64600.0,2,1,92,56,0,66,6,1,7,2,1,0,4,5,0,0,0,0,0,0,0,Graduation,Married,2012-08-26
909957,1951,48800.0,1,1,72,88,4,29,11,8,15,4,5,0,4,7,0,0,0,0,0,0,0,Graduation,Together,2012-08-14
909958,1945,38500.0,0,2,25,240,0,17,0,0,5,1,4,1,5,5,0,0,0,0,0,0,0,Master,Married,2012-09-06
909959,1963,30100.0,1,1,84,19,3,6,1,3,0,2,4,0,4,7,0,0,0,0,0,1,0,2n Cycle,Single,2012-10-16
909960,1986,31600.0,2,0,71,4,0,7,1,0,1,1,1,0,2,7,0,0,0,0,0,0,0,Basic,Married,2014-02-11
909961,1966,44300.0,1,1,33,124,1,100,9,6,36,12,5,1,6,8,0,0,0,0,0,0,0,Master,Single,2013-05-01
909962,1991,43800.0,2,0,43,4,2,7,6,3,4,1,1,0,2,9,0,0,0,0,0,1,0,Graduation,Married,2013-03-14
909963,1979,30200.0,1,0,99,24,1,15,8,0,26,3,3,1,2,6,0,0,1,0,0,0,0,Graduation,Married,2013-09-22
909964,1960,60200.0,0,1,58,206,8,79,23,10,22,3,3,1,10,7,0,0,1,0,0,0,0,Master,Single,2013-12-23
909965,1985,79200.0,0,1,64,975,122,525,259,115,26,5,3,5,13,2,0,0,0,0,0,0,0,2n Cycle,Widow,2014-06-10
909966,1969,78400.0,1,0,85,511,6,466,44,198,10,1,3,4,7,1,1,0,1,0,0,0,0,Graduation,Single,2014-04-11
909967,1972,38700.0,0,1,54,43,3,13,5,0,0,2,1,0,3,6,0,0,0,0,0,0,0,Master,Married,2013-02-18
909968,1991,70600.0,0,0,38,862,135,412,102,14,94,1,2,9,7,3,0,0,0,0,0,0,0,PhD,Widow,2013-11-22
909969,1979,18000.0,0,0,71,6,4,7,5,5,11,1,2,0,4,7,0,0,0,0,0,0,0,Master,Married,2013-01-10
909970,1984,15100.0,1,0,20,3,5,10,3,28,10,3,2,0,2,7,0,0,0,0,0,0,0,2n Cycle,Together,2014-02-24
909971,1968,39400.0,0,0,47,83,14,62,4,7,12,1,3,1,7,7,0,0,0,0,0,0,0,PhD,Together,2013-05-07
909972,1955,78700.0,0,1,29,562,8,55,3,8,14,1,7,0,11,7,0,0,0,0,0,0,0,Master,Together,2013-04-21
909973,1965,14400.0,0,0,34,20,0,8,0,0,7,2,2,0,2,9,0,0,0,0,0,0,0,Graduation,Together,2013-09-21
909974,1958,85400.0,0,1,45,352,77,154,9,12,36,3,3,3,10,3,0,0,0,0,0,0,0,Graduation,Married,2013-04-27
909975,1976,19800.0,1,1,47,20,1,15,3,2,7,2,2,0,3,9,0,0,0,0,0,0,0,Graduation,Married,2014-03-05
909976,1964,14600.0,1,0,18,1,2,6,3,2,4,2,2,0,3,8,0,0,1,0,0,0,0,2n Cycle,Married,2013-03-10
909977,1966,87300.0,0,0,23,874,197,770,48,263,74,1,4,4,13,3,0,0,0,0,0,0,0,Graduation,Together,2012-11-23
909978,1982,28800.0,0,0,13,18,5,10,3,5,7,2,2,0,4,12,0,0,0,0,0,0,0,PhD,Divorced,2012-09-27
909979,1972,61200.0,0,1,6,1396,40,574,17,24,98,2,9,6,10,8,0,0,0,0,0,0,0,PhD,Married,2014-03-08
909980,1976,52800.0,0,1,0,289,13,263,17,5,59,3,1,5,9,2,0,0,0,0,0,0,0,Graduation,Single,2012-12-13
909981,1968,74700.0,0,0,32,1493,70,438,118,6,17,1,8,7,8,4,0,0,0,0,0,1,0,Graduation,Together,2013-11-05
909982,1982,17800.0,1,0,28,0,7,6,28,13,49,2,0,1,2,5,0,0,1,0,0,0,0,PhD,Married,2013-04-12
909983,1971,91900.0,0,0,27,1493,188,481,253,198,33,0,6,5,6,1,1,0,0,1,0,0,0,PhD,Married,2013-05-02
909984,1977,32700.0,1,1,70,20,1,5,2,0,4,2,2,0,3,8,0,0,0,0,0,0,0,Graduation,Single,2013-08-25
909985,1980,13600.0,1,0,49,15,14,14,1,4,5,1,2,0,2,9,0,0,0,0,0,0,0,Graduation,Together,2012-08-07
909986,1971,66300.0,0,1,72,50,9,69,39,12,20,2,3,3,3,2,0,0,0,0,0,0,0,Graduation,Together,2013-10-05
909987,1946,64500.0,0,0,42,327,7,311,17,5,6,2,4,11,7,3,1,0,0,0,1,1,0,Graduation,Divorced,2012-09-11
909988,1980,41100.0,1,1,28,161,1,26,6,2,38,4,4,1,4,8,0,0,0,0,0,1,0,2n Cycle,Married,2013-11-19
909989,1976,77900.0,0,1,75,788,5,232,143,27,29,2,2,7,10,4,0,0,0,0,1,1,0,Graduation,Married,2013-11-06
909990,1955,64600.0,1,1,14,15,1,15,3,7,5,2,2,1,3,6,0,0,1,0,0,0,0,Graduation,Single,2013-01-26
909991,1955,35100.0,0,0,61,17,14,36,6,3,165,1,2,1,2,11,0,0,0,0,0,1,0,Master,Married,2014-02-14
909992,1962,26100.0,1,0,12,6,6,14,27,3,31,4,4,0,5,7,0,0,0,0,0,0,0,Graduation,Married,2013-11-02
909993,1963,59600.0,0,0,83,514,13,222,10,0,11,1,3,6,3,5,0,0,0,0,0,0,0,PhD,Divorced,2013-01-20
909994,1979,52900.0,1,0,54,220,3,90,2,11,15,2,5,0,7,5,0,0,0,0,0,1,0,Graduation,Married,2013-05-13
909995,1976,85500.0,0,0,60,482,18,810,28,68,24,0,5,2,12,3,0,0,0,0,0,0,0,Graduation,Married,2012-08-26
909996,1974,64100.0,0,0,81,593,197,1031,74,3,56,2,5,7,8,2,0,0,0,0,0,0,0,Graduation,Divorced,2013-04-14
909997,1973,38700.0,1,1,5,20,1,4,0,1,10,2,1,0,3,5,0,0,0,0,0,0,0,PhD,Divorced,2013-07-23
909998,1963,33200.0,0,0,60,126,6,52,5,2,6,2,6,1,5,6,0,0,0,0,0,0,0,Graduation,Together,2013-02-26
909999,1982,51900.0,1,1,54,29,0,6,1,0,1,2,1,0,3,5,0,0,0,0,0,0,0,Graduation,Single,2012-08-25
